"system","eq","trial","snr","log10n","n","sg_order","sg_window","states","m","p","stride","arm","K","selected","selected_intercept","n_selected","kept","kept_intercept","n_kept","n_true_kept","n_spurious_selected","n_spurious_kept","success","max_rel_coef_err","int_mean","int_lo","int_hi","ols_int_true_support","ols_int_se","ols_int_t","sigma_true_support","rho1_true_support","sigma_kept","det_error_mean","det_error_sd","det_error_max","t_stan_s"
"aizawa",3,1,60,3.69897000433602,5000,4,13,"smoothed",NA,NA,NA,"sg",5000,"x3;x1^2;x2^2;x3^2;x1^2 x3;x2^2 x3;x3^3;x1^3 x3;x3^4",TRUE,9,"x3;x1^2;x2^2;x1^2 x3;x2^2 x3;x3^3;x1^3 x3",TRUE,7,7,2,0,TRUE,0.00623143623564709,0.649934683966108,0.649115357765597,0.650732521349425,0.650028294793013,0.000412554298305832,1575.61876694141,0.0131134947624349,0.691994266704896,0.0131132710714801,-2.16821981346982e-08,1.03004197121242e-05,5.88855483675266e-05,7.00077319145203
"aizawa",3,1,60,3.69897000433602,5000,4,13,"raw",13,4,6,"weak/raw/m=1w/p=4",829,"x3;x1^2;x2^2;x3^2;x1^2 x3;x2^2 x3;x3^3;x1^2 x2^2;x1^3 x3;x3^4",TRUE,10,"x3;x1^2;x2^2;x1^2 x3;x2^2 x3;x3^3;x1^3 x3",TRUE,7,7,3,0,TRUE,0.00307856867638973,0.649968030657613,0.649509105375922,0.650430289561382,0.650097501254363,0.000237601997667062,2736.07759041365,0.00306458507561248,0.0053583129627603,0.0030617823511512,5.35474336196584e-07,3.53123369630213e-05,7.45810537040592e-05,6.14582896232605
"aizawa",3,1,60,3.69897000433602,5000,4,13,"raw",13,8,6,"weak/raw/m=1w/p=8",829,"x3;x1^2;x2^2;x3^2;x1^2 x3;x2^2 x3;x3^3;x1^2 x2^2;x1^3 x3;x3^4",TRUE,10,"x3;x1^2;x2^2;x1^2 x3;x2^2 x3;x3^3;x1^3 x3",TRUE,7,7,3,0,TRUE,0.00298477089413213,0.649946442032264,0.649251834832141,0.650649468139669,0.650074561263698,0.000361609484227518,1797.72541821575,0.00466871152120414,-0.331887011983067,0.00466599882625307,-3.75146889628512e-09,2.28998180460398e-07,8.67695462702933e-07,3.07291555404663
"aizawa",3,1,60,3.69897000433602,5000,4,13,"raw",26,4,13,"weak/raw/m=2w/p=4",381,"x3;x1^2;x2^2;x3^2;x1^2 x3;x2^2 x3;x3^3;x1^2 x2^2;x1^3 x3;x3^4",TRUE,10,"x3;x1^2;x2^2;x1^2 x3;x2^2 x3;x3^3;x1^2 x2^2;x1^3 x3",TRUE,8,7,3,1,FALSE,0.00353588642491548,0.649934391866427,0.649694560507739,0.650182770643584,0.650070035879466,0.000120036942152975,5415.58310483299,0.00103897380541446,-0.125757417570991,0.00103274619431771,2.58694640876598e-08,2.20201136708892e-06,4.71491060383133e-06,4.14431238174438
"aizawa",3,1,60,3.69897000433602,5000,4,13,"raw",26,8,13,"weak/raw/m=2w/p=8",381,"x3;x1^2;x2^2;x3^2;x1^2 x3;x2^2 x3;x3^3;x1^2 x2^2;x1^3 x3;x3^4",TRUE,10,"x3;x1^2;x2^2;x1^2 x3;x2^2 x3;x3^3;x1^2 x2^2;x1^3 x3",TRUE,8,7,3,1,FALSE,0.00460734482405595,0.649874192407064,0.649503694673048,0.650256015470942,0.650063763193192,0.000188070234421353,3456.49467175538,0.00163438620230015,-0.453810027310802,0.00162104946446229,-3.59495887039737e-09,1.83453947876233e-07,6.23708570790527e-07,3.55606555938721
"aizawa",3,1,60,3.69897000433602,5000,4,13,"smoothed",13,4,6,"weak/smoothed/m=1w/p=4",829,"x3;x1^2;x2^2;x3^2;x1^2 x3;x2^2 x3;x3^3;x1^2 x2^2;x1^3 x3;x3^4",TRUE,10,"x3;x1^2;x2^2;x1^2 x3;x2^2 x3;x3^3;x1^3 x3",TRUE,7,7,3,0,TRUE,0.00298278749662423,0.649965274005329,0.64948362009652,0.650434974890507,0.650099337061073,0.000236969276141367,2743.39082115121,0.00305642553049034,0.00803564903794326,0.00305263210326741,5.35474336196584e-07,3.53123369630213e-05,7.45810537040592e-05,4.24969506263733
"aizawa",3,1,60,3.69897000433602,5000,4,13,"smoothed",13,8,6,"weak/smoothed/m=1w/p=8",829,"x3;x1^2;x2^2;x3^2;x1^2 x3;x2^2 x3;x3^3;x1^2 x2^2;x1^3 x3;x3^4",TRUE,10,"x3;x1^2;x2^2;x1^2 x3;x2^2 x3;x3^3;x1^3 x3",TRUE,7,7,3,0,TRUE,0.00190797786839253,0.649949427404286,0.649240468366944,0.650667117909043,0.65007333117333,0.000357448883144607,1818.64697814804,0.00461499628456897,-0.321728218105505,0.00461261757456846,-3.75146889628512e-09,2.28998180460398e-07,8.67695462702933e-07,3.05768013000488
"aizawa",3,1,60,3.69897000433602,5000,4,13,"smoothed",26,4,13,"weak/smoothed/m=2w/p=4",381,"x3;x1^2;x2^2;x3^2;x1^2 x3;x2^2 x3;x3^3;x1^2 x2^2;x1^3 x3;x3^4",TRUE,10,"x3;x1^2;x2^2;x1^2 x3;x2^2 x3;x3^3;x1^2 x2^2;x1^3 x3",TRUE,8,7,3,1,FALSE,0.00363430216753452,0.649931436052669,0.649699784973883,0.650160432085479,0.650069415579935,0.000120022491993161,5416.22994810822,0.00103884918596153,-0.125571844817204,0.00103287329541258,2.58694640876598e-08,2.20201136708892e-06,4.71491060383133e-06,4.11347270011902
"aizawa",3,1,60,3.69897000433602,5000,4,13,"smoothed",26,8,13,"weak/smoothed/m=2w/p=8",381,"x3;x1^2;x2^2;x3^2;x1^2 x3;x2^2 x3;x3^3;x1^2 x2^2;x1^3 x3;x3^4",TRUE,10,"x3;x1^2;x2^2;x1^2 x3;x2^2 x3;x3^3;x1^2 x2^2;x1^3 x3",TRUE,8,7,3,1,FALSE,0.00467392831900154,0.649875519217669,0.649501955442991,0.650275797005344,0.650063283110989,0.000188023971106527,3457.34258927384,0.00163398487261079,-0.45375178772504,0.00162040001187064,-3.59495887039737e-09,1.83453947876233e-07,6.23708570790527e-07,3.58543515205383
"aizawa",3,2,60,3.69897000433602,5000,4,13,"smoothed",NA,NA,NA,"sg",5000,"x2;x3;x1^2;x2^2;x2 x3;x1^2 x2;x2^3;x1^2 x3;x1 x2 x3;x2^2 x3;x2 x3^2;x3^3;x1^2 x2^2;x2^4;x1^3 x3;x2^3 x3;x1^2 x3^2;x1 x2 x3^2;x2^2 x3^2",TRUE,19,"x3;x1^2;x2^2;x1^2 x3;x2^2 x3;x3^3;x1^3 x3",TRUE,7,7,12,0,TRUE,0.00876726675673623,0.649873052216009,0.64916718048031,0.650585564354538,0.649916050328331,0.000375397122550766,1731.27605750479,0.0163552776344065,0.689030882135135,0.016350632273618,-1.78250465967533e-07,1.15402868633683e-05,0.000322553652707946,5.92064905166626
"aizawa",3,2,60,3.69897000433602,5000,4,13,"raw",13,4,6,"weak/raw/m=1w/p=4",829,"x3;x1^2;x2^2;x2 x3;x2^3;x1^2 x3;x1 x2 x3;x2^2 x3;x2 x3^2;x3^3;x1^4;x1^3 x2;x1^2 x2^2;x1 x2^3;x2^4;x1^3 x3;x1 x2^2 x3;x2^3 x3;x1^2 x3^2;x1 x2 x3^2;x2^2 x3^2",TRUE,21,"x3;x1^2;x2^2;x1^2 x3;x2^2 x3;x3^3;x1^3 x3",TRUE,7,7,14,0,TRUE,0.00212751266676436,0.650023004617428,0.649577020931789,0.650477578516386,0.650072441719566,0.000227652328967944,2855.54926965453,0.00400800604418289,-0.0261673056301736,0.00400237391199849,6.58140724297698e-07,3.51191875118669e-05,0.000100450293587184,6.36256313323975
"aizawa",3,2,60,3.69897000433602,5000,4,13,"raw",13,8,6,"weak/raw/m=1w/p=8",829,"x2;x3;x1^2;x2^2;x2 x3;x1^2 x2;x2^3;x1^2 x3;x1 x2 x3;x2 x3^2;x3^3;x1^4;x1^3 x2;x1^2 x2^2;x1 x2^3;x2^4;x1^3 x3;x1 x2^2 x3;x2^3 x3;x1^2 x3^2;x1 x2 x3^2;x2^2 x3^2",TRUE,22,"x2;x3;x1^2;x2^2;x2 x3;x1^2 x2;x2^3;x1^2 x3;x1 x2 x3;x2 x3^2;x3^3;x1^4;x1^3 x2;x1^2 x2^2;x1 x2^3;x2^4;x1^3 x3;x1 x2^2 x3;x2^3 x3;x1^2 x3^2;x1 x2 x3^2;x2^2 x3^2",TRUE,22,6,16,16,FALSE,1,0.649176963656115,0.647555841765883,0.650746080093669,0.650048646260207,0.000355924530214497,1826.36652176925,0.00626923146564379,-0.369928605465491,0.0143373787872607,-8.22316300925648e-09,2.13905914358249e-07,9.80076389045514e-07,4.75683331489563
"aizawa",3,2,60,3.69897000433602,5000,4,13,"raw",26,4,13,"weak/raw/m=2w/p=4",381,"x3;x1^2;x2^2;x1^2 x3;x2^2 x3;x3^3;x1^3 x3;x2^2 x3^2",TRUE,8,"x3;x1^2;x2^2;x1^2 x3;x2^2 x3;x3^3;x1^3 x3",TRUE,7,7,1,0,TRUE,0.00254035404415753,0.65004919688862,0.649853358451561,0.650235863359291,0.650057991184995,0.000115083110831927,5648.59592763678,0.00135731488801434,-0.0451408463265431,0.00135705850136249,3.64472953081044e-08,2.18318340774997e-06,5.12061622048865e-06,2.89521861076355
"aizawa",3,2,60,3.69897000433602,5000,4,13,"raw",26,8,13,"weak/raw/m=2w/p=8",381,"x3;x1^2;x2^2;x1^2 x3;x2^2 x3;x3^3;x1^2 x2^2;x2^4;x1^3 x3;x2^2 x3^2",TRUE,10,"x3;x1^2;x2^2;x1^2 x3;x2^2 x3;x3^3;x1^3 x3",TRUE,7,7,3,0,TRUE,0.0024427190055285,0.649984861251417,0.649669082536232,0.650307306425744,0.650069305549201,0.000178385750930089,3644.17730765934,0.00210758697136199,-0.396320907214288,0.00210144524227441,-8.45436679281947e-09,1.68434192755864e-07,7.48562979047129e-07,3.49583196640015
"aizawa",3,2,60,3.69897000433602,5000,4,13,"smoothed",13,4,6,"weak/smoothed/m=1w/p=4",829,"x3;x1^2;x2^2;x2 x3;x2^3;x1^2 x3;x1 x2 x3;x2^2 x3;x2 x3^2;x3^3;x1^4;x1^3 x2;x1^2 x2^2;x1 x2^3;x2^4;x1^3 x3;x1 x2^2 x3;x2^3 x3;x1^2 x3^2;x1 x2 x3^2;x2^2 x3^2",TRUE,21,"x3;x1^2;x2^2;x1^2 x3;x2^2 x3;x3^3;x1^3 x3",TRUE,7,7,14,0,TRUE,0.00180435693816983,0.65002537388764,0.64956854942028,0.650467659176163,0.650073144542131,0.000227020136129253,2863.50433765934,0.00399687702608372,-0.0233755018273101,0.0039911832262489,6.58140724297698e-07,3.51191875118669e-05,0.000100450293587184,6.31729435920715
"aizawa",3,2,60,3.69897000433602,5000,4,13,"smoothed",13,8,6,"weak/smoothed/m=1w/p=8",829,"x2;x3;x1^2;x2^2;x2 x3;x1^2 x2;x2^3;x1^2 x3;x1 x2 x3;x2 x3^2;x3^3;x1^4;x1^3 x2;x1^2 x2^2;x1 x2^3;x2^4;x1^3 x3;x1 x2^2 x3;x2^3 x3;x1^2 x3^2;x1 x2 x3^2;x2^2 x3^2",TRUE,22,"x2;x3;x1^2;x2^2;x2 x3;x1^2 x2;x2^3;x1^2 x3;x1 x2 x3;x2 x3^2;x3^3;x1^4;x1^3 x2;x1^2 x2^2;x1 x2^3;x2^4;x1^3 x3;x1 x2^2 x3;x2^3 x3;x1^2 x3^2;x1 x2 x3^2;x2^2 x3^2",TRUE,22,6,16,16,FALSE,1,0.649155874351506,0.647582382367544,0.650657858849836,0.650047816607174,0.000351842426475696,1847.55381299099,0.00619733176574155,-0.36090655304795,0.0143052944675384,-8.22316300925648e-09,2.13905914358249e-07,9.80076389045514e-07,4.74989748001099
"aizawa",3,2,60,3.69897000433602,5000,4,13,"smoothed",26,4,13,"weak/smoothed/m=2w/p=4",381,"x3;x1^2;x2^2;x1^2 x3;x2^2 x3;x3^3;x1^3 x3;x2^2 x3^2",TRUE,8,"x3;x1^2;x2^2;x1^2 x3;x2^2 x3;x3^3;x1^3 x3",TRUE,7,7,1,0,TRUE,0.00235846716713328,0.650051334894532,0.649865075887741,0.650243999162726,0.65005759903206,0.000115082717956466,5648.61180353742,0.00135731071297887,-0.0450076032388551,0.00135704784444859,3.64472953081044e-08,2.18318340774997e-06,5.12061622048865e-06,2.97974324226379
"aizawa",3,2,60,3.69897000433602,5000,4,13,"smoothed",26,8,13,"weak/smoothed/m=2w/p=8",381,"x3;x1^2;x2^2;x1^2 x3;x2^2 x3;x3^3;x1^2 x2^2;x2^4;x1^3 x3;x2^2 x3^2",TRUE,10,"x3;x1^2;x2^2;x1^2 x3;x2^2 x3;x3^3;x1^3 x3",TRUE,7,7,3,0,TRUE,0.00238965394184742,0.649979257453808,0.649648080701582,0.650299590142511,0.650068858494858,0.000178331570388313,3645.28197155078,0.00210694754880024,-0.396289159389422,0.00210074283447813,-8.45436679281947e-09,1.68434192755864e-07,7.48562979047129e-07,3.28194308280945
"aizawa",3,3,60,3.69897000433602,5000,4,13,"smoothed",NA,NA,NA,"sg",5000,"x1;x2;x3;x1^2;x2^2;x1 x3;x3^2;x1^3;x1^2 x2;x1 x2^2;x1^2 x3;x1 x2 x3;x2^2 x3;x3^3;x1^4;x1^2 x2^2;x2^4;x1 x2^2 x3;x1^2 x3^2;x1 x2 x3^2;x2^2 x3^2;x1 x3^3;x3^4;x1^5;x1^3 x2^2;x1^4 x3;x1^3 x2 x3;x1^2 x2^2 x3;x1 x2^3 x3;x2^3 x3^2;x1^2 x3^3;x1 x3^4",TRUE,32,"x1;x2;x3;x1^2;x2^2;x3^2;x1^3;x1^2 x2;x1 x2^2;x1^2 x3;x1 x2 x3;x2^2 x3;x3^3;x1^4;x1^2 x2^2;x2^4;x1 x2^2 x3;x1^2 x3^2;x1 x2 x3^2;x1 x3^3;x3^4;x1^5;x1^3 x2^2;x1^4 x3;x1^3 x2 x3;x1^2 x2^2 x3;x1 x2^3 x3;x2^3 x3^2;x1^2 x3^3;x1 x3^4",TRUE,30,6,26,24,FALSE,1,0.651530331616187,0.64983435632261,0.653196625934664,0.649994054349763,0.000406090953912229,1600.61200105002,0.0135319026837114,0.6937952657047,0.0156675371628121,-3.7795413901498e-08,1.1082794951678e-05,9.22780040074622e-05,20.6630589962006
"aizawa",3,3,60,3.69897000433602,5000,4,13,"raw",13,4,6,"weak/raw/m=1w/p=4",829,"x1;x2;x3;x1^2;x2^2;x1 x3;x1^3;x1^2 x2;x1 x2^2;x1^2 x3;x1 x2 x3;x2^2 x3;x2 x3^2;x3^3;x1^4;x1^2 x2^2;x2^4;x2^3 x3;x1^2 x3^2;x1 x2 x3^2;x2^2 x3^2;x2 x3^3;x3^4;x1^5;x1^4 x3;x1^3 x2 x3;x1^2 x2^2 x3;x1 x2^3 x3;x1^2 x3^3",TRUE,29,"x1;x2;x3;x1^2;x2^2;x1 x3;x1^3;x1^2 x2;x1^2 x3;x2^2 x3;x3^3;x1^4;x1^2 x2^2;x2^4;x2^3 x3;x2^2 x3^2;x3^4;x1^5;x1^4 x3;x1^3 x2 x3;x1^2 x2^2 x3;x1^2 x3^3",TRUE,22,6,23,16,FALSE,1,0.65317518070964,0.650735445556852,0.655642027582275,0.650047269919211,0.000240626991064231,2701.47279423734,0.00323268485855893,0.0250197923562541,0.0114357827692249,-5.04101686686298e-07,3.70979794297117e-05,7.373056582749e-05,10.6024227142334
"aizawa",3,3,60,3.69897000433602,5000,4,13,"raw",13,8,6,"weak/raw/m=1w/p=8",829,"x2;x3;x1^2;x2^2;x1 x3;x3^2;x1^3;x1^2 x2;x1 x2^2;x2^3;x1^2 x3;x1 x2 x3;x2^2 x3;x2 x3^2;x3^3;x1^4;x1^2 x2^2;x2^4;x1^2 x2 x3;x1 x2^2 x3;x2^3 x3;x1^2 x3^2;x1 x2 x3^2;x2^2 x3^2;x2 x3^3;x3^4;x1^5;x1^4 x3;x1^3 x2 x3;x1^2 x2^2 x3;x1 x2^3 x3;x2^3 x3^2",TRUE,32,"x2;x3;x1^2;x2^2;x1 x3;x3^2;x1^3;x1^2 x2;x1 x2^2;x2^3;x1^2 x3;x2^2 x3;x2 x3^2;x3^3;x1^4;x1^2 x2^2;x2^4;x1 x2^2 x3;x2^3 x3;x1^2 x3^2;x2^2 x3^2;x2 x3^3;x3^4;x1^5;x1^4 x3;x1^3 x2 x3;x1^2 x2^2 x3;x1 x2^3 x3;x2^3 x3^2",TRUE,29,6,26,23,FALSE,1,0.655562613585075,0.652511121832435,0.658667486767058,0.650023345307725,0.0003718439246408,1748.10801584467,0.00500139748920451,-0.350566116559146,0.011849929122847,-1.27275219288869e-08,2.44874490066667e-07,9.6083946721226e-07,16.4844942092896
"aizawa",3,3,60,3.69897000433602,5000,4,13,"raw",26,4,13,"weak/raw/m=2w/p=4",381,"x2;x3;x1^2;x2^2;x1 x3;x1^3;x1 x2^2;x1^2 x3;x2^2 x3;x2 x3^2;x3^3;x1^4;x1^2 x2^2;x2^4;x2^3 x3;x1^2 x3^2;x1 x2 x3^2;x2^2 x3^2;x2 x3^3;x3^4;x1^5;x1^4 x3;x1^2 x2^2 x3;x1 x2^3 x3",TRUE,24,"x3;x1^2;x2^2;x1 x3;x1^3;x1^2 x3;x2^2 x3;x3^3;x1^4;x1^2 x2^2;x2^4;x1 x2 x3^2;x3^4;x1^5;x1^4 x3;x1^2 x2^2 x3;x1 x2^3 x3",TRUE,17,6,18,11,FALSE,1,0.654536692746308,0.651375789151682,0.65795751659165,0.649980231242399,0.000129663138115882,5012.83742385982,0.00116093823532433,-0.0686439759191001,0.010443490230537,-4.23614235526885e-08,2.31572492800984e-06,4.52364976644137e-06,7.26753664016724
"aizawa",3,3,60,3.69897000433602,5000,4,13,"raw",26,8,13,"weak/raw/m=2w/p=8",381,"x1;x2;x3;x1^2;x2^2;x1 x3;x1^3;x1 x2^2;x1^2 x3;x1 x2 x3;x2^2 x3;x2 x3^2;x3^3;x1^4;x1^2 x2^2;x2^4;x2^3 x3;x1^2 x3^2;x1 x2 x3^2;x2^2 x3^2;x3^4;x1^5;x1^4 x3;x1^3 x2 x3;x1^2 x2^2 x3;x1 x2^3 x3",TRUE,26,"x1;x3;x1^2;x2^2;x1 x3;x1^3;x1^2 x3;x2^2 x3;x2 x3^2;x3^3;x1^4;x1^2 x2^2;x2^4;x1 x2 x3^2;x3^4;x1^5;x1^4 x3;x1^3 x2 x3;x1^2 x2^2 x3",TRUE,19,6,20,13,FALSE,1,0.653090657521578,0.64947478004622,0.65667001031254,0.649969623326803,0.000196330875881516,3310.58281285851,0.00176633699496955,-0.391053917472586,0.0110706234166752,-1.22793312753234e-08,1.96420499917812e-07,7.49357525919869e-07,6.91956448554993
"aizawa",3,3,60,3.69897000433602,5000,4,13,"smoothed",13,4,6,"weak/smoothed/m=1w/p=4",829,"x1;x2;x3;x1^2;x2^2;x1 x3;x1^3;x1^2 x2;x1 x2^2;x1^2 x3;x1 x2 x3;x2^2 x3;x2 x3^2;x3^3;x1^4;x1^2 x2^2;x2^4;x2^3 x3;x1^2 x3^2;x1 x2 x3^2;x2^2 x3^2;x2 x3^3;x3^4;x1^5;x1^4 x3;x1^3 x2 x3;x1^2 x2^2 x3;x1 x2^3 x3;x1^2 x3^3",TRUE,29,"x1;x2;x3;x1^2;x2^2;x1 x3;x1^2 x2;x1^2 x3;x2^2 x3;x3^3;x1^4;x1^2 x2^2;x2^4;x2^3 x3;x2^2 x3^2;x3^4;x1^5;x1^4 x3;x1^3 x2 x3;x1^2 x2^2 x3;x1^2 x3^3",TRUE,21,6,23,15,FALSE,1,0.653183972398878,0.650739189872551,0.655586630555826,0.650043244299728,0.00023995282362079,2709.04603034397,0.00322362933942478,0.0280156755410113,0.011432288478594,-5.04101686686298e-07,3.70979794297117e-05,7.373056582749e-05,10.4142990112305
"aizawa",3,3,60,3.69897000433602,5000,4,13,"smoothed",13,8,6,"weak/smoothed/m=1w/p=8",829,"x2;x3;x1^2;x2^2;x1 x3;x3^2;x1^3;x1^2 x2;x1 x2^2;x2^3;x1^2 x3;x1 x2 x3;x2^2 x3;x2 x3^2;x3^3;x1^4;x1^2 x2^2;x2^4;x1^2 x2 x3;x1 x2^2 x3;x2^3 x3;x1^2 x3^2;x1 x2 x3^2;x2^2 x3^2;x2 x3^3;x3^4;x1^5;x1^4 x3;x1^3 x2 x3;x1^2 x2^2 x3;x1 x2^3 x3;x2^3 x3^2",TRUE,32,"x2;x3;x1^2;x2^2;x1 x3;x3^2;x1^3;x1^2 x2;x1 x2^2;x2^3;x1^2 x3;x2^2 x3;x2 x3^2;x3^3;x1^4;x1^2 x2^2;x2^4;x1 x2^2 x3;x2^3 x3;x1^2 x3^2;x2^2 x3^2;x2 x3^3;x3^4;x1^5;x1^4 x3;x1^3 x2 x3;x1^2 x2^2 x3;x1 x2^3 x3;x2^3 x3^2",TRUE,29,6,26,23,FALSE,1,0.655586946773656,0.652500009626569,0.658619914841364,0.650024198790456,0.000367366716533129,1769.41505459392,0.00494117993072978,-0.339516641936401,0.0118263994586617,-1.27275219288869e-08,2.44874490066667e-07,9.6083946721226e-07,14.1204895973206
"aizawa",3,3,60,3.69897000433602,5000,4,13,"smoothed",26,4,13,"weak/smoothed/m=2w/p=4",381,"x2;x3;x1^2;x2^2;x1 x3;x1^3;x1 x2^2;x1^2 x3;x2^2 x3;x2 x3^2;x3^3;x1^4;x1^2 x2^2;x2^4;x2^3 x3;x1^2 x3^2;x1 x2 x3^2;x2^2 x3^2;x2 x3^3;x3^4;x1^5;x1^4 x3;x1^2 x2^2 x3;x1 x2^3 x3",TRUE,24,"x3;x1^2;x2^2;x1 x3;x1^3;x1^2 x3;x2^2 x3;x3^3;x1^4;x1^2 x2^2;x2^4;x1 x2 x3^2;x3^4;x1^5;x1^4 x3;x1^2 x2^2 x3;x1 x2^3 x3",TRUE,17,6,18,11,FALSE,1,0.654590981858179,0.651213221207923,0.657978744192399,0.649979695972362,0.000129661336124818,5012.90296242715,0.00116092264547069,-0.0685541955984305,0.0104423562326262,-4.23614235526885e-08,2.31572492800984e-06,4.52364976644137e-06,6.58988547325134
"aizawa",3,3,60,3.69897000433602,5000,4,13,"smoothed",26,8,13,"weak/smoothed/m=2w/p=8",381,"x1;x2;x3;x1^2;x2^2;x1 x3;x1^3;x1 x2^2;x1^2 x3;x1 x2 x3;x2^2 x3;x2 x3^2;x3^3;x1^4;x1^2 x2^2;x2^4;x2^3 x3;x1^2 x3^2;x1 x2 x3^2;x2^2 x3^2;x3^4;x1^5;x1^4 x3;x1^3 x2 x3;x1^2 x2^2 x3;x1 x2^3 x3",TRUE,26,"x1;x3;x1^2;x2^2;x1 x3;x1^3;x1^2 x3;x1 x2 x3;x2^2 x3;x2 x3^2;x3^3;x1^4;x1^2 x2^2;x2^4;x1 x2 x3^2;x3^4;x1^5;x1^4 x3;x1^3 x2 x3;x1^2 x2^2 x3",TRUE,20,6,20,14,FALSE,1,0.653131945977568,0.649473671677811,0.656829929716322,0.649969105300897,0.000196283397384546,3311.38096222942,0.00176591066338365,-0.390993541002822,0.0110773976798104,-1.22793312753234e-08,1.96420499917812e-07,7.49357525919869e-07,7.58026003837585
"aizawa",3,4,60,3.69897000433602,5000,4,13,"smoothed",NA,NA,NA,"sg",5000,"x1;x2;x3;x1^2;x2^2;x1^2 x3;x2^2 x3;x3^3;x1^3 x3;x1^2 x3^2;x2^2 x3^2;x1^4 x3;x1^2 x2^2 x3;x2^4 x3",TRUE,14,"x3;x1^2;x2^2;x1^2 x3;x2^2 x3;x3^3;x1^3 x3;x1^2 x3^2",TRUE,8,7,7,1,FALSE,0.0184735409147498,0.650081231370677,0.649343844080394,0.650793898745793,0.649883969214881,0.000382572492715423,1698.72110930437,0.0148106636091067,0.683815394193601,0.0148039533103616,1.54135674074851e-07,1.30840492771284e-05,0.000380728707856881,6.879967212677
"aizawa",3,4,60,3.69897000433602,5000,4,13,"raw",13,4,6,"weak/raw/m=1w/p=4",829,"x3;x1^2;x2^2;x1^2 x3;x2^2 x3;x3^3;x1^3 x3",TRUE,7,"x3;x1^2;x2^2;x1^2 x3;x2^2 x3;x3^3;x1^3 x3",TRUE,7,7,0,0,TRUE,0.00135497651949312,0.650011575831827,0.649657204284286,0.650361469371561,0.650009602175123,0.000221693354748615,2932.02113754014,0.00347817536951543,0.00937646081156129,0.0034781929716925,-5.45568867411526e-07,3.81051206577028e-05,0.000114979434434503,2.31689786911011
"aizawa",3,4,60,3.69897000433602,5000,4,13,"raw",13,8,6,"weak/raw/m=1w/p=8",829,"x3;x1^2;x2^2;x1^2 x3;x2^2 x3;x3^3;x1^3 x3",TRUE,7,"x3;x1^2;x2^2;x1^2 x3;x2^2 x3;x3^3;x1^3 x3",TRUE,7,7,0,0,TRUE,0.00114614865561732,0.649987231725583,0.649424929866974,0.650560446040694,0.649982916312097,0.000348092276962012,1867.27186820933,0.00546548255225794,-0.353459910767382,0.0054654939313318,-1.21230200780859e-08,2.37075298917933e-07,1.06468426097628e-06,2.22369599342346
"aizawa",3,4,60,3.69897000433602,5000,4,13,"raw",26,4,13,"weak/raw/m=2w/p=4",381,"x3;x1^2;x2^2;x1^2 x3;x2^2 x3;x3^3;x1^3 x3;x1^2 x3^2;x2^2 x3^2;x1^2 x2^2 x3;x2^4 x3",TRUE,11,"x3;x1^2;x2^2;x1^2 x3;x2^2 x3;x3^3;x1^3 x3",TRUE,7,7,4,0,TRUE,0.00537690142727376,0.650019648122402,0.649792366653795,0.650237248230008,0.649994782860827,0.000122891719264244,5289.16664810586,0.00129409936444941,-0.0918820512805956,0.00128601070502628,-3.97428322048474e-08,2.37114065456293e-06,6.96859306759112e-06,5.16842889785767
"aizawa",3,4,60,3.69897000433602,5000,4,13,"raw",26,8,13,"weak/raw/m=2w/p=8",381,"x3;x1^2;x2^2;x1^2 x3;x2^2 x3;x3^3;x1^3 x3;x1^2 x3^2;x2^2 x3^2;x1^2 x2^2 x3;x2^4 x3",TRUE,11,"x3;x1^2;x2^2;x1^2 x3;x2^2 x3;x3^3;x1^3 x3",TRUE,7,7,4,0,TRUE,0.00515236619821247,0.650013504350981,0.649685327677576,0.650338404591638,0.649990790685451,0.00018691350286887,3477.49510179291,0.00197442949412125,-0.372898943802471,0.00196650087352146,-1.21183052915837e-08,1.89555250962532e-07,8.15835772827178e-07,4.61520195007324
"aizawa",3,4,60,3.69897000433602,5000,4,13,"smoothed",13,4,6,"weak/smoothed/m=1w/p=4",829,"x3;x1^2;x2^2;x1^2 x3;x2^2 x3;x3^3;x1^3 x3",TRUE,7,"x3;x1^2;x2^2;x1^2 x3;x2^2 x3;x3^3;x1^3 x3",TRUE,7,7,0,0,TRUE,0.00135857856301311,0.650011972863263,0.649631399141927,0.650386195444858,0.650009449310524,0.000221182048990567,2938.79838927728,0.0034701548436832,0.0124996695267953,0.00347017015327012,-5.45568867411526e-07,3.81051206577028e-05,0.000114979434434503,2.33997321128845
"aizawa",3,4,60,3.69897000433602,5000,4,13,"smoothed",13,8,6,"weak/smoothed/m=1w/p=8",829,"x3;x1^2;x2^2;x1^2 x3;x2^2 x3;x3^3;x1^3 x3",TRUE,7,"x3;x1^2;x2^2;x1^2 x3;x2^2 x3;x3^3;x1^3 x3",TRUE,7,7,0,0,TRUE,0.00134835125769311,0.649983722340937,0.649416232972468,0.650561481759217,0.649981014402314,0.000343441423305868,1892.55276240642,0.00539246057454475,-0.344893262629205,0.0053924746842639,-1.21230200780859e-08,2.37075298917933e-07,1.06468426097628e-06,2.24061942100525
"aizawa",3,4,60,3.69897000433602,5000,4,13,"smoothed",26,4,13,"weak/smoothed/m=2w/p=4",381,"x3;x1^2;x2^2;x1^2 x3;x2^2 x3;x3^3;x1^3 x3;x1^2 x3^2;x2^2 x3^2;x1^2 x2^2 x3;x2^4 x3",TRUE,11,"x3;x1^2;x2^2;x1^2 x3;x2^2 x3;x3^3;x1^3 x3;x1^2 x2^2 x3",TRUE,8,7,4,1,FALSE,0.00594340662797821,0.650008055406814,0.649788919176964,0.650227825476386,0.64999431385363,0.000122892827940751,5289.1151155461,0.00129411156116714,-0.0917773641422378,0.00128600634067615,-3.97428322048474e-08,2.37114065456293e-06,6.96859306759112e-06,5.70752143859863
"aizawa",3,4,60,3.69897000433602,5000,4,13,"smoothed",26,8,13,"weak/smoothed/m=2w/p=8",381,"x3;x1^2;x2^2;x1^2 x3;x2^2 x3;x3^3;x1^3 x3;x1^2 x3^2;x2^2 x3^2;x1^2 x2^2 x3;x2^4 x3",TRUE,11,"x3;x1^2;x2^2;x1^2 x3;x2^2 x3;x3^3;x1^3 x3",TRUE,7,7,4,0,TRUE,0.00565363256302098,0.650010584634162,0.649659086406217,0.650348141179985,0.649990292435574,0.000186858793301214,3478.51059590113,0.00197385237791798,-0.372864506932833,0.00196608035314839,-1.21183052915837e-08,1.89555250962532e-07,8.15835772827178e-07,4.48248100280762
"aizawa",3,5,60,3.69897000433602,5000,4,13,"smoothed",NA,NA,NA,"sg",5000,"x3;x1^2;x2^2;x1 x3;x3^2;x1 x2^2;x2^3;x1^2 x3;x2^2 x3;x3^3;x1^2 x2^2;x2^4;x1^3 x3;x2^3 x3;x2^2 x3^2;x3^4;x1^2 x2^3;x1^2 x2^2 x3;x2^4 x3;x2^3 x3^2",TRUE,20,"x3;x1^2;x2^2;x1^2 x3;x2^2 x3;x3^3;x1^3 x3",TRUE,7,7,13,0,TRUE,0.00638690223449662,0.649908760184306,0.648885810857376,0.650943130051698,0.649961387494486,0.000400852654739105,1621.44713228234,0.0128000134675317,0.67862833899776,0.0127950527890602,-3.71995561423866e-08,1.11122172409318e-05,5.01449127144893e-05,9.81312775611877
"aizawa",3,5,60,3.69897000433602,5000,4,13,"raw",13,4,6,"weak/raw/m=1w/p=4",829,"x3;x1^2;x2^2;x1 x3;x3^2;x1 x2^2;x2^3;x1^2 x3;x2^2 x3;x3^3;x1^2 x2^2;x2^4;x1^3 x3;x2^3 x3;x2^2 x3^2;x3^4;x1^2 x2^3;x1^2 x2^2 x3;x2^4 x3;x2^3 x3^2",TRUE,20,"x3;x1^2;x2^2;x1^2 x3;x2^2 x3;x3^3;x1^3 x3",TRUE,7,7,13,0,TRUE,0.00700786406122694,0.650013505260474,0.649394344910816,0.650617724047239,0.650014002093471,0.000237154299748145,2740.89064707567,0.00305517487830439,0.0147331653693169,0.00303956408183407,-1.33459395967952e-06,3.70842802694856e-05,7.61490433885958e-05,9.99329471588135
"aizawa",3,5,60,3.69897000433602,5000,4,13,"raw",13,8,6,"weak/raw/m=1w/p=8",829,"x3;x1^2;x2^2;x1 x3;x3^2;x1 x2^2;x2^3;x1^2 x3;x2^2 x3;x3^3;x1^2 x2^2;x2^4;x1^3 x3;x2^3 x3;x2^2 x3^2;x3^4;x1^2 x2^3;x1^2 x2^2 x3;x2^4 x3;x2^3 x3^2",TRUE,20,"x3;x1^2;x2^2;x1^2 x3;x2^2 x3;x3^3;x1^3 x3",TRUE,7,7,13,0,TRUE,0.00788022765051294,0.6500071659125,0.649075004864337,0.650919452048897,0.649988245427094,0.000363584019194841,1787.72501295986,0.00468942413479132,-0.333554818226989,0.00468234225785782,-8.13687362107646e-09,2.61392653798501e-07,1.08488818584274e-06,8.51446270942688
"aizawa",3,5,60,3.69897000433602,5000,4,13,"raw",26,4,13,"weak/raw/m=2w/p=4",381,"x3;x1^2;x2^2;x1 x3;x3^2;x1^3;x1 x2^2;x2^3;x1^2 x3;x2^2 x3;x3^3;x1^2 x2^2;x2^4;x1^3 x3;x2^3 x3;x2^2 x3^2;x3^4;x1^2 x2^3;x2^4 x3;x2^3 x3^2",TRUE,20,"x3;x1^2;x2^2;x1^2 x3;x2^2 x3;x3^3;x1^3 x3",TRUE,7,7,13,0,TRUE,0.00680724517091497,0.649944586231051,0.649612038076256,0.650268565281348,0.650001232820067,0.000128333830691992,5064.9250420967,0.0011039519290652,-0.066213160466606,0.00108875056175972,-8.96932984145916e-08,2.31848631653066e-06,4.72464690448593e-06,10.497260093689
"aizawa",3,5,60,3.69897000433602,5000,4,13,"raw",26,8,13,"weak/raw/m=2w/p=8",381,"x3;x1^2;x2^2;x1 x3;x3^2;x1^3;x1 x2^2;x2^3;x1^2 x3;x2^2 x3;x3^3;x1^2 x2^2;x2^4;x1^3 x3;x2^3 x3;x2^2 x3^2;x3^4;x1^2 x2^3;x2^4 x3;x2^3 x3^2",TRUE,20,"x3;x1^2;x2^2;x1^2 x3;x2^2 x3;x3^3;x1^3 x3",TRUE,7,7,13,0,TRUE,0.00684068623853501,0.649953883274477,0.649483695242569,0.650431661816302,0.650007950365466,0.000189973636045924,3421.56924452577,0.00164197109274945,-0.340132323845882,0.00162446038327981,-7.83511780360844e-09,2.09886996214784e-07,8.17582299306174e-07,9.42030096054077
"aizawa",3,5,60,3.69897000433602,5000,4,13,"smoothed",13,4,6,"weak/smoothed/m=1w/p=4",829,"x3;x1^2;x2^2;x1 x3;x3^2;x1 x2^2;x2^3;x1^2 x3;x2^2 x3;x3^3;x1^2 x2^2;x2^4;x1^3 x3;x2^3 x3;x2^2 x3^2;x3^4;x1^2 x2^3;x1^2 x2^2 x3;x2^4 x3;x2^3 x3^2",TRUE,20,"x3;x1^2;x2^2;x1^2 x3;x2^2 x3;x3^3;x1^3 x3",TRUE,7,7,13,0,TRUE,0.0067253620368754,0.650005035348611,0.649410079554172,0.650605221812442,0.650017082689006,0.000236532655721297,2748.10715123798,0.00304716775173458,0.0180385545018515,0.00303347760091542,-1.33459395967952e-06,3.70842802694856e-05,7.61490433885958e-05,9.58538794517517
"aizawa",3,5,60,3.69897000433602,5000,4,13,"smoothed",13,8,6,"weak/smoothed/m=1w/p=8",829,"x3;x1^2;x2^2;x1 x3;x3^2;x1 x2^2;x2^3;x1^2 x3;x2^2 x3;x3^3;x1^2 x2^2;x2^4;x1^3 x3;x2^3 x3;x2^2 x3^2;x3^4;x1^2 x2^3;x1^2 x2^2 x3;x2^4 x3;x2^3 x3^2",TRUE,20,"x3;x1^2;x2^2;x1^2 x3;x2^2 x3;x3^3;x1^3 x3",TRUE,7,7,13,0,TRUE,0.00642209756326434,0.64996943219122,0.649044721264126,0.650941690703064,0.649984701633481,0.000359228043388916,1809.3929847503,0.00463324405002553,-0.324813587521472,0.0046209113431135,-8.13687362107646e-09,2.61392653798501e-07,1.08488818584274e-06,8.91833066940308
"aizawa",3,5,60,3.69897000433602,5000,4,13,"smoothed",26,4,13,"weak/smoothed/m=2w/p=4",381,"x3;x1^2;x2^2;x1 x3;x3^2;x1^3;x1 x2^2;x2^3;x1^2 x3;x2^2 x3;x3^3;x1^2 x2^2;x2^4;x1^3 x3;x2^3 x3;x2^2 x3^2;x3^4;x1^2 x2^3;x2^4 x3;x2^3 x3^2",TRUE,20,"x3;x1^2;x2^2;x1^2 x3;x2^2 x3;x3^3;x1^3 x3",TRUE,7,7,13,0,TRUE,0.0075539560293621,0.64993730433223,0.649596737874936,0.650272397568181,0.65000085156939,0.000128332951630375,5064.95676528601,0.00110394489102114,-0.0661330479829799,0.00109017622339712,-8.96932984145916e-08,2.31848631653066e-06,4.72464690448593e-06,10.0349659919739
"aizawa",3,5,60,3.69897000433602,5000,4,13,"smoothed",26,8,13,"weak/smoothed/m=2w/p=8",381,"x3;x1^2;x2^2;x1 x3;x3^2;x1^3;x1 x2^2;x2^3;x1^2 x3;x2^2 x3;x3^3;x1^2 x2^2;x2^4;x1^3 x3;x2^3 x3;x2^2 x3^2;x3^4;x1^2 x2^3;x2^4 x3;x2^3 x3^2",TRUE,20,"x3;x1^2;x2^2;x1^2 x3;x2^2 x3;x3^3;x1^3 x3",TRUE,7,7,13,0,TRUE,0.00679708322956757,0.64994262564428,0.64947437998275,0.650439544662761,0.650007391942772,0.000189925376509721,3422.43571600609,0.00164155475262911,-0.340106586075186,0.00162567463633517,-7.83511780360844e-09,2.09886996214784e-07,8.17582299306174e-07,9.16512155532837
"aizawa",3,6,60,3.69897000433602,5000,4,13,"smoothed",NA,NA,NA,"sg",5000,"x1;x2;x3;x1^2;x2^2;x1 x3;x3^2;x1^3;x1^2 x2;x2^3;x1^2 x3;x1 x2 x3;x2^2 x3;x1 x3^2;x2 x3^2;x3^3;x1^4;x1^3 x2;x1^2 x2^2;x1 x2^3;x1 x2^2 x3;x1^2 x3^2;x1 x2 x3^2;x2^2 x3^2;x1 x3^3;x3^4",TRUE,26,"x1;x3;x1^2;x2^2;x1 x3;x3^2;x1^3;x1^2 x2;x1^2 x3;x1 x2 x3;x2^2 x3;x1 x3^2;x2 x3^2;x3^3;x1^4;x1^3 x2;x1^2 x2^2;x1 x2^3;x1 x2^2 x3;x1^2 x3^2;x1 x2 x3^2;x2^2 x3^2;x1 x3^3;x3^4",TRUE,24,6,20,18,FALSE,1,0.647715034151096,0.646232698978349,0.649123143904649,0.649961103982503,0.00038486522598913,1688.80184566444,0.0136947575154944,0.672364653816867,0.0164803512900434,-4.62967414471827e-08,1.13695375943863e-05,0.00010734460553341,11.7882404327393
"aizawa",3,6,60,3.69897000433602,5000,4,13,"raw",13,4,6,"weak/raw/m=1w/p=4",829,"x3;x1^2;x2^2;x3^2;x1^2 x3;x2^2 x3;x1 x3^2;x3^3;x1^4;x1^3 x3;x1 x2^2 x3;x2^2 x3^2;x1 x3^3;x3^4",TRUE,14,"x3;x1^2;x2^2;x1^2 x3;x2^2 x3;x3^3;x1^3 x3",TRUE,7,7,7,0,TRUE,0.00248701452550959,0.650028133861331,0.649511636088225,0.650551485492403,0.650008709558102,0.000225493311704253,2882.6074913061,0.00325018967104272,0.0109469058972265,0.00324901383861921,6.03881973067999e-07,3.76164006230498e-05,7.741869886424e-05,6.71210956573486
"aizawa",3,6,60,3.69897000433602,5000,4,13,"raw",13,8,6,"weak/raw/m=1w/p=8",829,"x3;x1^2;x2^2;x3^2;x1^2 x3;x2^2 x3;x1 x3^2;x3^3;x1^4;x1^3 x3;x1 x2^2 x3;x2^2 x3^2;x1 x3^3;x3^4",TRUE,14,"x3;x1^2;x2^2;x1^2 x3;x2^2 x3;x3^3;x1^3 x3",TRUE,7,7,7,0,TRUE,0.00316785973901945,0.650034861578494,0.649212440295899,0.650860175807208,0.650005718739489,0.000352909623939531,1841.84752879072,0.00509157851507675,-0.342658758992265,0.00509152351693824,-4.01865564200626e-09,2.30464572011756e-07,1.0028960472086e-06,6.08081245422363
"aizawa",3,6,60,3.69897000433602,5000,4,13,"raw",26,4,13,"weak/raw/m=2w/p=4",381,"x3;x1^2;x2^2;x3^2;x1 x2 x3;x2^2 x3;x1 x3^2;x2 x3^2;x3^3;x1^4;x1^2 x2^2;x2^4;x1^3 x3;x1^2 x2 x3;x1^2 x3^2;x2^2 x3^2;x3^4;x1^2 x2^3;x1^4 x3;x1^2 x2^2 x3;x2^4 x3",TRUE,21,"x3;x1^2;x2^2;x3^2;x1 x2 x3;x2^2 x3;x1 x3^2;x3^3;x1^4;x1^2 x2^2;x1^3 x3;x1^2 x2 x3;x1^2 x3^2;x3^4;x1^2 x2^3;x1^4 x3;x1^2 x2^2 x3;x2^4 x3",TRUE,18,6,15,12,FALSE,1,0.645094653693106,0.643595170999312,0.646612395707017,0.649999703098575,0.000115790424677585,5613.58769439253,0.0011192137608022,-0.128963505523031,0.00449070084181021,4.94468098609795e-08,2.33973477792477e-06,4.56790101621696e-06,7.67172026634216
"aizawa",3,6,60,3.69897000433602,5000,4,13,"raw",26,8,13,"weak/raw/m=2w/p=8",381,"x3;x1^2;x2^2;x1^2 x3;x2^2 x3;x1 x3^2;x3^3;x1^4;x1^3 x3;x2^2 x3^2;x1 x3^3",TRUE,11,"x3;x1^2;x2^2;x1^2 x3;x2^2 x3;x3^3;x1^3 x3",TRUE,7,7,4,0,TRUE,0.00196471608555648,0.649967336718255,0.649621447971796,0.650331872974274,0.650005214473101,0.000180600212478451,3599.13870284432,0.00175238062393664,-0.465234391435169,0.00174892383933792,-3.93885421217204e-09,1.8310838544174e-07,7.80404541989022e-07,3.2764675617218
"aizawa",3,6,60,3.69897000433602,5000,4,13,"smoothed",13,4,6,"weak/smoothed/m=1w/p=4",829,"x3;x1^2;x2^2;x3^2;x1^2 x3;x2^2 x3;x1 x3^2;x3^3;x1^4;x1^3 x3;x1 x2^2 x3;x2^2 x3^2;x1 x3^3;x3^4",TRUE,14,"x3;x1^2;x2^2;x1^2 x3;x2^2 x3;x3^3;x1^3 x3",TRUE,7,7,7,0,TRUE,0.00248036719987202,0.650035871617082,0.649526384276471,0.650558056192732,0.650018071554772,0.000225017833433371,2888.74024621362,0.00324333773795934,0.0136404013033226,0.00324263289772842,6.03881973067999e-07,3.76164006230498e-05,7.741869886424e-05,6.63476729393005
"aizawa",3,6,60,3.69897000433602,5000,4,13,"smoothed",13,8,6,"weak/smoothed/m=1w/p=8",829,"x3;x1^2;x2^2;x3^2;x1^2 x3;x2^2 x3;x1 x3^2;x3^3;x1^4;x1^3 x3;x1 x2^2 x3;x2^2 x3^2;x1 x3^3;x3^4",TRUE,14,"x3;x1^2;x2^2;x1^2 x3;x2^2 x3;x3^3;x1^3 x3",TRUE,7,7,7,0,TRUE,0.00236133282157866,0.650021599198875,0.649197823592552,0.65083131537349,0.649998431140183,0.000348038565861313,1867.60461310255,0.00502130335836676,-0.333228863414908,0.0050203421499071,-4.01865564200626e-09,2.30464572011756e-07,1.0028960472086e-06,6.21119499206543
"aizawa",3,6,60,3.69897000433602,5000,4,13,"smoothed",26,4,13,"weak/smoothed/m=2w/p=4",381,"x3;x1^2;x2^2;x3^2;x1 x2 x3;x2^2 x3;x1 x3^2;x2 x3^2;x3^3;x1^4;x1^2 x2^2;x2^4;x1^3 x3;x1^2 x2 x3;x1^2 x3^2;x2^2 x3^2;x3^4;x1^2 x2^3;x1^4 x3;x1^2 x2^2 x3;x2^4 x3",TRUE,21,"x3;x1^2;x2^2;x3^2;x1 x2 x3;x2^2 x3;x1 x3^2;x3^3;x1^4;x1^2 x2^2;x1^3 x3;x1^2 x2 x3;x1^2 x3^2;x3^4;x1^2 x2^3;x1^4 x3;x1^2 x2^2 x3;x2^4 x3",TRUE,18,6,15,12,FALSE,1,0.645092037349126,0.643588764325877,0.646545885050725,0.649999054799647,0.000115783513931448,5613.91715218187,0.00111914741781416,-0.128943755395885,0.0044919150130953,4.94468098609795e-08,2.33973477792477e-06,4.56790101621696e-06,7.79956412315369
"aizawa",3,6,60,3.69897000433602,5000,4,13,"smoothed",26,8,13,"weak/smoothed/m=2w/p=8",381,"x3;x1^2;x2^2;x1^2 x3;x2^2 x3;x1 x3^2;x3^3;x1^4;x1^3 x3;x2^2 x3^2;x1 x3^3",TRUE,11,"x3;x1^2;x2^2;x1^2 x3;x2^2 x3;x3^3;x1^3 x3",TRUE,7,7,4,0,TRUE,0.00166139384767738,0.649966456156573,0.649633126065393,0.65030395411808,0.650004632075875,0.000180556070973612,3600.01537788709,0.00175195302049838,-0.465116816759353,0.00174846347960879,-3.93885421217204e-09,1.8310838544174e-07,7.80404541989022e-07,3.21914076805115
"aizawa",3,7,60,3.69897000433602,5000,4,13,"smoothed",NA,NA,NA,"sg",5000,"x3;x1^2;x2^2;x1^2 x3;x2^2 x3;x3^3;x1^3 x3",TRUE,7,"x3;x1^2;x2^2;x1^2 x3;x2^2 x3;x3^3;x1^3 x3",TRUE,7,7,0,0,TRUE,0.00179184831720614,0.649940875093078,0.649216958980268,0.650692034419049,0.649940054604665,0.000436080514969789,1490.41296800361,0.0107392957032814,0.680322382113208,0.0107393064189133,-1.41598204896898e-08,8.95607443083597e-06,5.56194005877364e-05,2.16258025169373
"aizawa",3,7,60,3.69897000433602,5000,4,13,"raw",13,4,6,"weak/raw/m=1w/p=4",829,"x3;x1^2;x2^2;x1^2 x3;x2^2 x3;x3^3;x1^3 x3",TRUE,7,"x3;x1^2;x2^2;x1^2 x3;x2^2 x3;x3^3;x1^3 x3",TRUE,7,7,0,0,TRUE,0.00157663328617108,0.649931922237073,0.649532173115787,0.65034271073896,0.649934655172889,0.000244430954680949,2658.97032567432,0.00244040171279407,0.027144408219248,0.00244040742882522,9.61146074407462e-07,3.02369812485669e-05,7.4978419845162e-05,1.34857797622681
"aizawa",3,7,60,3.69897000433602,5000,4,13,"raw",13,8,6,"weak/raw/m=1w/p=8",829,"x3;x1^2;x2^2;x1^2 x3;x2^2 x3;x3^3;x1^3 x3",TRUE,7,"x3;x1^2;x2^2;x1^2 x3;x2^2 x3;x3^3;x1^3 x3",TRUE,7,7,0,0,TRUE,0.00164993047302486,0.649898834253031,0.649268347572515,0.650524715705609,0.649910988065616,0.000386181810408044,1682.91455099585,0.00386022753165403,-0.352917427266285,0.00386023986823498,-7.19762969477488e-09,2.39912641696392e-07,9.51652924241486e-07,1.20631313323975
"aizawa",3,7,60,3.69897000433602,5000,4,13,"raw",26,4,13,"weak/raw/m=2w/p=4",381,"x3;x1^2;x2^2;x1 x3;x3^2;x1^3;x1^2 x3;x2^2 x3;x3^3;x1^2 x2^2;x1^3 x3;x1 x3^3;x3^4;x1^2 x2^2 x3;x1^3 x3^2",TRUE,15,"x3;x1^2;x2^2;x1^2 x3;x2^2 x3;x3^3;x1^3 x3",TRUE,7,7,8,0,TRUE,0.00799513478572583,0.649771686646119,0.649510613315838,0.650047301708614,0.649907644600651,0.000134400630444593,4835.59967279005,0.000899080268873085,-0.0326909442085868,0.000893418681515869,5.61174646390206e-08,1.89391985385269e-06,4.53091038832287e-06,6.5756983757019
"aizawa",3,7,60,3.69897000433602,5000,4,13,"raw",26,8,13,"weak/raw/m=2w/p=8",381,"x3;x1^2;x2^2;x1^2 x3;x2^2 x3;x3^3;x1^3 x3;x2^2 x3^2",TRUE,8,"x3;x1^2;x2^2;x1^2 x3;x2^2 x3;x3^3;x1^3 x3",TRUE,7,7,1,0,TRUE,0.00142770654328306,0.649898379853423,0.649565521816084,0.650249347920977,0.649903906150591,0.000195603081564104,3322.56476203624,0.00131476005099619,-0.342440656964606,0.00131476628690891,-6.02532405829571e-09,1.93143662149491e-07,7.255541366602e-07,1.64086365699768
"aizawa",3,7,60,3.69897000433602,5000,4,13,"smoothed",13,4,6,"weak/smoothed/m=1w/p=4",829,"x3;x1^2;x2^2;x1^2 x3;x2^2 x3;x3^3;x1^3 x3",TRUE,7,"x3;x1^2;x2^2;x1^2 x3;x2^2 x3;x3^3;x1^3 x3",TRUE,7,7,0,0,TRUE,0.00156188650195777,0.649931074683562,0.649530597965998,0.650307721379603,0.649936213237483,0.000243906699365279,2664.69192904016,0.00243516879529647,0.0306941575982771,0.00243517426851634,9.61146074407462e-07,3.02369812485669e-05,7.4978419845162e-05,1.34757018089294
"aizawa",3,7,60,3.69897000433602,5000,4,13,"smoothed",13,8,6,"weak/smoothed/m=1w/p=8",829,"x3;x1^2;x2^2;x1^2 x3;x2^2 x3;x3^3;x1^3 x3",TRUE,7,"x3;x1^2;x2^2;x1^2 x3;x2^2 x3;x3^3;x1^3 x3",TRUE,7,7,0,0,TRUE,0.00156174072736981,0.649915358610259,0.649278478401367,0.650550170946493,0.649909097116676,0.00038065550905985,1707.34189220546,0.00380498974805682,-0.34330560611664,0.00380500092561212,-7.19762969477488e-09,2.39912641696392e-07,9.51652924241486e-07,1.20522713661194
"aizawa",3,7,60,3.69897000433602,5000,4,13,"smoothed",26,4,13,"weak/smoothed/m=2w/p=4",381,"x3;x1^2;x2^2;x1 x3;x3^2;x1^3;x1^2 x3;x2^2 x3;x3^3;x1^2 x2^2;x1^3 x3;x1 x3^3;x3^4;x1^2 x2^2 x3;x1^3 x3^2",TRUE,15,"x3;x1^2;x2^2;x1^2 x3;x2^2 x3;x3^3;x1^3 x3",TRUE,7,7,8,0,TRUE,0.00767064062372685,0.649774880164677,0.649503932138776,0.650034535739254,0.649907013370441,0.000134385109309273,4836.15347497133,0.0008989769733011,-0.032709095170504,0.000893122005282772,5.61174646390206e-08,1.89391985385269e-06,4.53091038832287e-06,6.9299840927124
"aizawa",3,7,60,3.69897000433602,5000,4,13,"smoothed",26,8,13,"weak/smoothed/m=2w/p=8",381,"x3;x1^2;x2^2;x1^2 x3;x2^2 x3;x3^3;x1^3 x3;x2^2 x3^2",TRUE,8,"x3;x1^2;x2^2;x1^2 x3;x2^2 x3;x3^3;x1^3 x3",TRUE,7,7,1,0,TRUE,0.00141669319997151,0.649898922684807,0.649548965700195,0.650247339085161,0.649903316457444,0.000195557441834679,3323.33717582,0.0013144540523587,-0.342340216854441,0.00131445352401017,-6.02532405829571e-09,1.93143662149491e-07,7.255541366602e-07,1.66043853759766
"aizawa",3,8,60,3.69897000433602,5000,4,13,"smoothed",NA,NA,NA,"sg",5000,"x3;x1^2;x2^2;x1^2 x3;x2^2 x3;x3^3;x1^4;x1^2 x2^2;x2^4;x1^3 x3;x1^2 x3^2",TRUE,11,"x3;x1^2;x2^2;x1^2 x3;x2^2 x3;x3^3;x1^3 x3",TRUE,7,7,4,0,TRUE,0.0101531881997977,0.649879266457883,0.649064003889984,0.650709138595285,0.650012046125822,0.000389823116875399,1667.45382196918,0.0125625254716853,0.672782743336847,0.0125616808038667,-1.09166776752545e-08,1.08717966830936e-05,5.06309088140755e-05,5.12028217315674
"aizawa",3,8,60,3.69897000433602,5000,4,13,"raw",13,4,6,"weak/raw/m=1w/p=4",829,"x3;x1^2;x2^2;x1^2 x3;x2^2 x3;x3^3;x1^2 x2^2;x1^3 x3;x1^2 x3^2;x2^2 x3^2;x3^4;x1^4 x3;x1^2 x2^2 x3;x2^4 x3",TRUE,14,"x3;x1^2;x2^2;x1^2 x3;x2^2 x3;x3^3;x1^3 x3;x2^4 x3",TRUE,8,7,7,1,FALSE,0.015010444659787,0.65003857582331,0.649592843907251,0.650482617766038,0.650039720227287,0.000222762336134279,2918.08629550127,0.00291208723116642,0.0148194862066928,0.00290351204206575,-1.0279953579171e-06,3.62828738904349e-05,7.44299363840684e-05,7.33303713798523
"aizawa",3,8,60,3.69897000433602,5000,4,13,"raw",13,8,6,"weak/raw/m=1w/p=8",829,"x3;x1^2;x2^2;x1^2 x3;x2^2 x3;x3^3;x1^2 x2^2;x1^3 x3;x1^2 x3^2;x2^2 x3^2;x3^4;x1^4 x3;x1^2 x2^2 x3;x2^4 x3",TRUE,14,"x3;x1^2;x2^2;x1^2 x3;x2^2 x3;x3^3;x1^3 x3",TRUE,7,7,7,0,TRUE,0.0151984029573522,0.650021141939641,0.649332886878392,0.65067029059971,0.650018302538525,0.000344433353687511,1887.21067683897,0.00450692390706211,-0.353960189080146,0.00450106179850624,-1.22282715028711e-08,2.48223574009528e-07,1.06513607034397e-06,6.95222783088684
"aizawa",3,8,60,3.69897000433602,5000,4,13,"raw",26,4,13,"weak/raw/m=2w/p=4",381,"x3;x1^2;x2^2;x1^2 x3;x2^2 x3;x3^3;x1^2 x2^2;x2^4;x1^3 x3;x1^2 x3^2;x2^2 x3^2;x3^4;x1^4 x3;x1^2 x2^2 x3;x2^4 x3",TRUE,15,"x3;x1^2;x2^2;x1^2 x3;x2^2 x3;x3^3;x1^3 x3;x2^4 x3",TRUE,8,7,8,1,FALSE,0.0121787916336302,0.649973651233285,0.649697783533895,0.650249575134995,0.650020307911853,0.000120481931945263,5395.16836605151,0.00105651199649585,-0.05650816404972,0.00104451191800476,-6.84506815105333e-08,2.27099296604606e-06,4.67740417697815e-06,10.9124975204468
"aizawa",3,8,60,3.69897000433602,5000,4,13,"raw",26,8,13,"weak/raw/m=2w/p=8",381,"x3;x1^2;x2^2;x1^2 x3;x2^2 x3;x3^3;x1^2 x2^2;x2^4;x1^3 x3;x1^2 x3^2;x2^2 x3^2;x3^4;x1^4 x3;x1^2 x2^2 x3;x2^4 x3",TRUE,15,"x3;x1^2;x2^2;x1^2 x3;x2^2 x3;x3^3;x1^3 x3;x2^4 x3",TRUE,8,7,8,1,FALSE,0.0119115124019364,0.649955226005747,0.649544511391424,0.650368237132801,0.650020359908437,0.000186966465651805,3476.66816956894,0.0016457846474173,-0.411288344128599,0.00163180825666159,-1.21179534549136e-08,1.97941368433031e-07,7.0916910110963e-07,5.46751999855042
"aizawa",3,8,60,3.69897000433602,5000,4,13,"smoothed",13,4,6,"weak/smoothed/m=1w/p=4",829,"x3;x1^2;x2^2;x1^2 x3;x2^2 x3;x3^3;x1^2 x2^2;x1^3 x3;x1^2 x3^2;x2^2 x3^2;x3^4;x1^4 x3;x1^2 x2^2 x3;x2^4 x3",TRUE,14,"x3;x1^2;x2^2;x1^2 x3;x2^2 x3;x3^3;x1^3 x3",TRUE,7,7,7,0,TRUE,0.014667054039943,0.650040975937621,0.649606712793288,0.650486230476381,0.650041729050966,0.000222087534775814,2926.96179327286,0.00290326692870756,0.0182793223290625,0.00289493029724619,-1.0279953579171e-06,3.62828738904349e-05,7.44299363840684e-05,7.4404399394989
"aizawa",3,8,60,3.69897000433602,5000,4,13,"smoothed",13,8,6,"weak/smoothed/m=1w/p=8",829,"x3;x1^2;x2^2;x1^2 x3;x2^2 x3;x3^3;x1^2 x2^2;x2^4;x1^3 x3;x1^2 x3^2;x2^2 x3^2;x3^4;x1^4 x3;x1^2 x2^2 x3;x2^4 x3",TRUE,15,"x3;x1^2;x2^2;x1^2 x3;x2^2 x3;x3^3;x1^3 x3",TRUE,7,7,8,0,TRUE,0.0146734370188517,0.64997427029524,0.649213169194455,0.650716408567067,0.650016471163211,0.000340265049490289,1910.32394345797,0.00445238356933868,-0.343772585320791,0.00444600234134769,-1.22282715028711e-08,2.48223574009528e-07,1.06513607034397e-06,6.10437536239624
"aizawa",3,8,60,3.69897000433602,5000,4,13,"smoothed",26,4,13,"weak/smoothed/m=2w/p=4",381,"x3;x1^2;x2^2;x1^2 x3;x2^2 x3;x3^3;x1^2 x2^2;x2^4;x1^3 x3;x1^2 x3^2;x2^2 x3^2;x3^4;x1^4 x3;x1^2 x2^2 x3;x2^4 x3",TRUE,15,"x3;x1^2;x2^2;x1^2 x3;x2^2 x3;x3^3;x1^3 x3;x2^4 x3",TRUE,8,7,8,1,FALSE,0.0120606982187756,0.649969780144214,0.649696123453608,0.650237910259851,0.650019776635618,0.000120473482474402,5395.54234911182,0.0010564383764649,-0.0564491312821782,0.00104423887311431,-6.84506815105333e-08,2.27099296604606e-06,4.67740417697815e-06,10.4399645328522
"aizawa",3,8,60,3.69897000433602,5000,4,13,"smoothed",26,8,13,"weak/smoothed/m=2w/p=8",381,"x3;x1^2;x2^2;x1^2 x3;x2^2 x3;x3^3;x1^2 x2^2;x2^4;x1^3 x3;x1^2 x3^2;x2^2 x3^2;x3^4;x1^4 x3;x1^2 x2^2 x3;x2^4 x3",TRUE,15,"x3;x1^2;x2^2;x1^2 x3;x2^2 x3;x3^3;x1^3 x3;x2^4 x3",TRUE,8,7,8,1,FALSE,0.011719795628423,0.649976449230238,0.649554439627751,0.650391413599788,0.650019827399579,0.000186915722083394,3477.60916071879,0.00164533870895193,-0.411240268082127,0.00163154809554601,-1.21179534549136e-08,1.97941368433031e-07,7.0916910110963e-07,5.40071606636047
"aizawa",3,9,60,3.69897000433602,5000,4,13,"smoothed",NA,NA,NA,"sg",5000,"x3;x1^2;x2^2;x1^2 x3;x2^2 x3;x3^3;x1^3 x3;x2^2 x3^2",TRUE,8,"x3;x1^2;x2^2;x1^2 x3;x2^2 x3;x3^3;x1^3 x3",TRUE,7,7,1,0,TRUE,0.00555082521241146,0.650132432693534,0.649403401175021,0.650856161378675,0.650043952162233,0.000402178965978537,1616.30519532671,0.0140066430053143,0.684947348731424,0.0140063975637669,1.14050102425467e-07,1.15530513687985e-05,0.00011248763045979,4.02915811538696
"aizawa",3,9,60,3.69897000433602,5000,4,13,"raw",13,4,6,"weak/raw/m=1w/p=4",829,"x3;x1^2;x2^2;x1^2 x3;x2^2 x3;x3^3;x1^3 x3",TRUE,7,"x3;x1^2;x2^2;x1^2 x3;x2^2 x3;x3^3;x1^3 x3",TRUE,7,7,0,0,TRUE,0.00120174303086484,0.650057195004448,0.649674618198678,0.65044249665929,0.650059368400851,0.000233071205217881,2789.10201624074,0.00329404332768583,-0.0168413193039806,0.00329405547712459,-1.75973518827869e-07,3.79066340694559e-05,7.45245638701375e-05,2.51465106010437
"aizawa",3,9,60,3.69897000433602,5000,4,13,"raw",13,8,6,"weak/raw/m=1w/p=8",829,"x3;x1^2;x2^2;x1^2 x3;x2^2 x3;x3^3;x1^3 x3",TRUE,7,"x3;x1^2;x2^2;x1^2 x3;x2^2 x3;x3^3;x1^3 x3",TRUE,7,7,0,0,TRUE,0.00113455099821813,0.650047998052307,0.649402929649862,0.650634375481185,0.650041350611312,0.000368606469826988,1763.51042052089,0.00521440491864833,-0.373928210006026,0.0052144165567251,-8.8355126552496e-09,2.52092748108473e-07,1.01698488796931e-06,2.07467770576477
"aizawa",3,9,60,3.69897000433602,5000,4,13,"raw",26,4,13,"weak/raw/m=2w/p=4",381,"x3;x1^2;x2^2;x1^2 x3;x2^2 x3;x3^3;x1^3 x3;x2^2 x3^2",TRUE,8,"x3;x1^2;x2^2;x1^2 x3;x2^2 x3;x3^3;x1^3 x3",TRUE,7,7,1,0,TRUE,0.00584251583158424,0.650110275334662,0.649893259069379,0.650328537983853,0.650035623825316,0.000119922276797845,5420.4743370666,0.00113799914016905,-0.0994063609145833,0.00113512837041018,-3.34603693921097e-09,2.35685844100078e-06,4.67215766486451e-06,3.56072402000427
"aizawa",3,9,60,3.69897000433602,5000,4,13,"raw",26,8,13,"weak/raw/m=2w/p=8",381,"x3;x1^2;x2^2;x1^2 x3;x2^2 x3;x3^3;x1^3 x3",TRUE,7,"x3;x1^2;x2^2;x1^2 x3;x2^2 x3;x3^3;x1^3 x3",TRUE,7,7,0,0,TRUE,0.0016387224337544,0.650031894842491,0.64971569264502,0.650348619922147,0.650034506231264,0.000189883567838005,3423.3320641301,0.00180859693879287,-0.429605671043658,0.00180860183935607,-1.01490914205848e-08,2.01031606319713e-07,7.90624650859328e-07,2.33592247962952
"aizawa",3,9,60,3.69897000433602,5000,4,13,"smoothed",13,4,6,"weak/smoothed/m=1w/p=4",829,"x3;x1^2;x2^2;x1^2 x3;x2^2 x3;x3^3;x1^3 x3",TRUE,7,"x3;x1^2;x2^2;x1^2 x3;x2^2 x3;x3^3;x1^3 x3",TRUE,7,7,0,0,TRUE,0.00127397077003177,0.650054151680972,0.649669806908423,0.650462186849954,0.650063637513162,0.000232469538240352,2796.33900610692,0.0032855411367922,-0.01383736287505,0.00328555057083799,-1.75973518827869e-07,3.79066340694559e-05,7.45245638701375e-05,2.53795671463013
"aizawa",3,9,60,3.69897000433602,5000,4,13,"smoothed",13,8,6,"weak/smoothed/m=1w/p=8",829,"x3;x1^2;x2^2;x1^2 x3;x2^2 x3;x3^3;x1^3 x3",TRUE,7,"x3;x1^2;x2^2;x1^2 x3;x2^2 x3;x3^3;x1^3 x3",TRUE,7,7,0,0,TRUE,0.00123884608112212,0.650047088315766,0.649450390875283,0.650659936389811,0.650037313763209,0.000363717834378948,1787.20219995029,0.00514525110158716,-0.365176227825438,0.00514527167194428,-8.8355126552496e-09,2.52092748108473e-07,1.01698488796931e-06,2.10292935371399
"aizawa",3,9,60,3.69897000433602,5000,4,13,"smoothed",26,4,13,"weak/smoothed/m=2w/p=4",381,"x3;x1^2;x2^2;x1^2 x3;x2^2 x3;x3^3;x1^3 x3;x2^2 x3^2",TRUE,8,"x3;x1^2;x2^2;x1^2 x3;x2^2 x3;x3^3;x1^3 x3",TRUE,7,7,1,0,TRUE,0.0058938354830631,0.650114230875544,0.649888366702198,0.65033111007806,0.650035230114835,0.00011991046638145,5421.00493585768,0.00113788753174561,-0.0993243630004787,0.00113500258947571,-3.34603693921097e-09,2.35685844100078e-06,4.67215766486451e-06,3.6959056854248
"aizawa",3,9,60,3.69897000433602,5000,4,13,"smoothed",26,8,13,"weak/smoothed/m=2w/p=8",381,"x3;x1^2;x2^2;x1^2 x3;x2^2 x3;x3^3;x1^3 x3",TRUE,7,"x3;x1^2;x2^2;x1^2 x3;x2^2 x3;x3^3;x1^3 x3",TRUE,7,7,0,0,TRUE,0.00163115720974361,0.650035430409155,0.649715743075127,0.650344681587941,0.650034066509434,0.000189826533992845,3424.35829615862,0.00180805443296983,-0.429540561679056,0.00180806504900277,-1.01490914205848e-08,2.01031606319713e-07,7.90624650859328e-07,2.57419586181641
"aizawa",3,10,60,3.69897000433602,5000,4,13,"smoothed",NA,NA,NA,"sg",5000,"x3;x1^2;x2^2;x1^2 x3;x2^2 x3;x3^3;x1^4;x1^2 x2^2;x1^3 x3;x1^2 x3^2",TRUE,10,"x3;x1^2;x2^2;x1^2 x3;x2^2 x3;x3^3;x1^3 x3",TRUE,7,7,3,0,TRUE,0.0169241341922395,0.649821932774712,0.649155847551591,0.650496904677034,0.649960505572204,0.000375585665362697,1730.5253248804,0.0163417326225142,0.667320581898431,0.0163389210963591,-4.66106019730406e-08,9.91171677241772e-06,0.000130736000576115,2.40484023094177
"aizawa",3,10,60,3.69897000433602,5000,4,13,"raw",13,4,6,"weak/raw/m=1w/p=4",829,"x3;x1^2;x2^2;x1 x3;x3^2;x1^3;x1^2 x2;x1 x2^2;x1^2 x3;x2^2 x3;x1 x3^2;x3^3;x1^4;x1^3 x2;x1^2 x2^2;x1 x2^3;x1 x2^2 x3;x1 x3^3",TRUE,18,"x3;x1^2;x2^2;x1 x3;x3^2;x1^3;x1 x2^2;x1^2 x3;x2^2 x3;x1 x3^2;x3^3;x1^3 x2;x1^2 x2^2;x1 x2^2 x3;x1 x3^3",TRUE,15,6,12,9,FALSE,1,0.645229540474107,0.643357209351392,0.647117987884523,0.650020136700499,0.000225823439948507,2878.44404836238,0.00396958574866683,0.0776213338233707,0.0134934514460772,3.78724096860591e-07,3.36803190725324e-05,7.65276313382524e-05,2.26079082489014
"aizawa",3,10,60,3.69897000433602,5000,4,13,"raw",13,8,6,"weak/raw/m=1w/p=8",829,"x3;x1^2;x2^2;x1 x3;x3^2;x1^3;x1^2 x2;x1 x2^2;x1^2 x3;x2^2 x3;x1 x3^2;x3^3;x1^4;x1^3 x2;x1^2 x2^2;x1 x2^3;x1 x2^2 x3;x1 x3^3",TRUE,18,"x3;x1^2;x2^2;x1 x3;x3^2;x1^3;x1 x2^2;x1^2 x3;x2^2 x3;x1 x3^2;x3^3;x1^3 x2;x1^2 x2^2;x1 x2^2 x3;x1 x3^3",TRUE,15,6,12,9,FALSE,1,0.645095426554203,0.643094021142462,0.647123682343047,0.649986530369139,0.000343918841183366,1889.94161568074,0.0060474913218335,-0.281923688712524,0.0143657792642349,-1.49652745866357e-08,2.26953492152209e-07,1.13855077665814e-06,2.27283549308777
"aizawa",3,10,60,3.69897000433602,5000,4,13,"raw",26,4,13,"weak/raw/m=2w/p=4",381,"x3;x1^2;x2^2;x1^2 x3;x2^2 x3;x3^3;x1^3 x3",TRUE,7,"x3;x1^2;x2^2;x1^2 x3;x2^2 x3;x3^3;x1^3 x3",TRUE,7,7,0,0,TRUE,0.000185844470390606,0.649986319699468,0.64977609030494,0.650202033864873,0.649988085750587,0.000127379359025378,5102.77403437939,0.00150384817189594,-0.109840816966651,0.00150385118329773,1.20939966353001e-08,2.10352400530028e-06,4.71789703782033e-06,1.36394333839417
"aizawa",3,10,60,3.69897000433602,5000,4,13,"raw",26,8,13,"weak/raw/m=2w/p=8",381,"x3;x1^2;x2^2;x1^2 x3;x2^2 x3;x3^3;x1^3 x3",TRUE,7,"x3;x1^2;x2^2;x1^2 x3;x2^2 x3;x3^3;x1^3 x3",TRUE,7,7,0,0,TRUE,0.000295619653477353,0.649987465739393,0.649660032596839,0.650307375895563,0.649989428785573,0.000200474070134456,3242.26184638058,0.00236997655448412,-0.422415403181977,0.00236998982266547,-1.53893116870452e-08,1.81387089223793e-07,8.54570500030682e-07,1.05949473381042
"aizawa",3,10,60,3.69897000433602,5000,4,13,"smoothed",13,4,6,"weak/smoothed/m=1w/p=4",829,"x3;x1^2;x2^2;x1 x3;x3^2;x1^3;x1^2 x2;x1 x2^2;x1^2 x3;x2^2 x3;x1 x3^2;x3^3;x1^4;x1^3 x2;x1^2 x2^2;x1 x2^3;x1 x2^2 x3;x1 x3^3",TRUE,18,"x3;x1^2;x2^2;x1 x3;x3^2;x1^3;x1 x2^2;x1^2 x3;x2^2 x3;x1 x3^2;x3^3;x1^3 x2;x1^2 x2^2;x1 x2^2 x3;x1 x3^3",TRUE,15,6,12,9,FALSE,1,0.645220176817459,0.64337242338939,0.647148544139844,0.65001678711402,0.000225484353620042,2882.75783520371,0.00396362646854274,0.0805936698890215,0.0134882778785661,3.78724096860591e-07,3.36803190725324e-05,7.65276313382524e-05,2.328693151474
"aizawa",3,10,60,3.69897000433602,5000,4,13,"smoothed",13,8,6,"weak/smoothed/m=1w/p=8",829,"x3;x1^2;x2^2;x1 x3;x3^2;x1^3;x1^2 x2;x1 x2^2;x1^2 x3;x2^2 x3;x1 x3^2;x3^3;x1^4;x1^3 x2;x1^2 x2^2;x1 x2^3;x1 x2^2 x3;x1 x3^3",TRUE,18,"x3;x1^2;x2^2;x1 x3;x3^2;x1^3;x1 x2^2;x1^2 x3;x2^2 x3;x1 x3^2;x3^3;x1^3 x2;x1^2 x2^2;x1 x2^2 x3;x1 x3^3",TRUE,15,6,12,9,FALSE,1,0.645135596415042,0.643133892830392,0.647224654007311,0.649987608002761,0.000339124246862225,1916.66509846118,0.00596318502612424,-0.272574746912211,0.0143319862132955,-1.49652745866357e-08,2.26953492152209e-07,1.13855077665814e-06,2.1822202205658
"aizawa",3,10,60,3.69897000433602,5000,4,13,"smoothed",26,4,13,"weak/smoothed/m=2w/p=4",381,"x3;x1^2;x2^2;x1^2 x3;x2^2 x3;x3^3;x1^3 x3",TRUE,7,"x3;x1^2;x2^2;x1^2 x3;x2^2 x3;x3^3;x1^3 x3",TRUE,7,7,0,0,TRUE,0.000159287679557807,0.649988468648639,0.649788005285118,0.650191930924193,0.64998764431539,0.000127377623772678,5102.84008339941,0.00150382820958764,-0.109832950381861,0.00150385177192934,1.20939966353001e-08,2.10352400530028e-06,4.71789703782033e-06,1.27487373352051
"aizawa",3,10,60,3.69897000433602,5000,4,13,"smoothed",26,8,13,"weak/smoothed/m=2w/p=8",381,"x3;x1^2;x2^2;x1^2 x3;x2^2 x3;x3^3;x1^3 x3",TRUE,7,"x3;x1^2;x2^2;x1^2 x3;x2^2 x3;x3^3;x1^3 x3",TRUE,7,7,0,0,TRUE,0.0002670936284348,0.649989518107123,0.649658692014093,0.650323294869537,0.649989029589165,0.00020042066438021,3243.12381459877,0.00236934601980957,-0.422339657503263,0.00236936396089184,-1.53893116870452e-08,1.81387089223793e-07,8.54570500030682e-07,1.08830308914185
"aizawa",3,11,60,3.69897000433602,5000,4,13,"smoothed",NA,NA,NA,"sg",5000,"x3;x1^2;x2^2;x1^2 x3;x2^2 x3;x3^3;x1^2 x2^2;x2^4;x1^3 x3;x2^2 x3^2",TRUE,10,"x3;x1^2;x2^2;x1^2 x3;x2^2 x3;x3^3;x1^2 x2^2;x1^3 x3",TRUE,8,7,3,1,FALSE,0.00908458927637712,0.650099199739907,0.649407482680935,0.650779890745386,0.649943880153381,0.000401048457650708,1620.61184316896,0.0174389122462084,0.690241375729088,0.0174328815961502,-2.48910585227691e-08,9.71442822217363e-06,5.24188508451706e-05,2.4697105884552
"aizawa",3,11,60,3.69897000433602,5000,4,13,"raw",13,4,6,"weak/raw/m=1w/p=4",829,"x3;x1^2;x2^2;x1^2 x3;x2^2 x3;x3^3;x1^2 x2^2;x1^3 x3;x2^2 x3^2;x3^4",TRUE,10,"x3;x1^2;x2^2;x1^2 x3;x2^2 x3;x3^3;x1^2 x2^2;x1^3 x3",TRUE,8,7,3,1,FALSE,0.00264932540979723,0.650134099743926,0.649770705802492,0.650520760298604,0.650039486852929,0.000227933003441529,2851.88839280872,0.00401685249404143,-0.0381442561779567,0.00399487487199501,4.87974160824143e-08,3.36791111203845e-05,8.15845464602338e-05,2.06914615631104
"aizawa",3,11,60,3.69897000433602,5000,4,13,"raw",13,8,6,"weak/raw/m=1w/p=8",829,"x3;x1^2;x2^2;x1^2 x3;x2^2 x3;x3^3;x1^3 x3;x2^2 x3^2",TRUE,8,"x3;x1^2;x2^2;x1^2 x3;x2^2 x3;x3^3;x1^3 x3",TRUE,7,7,1,0,TRUE,0.00475049633391422,0.650026293175697,0.649425016462798,0.650662587779355,0.650018769032387,0.000356568206856338,1822.9857753254,0.00628569142558656,-0.377970378382562,0.0062854765911296,-1.01856165128043e-08,2.03746735306336e-07,1.03665722461788e-06,1.29961061477661
"aizawa",3,11,60,3.69897000433602,5000,4,13,"raw",26,4,13,"weak/raw/m=2w/p=4",381,"x3;x1^2;x2^2;x1^2 x3;x2^2 x3;x3^3;x1^2 x2^2;x1^3 x3;x1^2 x3^2;x2^2 x3^2",TRUE,10,"x3;x1^2;x2^2;x1^2 x3;x2^2 x3;x3^3;x1^2 x2^2;x1^3 x3",TRUE,8,7,3,1,FALSE,0.00307618002464238,0.650074385176829,0.649881006929584,0.65026228409943,0.649995604526602,0.000113054937008103,5749.37832639731,0.00134058222974859,-0.0462389883275826,0.00130929550199536,5.19912959025023e-09,2.10191788120834e-06,4.63558985563939e-06,2.03713059425354
"aizawa",3,11,60,3.69897000433602,5000,4,13,"raw",26,8,13,"weak/raw/m=2w/p=8",381,"x3;x1^2;x2^2;x1^2 x3;x2^2 x3;x3^3;x1^2 x2^2;x1^3 x3;x3^4",TRUE,9,"x3;x1^2;x2^2;x1^2 x3;x2^2 x3;x3^3;x1^2 x2^2;x1^3 x3",TRUE,8,7,2,1,FALSE,0.00246805479535883,0.650077872768674,0.649793367478817,0.650365749069447,0.649991261416357,0.000174950626968058,3715.28397857659,0.00207697781141078,-0.390638788224135,0.0020543669797953,-1.07160087371173e-08,1.61031350771845e-07,7.47394104494425e-07,1.92088389396667
"aizawa",3,11,60,3.69897000433602,5000,4,13,"smoothed",13,4,6,"weak/smoothed/m=1w/p=4",829,"x3;x1^2;x2^2;x1^2 x3;x2^2 x3;x3^3;x1^2 x2^2;x1^3 x3;x2^2 x3^2;x3^4",TRUE,10,"x3;x1^2;x2^2;x1^2 x3;x2^2 x3;x3^3;x1^2 x2^2;x1^3 x3",TRUE,8,7,3,1,FALSE,0.00258177765830037,0.650137360825352,0.649744026152679,0.650532093741293,0.650040639605529,0.000227351602221767,2859.18653421872,0.00400660771279072,-0.0346865585385333,0.00398472375513876,4.87974160824143e-08,3.36791111203845e-05,8.15845464602338e-05,2.23014402389526
"aizawa",3,11,60,3.69897000433602,5000,4,13,"smoothed",13,8,6,"weak/smoothed/m=1w/p=8",829,"x3;x1^2;x2^2;x1^2 x3;x2^2 x3;x3^3;x1^3 x3;x2^2 x3^2",TRUE,8,"x3;x1^2;x2^2;x1^2 x3;x2^2 x3;x3^3;x1^3 x3",TRUE,7,7,1,0,TRUE,0.00528500390815112,0.650038283363761,0.649430004162153,0.65064018943446,0.650018239882939,0.000352237033769013,1845.4000504365,0.00620934207906948,-0.369216315887464,0.00620906730011288,-1.01856165128043e-08,2.03746735306336e-07,1.03665722461788e-06,1.29067969322205
"aizawa",3,11,60,3.69897000433602,5000,4,13,"smoothed",26,4,13,"weak/smoothed/m=2w/p=4",381,"x3;x1^2;x2^2;x1^2 x3;x2^2 x3;x3^3;x1^2 x2^2;x1^3 x3;x1^2 x3^2;x2^2 x3^2",TRUE,10,"x3;x1^2;x2^2;x1^2 x3;x2^2 x3;x3^3;x1^2 x2^2;x1^3 x3",TRUE,8,7,3,1,FALSE,0.003298877459188,0.650072288643845,0.649880769904011,0.650256272394762,0.649995100263549,0.000113058047940296,5749.21566491933,0.00134061953717284,-0.0462614023773423,0.00130938254245227,5.19912959025023e-09,2.10191788120834e-06,4.63558985563939e-06,2.00707769393921
"aizawa",3,11,60,3.69897000433602,5000,4,13,"smoothed",26,8,13,"weak/smoothed/m=2w/p=8",381,"x3;x1^2;x2^2;x1^2 x3;x2^2 x3;x3^3;x1^2 x2^2;x1^3 x3;x3^4",TRUE,9,"x3;x1^2;x2^2;x1^2 x3;x2^2 x3;x3^3;x1^2 x2^2;x1^3 x3",TRUE,8,7,2,1,FALSE,0.00248250340632872,0.650084130963434,0.649787013255393,0.650369572404945,0.649990805068538,0.000174892676865338,3716.51241617745,0.00207629048613855,-0.390558393206943,0.00205351509400167,-1.07160087371173e-08,1.61031350771845e-07,7.47394104494425e-07,2.13582730293274
"aizawa",3,12,60,3.69897000433602,5000,4,13,"smoothed",NA,NA,NA,"sg",5000,"x1;x2;x3;x1^2;x1 x2;x2^2;x1 x3;x2 x3;x3^2;x1^3;x1^2 x2;x1 x2^2;x2^3;x1^2 x3;x1 x2 x3;x2^2 x3;x2 x3^2;x3^3;x1^4;x1^3 x2;x1^2 x2^2;x1 x2^3;x2^4;x1^3 x3;x1^2 x2 x3;x1 x2^2 x3;x2^3 x3;x1^2 x3^2;x2^2 x3^2;x1 x3^3;x2 x3^3;x3^4",TRUE,32,"x3;x1^2;x2^2;x1^2 x3;x2^2 x3;x3^3;x1^3 x3;x1 x3^3",TRUE,8,7,25,1,FALSE,0.0402510488099985,0.649729846005467,0.647801337733601,0.651711793660429,0.650039262538051,0.000544680026625223,1193.43326496773,0.02273651463122,0.669715162560358,0.0226954689081209,6.10290261869384e-07,1.70252208687372e-05,0.000311503713512962,7.43957281112671
"aizawa",3,12,60,3.69897000433602,5000,4,13,"raw",13,4,6,"weak/raw/m=1w/p=4",829,"x3;x1^2;x2^2;x1^2 x3;x2^2 x3;x3^3;x1^3 x3",TRUE,7,"x3;x1^2;x2^2;x1^2 x3;x2^2 x3;x3^3;x1^3 x3",TRUE,7,7,0,0,TRUE,0.00347245667534218,0.650116691085313,0.649628956939548,0.650622831289204,0.650118977672898,0.000300812149091236,2161.21250300871,0.00509318030367329,-0.0248061777319337,0.00509319053090765,-6.5851053689856e-07,2.95380397543e-05,0.000198965034579168,1.11507391929626
"aizawa",3,12,60,3.69897000433602,5000,4,13,"raw",13,8,6,"weak/raw/m=1w/p=8",829,"x3;x1^2;x2^2;x1^2 x3;x2^2 x3;x3^3;x1^3 x3",TRUE,7,"x3;x1^2;x2^2;x1^2 x3;x2^2 x3;x3^3;x1^3 x3",TRUE,7,7,0,0,TRUE,0.00434748933723167,0.650074809961527,0.649316306023587,0.650801980073692,0.650072923148575,0.000461231483401459,1409.4287717622,0.00781398692296554,-0.351949431770816,0.00781405178727963,4.66424641705526e-09,1.73751429546098e-07,8.89631246780986e-07,1.01141905784607
"aizawa",3,12,60,3.69897000433602,5000,4,13,"raw",26,4,13,"weak/raw/m=2w/p=4",381,"x3;x1^2;x2^2;x1^3;x1^2 x2;x1^2 x3;x2^2 x3;x3^3;x1^3 x2;x1^3 x3;x1^4 x3;x1^2 x2^2 x3",TRUE,12,"x3;x1^2;x2^2;x1^2 x3;x2^2 x3;x3^3;x1^3 x3",TRUE,7,7,5,0,TRUE,0.00986497986627644,0.650060278150276,0.649801210150502,0.650332424625307,0.650084323530126,0.000153013917144423,4248.53069356129,0.0017323788074429,-0.0359140428767291,0.00172486412756319,-6.0955619458345e-09,1.75355780317352e-06,1.13783950800306e-05,2.07601046562195
"aizawa",3,12,60,3.69897000433602,5000,4,13,"raw",26,8,13,"weak/raw/m=2w/p=8",381,"x3;x1^2;x2^2;x1^3;x1^2 x2;x1^2 x3;x2^2 x3;x3^3;x1^3 x2;x1^3 x3;x1^4 x3",TRUE,11,"x3;x1^2;x2^2;x1^2 x3;x2^2 x3;x3^3;x1^3 x3",TRUE,7,7,4,0,TRUE,0.0132978360580502,0.65006501632444,0.649649140240238,0.650459148508934,0.650095452463349,0.000240120635718946,2707.37019547236,0.00272131844455605,-0.399669310105559,0.00271434474337586,3.82964286762567e-09,1.37944671354659e-07,6.80308913314498e-07,1.78473353385925
"aizawa",3,12,60,3.69897000433602,5000,4,13,"smoothed",13,4,6,"weak/smoothed/m=1w/p=4",829,"x3;x1^2;x2^2;x1^2 x3;x2^2 x3;x3^3;x1^3 x3",TRUE,7,"x3;x1^2;x2^2;x1^2 x3;x2^2 x3;x3^3;x1^3 x3",TRUE,7,7,0,0,TRUE,0.00352424404642532,0.650107278385468,0.649610746563437,0.650614392460166,0.650116008169852,0.000299915257095685,2167.66567484908,0.00507799473781819,-0.0219461334191019,0.00507800038545377,-6.5851053689856e-07,2.95380397543e-05,0.000198965034579168,1.06306433677673
"aizawa",3,12,60,3.69897000433602,5000,4,13,"smoothed",13,8,6,"weak/smoothed/m=1w/p=8",829,"x3;x1^2;x2^2;x1^2 x3;x2^2 x3;x3^3;x1^3 x3",TRUE,7,"x3;x1^2;x2^2;x1^2 x3;x2^2 x3;x3^3;x1^3 x3",TRUE,7,7,0,0,TRUE,0.00380891621450413,0.650070004147775,0.649329549872809,0.650847045375837,0.650076038963479,0.000456126383205906,1425.21034278786,0.00772749941509097,-0.343233934846483,0.007727512301334,4.66424641705526e-09,1.73751429546098e-07,8.89631246780986e-07,1.02927875518799
"aizawa",3,12,60,3.69897000433602,5000,4,13,"smoothed",26,4,13,"weak/smoothed/m=2w/p=4",381,"x3;x1^2;x2^2;x1^3;x1^2 x2;x1^2 x3;x2^2 x3;x3^3;x1^3 x2;x1^3 x3;x1^4 x3;x1^2 x2^2 x3",TRUE,12,"x3;x1^2;x2^2;x1^2 x3;x2^2 x3;x3^3;x1^3 x3",TRUE,7,7,5,0,TRUE,0.00963266729647444,0.650063806331602,0.649782288866327,0.650328202163873,0.650084400185293,0.00015301633520902,4248.46405645042,0.00173240629249389,-0.0358344288731937,0.00172492778668725,-6.0955619458345e-09,1.75355780317352e-06,1.13783950800306e-05,2.19544720649719
"aizawa",3,12,60,3.69897000433602,5000,4,13,"smoothed",26,8,13,"weak/smoothed/m=2w/p=8",381,"x3;x1^2;x2^2;x1^3;x1^2 x2;x1^2 x3;x2^2 x3;x3^3;x1^3 x2;x1^3 x3;x1^4 x3",TRUE,11,"x3;x1^2;x2^2;x1^2 x3;x2^2 x3;x3^3;x1^3 x3",TRUE,7,7,4,0,TRUE,0.0131509935929736,0.650056065376043,0.649643564004501,0.650468195650477,0.650095287813545,0.000240041644654067,2708.2604301867,0.00272042339075104,-0.399612449430918,0.00271345468131568,3.82964286762567e-09,1.37944671354659e-07,6.80308913314498e-07,1.65488624572754
"aizawa",3,13,60,3.69897000433602,5000,4,13,"smoothed",NA,NA,NA,"sg",5000,"x3;x1^2;x2^2;x2 x3;x3^2;x1^2 x3;x2^2 x3;x1 x3^2;x3^3;x1^2 x2^2;x2^4;x1^3 x3;x1^2 x2 x3;x1 x3^3;x2 x3^3",TRUE,15,"x3;x1^2;x2^2;x1^2 x3;x2^2 x3;x3^3;x1^3 x3",TRUE,7,7,8,0,TRUE,0.000844270567569028,0.650031966482577,0.649145197905573,0.650922360039506,0.650049358580974,0.00038020373049942,1709.73955917554,0.015852778757572,0.686933442405287,0.0158492805226083,3.85635934810979e-07,1.52683060425531e-05,0.000595143909408846,5.61938071250916
"aizawa",3,13,60,3.69897000433602,5000,4,13,"raw",13,4,6,"weak/raw/m=1w/p=4",829,"x2;x3;x1^2;x1 x2;x2^2;x1 x3;x3^2;x1^3;x1^2 x2;x1 x2^2;x2^3;x1 x2 x3;x2^2 x3;x2 x3^2;x3^3;x1^4;x1^2 x2^2;x2^4;x1^3 x3;x1^2 x2 x3;x1 x2^2 x3;x2^3 x3;x1^2 x3^2;x1 x2 x3^2;x2^2 x3^2;x1 x3^3;x2 x3^3;x3^4;x1^4 x2;x1^3 x2^2;x1^2 x2^3;x1^4 x3;x1^3 x2 x3;x1^2 x2^2 x3;x1 x2^3 x3;x2^4 x3;x1^3 x3^2;x1^2 x2 x3^2;x1 x2^2 x3^2;x1^2 x3^3;x2^2 x3^3;x1 x3^4",TRUE,42,"x2;x3;x1^2;x1 x2;x2^2;x1 x3;x1^3;x1^2 x2;x1 x2^2;x1 x2 x3;x2^2 x3;x2 x3^2;x3^3;x1^4;x1^3 x3;x1 x2^2 x3;x2^3 x3;x1^2 x3^2;x1 x2 x3^2;x2 x3^3;x3^4;x1^4 x2;x1^2 x2^3;x1^4 x3;x1^3 x2 x3;x1^2 x2^2 x3;x2^4 x3;x1^3 x3^2;x1^2 x2 x3^2;x1 x2^2 x3^2;x1^2 x3^3;x1 x3^4",TRUE,32,6,36,26,FALSE,1.24137613902856,0.651422374836438,0.64957524754914,0.653351415848869,0.650066872578402,0.000220963827285779,2941.96059401909,0.00374287148019922,0.0253326698574086,0.0102090570266583,-9.52427384509551e-08,3.6749692352275e-05,0.000143186119544336,21.8461894989014
"aizawa",3,13,60,3.69897000433602,5000,4,13,"raw",13,8,6,"weak/raw/m=1w/p=8",829,"x2;x3;x1^2;x1 x2;x2^2;x1 x3;x3^2;x1^3;x1^2 x2;x1 x2^2;x2^3;x1 x2 x3;x2^2 x3;x2 x3^2;x3^3;x1^4;x1^2 x2^2;x2^4;x1^3 x3;x1^2 x2 x3;x1 x2^2 x3;x2^3 x3;x1^2 x3^2;x1 x2 x3^2;x2^2 x3^2;x1 x3^3;x2 x3^3;x3^4;x1^5;x1^4 x2;x1^3 x2^2;x1^2 x2^3;x1^4 x3;x1^3 x2 x3;x1^2 x2^2 x3;x1 x2^3 x3;x2^4 x3;x1^3 x3^2;x1^2 x2 x3^2;x1 x2^2 x3^2;x2^2 x3^3;x1 x3^4",TRUE,42,"x3;x1^2;x1 x2;x2^2;x1 x3;x1^3;x1^2 x2;x1 x2^2;x1 x2 x3;x2^2 x3;x2 x3^2;x3^3;x1^2 x2^2;x1^3 x3;x1 x2^2 x3;x1^2 x3^2;x1 x2 x3^2;x2 x3^3;x3^4;x1^5;x1^4 x2;x1^3 x2^2;x1^2 x2^3;x1^4 x3;x1^3 x2 x3;x1^2 x2^2 x3;x2^4 x3;x1^2 x2 x3^2;x2^2 x3^3;x1 x3^4",TRUE,30,6,36,24,FALSE,1,0.65320572482071,0.650946453895305,0.655364022155604,0.650050760792064,0.00034344824977902,1892.7182223532,0.00582022867228285,-0.353048104127715,0.0113189966012482,-6.89798775129646e-10,2.46276886329341e-07,9.7030956147659e-07,13.5369200706482
"aizawa",3,13,60,3.69897000433602,5000,4,13,"raw",26,4,13,"weak/raw/m=2w/p=4",381,"x3;x1^2;x2^2;x1 x3;x3^2;x1^2 x3;x2^2 x3;x2 x3^2;x3^3;x1^2 x2^2;x1^3 x3;x1^2 x2 x3;x1 x2^2 x3;x2^3 x3;x1^2 x3^2;x2^2 x3^2;x2 x3^3;x3^4;x1^2 x2^2 x3;x2^4 x3;x1^3 x3^2;x1 x2^2 x3^2;x1^2 x3^3;x2^2 x3^3",TRUE,24,"x3;x1^2;x2^2;x1^2 x3;x2^2 x3;x3^3;x1^3 x3;x1^2 x3^2;x1^2 x3^3",TRUE,9,7,17,2,FALSE,0.0139355148946642,0.64996835077952,0.649659411668219,0.650269676848712,0.650049801278179,0.000119685460233476,5431.31805659683,0.00136573542095601,-0.106709480075312,0.00133178925970681,1.24947310966625e-08,2.2674515177386e-06,8.4104713803379e-06,8.88565993309021
"aizawa",3,13,60,3.69897000433602,5000,4,13,"raw",26,8,13,"weak/raw/m=2w/p=8",381,"x3;x1^2;x2^2;x1 x3;x3^2;x1^2 x3;x2^2 x3;x2 x3^2;x3^3;x1^3 x3;x1 x2^2 x3;x2^3 x3;x2^2 x3^2;x2 x3^3;x3^4;x1^2 x2^2 x3;x2^4 x3;x1^2 x3^3;x2^2 x3^3",TRUE,19,"x3;x1^2;x2^2;x1^2 x3;x2^2 x3;x3^3;x1^3 x3",TRUE,7,7,12,0,TRUE,0.0103034671663917,0.649967579981555,0.649568123657218,0.650370210986322,0.650049823723947,0.000179318197506268,3625.11910538931,0.00204988309012556,-0.400159263253571,0.00202832029853482,-1.74308957498314e-09,1.97613577266305e-07,7.62657092701069e-07,6.1989426612854
"aizawa",3,13,60,3.69897000433602,5000,4,13,"smoothed",13,4,6,"weak/smoothed/m=1w/p=4",829,"x2;x3;x1^2;x1 x2;x2^2;x1 x3;x3^2;x1^3;x1^2 x2;x1 x2^2;x2^3;x1 x2 x3;x2^2 x3;x2 x3^2;x3^3;x1^4;x1^2 x2^2;x2^4;x1^3 x3;x1^2 x2 x3;x1 x2^2 x3;x2^3 x3;x1^2 x3^2;x1 x2 x3^2;x2^2 x3^2;x1 x3^3;x2 x3^3;x3^4;x1^5;x1^4 x2;x1^3 x2^2;x1^2 x2^3;x1^4 x3;x1^3 x2 x3;x1^2 x2^2 x3;x1 x2^3 x3;x2^4 x3;x1^3 x3^2;x1^2 x2 x3^2;x1 x2^2 x3^2;x2^2 x3^3;x1 x3^4",TRUE,42,"x3;x1^2;x1 x2;x2^2;x1 x3;x1^3;x1^2 x2;x1 x2^2;x1 x2 x3;x2^2 x3;x2 x3^2;x3^3;x1^2 x2^2;x1^3 x3;x1 x2^2 x3;x1^2 x3^2;x1 x2 x3^2;x2 x3^3;x3^4;x1^5;x1^4 x2;x1^3 x2^2;x1^2 x2^3;x1^4 x3;x1^3 x2 x3;x1^2 x2^2 x3;x2^4 x3;x1^2 x2 x3^2;x2^2 x3^3;x1 x3^4",TRUE,30,6,36,24,FALSE,1,0.653192169635205,0.651078597288894,0.655227286671241,0.650072725688993,0.000220291229727078,2950.96961642267,0.00373147976416486,0.0288915462843816,0.0103235951370128,-9.52427384509551e-08,3.6749692352275e-05,0.000143186119544336,14.1788086891174
"aizawa",3,13,60,3.69897000433602,5000,4,13,"smoothed",13,8,6,"weak/smoothed/m=1w/p=8",829,"x2;x3;x1^2;x1 x2;x2^2;x1 x3;x3^2;x1^3;x1^2 x2;x1 x2^2;x2^3;x1 x2 x3;x2^2 x3;x2 x3^2;x3^3;x1^4;x1^2 x2^2;x2^4;x1^3 x3;x1^2 x2 x3;x1 x2^2 x3;x2^3 x3;x1^2 x3^2;x1 x2 x3^2;x2^2 x3^2;x1 x3^3;x2 x3^3;x3^4;x1^5;x1^4 x2;x1^3 x2^2;x1^2 x2^3;x1^4 x3;x1^3 x2 x3;x1^2 x2^2 x3;x1 x2^3 x3;x2^4 x3;x1^3 x3^2;x1^2 x2 x3^2;x1 x2^2 x3^2;x2^2 x3^3;x1 x3^4",TRUE,42,"x3;x1^2;x1 x2;x2^2;x1 x3;x1^3;x1^2 x2;x1 x2^2;x1 x2 x3;x2^2 x3;x2 x3^2;x3^3;x1^2 x2^2;x1^3 x3;x1 x2^2 x3;x2^3 x3;x1^2 x3^2;x1 x2 x3^2;x2 x3^3;x3^4;x1^5;x1^4 x2;x1^3 x2^2;x1^2 x2^3;x1^4 x3;x1^3 x2 x3;x1^2 x2^2 x3;x2^4 x3;x1^2 x2 x3^2;x2^2 x3^3;x1 x3^4",TRUE,31,6,36,25,FALSE,1,0.65319501431316,0.651013717134332,0.655360427452374,0.650046409877379,0.000339017302018477,1917.44316885028,0.0057451419345436,-0.342798196146481,0.0112818840183301,-6.89798775129646e-10,2.46276886329341e-07,9.7030956147659e-07,13.8774518966675
"aizawa",3,13,60,3.69897000433602,5000,4,13,"smoothed",26,4,13,"weak/smoothed/m=2w/p=4",381,"x3;x1^2;x2^2;x1 x3;x3^2;x1^2 x3;x2^2 x3;x2 x3^2;x3^3;x1^2 x2^2;x1^3 x3;x1^2 x2 x3;x1 x2^2 x3;x2^3 x3;x1^2 x3^2;x2^2 x3^2;x2 x3^3;x3^4;x1^2 x2^2 x3;x2^4 x3;x1^3 x3^2;x1 x2^2 x3^2;x1^2 x3^3;x2^2 x3^3",TRUE,24,"x3;x1^2;x2^2;x1^2 x3;x2^2 x3;x3^3;x1^3 x3;x1^2 x3^2;x1^2 x3^3",TRUE,9,7,17,2,FALSE,0.0135177006567164,0.649972159338239,0.649659441091182,0.650275197774317,0.650049481247158,0.000119687820765172,5431.20826406018,0.00136576285327665,-0.106560659929676,0.00133159835929003,1.24947310966625e-08,2.2674515177386e-06,8.4104713803379e-06,10.1426293849945
"aizawa",3,13,60,3.69897000433602,5000,4,13,"smoothed",26,8,13,"weak/smoothed/m=2w/p=8",381,"x3;x1^2;x2^2;x1 x3;x3^2;x1^2 x3;x2^2 x3;x2 x3^2;x3^3;x1^3 x3;x1 x2^2 x3;x2^3 x3;x2^2 x3^2;x2 x3^3;x3^4;x1^2 x2^2 x3;x2^4 x3;x1^2 x3^3;x2^2 x3^3",TRUE,19,"x3;x1^2;x2^2;x1^2 x3;x2^2 x3;x3^3;x1^3 x3",TRUE,7,7,12,0,TRUE,0.0101199143425932,0.649981548160885,0.649557894719992,0.650403247728597,0.650049390290559,0.000179274949963897,3625.99119632425,0.00204938944641152,-0.400149860412867,0.00202959251761006,-1.74308957498314e-09,1.97613577266305e-07,7.62657092701069e-07,6.35807609558105
"aizawa",3,14,60,3.69897000433602,5000,4,13,"smoothed",NA,NA,NA,"sg",5000,"x3;x1^2;x2^2;x1^2 x3;x2^2 x3;x2 x3^2;x3^3;x1^3 x3;x2^2 x3^2",TRUE,9,"x3;x1^2;x2^2;x1^2 x3;x2^2 x3;x3^3;x1^3 x3",TRUE,7,7,2,0,TRUE,0.00497145080842509,0.650067696572978,0.64940543396722,0.650726069106131,0.650015842691312,0.000397531838385522,1635.12901339221,0.0176299432433822,0.687983868757114,0.0176291640211272,-1.55434189922254e-07,1.05735101643369e-05,0.000131359630474503,2.30593276023865
"aizawa",3,14,60,3.69897000433602,5000,4,13,"raw",13,4,6,"weak/raw/m=1w/p=4",829,"x3;x1^2;x2^2;x1 x2^2;x1^2 x3;x2^2 x3;x2 x3^2;x3^3;x2^4;x1^3 x3;x2^2 x3^2;x2 x3^3;x3^4;x1 x2^4;x1^2 x2^2 x3;x2^4 x3;x1^2 x2 x3^2;x2^2 x3^3",TRUE,18,"x3;x1^2;x2^2;x1^2 x3;x2^2 x3;x3^3;x1^3 x3",TRUE,7,7,11,0,TRUE,0.00577570583380727,0.650083910045774,0.649663439545046,0.650508126844596,0.650029180161388,0.000239541970667318,2713.63376676969,0.00431711271459338,-0.0105766271754087,0.0043052852818801,8.54362021926716e-08,3.45057279200726e-05,0.000138853426999597,4.87248039245605
"aizawa",3,14,60,3.69897000433602,5000,4,13,"raw",13,8,6,"weak/raw/m=1w/p=8",829,"x3;x1^2;x2^2;x1 x2^2;x2^3;x1^2 x3;x2^2 x3;x2 x3^2;x3^3;x1^3 x3;x2^2 x3^2;x2 x3^3;x3^4;x1 x2^4;x1^2 x2^2 x3;x2^4 x3;x1^2 x2 x3^2;x2^3 x3^2;x2^2 x3^3",TRUE,19,"x3;x1^2;x2^2;x1^2 x3;x2^2 x3;x3^3;x1^3 x3",TRUE,7,7,12,0,TRUE,0.00558203425624604,0.650051997651911,0.649415801654473,0.650660860914233,0.650004356119713,0.00036755867213714,1768.43700174537,0.00662643290505903,-0.351248002776764,0.00661700939854342,1.89420827984164e-09,2.14438478352788e-07,8.67539209026269e-07,4.07355690002441
"aizawa",3,14,60,3.69897000433602,5000,4,13,"raw",26,4,13,"weak/raw/m=2w/p=4",381,"x3;x1^2;x2^2;x1^2 x3;x2^2 x3;x2 x3^2;x3^3;x2^4;x1^3 x3;x2^2 x3^2;x2 x3^3;x3^4;x1^2 x2^2 x3;x2^4 x3;x2^2 x3^3",TRUE,15,"x3;x1^2;x2^2;x1^2 x3;x2^2 x3;x3^3;x1^3 x3",TRUE,7,7,8,0,TRUE,0.000577769426204078,0.650033720079165,0.649815647837777,0.650257534805378,0.650004705745566,0.000122414495640883,5309.86712270114,0.0014870121430479,-0.0954755974655147,0.00148057340688719,2.96482608356116e-08,2.12678382675602e-06,8.1408371072067e-06,5.24688649177551
"aizawa",3,14,60,3.69897000433602,5000,4,13,"raw",26,8,13,"weak/raw/m=2w/p=8",381,"x3;x1^2;x2^2;x1^2 x3;x2^2 x3;x2 x3^2;x3^3;x2^4;x1^3 x3;x2^2 x3^2;x2 x3^3;x3^4;x1^2 x2^2 x3;x2^4 x3;x2^2 x3^3",TRUE,15,"x3;x1^2;x2^2;x1^2 x3;x2^2 x3;x3^3;x1^3 x3",TRUE,7,7,8,0,TRUE,0.00459798497473352,0.650071393961649,0.64973045248841,0.650407758632011,0.650003257115085,0.000195390690934146,3326.68487944577,0.00237663959375335,-0.456070446517095,0.00236757288662453,2.66545286892052e-09,1.7009666204012e-07,6.8695277888331e-07,4.28168249130249
"aizawa",3,14,60,3.69897000433602,5000,4,13,"smoothed",13,4,6,"weak/smoothed/m=1w/p=4",829,"x3;x1^2;x2^2;x1 x2^2;x1^2 x3;x2^2 x3;x2 x3^2;x3^3;x2^4;x1^3 x3;x2^2 x3^2;x2 x3^3;x3^4;x1 x2^4;x1^2 x2^2 x3;x2^4 x3;x1^2 x2 x3^2;x2^2 x3^3",TRUE,18,"x3;x1^2;x2^2;x1^2 x3;x2^2 x3;x3^3;x1^3 x3",TRUE,7,7,11,0,TRUE,0.00555748225982911,0.650093889697427,0.649681170668242,0.65049858667794,0.650029874472333,0.00023893573467465,2720.52179786944,0.00430618820939803,-0.0072887998838119,0.00429453999256331,8.54362021926716e-08,3.45057279200726e-05,0.000138853426999597,4.69644498825073
"aizawa",3,14,60,3.69897000433602,5000,4,13,"smoothed",13,8,6,"weak/smoothed/m=1w/p=8",829,"x3;x1^2;x2^2;x1 x2^2;x2^3;x1^2 x3;x2^2 x3;x2 x3^2;x3^3;x1^3 x3;x2^2 x3^2;x2 x3^3;x3^4;x1 x2^4;x1^2 x2^2 x3;x2^4 x3;x1^2 x2 x3^2;x2^3 x3^2;x2^2 x3^3",TRUE,19,"x3;x1^2;x2^2;x1^2 x3;x2^2 x3;x3^3;x1^3 x3",TRUE,7,7,12,0,TRUE,0.00655448935298786,0.650033980935143,0.649395783625836,0.650676214056828,0.65000287712835,0.000363616240706998,1787.60683478966,0.00655535979901801,-0.342586080241138,0.00654580516910083,1.89420827984164e-09,2.14438478352788e-07,8.67539209026269e-07,4.27663850784302
"aizawa",3,14,60,3.69897000433602,5000,4,13,"smoothed",26,4,13,"weak/smoothed/m=2w/p=4",381,"x3;x1^2;x2^2;x1^2 x3;x2^2 x3;x2 x3^2;x3^3;x2^4;x1^3 x3;x2^2 x3^2;x2 x3^3;x3^4;x1^2 x2^2 x3;x2^4 x3;x2^2 x3^3",TRUE,15,"x3;x1^2;x2^2;x1^2 x3;x2^2 x3;x3^3;x1^3 x3",TRUE,7,7,8,0,TRUE,0.000593969317422421,0.650036680799177,0.649817470615915,0.650255973953586,0.650004282843069,0.000122409532006024,5310.07897988763,0.0014869523004489,-0.0954855582416713,0.00148026184485284,2.96482608356116e-08,2.12678382675602e-06,8.1408371072067e-06,5.59580492973328
"aizawa",3,14,60,3.69897000433602,5000,4,13,"smoothed",26,8,13,"weak/smoothed/m=2w/p=8",381,"x3;x1^2;x2^2;x1^2 x3;x2^2 x3;x2 x3^2;x3^3;x2^4;x1^3 x3;x2^2 x3^2;x2 x3^3;x3^4;x1^2 x2^2 x3;x2^4 x3;x2^2 x3^3",TRUE,15,"x3;x1^2;x2^2;x1^2 x3;x2^2 x3;x3^3;x1^3 x3",TRUE,7,7,8,0,TRUE,0.00459208084647766,0.650078367097934,0.649733019342192,0.650410598422132,0.650002810771237,0.000195334271130856,3327.64346475481,0.00237595405020996,-0.456014613517703,0.00236686068597241,2.66545286892052e-09,1.7009666204012e-07,6.8695277888331e-07,4.58393669128418
"aizawa",3,15,60,3.69897000433602,5000,4,13,"smoothed",NA,NA,NA,"sg",5000,"x2;x3;x1^2;x2^2;x1 x3;x2 x3;x3^2;x2^3;x1^2 x3;x2 x3^2;x3^3;x1^2 x2^2;x2^4;x1^3 x3;x1 x2^2 x3;x2^3 x3;x1^2 x3^2;x2^2 x3^2",TRUE,18,"x2;x3;x1^2;x2^2;x1 x3;x2 x3;x3^2;x2^3;x1^2 x3;x2 x3^2;x3^3;x1^2 x2^2;x2^4;x1^3 x3;x1 x2^2 x3;x2^3 x3;x1^2 x3^2;x2^2 x3^2",TRUE,18,6,12,12,FALSE,1,0.644158686226743,0.643099196638594,0.645218958449995,0.649984546338243,0.000372820520563679,1743.4248129784,0.0147269642678018,0.68276881404185,0.0187922642910045,-6.89735291161675e-09,1.12242273908502e-05,0.000303151633846865,6.12686991691589
"aizawa",3,15,60,3.69897000433602,5000,4,13,"raw",13,4,6,"weak/raw/m=1w/p=4",829,"x3;x1^2;x2^2;x1^2 x3;x2^2 x3;x3^3;x1^2 x2^2;x2^4;x1^3 x3;x2^2 x3^2",TRUE,10,"x3;x1^2;x2^2;x1^2 x3;x2^2 x3;x3^3;x1^2 x2^2;x1^3 x3",TRUE,8,7,3,1,FALSE,0.00748505858650073,0.64993115052982,0.649538225075695,0.650318302997298,0.650033124665923,0.000216503502790153,3002.41389302589,0.00346141981234398,0.0171892179843988,0.00345391434665518,-3.18773432787145e-07,3.62888002985375e-05,9.77064566655139e-05,3.58692932128906
"aizawa",3,15,60,3.69897000433602,5000,4,13,"raw",13,8,6,"weak/raw/m=1w/p=8",829,"x3;x1^2;x2^2;x1^2 x3;x2^2 x3;x3^3;x1^2 x2^2;x2^4;x1^3 x3;x2^2 x3^2",TRUE,10,"x3;x1^2;x2^2;x1^2 x3;x2^2 x3;x3^3;x1^3 x3",TRUE,7,7,3,0,TRUE,0.00722472559702902,0.649894436343869,0.649290918643787,0.650475832671241,0.649985285484218,0.000333696703922178,1947.83250132372,0.00533828549234646,-0.353980844388551,0.00533286995431064,-6.62476021406538e-09,2.43688249275158e-07,1.07851508268642e-06,3.06482720375061
"aizawa",3,15,60,3.69897000433602,5000,4,13,"raw",26,4,13,"weak/raw/m=2w/p=4",381,"x3;x1^2;x2^2;x1^2 x3;x2^2 x3;x3^3;x1^2 x2^2;x2^4;x1^3 x3;x2^2 x3^2",TRUE,10,"x3;x1^2;x2^2;x1^2 x3;x2^2 x3;x3^3;x1^2 x2^2;x1^3 x3",TRUE,8,7,3,1,FALSE,0.00575758129064852,0.649933360385606,0.649722243864242,0.650141094320989,0.649985480848791,0.00011527090663507,5638.76436668054,0.00123537569395802,-0.0971297436077868,0.0012278565197907,-1.98604695515255e-08,2.25824025906312e-06,5.46840128901049e-06,4.27137327194214
"aizawa",3,15,60,3.69897000433602,5000,4,13,"raw",26,8,13,"weak/raw/m=2w/p=8",381,"x3;x1^2;x2^2;x1^2 x3;x2^2 x3;x3^3;x1^2 x2^2;x2^4;x1^3 x3;x2^2 x3^2",TRUE,10,"x3;x1^2;x2^2;x1^2 x3;x2^2 x3;x3^3;x1^2 x2^2;x1^3 x3",TRUE,8,7,3,1,FALSE,0.00449649385001671,0.649928131878879,0.649577025550858,0.650265434283489,0.649977000260562,0.0001842762123378,3527.18884339276,0.00197958384579942,-0.45113467573763,0.00196652478347914,-6.62080242220193e-09,1.98052092916016e-07,8.41655144800946e-07,3.60999655723572
"aizawa",3,15,60,3.69897000433602,5000,4,13,"smoothed",13,4,6,"weak/smoothed/m=1w/p=4",829,"x3;x1^2;x2^2;x1^2 x3;x2^2 x3;x3^3;x1^2 x2^2;x2^4;x1^3 x3;x2^2 x3^2",TRUE,10,"x3;x1^2;x2^2;x1^2 x3;x2^2 x3;x3^3;x1^2 x2^2;x1^3 x3",TRUE,8,7,3,1,FALSE,0.00732302071139457,0.649928976628118,0.649537818957434,0.650319776053874,0.650026786868476,0.000215856408778663,3011.38516362054,0.00345107563506995,0.0205427385518571,0.0034436162158487,-3.18773432787145e-07,3.62888002985375e-05,9.77064566655139e-05,3.49091148376465
"aizawa",3,15,60,3.69897000433602,5000,4,13,"smoothed",13,8,6,"weak/smoothed/m=1w/p=8",829,"x3;x1^2;x2^2;x1^2 x3;x2^2 x3;x3^3;x1^2 x2^2;x2^4;x1^3 x3;x2^2 x3^2",TRUE,10,"x3;x1^2;x2^2;x1^2 x3;x2^2 x3;x3^3;x1^3 x3",TRUE,7,7,3,0,TRUE,0.00815979056957583,0.649886707384858,0.649281531909837,0.650470681288095,0.649987922448203,0.000329821547688592,1970.7260699107,0.00527629524324421,-0.344148036224839,0.00527093111280021,-6.62476021406538e-09,2.43688249275158e-07,1.07851508268642e-06,2.99375438690186
"aizawa",3,15,60,3.69897000433602,5000,4,13,"smoothed",26,4,13,"weak/smoothed/m=2w/p=4",381,"x3;x1^2;x2^2;x1^2 x3;x2^2 x3;x3^3;x1^2 x2^2;x2^4;x1^3 x3;x2^2 x3^2",TRUE,10,"x3;x1^2;x2^2;x1^2 x3;x2^2 x3;x3^3;x1^2 x2^2;x1^3 x3",TRUE,8,7,3,1,FALSE,0.00606075626099423,0.649932560104729,0.649715503157863,0.650145738830083,0.649984855509987,0.000115255471092059,5639.51411027438,0.00123521078882944,-0.0970995055517433,0.00122767794260769,-1.98604695515255e-08,2.25824025906312e-06,5.46840128901049e-06,4.29521560668945
"aizawa",3,15,60,3.69897000433602,5000,4,13,"smoothed",26,8,13,"weak/smoothed/m=2w/p=8",381,"x3;x1^2;x2^2;x1^2 x3;x2^2 x3;x3^3;x1^2 x2^2;x2^4;x1^3 x3;x2^2 x3^2",TRUE,10,"x3;x1^2;x2^2;x1^2 x3;x2^2 x3;x3^3;x1^2 x2^2;x1^3 x3",TRUE,8,7,3,1,FALSE,0.00485215627994562,0.64993071901226,0.649586195913324,0.650270220930546,0.649976609395564,0.000184223416824168,3528.1975581635,0.00197901751789748,-0.45107201082641,0.00196599774818758,-6.62080242220193e-09,1.98052092916016e-07,8.41655144800946e-07,3.4295175075531
"aizawa",3,16,60,3.69897000433602,5000,4,13,"smoothed",NA,NA,NA,"sg",5000,"x3;x1^2;x2^2;x1 x3;x1^3;x1^2 x3;x2^2 x3;x3^3;x1^4;x1^2 x2^2;x2^4;x1^3 x3;x1^2 x3^2;x2^2 x3^2",TRUE,14,"x3;x1^2;x2^2;x1^2 x3;x2^2 x3;x3^3;x1^3 x3",TRUE,7,7,7,0,TRUE,0.00489476169621117,0.649854007693181,0.648829099863873,0.650921249504817,0.649956969271448,0.000406360482990114,1599.45909230367,0.013223238853117,0.67583444165189,0.0132217068540654,-4.48677140194142e-08,1.12525638657544e-05,5.99781737263827e-05,4.97922945022583
"aizawa",3,16,60,3.69897000433602,5000,4,13,"raw",13,4,6,"weak/raw/m=1w/p=4",829,"x3;x1^2;x2^2;x1 x3;x1^3;x1^2 x3;x2^2 x3;x3^3;x1^4;x1^2 x2^2;x1^3 x3;x1^2 x3^2;x2^2 x3^2",TRUE,13,"x3;x1^2;x2^2;x1^2 x3;x2^2 x3;x3^3;x1^3 x3",TRUE,7,7,6,0,TRUE,0.00436022176049844,0.649901062025665,0.649385353371737,0.650409261147248,0.650043499843663,0.000229466799474069,2832.84336267182,0.00302775609504467,0.0387012640819549,0.00302268430256416,-1.50861196168119e-06,3.78641474760305e-05,8.2363313968048e-05,3.5091187953949
"aizawa",3,16,60,3.69897000433602,5000,4,13,"raw",13,8,6,"weak/raw/m=1w/p=8",829,"x3;x1^2;x2^2;x1 x3;x1^3;x1^2 x3;x2^2 x3;x3^3;x1^4;x1^2 x2^2;x2^4;x1^3 x3;x1^2 x3^2;x2^2 x3^2",TRUE,14,"x3;x1^2;x2^2;x1^2 x3;x2^2 x3;x3^3;x1^3 x3",TRUE,7,7,7,0,TRUE,0.00531242429195977,0.649988560196593,0.649069134864149,0.650930591392027,0.650021013970905,0.000356427642140208,1823.71100644098,0.00470804406637157,-0.347648336176715,0.00470481817818652,-2.18684482745875e-09,2.53296165541769e-07,9.83514421792897e-07,3.97766876220703
"aizawa",3,16,60,3.69897000433602,5000,4,13,"raw",26,4,13,"weak/raw/m=2w/p=4",381,"x2;x3;x1^2;x2^2;x3^2;x1 x2 x3;x1 x3^2;x2 x3^2;x3^3;x1^3 x2;x1^2 x2^2;x1 x2^3;x2^4;x1^3 x3;x1^2 x3^2;x2^2 x3^2;x3^4;x1^4 x3;x1^2 x2^2 x3;x2^4 x3",TRUE,20,"x2;x3;x1^2;x2^2;x3^2;x1 x2 x3;x1 x3^2;x2 x3^2;x3^3;x1^3 x2;x1^2 x2^2;x1 x2^3;x2^4;x1^3 x3;x1^2 x3^2;x2^2 x3^2;x1^4 x3;x1^2 x2^2 x3;x2^4 x3",TRUE,19,5,15,14,FALSE,1,0.652922558796161,0.650639761056066,0.655172737311334,0.650021972844977,0.000126292428500395,5146.95916899677,0.0011172872881778,-0.0612427226800084,0.00722111504837765,-8.4588144131609e-08,2.36470226238358e-06,4.9908041138691e-06,5.32420182228088
"aizawa",3,16,60,3.69897000433602,5000,4,13,"raw",26,8,13,"weak/raw/m=2w/p=8",381,"x2;x3;x1^2;x2^2;x3^2;x1 x2 x3;x1 x3^2;x2 x3^2;x3^3;x1^3 x2;x1^2 x2^2;x1 x2^3;x2^4;x1^3 x3;x1^2 x3^2;x2^2 x3^2;x3^4;x1^4 x3;x1^2 x2^2 x3;x2^4 x3;x2^3 x3^2",TRUE,21,"x2;x3;x1^2;x2^2;x3^2;x1 x2 x3;x1 x3^2;x2 x3^2;x3^3;x1^3 x2;x1^2 x2^2;x1 x2^3;x2^4;x1^3 x3;x1^2 x3^2;x2^2 x3^2;x3^4;x1^4 x3;x1^2 x2^2 x3;x2^4 x3;x2^3 x3^2",TRUE,21,5,16,16,FALSE,1,0.652481644942417,0.650207235367086,0.654825966898515,0.650013045478745,0.000189747171075935,3425.67977057543,0.00168591370755058,-0.393948256774038,0.00741349318201842,-1.40204432840477e-09,2.0080652427055e-07,6.85488227625264e-07,5.46828389167786
"aizawa",3,16,60,3.69897000433602,5000,4,13,"smoothed",13,4,6,"weak/smoothed/m=1w/p=4",829,"x3;x1^2;x2^2;x1 x3;x1^3;x1^2 x3;x2^2 x3;x3^3;x1^4;x1^2 x2^2;x1^3 x3;x1^2 x3^2;x2^2 x3^2",TRUE,13,"x3;x1^2;x2^2;x1^2 x3;x2^2 x3;x3^3;x1^3 x3",TRUE,7,7,6,0,TRUE,0.00366447138966319,0.649899648006654,0.649389742881264,0.650412410462937,0.650045516336229,0.000228830845261482,2840.72505869317,0.00301936615012809,0.0422146114976811,0.00301429009702354,-1.50861196168119e-06,3.78641474760305e-05,8.2363313968048e-05,3.52239346504211
"aizawa",3,16,60,3.69897000433602,5000,4,13,"smoothed",13,8,6,"weak/smoothed/m=1w/p=8",829,"x3;x1^2;x2^2;x1 x3;x1^3;x1^2 x3;x2^2 x3;x3^3;x1^4;x1^2 x2^2;x2^4;x1^3 x3;x1^2 x3^2;x2^2 x3^2",TRUE,14,"x3;x1^2;x2^2;x1^2 x3;x2^2 x3;x3^3;x1^3 x3",TRUE,7,7,7,0,TRUE,0.00617362595313309,0.649972229002635,0.649064698793829,0.650917505207914,0.650019128557917,0.000351829120934484,1847.54214441209,0.00464730468514451,-0.337037092939887,0.004643703770489,-2.18684482745875e-09,2.53296165541769e-07,9.83514421792897e-07,4.06828284263611
"aizawa",3,16,60,3.69897000433602,5000,4,13,"smoothed",26,4,13,"weak/smoothed/m=2w/p=4",381,"x2;x3;x1^2;x2^2;x3^2;x1 x2 x3;x1 x3^2;x2 x3^2;x3^3;x1^3 x2;x1^2 x2^2;x1 x2^3;x2^4;x1^3 x3;x1^2 x3^2;x2^2 x3^2;x3^4;x1^4 x3;x1^2 x2^2 x3;x2^4 x3",TRUE,20,"x2;x3;x1^2;x2^2;x3^2;x1 x2 x3;x1 x3^2;x2 x3^2;x3^3;x1^3 x2;x1^2 x2^2;x1 x2^3;x2^4;x1^3 x3;x1^2 x3^2;x2^2 x3^2;x1^4 x3;x1^2 x2^2 x3;x2^4 x3",TRUE,19,5,15,14,FALSE,1,0.65291974146728,0.65053399207364,0.655147421179797,0.650021443637433,0.000126290406322257,5147.03739236348,0.00111726993445077,-0.0612546491455665,0.00724433420395446,-8.4588144131609e-08,2.36470226238358e-06,4.9908041138691e-06,5.63319706916809
"aizawa",3,16,60,3.69897000433602,5000,4,13,"smoothed",26,8,13,"weak/smoothed/m=2w/p=8",381,"x2;x3;x1^2;x2^2;x3^2;x1 x2 x3;x1 x3^2;x2 x3^2;x3^3;x1^3 x2;x1^2 x2^2;x1 x2^3;x2^4;x1^3 x3;x1^2 x3^2;x2^2 x3^2;x3^4;x1^4 x3;x1^2 x2^2 x3;x2^4 x3;x2^3 x3^2",TRUE,21,"x2;x3;x1^2;x2^2;x3^2;x1 x2 x3;x1 x3^2;x2 x3^2;x3^3;x1^3 x2;x1^2 x2^2;x1 x2^3;x2^4;x1^3 x3;x1^2 x3^2;x2^2 x3^2;x3^4;x1^4 x3;x1^2 x2^2 x3;x2^4 x3;x2^3 x3^2",TRUE,21,5,16,16,FALSE,1,0.652531938273382,0.650157995826191,0.654889499944518,0.650012553916306,0.000189706426662609,3426.41293366591,0.00168555249432431,-0.393808749379873,0.00744260567476041,-1.40204432840477e-09,2.0080652427055e-07,6.85488227625264e-07,5.68884825706482
"aizawa",3,17,60,3.69897000433602,5000,4,13,"smoothed",NA,NA,NA,"sg",5000,"x3;x1^2;x1 x2;x2^2;x1^2 x2;x1 x2^2;x1^2 x3;x2^2 x3;x3^3;x1^4;x1^3 x2;x1^2 x2^2;x2^4;x1^3 x3;x1^2 x2 x3;x2^3 x3;x1^2 x3^2;x2^2 x3^2;x1^3 x2^2;x1^4 x3;x1^2 x2^2 x3;x2^4 x3",TRUE,22,"x3;x1^2;x2^2;x1^2 x3;x2^2 x3;x3^3;x1^3 x3",TRUE,7,7,15,0,TRUE,0.0265706573436078,0.650192076592635,0.64913911230558,0.651248288629799,0.649904980835611,0.000386493215317454,1681.54305193119,0.014047578390841,0.677222161997661,0.0140386177374366,-9.47347705800405e-08,1.07071208661252e-05,5.45936638108868e-05,7.59355115890503
"aizawa",3,17,60,3.69897000433602,5000,4,13,"raw",13,4,6,"weak/raw/m=1w/p=4",829,"x3;x1^2;x2^2;x1^2 x3;x3^3;x1^4;x1^2 x2^2;x2^4;x1^3 x3;x1^2 x2 x3;x2^3 x3;x1^2 x3^2;x1 x2 x3^2;x2^2 x3^2;x1^4 x3;x1^2 x2^2 x3;x2^4 x3",TRUE,17,"x3;x1^2;x2^2;x1^2 x3;x3^3;x1^2 x2^2;x2^4;x1^3 x3;x1^2 x2 x3;x2^3 x3;x1^2 x3^2;x2^2 x3^2;x1^2 x2^2 x3;x2^4 x3",TRUE,14,6,11,8,FALSE,1,0.648914920497613,0.647681265028146,0.650158817978015,0.649990047993239,0.000229927705192367,2826.9322631191,0.00338439359787726,0.0210356320283489,0.00722811658722506,1.28101406482437e-06,3.69148779220877e-05,7.86659509174337e-05,4.30960321426392
"aizawa",3,17,60,3.69897000433602,5000,4,13,"raw",13,8,6,"weak/raw/m=1w/p=8",829,"x3;x1^2;x2^2;x1^2 x3;x3^3;x1^4;x1^2 x2^2;x2^4;x1^3 x3;x1^2 x2 x3;x2^3 x3;x1^2 x3^2;x1 x2 x3^2;x2^2 x3^2;x1^4 x3;x1^2 x2^2 x3;x2^4 x3",TRUE,17,"x3;x1^2;x2^2;x1^2 x3;x3^3;x1^2 x2^2;x2^4;x1^3 x3;x1^2 x2 x3;x2^3 x3;x1^2 x3^2;x2^2 x3^2;x1^2 x2^2 x3;x2^4 x3",TRUE,14,6,11,8,FALSE,1,0.648880843860606,0.647393750596672,0.650315571047955,0.649977604604447,0.00035606622391551,1825.44021574671,0.00524598996125998,-0.330201358526423,0.00832838464731593,-1.13885694499062e-08,2.37355726280567e-07,1.22541224689687e-06,4.34915852546692
"aizawa",3,17,60,3.69897000433602,5000,4,13,"raw",26,4,13,"weak/raw/m=2w/p=4",381,"x3;x1^2;x2^2;x1^2 x3;x3^3;x1^4;x1^2 x2^2;x2^4;x1^3 x3;x1^2 x2 x3;x2^3 x3;x1^2 x3^2;x1 x2 x3^2;x2^2 x3^2;x1^4 x3;x1^2 x2^2 x3;x2^4 x3",TRUE,17,"x3;x1^2;x2^2;x1^2 x3;x3^3;x1^2 x2^2;x2^4;x1^3 x3;x1^2 x2 x3;x2^3 x3;x1^2 x3^2;x2^2 x3^2;x2^4 x3",TRUE,13,6,11,7,FALSE,1,0.648550522083164,0.646955826252722,0.650069853627688,0.649966498389549,0.000118880365795914,5467.39988591026,0.00117417148067801,-0.0871334828762341,0.0057464323998464,8.2048592536347e-08,2.30263225523274e-06,4.78395276648502e-06,4.54978537559509
"aizawa",3,17,60,3.69897000433602,5000,4,13,"raw",26,8,13,"weak/raw/m=2w/p=8",381,"x3;x1^2;x2^2;x1^2 x3;x3^3;x1^4;x1^2 x2^2;x2^4;x1^3 x3;x1^2 x2 x3;x2^3 x3;x1^2 x3^2;x1 x2 x3^2;x2^2 x3^2;x1^4 x3;x1^2 x2^2 x3;x2^4 x3",TRUE,17,"x3;x1^2;x2^2;x1^2 x3;x3^3;x1^2 x2^2;x2^4;x1^3 x3;x1^2 x2 x3;x2^3 x3;x1^2 x3^2;x2^2 x3^2;x2^4 x3",TRUE,13,6,11,7,FALSE,1,0.648421155750977,0.646800225999401,0.650100199955517,0.649965858934149,0.000185231248134668,3508.94282406177,0.00183646950452711,-0.413168371970835,0.00618601207709249,-1.08936702682732e-08,1.88295067550293e-07,9.13043449846107e-07,4.23834562301636
"aizawa",3,17,60,3.69897000433602,5000,4,13,"smoothed",13,4,6,"weak/smoothed/m=1w/p=4",829,"x3;x1^2;x2^2;x1^2 x3;x3^3;x1^4;x1^2 x2^2;x2^4;x1^3 x3;x1^2 x2 x3;x2^3 x3;x1^2 x3^2;x1 x2 x3^2;x2^2 x3^2;x1^4 x3;x1^2 x2^2 x3;x2^4 x3",TRUE,17,"x3;x1^2;x2^2;x1^2 x3;x3^3;x1^2 x2^2;x2^4;x1^3 x3;x1^2 x2 x3;x2^3 x3;x1^2 x3^2;x2^2 x3^2;x1^2 x2^2 x3;x2^4 x3",TRUE,14,6,11,8,FALSE,1,0.648956297665178,0.647689717140076,0.650176588668464,0.649996717551032,0.000229438104054606,2832.99376199663,0.00337718838725486,0.024060403095645,0.00722578919479787,1.28101406482437e-06,3.69148779220877e-05,7.86659509174337e-05,4.31702637672424
"aizawa",3,17,60,3.69897000433602,5000,4,13,"smoothed",13,8,6,"weak/smoothed/m=1w/p=8",829,"x3;x1^2;x2^2;x1^2 x3;x3^3;x1^4;x1^2 x2^2;x2^4;x1^3 x3;x1^2 x2 x3;x2^3 x3;x1^2 x3^2;x1 x2 x3^2;x2^2 x3^2;x1^4 x3;x1^2 x2^2 x3;x2^4 x3",TRUE,17,"x3;x1^2;x2^2;x1^2 x3;x3^3;x1^2 x2^2;x2^4;x1^3 x3;x1^2 x2 x3;x2^3 x3;x1^2 x3^2;x2^2 x3^2;x1^2 x2^2 x3;x2^4 x3",TRUE,14,6,11,8,FALSE,1,0.648851637309072,0.647442667248753,0.650299694516954,0.64997221525215,0.000351406628534937,1849.62992292426,0.00517734131788739,-0.319877976187067,0.00828390551888918,-1.13885694499062e-08,2.37355726280567e-07,1.22541224689687e-06,4.0521764755249
"aizawa",3,17,60,3.69897000433602,5000,4,13,"smoothed",26,4,13,"weak/smoothed/m=2w/p=4",381,"x3;x1^2;x2^2;x1^2 x3;x3^3;x1^4;x1^2 x2^2;x2^4;x1^3 x3;x1^2 x2 x3;x2^3 x3;x1^2 x3^2;x1 x2 x3^2;x2^2 x3^2;x1^4 x3;x1^2 x2^2 x3;x2^4 x3",TRUE,17,"x3;x1^2;x2^2;x1^2 x3;x3^3;x1^2 x2^2;x2^4;x1^3 x3;x1^2 x2 x3;x2^3 x3;x1^2 x3^2;x2^2 x3^2;x2^4 x3",TRUE,13,6,11,7,FALSE,1,0.648545243103766,0.64702486164828,0.650066694774992,0.649966120530618,0.000118869695712471,5467.887476576,0.0011740665746213,-0.0870572545760666,0.00574735903890069,8.2048592536347e-08,2.30263225523274e-06,4.78395276648502e-06,4.63641905784607
"aizawa",3,17,60,3.69897000433602,5000,4,13,"smoothed",26,8,13,"weak/smoothed/m=2w/p=8",381,"x3;x1^2;x2^2;x1^2 x3;x3^3;x1^4;x1^2 x2^2;x2^4;x1^3 x3;x1^2 x2 x3;x2^3 x3;x1^2 x3^2;x1 x2 x3^2;x2^2 x3^2;x1^4 x3;x1^2 x2^2 x3;x2^4 x3",TRUE,17,"x3;x1^2;x2^2;x1^2 x3;x3^3;x1^2 x2^2;x2^4;x1^3 x3;x1^2 x2 x3;x2^3 x3;x1^2 x3^2;x2^2 x3^2;x2^4 x3",TRUE,13,6,11,7,FALSE,1,0.648440186890443,0.646835667059371,0.649982805969455,0.649965449266984,0.000185180867348564,3509.89526387497,0.00183597075019891,-0.413097802940312,0.00619303322645271,-1.08936702682732e-08,1.88295067550293e-07,9.13043449846107e-07,4.11177253723145
"aizawa",3,18,60,3.69897000433602,5000,4,13,"smoothed",NA,NA,NA,"sg",5000,"x3;x1^2;x2^2;x1^2 x3;x2^2 x3;x3^3;x1^3 x3",TRUE,7,"x3;x1^2;x2^2;x1^2 x3;x2^2 x3;x3^3;x1^3 x3",TRUE,7,7,0,0,TRUE,0.00523401840047688,0.649853400800876,0.649225470304321,0.650485136756584,0.649850714970704,0.000386000882367017,1683.54722659109,0.0174554083515735,0.67118394661402,0.0174554227003342,2.41198213126292e-08,9.11283440755124e-06,0.000106101030252437,3.31377124786377
"aizawa",3,18,60,3.69897000433602,5000,4,13,"raw",13,4,6,"weak/raw/m=1w/p=4",829,"x3;x1^2;x2^2;x1^2 x3;x2^2 x3;x3^3;x1^2 x2^2;x2^4;x1^3 x3;x2^2 x3^2",TRUE,10,"x3;x1^2;x2^2;x1^2 x3;x2^2 x3;x3^3;x1^3 x3",TRUE,7,7,3,0,TRUE,0.00221784660863122,0.650046607226362,0.649644048287567,0.650460729570801,0.650046260551728,0.000231108795664309,2812.72834589963,0.0042275374771442,0.0491373211840724,0.00422545767923931,1.39168833894491e-06,3.21015162850225e-05,7.52301645604581e-05,2.95395827293396
"aizawa",3,18,60,3.69897000433602,5000,4,13,"raw",13,8,6,"weak/raw/m=1w/p=8",829,"x3;x1^2;x2^2;x1^2 x3;x2^2 x3;x3^3;x1^2 x2^2;x1^3 x3;x2^2 x3^2",TRUE,9,"x3;x1^2;x2^2;x1^2 x3;x2^2 x3;x3^3;x1^3 x3",TRUE,7,7,2,0,TRUE,0.00323056649455244,0.649993713058343,0.649413779364696,0.650591371921167,0.650012837760553,0.00035413323632075,1835.50362150085,0.00647961330741624,-0.31179109866808,0.00647825956546817,-9.17094394260627e-09,1.99095565892617e-07,9.27910668191423e-07,2.24730944633484
"aizawa",3,18,60,3.69897000433602,5000,4,13,"raw",26,4,13,"weak/raw/m=2w/p=4",381,"x3;x1^2;x2^2;x1^2 x3;x2^2 x3;x3^3;x1^2 x2^2;x1^3 x3;x2^2 x3^2",TRUE,9,"x3;x1^2;x2^2;x1^2 x3;x2^2 x3;x3^3;x1^3 x3",TRUE,7,7,2,0,TRUE,0.00450352959913491,0.65002351107971,0.649807734402616,0.6502264506504,0.650027091311753,0.000123680081726254,5255.71363019055,0.00152111306206952,-0.141772164891156,0.00151890155791523,7.77229323522621e-08,2.00182541706961e-06,4.94702518671897e-06,2.88767147064209
"aizawa",3,18,60,3.69897000433602,5000,4,13,"raw",26,8,13,"weak/raw/m=2w/p=8",381,"x3;x1^2;x2^2;x1^2 x3;x2^2 x3;x3^3;x1^3 x3;x2^2 x3^2",TRUE,8,"x3;x1^2;x2^2;x1^2 x3;x2^2 x3;x3^3;x1^3 x3",TRUE,7,7,1,0,TRUE,0.00395809465975849,0.650027546017133,0.649695599057872,0.650360073777303,0.650018552413955,0.000196616725551942,3306.01860339817,0.00242064057019655,-0.455247856762944,0.00242016686020876,-1.00238798247542e-08,1.60070565744843e-07,6.79758645927286e-07,2.2509229183197
"aizawa",3,18,60,3.69897000433602,5000,4,13,"smoothed",13,4,6,"weak/smoothed/m=1w/p=4",829,"x3;x1^2;x2^2;x1^2 x3;x2^2 x3;x3^3;x1^2 x2^2;x2^4;x1^3 x3;x2^2 x3^2",TRUE,10,"x3;x1^2;x2^2;x1^2 x3;x2^2 x3;x3^3;x1^3 x3",TRUE,7,7,3,0,TRUE,0.00215479774283855,0.65005414766227,0.649648718831423,0.650472659454626,0.650046542282623,0.000230607201559428,2818.84753766073,0.00421836323191364,0.0524085206788475,0.00421626281570482,1.39168833894491e-06,3.21015162850225e-05,7.52301645604581e-05,2.99096918106079
"aizawa",3,18,60,3.69897000433602,5000,4,13,"smoothed",13,8,6,"weak/smoothed/m=1w/p=8",829,"x3;x1^2;x2^2;x1^2 x3;x2^2 x3;x3^3;x1^2 x2^2;x1^3 x3;x2^2 x3^2",TRUE,9,"x3;x1^2;x2^2;x1^2 x3;x2^2 x3;x3^3;x1^3 x3",TRUE,7,7,2,0,TRUE,0.00371879328131386,0.649998576760827,0.64940775018338,0.650566558463247,0.650012013398256,0.000349581240196504,1859.40187474842,0.00639632685360563,-0.301632159402535,0.00639486136131623,-9.17094394260627e-09,1.99095565892617e-07,9.27910668191423e-07,2.16273522377014
"aizawa",3,18,60,3.69897000433602,5000,4,13,"smoothed",26,4,13,"weak/smoothed/m=2w/p=4",381,"x3;x1^2;x2^2;x1^2 x3;x2^2 x3;x3^3;x1^3 x3;x2^2 x3^2",TRUE,8,"x3;x1^2;x2^2;x1^2 x3;x2^2 x3;x3^3;x1^3 x3",TRUE,7,7,1,0,TRUE,0.00376590178227265,0.650036825317787,0.649834957419411,0.650249951141182,0.650026833220254,0.000123678693660027,5255.77052913473,0.00152109641371698,-0.141699962183186,0.00152002403016269,7.77229323522621e-08,2.00182541706961e-06,4.94702518671897e-06,2.69836044311523
"aizawa",3,18,60,3.69897000433602,5000,4,13,"smoothed",26,8,13,"weak/smoothed/m=2w/p=8",381,"x3;x1^2;x2^2;x1^2 x3;x2^2 x3;x3^3;x1^3 x3;x2^2 x3^2",TRUE,8,"x3;x1^2;x2^2;x1^2 x3;x2^2 x3;x3^3;x1^3 x3",TRUE,7,7,1,0,TRUE,0.00390805165948405,0.65002143121301,0.649700119490039,0.650362123039804,0.650018254180955,0.000196566294870663,3306.86527213963,0.00242002036268621,-0.455202850920882,0.00241953636745343,-1.00238798247542e-08,1.60070565744843e-07,6.79758645927286e-07,2.32272243499756
"aizawa",3,19,60,3.69897000433602,5000,4,13,"smoothed",NA,NA,NA,"sg",5000,"x3;x1^2;x2^2;x1^2 x3;x2^2 x3;x3^3;x1^3 x3",TRUE,7,"x3;x1^2;x2^2;x1^2 x3;x2^2 x3;x3^3;x1^3 x3",TRUE,7,7,0,0,TRUE,0.000726716794822863,0.649938695109829,0.649306758365337,0.650586939120234,0.649954651214118,0.000386754754381104,1680.53435375137,0.0166984213764998,0.67434115164645,0.0166984311697288,-1.90964057811271e-10,9.02921545200113e-06,4.91984797140743e-05,2.18151307106018
"aizawa",3,19,60,3.69897000433602,5000,4,13,"raw",13,4,6,"weak/raw/m=1w/p=4",829,"x3;x1^2;x2^2;x1^2 x3;x2^2 x3;x3^3;x1^3 x3;x1^2 x3^2",TRUE,8,"x3;x1^2;x2^2;x1^2 x3;x2^2 x3;x3^3;x1^3 x3",TRUE,7,7,1,0,TRUE,0.000907943584022908,0.650034532647497,0.649660081423674,0.650405551680511,0.65002864821814,0.00022006278912833,2953.83263473533,0.00385110512936178,0.0363482132524679,0.00385111532998889,5.39789717259262e-07,3.22647928930911e-05,7.52089764753938e-05,1.36377835273743
"aizawa",3,19,60,3.69897000433602,5000,4,13,"raw",13,8,6,"weak/raw/m=1w/p=8",829,"x3;x1^2;x2^2;x1^2 x3;x2^2 x3;x3^3;x1^2 x2^2;x2^4;x1^3 x3;x2^2 x3^2",TRUE,10,"x3;x1^2;x2^2;x1^2 x3;x2^2 x3;x3^3;x1^3 x3",TRUE,7,7,3,0,TRUE,0.0179532139168699,0.650044673246914,0.649429679608338,0.650658598204742,0.650002813990464,0.000330418050478709,1967.2133923941,0.00578406316028908,-0.318270742383571,0.00578128268489997,-1.26162243579419e-09,2.19518942137314e-07,9.40158766282728e-07,1.86126089096069
"aizawa",3,19,60,3.69897000433602,5000,4,13,"raw",26,4,13,"weak/raw/m=2w/p=4",381,"x3;x1^2;x2^2;x1^2 x3;x2^2 x3;x3^3;x1^2 x2^2;x1^3 x3;x1^2 x3^2",TRUE,9,"x3;x1^2;x2^2;x1^2 x3;x2^2 x3;x3^3;x1^3 x3",TRUE,7,7,2,0,TRUE,0.00106472175967331,0.649973854676497,0.649768940118583,0.650180895330969,0.649999739970068,0.000120012955739072,5416.0797554497,0.00141382172348214,-0.0870507329157147,0.00141127645446644,3.32289788301055e-08,2.02003245092817e-06,4.40075221097569e-06,1.75203824043274
"aizawa",3,19,60,3.69897000433602,5000,4,13,"raw",26,8,13,"weak/raw/m=2w/p=8",381,"x3;x1^2;x2^2;x1^2 x3;x2^2 x3;x3^3;x1^2 x2^2;x1^3 x3;x1^2 x3^2",TRUE,9,"x3;x1^2;x2^2;x1^2 x3;x2^2 x3;x3^3;x1^3 x3",TRUE,7,7,2,0,TRUE,0.000762424749088608,0.649985765253251,0.649673287855011,0.650279175160207,0.6499967894156,0.000183755276623071,3537.29591531083,0.00216729123162685,-0.396669790977694,0.00216642015696895,-1.62651190358235e-09,1.76917591435636e-07,6.7711364437617e-07,1.48936247825623
"aizawa",3,19,60,3.69897000433602,5000,4,13,"smoothed",13,4,6,"weak/smoothed/m=1w/p=4",829,"x3;x1^2;x2^2;x1^2 x3;x2^2 x3;x3^3;x1^3 x3;x1^2 x3^2",TRUE,8,"x3;x1^2;x2^2;x1^2 x3;x2^2 x3;x3^3;x1^3 x3",TRUE,7,7,1,0,TRUE,0.00107581312955873,0.650026587344378,0.649661698904212,0.650398828913415,0.650029638834722,0.000219378840208645,2963.04619997306,0.00383913741337997,0.0390320680834902,0.00383913153990695,5.39789717259262e-07,3.22647928930911e-05,7.52089764753938e-05,1.40087389945984
"aizawa",3,19,60,3.69897000433602,5000,4,13,"smoothed",13,8,6,"weak/smoothed/m=1w/p=8",829,"x3;x1^2;x2^2;x1^2 x3;x2^2 x3;x3^3;x1^2 x2^2;x2^4;x1^3 x3;x2^2 x3^2",TRUE,10,"x3;x1^2;x2^2;x1^2 x3;x2^2 x3;x3^3;x1^3 x3",TRUE,7,7,3,0,TRUE,0.0172086924771886,0.650028921951703,0.649401344349315,0.650637230034568,0.650002294710095,0.000326864931810662,1988.59599624046,0.00572186673458621,-0.307302166517531,0.00571911797477664,-1.26162243579419e-09,2.19518942137314e-07,9.40158766282728e-07,1.98784637451172
"aizawa",3,19,60,3.69897000433602,5000,4,13,"smoothed",26,4,13,"weak/smoothed/m=2w/p=4",381,"x3;x1^2;x2^2;x1^2 x3;x2^2 x3;x3^3;x1^2 x2^2;x1^3 x3;x1^2 x3^2",TRUE,9,"x3;x1^2;x2^2;x1^2 x3;x2^2 x3;x3^3;x1^3 x3",TRUE,7,7,2,0,TRUE,0.000953801569720469,0.649971703704607,0.649761910180181,0.650174594171518,0.649999251331019,0.000120008491160725,5416.27717375836,0.00141376962484509,-0.0869694577442807,0.00141122166961864,3.32289788301055e-08,2.02003245092817e-06,4.40075221097569e-06,1.72934937477112
"aizawa",3,19,60,3.69897000433602,5000,4,13,"smoothed",26,8,13,"weak/smoothed/m=2w/p=8",381,"x3;x1^2;x2^2;x1^2 x3;x2^2 x3;x3^3;x1^2 x2^2;x1^3 x3;x1^2 x3^2",TRUE,9,"x3;x1^2;x2^2;x1^2 x3;x2^2 x3;x3^3;x1^3 x3",TRUE,7,7,2,0,TRUE,0.00130399048292018,0.64998289791934,0.649672272798082,0.65029937256072,0.649996326846129,0.00018370489577342,3538.26349651469,0.00216669777583329,-0.396626786930638,0.00216583028713543,-1.62651190358235e-09,1.76917591435636e-07,6.7711364437617e-07,1.41362500190735
"aizawa",3,20,60,3.69897000433602,5000,4,13,"smoothed",NA,NA,NA,"sg",5000,"x3;x1^2;x2^2;x1^2 x3;x2^2 x3;x3^3;x1^3 x3",TRUE,7,"x3;x1^2;x2^2;x1^2 x3;x2^2 x3;x3^3;x1^3 x3",TRUE,7,7,0,0,TRUE,0.00190350832064701,0.650011829956299,0.649395969761118,0.650643302136334,0.650010840471217,0.000375992422213346,1728.787076731,0.014830405407709,0.682042762964527,0.0148304134235773,-2.20165961998919e-08,1.06533661613065e-05,5.40895243569262e-05,3.81102728843689
"aizawa",3,20,60,3.69897000433602,5000,4,13,"raw",13,4,6,"weak/raw/m=1w/p=4",829,"x3;x1^2;x2^2;x1^2 x3;x2^2 x3;x3^3;x1^3 x3",TRUE,7,"x3;x1^2;x2^2;x1^2 x3;x2^2 x3;x3^3;x1^3 x3",TRUE,7,7,0,0,TRUE,0.0013299858982081,0.649969749389136,0.649616296790657,0.650329593096628,0.64996824578261,0.000214250859637833,3033.67859004771,0.00342825641831982,0.042131716807695,0.00342827354283976,1.12259861195932e-06,3.64272705785274e-05,7.78328618730173e-05,2.49410128593445
"aizawa",3,20,60,3.69897000433602,5000,4,13,"raw",13,8,6,"weak/raw/m=1w/p=8",829,"x3;x1^2;x2^2;x1^2 x3;x2^2 x3;x3^3;x1^3 x3",TRUE,7,"x3;x1^2;x2^2;x1^2 x3;x2^2 x3;x3^3;x1^3 x3",TRUE,7,7,0,0,TRUE,0.00164642259162284,0.649934368728137,0.649399330182652,0.650479322937632,0.649938389976142,0.00032826871638455,1979.89743626612,0.00525631184324783,-0.326510052824163,0.00525632668165122,-9.48029377062784e-09,2.3879290799413e-07,1.02866160400783e-06,2.17868733406067
"aizawa",3,20,60,3.69897000433602,5000,4,13,"raw",26,4,13,"weak/raw/m=2w/p=4",381,"x3;x1^2;x2^2;x1 x3;x1^2 x3;x2^2 x3;x3^3;x1^3 x3",TRUE,8,"x3;x1^2;x2^2;x1^2 x3;x2^2 x3;x3^3;x1^3 x3",TRUE,7,7,1,0,TRUE,0.0036792100058694,0.649939727063204,0.649735866431105,0.650134887658781,0.64994358951986,0.000120498345881862,5393.79677590821,0.00129566966733782,-0.0148441581731475,0.00129113623909326,5.68059961315589e-08,2.27869737680448e-06,4.64339523331692e-06,2.83881068229675
"aizawa",3,20,60,3.69897000433602,5000,4,13,"raw",26,8,13,"weak/raw/m=2w/p=8",381,"x3;x1^2;x2^2;x1 x3;x1^2 x3;x2^2 x3;x3^3;x1^3 x3",TRUE,8,"x3;x1^2;x2^2;x1^2 x3;x2^2 x3;x3^3;x1^3 x3",TRUE,7,7,1,0,TRUE,0.00354992897048323,0.64993521724504,0.649642807825071,0.650213533723093,0.649935765081937,0.000176194824468062,3688.73357684662,0.00189983241462585,-0.339250214925846,0.00189663184723631,-1.0259730076885e-08,1.91966510679176e-07,8.51247870303773e-07,2.43213176727295
"aizawa",3,20,60,3.69897000433602,5000,4,13,"smoothed",13,4,6,"weak/smoothed/m=1w/p=4",829,"x3;x1^2;x2^2;x1^2 x3;x2^2 x3;x3^3;x1^3 x3",TRUE,7,"x3;x1^2;x2^2;x1^2 x3;x2^2 x3;x3^3;x1^3 x3",TRUE,7,7,0,0,TRUE,0.00144309889887562,0.6499679365437,0.649619608927379,0.650311962744428,0.649969130351089,0.00021360606283858,3042.84027201168,0.00341794048363007,0.0443725329617797,0.00341795291287188,1.12259861195932e-06,3.64272705785274e-05,7.78328618730173e-05,2.33930015563965
"aizawa",3,20,60,3.69897000433602,5000,4,13,"smoothed",13,8,6,"weak/smoothed/m=1w/p=8",829,"x3;x1^2;x2^2;x1^2 x3;x2^2 x3;x3^3;x1^3 x3",TRUE,7,"x3;x1^2;x2^2;x1^2 x3;x2^2 x3;x3^3;x1^3 x3",TRUE,7,7,0,0,TRUE,0.00153747719896424,0.649932998006273,0.649404274516396,0.65048374099293,0.649936815396732,0.000324157942391852,2005.00043466795,0.00519049108206028,-0.315594894169663,0.00519049225824284,-9.48029377062784e-09,2.3879290799413e-07,1.02866160400783e-06,2.12040138244629
"aizawa",3,20,60,3.69897000433602,5000,4,13,"smoothed",26,4,13,"weak/smoothed/m=2w/p=4",381,"x3;x1^2;x2^2;x1 x3;x1^2 x3;x2^2 x3;x3^3;x1^3 x3",TRUE,8,"x3;x1^2;x2^2;x1^2 x3;x2^2 x3;x3^3;x1^3 x3",TRUE,7,7,1,0,TRUE,0.00366237315839499,0.649937697231304,0.649737773176629,0.650133800881194,0.649943220469995,0.000120475265400834,5394.82704858599,0.00129542201950347,-0.0148268523589885,0.00129088200286098,5.68059961315589e-08,2.27869737680448e-06,4.64339523331692e-06,3.17322254180908
"aizawa",3,20,60,3.69897000433602,5000,4,13,"smoothed",26,8,13,"weak/smoothed/m=2w/p=8",381,"x3;x1^2;x2^2;x1 x3;x1^2 x3;x2^2 x3;x3^3;x1^3 x3",TRUE,8,"x3;x1^2;x2^2;x1^2 x3;x2^2 x3;x3^3;x1^3 x3",TRUE,7,7,1,0,TRUE,0.00366729010598199,0.64993353388577,0.649640636087003,0.650217033719493,0.649935413590776,0.000176156526594765,3689.5335424381,0.00189942022863346,-0.339111107161546,0.00189623541893671,-1.0259730076885e-08,1.91966510679176e-07,8.51247870303773e-07,2.52554631233215
"aizawa",3,1,Inf,3.69897000433602,5000,4,13,"smoothed",NA,NA,NA,"sg",5000,"x3;x1^2;x2^2;x1 x3;x3^2;x2^3;x1^2 x3;x2^2 x3;x3^3;x1^4;x1^2 x2^2;x2^4;x1^3 x3;x2 x3^3;x3^4",TRUE,15,"x3;x1^2;x2^2;x1 x3;x3^2;x1^2 x3;x2^2 x3;x3^3;x1^4;x1^2 x2^2;x1^3 x3;x2 x3^3;x3^4",TRUE,13,7,8,6,FALSE,0.000183443035875891,0.650000153601595,0.649999519234654,0.650000780671864,0.650000356211989,3.01864371916874e-07,2153286.10025891,9.59508536798458e-06,0.988564708759537,8.12952528881058e-06,-2.16821981346982e-08,1.03004197121242e-05,5.88855483675266e-05,5.88662886619568
"aizawa",3,1,Inf,3.69897000433602,5000,4,13,"raw",13,4,6,"weak/raw/m=1w/p=4",829,"x3;x1^2;x2^2;x1 x3;x3^2;x2^3;x1^2 x3;x2^2 x3;x3^3;x1^4;x1^2 x2^2;x2^4;x1^3 x3;x2^2 x3^2;x2 x3^3;x3^4;x2^2 x3^3",TRUE,17,"x3;x1^2;x2^2;x1 x3;x3^2;x2^3;x1^2 x3;x2^2 x3;x3^3;x1^4;x1^3 x3;x2^2 x3^2;x2 x3^3;x3^4;x2^2 x3^3",TRUE,15,7,10,8,FALSE,4.54933542008984e-05,0.650029469268562,0.650029412681776,0.650029523075802,0.65002935693126,2.59630952707873e-08,25036666.4741492,3.34871373223717e-07,0.770899807149153,2.95719964069626e-07,5.35474336196584e-07,3.53123369630213e-05,7.45810537040592e-05,42.8434302806854
"aizawa",3,1,Inf,3.69897000433602,5000,4,13,"raw",13,8,6,"weak/raw/m=1w/p=8",829,"x3;x1^2;x2^2;x1 x3;x3^2;x1^2 x3;x2^2 x3;x3^3;x1^4;x1^2 x2^2;x2^4;x1^3 x3;x3^4",TRUE,13,"x3;x1^2;x2^2;x1 x3;x1^2 x3;x2^2 x3;x3^3;x1^3 x3",TRUE,8,7,6,1,FALSE,2.4430543579812e-06,0.650000015282912,0.649999920319448,0.650000121034049,0.65000001439935,1.74629697923126e-08,37221619.3539709,2.25463012200042e-07,0.706581683895117,2.16848441407591e-07,-3.75146889628512e-09,2.28998180460398e-07,8.67695462702933e-07,7.69573926925659
"aizawa",3,1,Inf,3.69897000433602,5000,4,13,"raw",26,4,13,"weak/raw/m=2w/p=4",381,"x3;x1^2;x2^2;x1 x3;x3^2;x1^2 x3;x2^2 x3;x3^3;x1^4;x1^2 x2^2;x2^4;x1^3 x3;x3^4",TRUE,13,"x3;x1^2;x2^2;x1 x3;x1^2 x3;x2^2 x3;x3^3;x1^3 x3",TRUE,8,7,6,1,FALSE,2.97261716708519e-06,0.650001866255694,0.650001740071073,0.650001988743155,0.65000183508377,1.91167990517531e-08,34001604.2081147,1.65464420877915e-07,0.108195026799674,1.58277754939032e-07,2.58694640876598e-08,2.20201136708892e-06,4.71491060383133e-06,14.3594486713409
"aizawa",3,1,Inf,3.69897000433602,5000,4,13,"raw",26,8,13,"weak/raw/m=2w/p=8",381,"x3;x1^2;x2^2;x1 x3;x3^2;x1^2 x3;x2^2 x3;x3^3;x1^4;x1^2 x2^2;x2^4;x1^3 x3;x3^4",TRUE,13,"x3;x1^2;x2^2;x1 x3;x1^2 x3;x2^2 x3;x3^3;x1^3 x3",TRUE,8,7,6,1,FALSE,1.89447522710995e-06,0.649999992568068,0.649999902906047,0.650000087675229,0.649999993818353,2.08931041764573e-08,31110742.9670879,1.81567192495731e-07,0.0365281296942018,1.75433359245861e-07,-3.59495887039737e-09,1.83453947876233e-07,6.23708570790527e-07,21.4466845989227
"aizawa",3,1,Inf,3.69897000433602,5000,4,13,"smoothed",13,4,6,"weak/smoothed/m=1w/p=4",829,"x3;x1^2;x2^2;x1 x3;x3^2;x1^2 x3;x2^2 x3;x3^3;x1^4;x1^2 x2^2;x2^4;x1^3 x3;x3^4",TRUE,13,"x3;x1^2;x2^2;x1 x3;x3^2;x1^2 x3;x2^2 x3;x3^3;x1^4;x2^4;x1^3 x3;x3^4",TRUE,12,7,6,5,FALSE,4.54721346754283e-05,0.650029460908867,0.650029362599034,0.650029562631621,0.650029366485904,3.0357233465601e-08,21412668.1610325,3.91546859277698e-07,0.756115741115769,3.5428725806284e-07,5.35474336196584e-07,3.53123369630213e-05,7.45810537040592e-05,16.3214826583862
"aizawa",3,1,Inf,3.69897000433602,5000,4,13,"smoothed",13,8,6,"weak/smoothed/m=1w/p=8",829,"x3;x1^2;x2^2;x1 x3;x3^2;x1^2 x3;x2^2 x3;x3^3;x1^4;x1^2 x2^2;x2^4;x1^3 x3;x3^4",TRUE,13,"x3;x1^2;x2^2;x1 x3;x1^2 x3;x2^2 x3;x3^3;x1^3 x3",TRUE,8,7,6,1,FALSE,3.37869067473795e-06,0.650000010603558,0.649999908613304,0.6500001220639,0.650000024032326,2.17242888607332e-08,29920428.152988,2.80480561998817e-07,0.70669808467418,2.66624560084076e-07,-3.75146889628512e-09,2.28998180460398e-07,8.67695462702933e-07,12.371949672699
"aizawa",3,1,Inf,3.69897000433602,5000,4,13,"smoothed",26,4,13,"weak/smoothed/m=2w/p=4",381,"x3;x1^2;x2^2;x1 x3;x3^2;x1^2 x3;x2^2 x3;x3^3;x1^4;x1^2 x2^2;x2^4;x1^3 x3;x3^4",TRUE,13,"x3;x1^2;x2^2;x1 x3;x1^2 x3;x2^2 x3;x3^3;x1^3 x3",TRUE,8,7,6,1,FALSE,3.04763060721136e-06,0.65000186227793,0.650001778229159,0.650001951690982,0.650001843637169,2.31630748554954e-08,28061984.3303299,2.00486741460984e-07,0.0586368488213096,1.89572387864972e-07,2.58694640876598e-08,2.20201136708892e-06,4.71491060383133e-06,20.7281613349915
"aizawa",3,1,Inf,3.69897000433602,5000,4,13,"smoothed",26,8,13,"weak/smoothed/m=2w/p=8",381,"x3;x1^2;x2^2;x1 x3;x3^2;x1^2 x3;x2^2 x3;x3^3;x1^4;x1^2 x2^2;x2^4;x1^3 x3;x3^4",TRUE,13,"x3;x1^2;x2^2;x1 x3;x1^2 x3;x2^2 x3;x3^3;x1^3 x3",TRUE,8,7,6,1,FALSE,2.62647713411557e-06,0.649999988146776,0.649999906222177,0.65000007480077,0.650000002817498,2.58876757906132e-08,25108472.7758058,2.24971481116852e-07,0.00128358234466283,2.13473310313165e-07,-3.59495887039737e-09,1.83453947876233e-07,6.23708570790527e-07,23.7934772968292
"aizawa",3,2,Inf,3.69897000433602,5000,4,13,"smoothed",NA,NA,NA,"sg",5000,"x2;x3;x1^2;x1 x2;x2^2;x1 x3;x2 x3;x3^2;x1^3;x1^2 x2;x1 x2^2;x2^3;x1^2 x3;x1 x2 x3;x2^2 x3;x1 x3^2;x2 x3^2;x3^3;x1^4;x1^3 x2;x1^2 x2^2;x1 x2^3;x2^4;x1^3 x3;x1^2 x2 x3;x1 x2^2 x3;x2^3 x3;x1^2 x3^2;x1 x2 x3^2;x2^2 x3^2;x1 x3^3;x2 x3^3;x3^4;x1^5;x1^4 x2;x1^3 x2^2;x1^2 x2^3;x1 x2^4;x1^4 x3;x1^3 x2 x3;x1^2 x2^2 x3;x1 x2^3 x3;x1^3 x3^2;x1^2 x2 x3^2;x1 x2^2 x3^2;x2^3 x3^2;x1^2 x3^3;x1 x2 x3^3;x2^2 x3^3;x1 x3^4;x3^5",TRUE,51,"x3;x1^2;x1 x2;x2^2;x1 x3;x3^2;x1^3;x1^2 x2;x1 x2^2;x1^2 x3;x2^2 x3;x3^3;x1^2 x2^2;x1 x2^3;x2^4;x1^3 x3;x1^2 x2 x3;x1 x2^2 x3;x2^3 x3;x1 x2 x3^2;x2^2 x3^2;x1 x3^3;x3^4;x1^5;x1^4 x2;x1^3 x2^2;x1^2 x2^3;x1 x2^4;x1^4 x3;x1^3 x2 x3;x1^2 x2^2 x3;x1 x2^3 x3;x1^3 x3^2;x1^2 x2 x3^2;x2^3 x3^2;x1^2 x3^3;x1 x2 x3^3;x2^2 x3^3;x1 x3^4;x3^5",TRUE,40,7,44,33,FALSE,0.000333496968873692,0.650000770030372,0.650000226841061,0.650001276854026,0.650000756037394,2.48310200450593e-07,2617696.55397917,1.08183560266597e-05,0.894753859570488,4.96965811716591e-06,-1.78250465967533e-07,1.15402868633683e-05,0.000322553652707946,92.6089353561401
"aizawa",3,2,Inf,3.69897000433602,5000,4,13,"raw",13,4,6,"weak/raw/m=1w/p=4",829,"x2;x3;x1^2;x2^2;x2 x3;x1^2 x2;x2^3;x1^2 x3;x1 x2 x3;x2^2 x3;x2 x3^2;x3^3;x1^4;x1^3 x2;x1^2 x2^2;x1 x2^3;x2^4;x1^3 x3;x1 x2^2 x3;x2^3 x3;x1^2 x3^2;x1 x2 x3^2;x2^2 x3^2",TRUE,23,"x3;x1^2;x2^2;x1^2 x3;x2^2 x3;x3^3;x1^3 x3;x1 x2^2 x3",TRUE,8,7,16,1,FALSE,4.5278307313712e-05,0.650029383655811,0.650029229018467,0.650029545037587,0.65002936904658,1.8007681225635e-08,36097338.7357183,3.17041179552423e-07,0.773499286615223,1.72239904523662e-07,6.58140724297698e-07,3.51191875118669e-05,0.000100450293587184,5.53223156929016
"aizawa",3,2,Inf,3.69897000433602,5000,4,13,"raw",13,8,6,"weak/raw/m=1w/p=8",829,"x2;x3;x1^2;x2^2;x2 x3;x1^2 x2;x2^3;x1^2 x3;x1 x2 x3;x2 x3^2;x3^3;x1^4;x1^3 x2;x1^2 x2^2;x1 x2^3;x2^4;x1^3 x3;x1 x2^2 x3;x2^3 x3;x1^2 x3^2;x1 x2 x3^2;x2^2 x3^2",TRUE,22,"x2;x3;x1^2;x2^2;x2 x3;x1^2 x2;x2^3;x1^2 x3;x1 x2 x3;x2 x3^2;x3^3;x1^4;x1^3 x2;x1^2 x2^2;x1 x2^3;x2^4;x1^3 x3;x1 x2^2 x3;x2^3 x3;x1^2 x3^2;x1 x2 x3^2;x2^2 x3^2",TRUE,22,6,16,16,FALSE,1,0.649183155452762,0.64780453282126,0.650596626045379,0.650000015127245,1.19361311251963e-08,54456507.5826909,2.10243081894564e-07,0.682863045821473,0.0128698671541641,-8.22316300925648e-09,2.13905914358249e-07,9.80076389045514e-07,2.82206201553345
"aizawa",3,2,Inf,3.69897000433602,5000,4,13,"raw",26,4,13,"weak/raw/m=2w/p=4",381,"x3;x1^2;x2^2;x3^2;x1^2 x3;x2^2 x3;x1 x3^2;x3^3;x1^2 x2^2;x2^4;x1^3 x3;x1 x2^2 x3;x1^2 x3^2;x2^2 x3^2",TRUE,14,"x3;x1^2;x2^2;x1^2 x3;x2^2 x3;x3^3;x1^3 x3;x1 x2^2 x3",TRUE,8,7,7,1,FALSE,2.89659634500339e-06,0.650001871224712,0.650001783628,0.650001959510706,0.650001839056362,1.30362158846123e-08,49861236.1754159,1.53752228728466e-07,0.124679855740143,1.23419237579322e-07,3.64472953081044e-08,2.18318340774997e-06,5.12061622048865e-06,11.6096642017365
"aizawa",3,2,Inf,3.69897000433602,5000,4,13,"raw",26,8,13,"weak/raw/m=2w/p=8",381,"x3;x1^2;x2^2;x2 x3;x1^2 x3;x1 x2 x3;x2^2 x3;x1 x3^2;x3^3;x1^3 x2;x1^2 x2^2;x1 x2^3;x2^4;x1^3 x3;x1 x2^2 x3;x1^2 x3^2;x2^2 x3^2",TRUE,17,"x3;x1^2;x2^2;x1^2 x3;x2^2 x3;x3^3;x1^3 x3",TRUE,7,7,10,0,TRUE,1.03938198980913e-06,0.649999990807709,0.649999868584596,0.650000119566089,0.649999994778781,1.41365219440887e-08,45980192.1115812,1.67020068330735e-07,0.0260267176836774,1.36099846926286e-07,-8.45436679281947e-09,1.68434192755864e-07,7.48562979047129e-07,5.40937471389771
"aizawa",3,2,Inf,3.69897000433602,5000,4,13,"smoothed",13,4,6,"weak/smoothed/m=1w/p=4",829,"x2;x3;x1^2;x2^2;x2 x3;x1^2 x2;x2^3;x1^2 x3;x1 x2 x3;x2^2 x3;x2 x3^2;x3^3;x1^4;x1^3 x2;x1^2 x2^2;x1 x2^3;x2^4;x1^3 x3;x1 x2^2 x3;x2^3 x3;x1^2 x3^2;x1 x2 x3^2;x2^2 x3^2",TRUE,23,"x3;x1^2;x2^2;x1^2 x3;x2^2 x3;x3^3;x1^3 x2;x1 x2^3;x1^3 x3;x1 x2^2 x3",TRUE,10,7,16,3,FALSE,4.52564436383973e-05,0.65002938071589,0.650029253597214,0.650029494101529,0.650029377333482,2.14231704598444e-08,30342351.919941,3.77173892271799e-07,0.747851925048798,1.96715140184466e-07,6.58140724297698e-07,3.51191875118669e-05,0.000100450293587184,7.8539867401123
"aizawa",3,2,Inf,3.69897000433602,5000,4,13,"smoothed",13,8,6,"weak/smoothed/m=1w/p=8",829,"x2;x3;x1^2;x2^2;x2 x3;x1^2 x2;x2^3;x1^2 x3;x1 x2 x3;x2 x3^2;x3^3;x1^4;x1^3 x2;x1^2 x2^2;x1 x2^3;x2^4;x1^3 x3;x1 x2^2 x3;x2^3 x3;x1^2 x3^2;x1 x2 x3^2;x2^2 x3^2",TRUE,22,"x2;x3;x1^2;x2^2;x2 x3;x1^2 x2;x2^3;x1^2 x3;x1 x2 x3;x2 x3^2;x3^3;x1^4;x1^3 x2;x1^2 x2^2;x1 x2^3;x2^4;x1^3 x3;x1 x2^2 x3;x2^3 x3;x1^2 x3^2;x1 x2 x3^2;x2^2 x3^2",TRUE,22,6,16,16,FALSE,1,0.649193356499436,0.647844709142654,0.650604696270111,0.650000020696532,1.51742710367e-08,42835666.973686,2.67279696344306e-07,0.683615288804209,0.0128697833647249,-8.22316300925648e-09,2.13905914358249e-07,9.80076389045514e-07,2.8349597454071
"aizawa",3,2,Inf,3.69897000433602,5000,4,13,"smoothed",26,4,13,"weak/smoothed/m=2w/p=4",381,"x3;x1^2;x2^2;x3^2;x1^2 x3;x2^2 x3;x1 x3^2;x3^3;x1^2 x2^2;x2^4;x1^3 x3;x1 x2^2 x3;x1^2 x3^2;x2^2 x3^2",TRUE,14,"x3;x1^2;x2^2;x1^2 x3;x2^2 x3;x3^3;x1^3 x3;x1 x2^2 x3",TRUE,8,7,7,1,FALSE,2.90793351265251e-06,0.650001867305162,0.650001703967176,0.650002043626957,0.65000184214831,1.58835968760408e-08,40922836.761791,1.87334916564284e-07,0.0525510968276372,1.43050576523807e-07,3.64472953081044e-08,2.18318340774997e-06,5.12061622048865e-06,6.19384837150574
"aizawa",3,2,Inf,3.69897000433602,5000,4,13,"smoothed",26,8,13,"weak/smoothed/m=2w/p=8",381,"x3;x1^2;x2^2;x2 x3;x1^2 x3;x1 x2 x3;x2^2 x3;x1 x3^2;x3^3;x1^3 x2;x1^2 x2^2;x1 x2^3;x2^4;x1^3 x3;x1 x2^2 x3;x1^2 x3^2;x2^2 x3^2",TRUE,17,"x3;x1^2;x2^2;x1^2 x3;x2^2 x3;x3^3;x1 x2^3;x1^3 x3;x1 x2^2 x3",TRUE,9,7,10,2,FALSE,1.44255807049687e-06,0.649999987857824,0.649999875167692,0.650000104822106,0.649999997437862,1.78331913308494e-08,36448888.2207771,2.10695448318489e-07,-0.0225157077816757,1.563994398009e-07,-8.45436679281947e-09,1.68434192755864e-07,7.48562979047129e-07,5.60616040229797
"aizawa",3,3,Inf,3.69897000433602,5000,4,13,"smoothed",NA,NA,NA,"sg",5000,"x2;x3;x1^2;x2^2;x1 x3;x3^2;x1^3;x1 x2^2;x1^2 x3;x1 x2 x3;x2^2 x3;x2 x3^2;x3^3;x1^4;x1^2 x2^2;x2^4;x2^3 x3;x1^2 x3^2;x2^2 x3^2;x1 x3^3;x2 x3^3;x3^4;x1^5;x1^4 x3;x1^3 x2 x3;x1^2 x2^2 x3;x1 x2^3 x3",TRUE,27,"x2;x3;x1^2;x2^2;x1 x3;x3^2;x1^3;x1 x2^2;x1^2 x3;x1 x2 x3;x2^2 x3;x2 x3^2;x3^3;x1^4;x1^2 x2^2;x2^4;x2^3 x3;x1^2 x3^2;x1 x3^3;x2 x3^3;x3^4;x1^5;x1^4 x3;x1^3 x2 x3;x1^2 x2^2 x3;x1 x2^3 x3",TRUE,26,6,21,20,FALSE,1,0.653173334300333,0.652099577577378,0.654211641365878,0.650000819885293,2.99506009288059e-07,2170242.99923189,9.98024109593553e-06,0.983596620118283,0.0112622154636995,-3.7795413901498e-08,1.1082794951678e-05,9.22780040074622e-05,15.2531843185425
"aizawa",3,3,Inf,3.69897000433602,5000,4,13,"raw",13,4,6,"weak/raw/m=1w/p=4",829,"x1;x2;x3;x1^2;x2^2;x1 x3;x1^3;x1 x2^2;x1^2 x3;x1 x2 x3;x2^2 x3;x2 x3^2;x3^3;x1^4;x1^2 x2^2;x2^4;x2^3 x3;x1^2 x3^2;x1 x2 x3^2;x2^2 x3^2;x2 x3^3;x3^4;x1^5;x1^3 x2^2;x1^4 x3;x1^3 x2 x3;x1^2 x2^2 x3;x1 x2^3 x3",TRUE,28,"x1;x3;x1^2;x2^2;x1 x3;x1^3;x1 x2^2;x1^2 x3;x1 x2 x3;x2^2 x3;x3^3;x1^4;x1^2 x2^2;x2^4;x1^2 x3^2;x1 x2 x3^2;x3^4;x1^5;x1^3 x2^2;x1^4 x3;x1^3 x2 x3;x1^2 x2^2 x3",TRUE,22,6,22,16,FALSE,1,0.653801130635689,0.651358848720198,0.656260792312571,0.650029372202841,2.50407982570092e-08,25958811.9169041,3.36408834811183e-07,0.763766024227499,0.011331151979957,-5.04101686686298e-07,3.70979794297117e-05,7.373056582749e-05,8.15961718559265
"aizawa",3,3,Inf,3.69897000433602,5000,4,13,"raw",13,8,6,"weak/raw/m=1w/p=8",829,"x2;x3;x1^2;x2^2;x1 x3;x3^2;x1^3;x1^2 x2;x1 x2^2;x1^2 x3;x1 x2 x3;x2^2 x3;x2 x3^2;x3^3;x1^4;x1^2 x2^2;x2^4;x1^2 x2 x3;x1 x2^2 x3;x2^3 x3;x1^2 x3^2;x1 x2 x3^2;x2^2 x3^2;x2 x3^3;x3^4;x1^5;x1^4 x3;x1^3 x2 x3;x1^2 x2^2 x3;x1 x2^3 x3;x2^3 x3^2",TRUE,31,"x3;x1^2;x2^2;x1 x3;x3^2;x1^3;x1^2 x2;x1^2 x3;x2^2 x3;x2 x3^2;x3^3;x1^4;x1^2 x2^2;x2^4;x1 x2^2 x3;x2^3 x3;x1^2 x3^2;x2^2 x3^2;x2 x3^3;x3^4;x1^5;x1^4 x3;x1^3 x2 x3;x1^2 x2^2 x3;x1 x2^3 x3;x2^3 x3^2",TRUE,26,6,25,20,FALSE,1,0.657300800518761,0.654831218554461,0.659717677306831,0.650000010557932,1.75057939072675e-08,37130564.5434387,2.35457420966277e-07,0.689039781336058,0.0107677032714805,-1.27275219288869e-08,2.44874490066667e-07,9.6083946721226e-07,14.5772514343262
"aizawa",3,3,Inf,3.69897000433602,5000,4,13,"raw",26,4,13,"weak/raw/m=2w/p=4",381,"x2;x3;x1^2;x2^2;x1 x3;x1^3;x1 x2^2;x1^2 x3;x2^2 x3;x2 x3^2;x3^3;x1^4;x1^2 x2^2;x2^4;x2^3 x3;x1^2 x3^2;x1 x2 x3^2;x2^2 x3^2;x2 x3^3;x3^4;x1^5;x1^4 x3;x1^2 x2^2 x3;x1 x2^3 x3",TRUE,24,"x3;x1^2;x2^2;x1 x3;x1^3;x1^2 x3;x2^2 x3;x3^3;x1^4;x1^2 x2^2;x2^4;x1 x2 x3^2;x3^4;x1^5;x1^4 x3;x1^2 x2^2 x3;x1 x2^3 x3",TRUE,17,6,18,11,FALSE,1,0.654800701519498,0.651519333464621,0.658062274344756,0.650001834481996,1.90126660457243e-08,34187832.0967075,1.70230289489271e-07,0.0996268453327545,0.0103077729754625,-4.23614235526885e-08,2.31572492800984e-06,4.52364976644137e-06,6.13908410072327
"aizawa",3,3,Inf,3.69897000433602,5000,4,13,"raw",26,8,13,"weak/raw/m=2w/p=8",381,"x1;x2;x3;x1^2;x2^2;x1 x3;x1^3;x1 x2^2;x1^2 x3;x1 x2 x3;x2^2 x3;x2 x3^2;x3^3;x1^4;x1^2 x2^2;x2^4;x2^3 x3;x1^2 x3^2;x1 x2 x3^2;x2^2 x3^2;x3^4;x1^5;x1^4 x3;x1^3 x2 x3;x1^2 x2^2 x3;x1 x2^3 x3",TRUE,26,"x1;x3;x1^2;x2^2;x1 x3;x1^3;x1^2 x3;x1 x2 x3;x2^2 x3;x2 x3^2;x3^3;x1^4;x1^2 x2^2;x2^4;x1 x2 x3^2;x3^4;x1^5;x1^4 x3;x1^3 x2 x3;x1^2 x2^2 x3",TRUE,20,6,20,14,FALSE,1,0.653258836869266,0.649781804569776,0.65680078204777,0.649999989600297,2.1015567208198e-08,30929452.5891614,1.89071931737147e-07,0.0273822712816001,0.0108360639228346,-1.22793312753234e-08,1.96420499917812e-07,7.49357525919869e-07,6.96740221977234
"aizawa",3,3,Inf,3.69897000433602,5000,4,13,"smoothed",13,4,6,"weak/smoothed/m=1w/p=4",829,"x1;x2;x3;x1^2;x2^2;x1 x3;x1^3;x1 x2^2;x1^2 x3;x1 x2 x3;x2^2 x3;x2 x3^2;x3^3;x1^4;x1^2 x2^2;x2^4;x2^3 x3;x1^2 x3^2;x1 x2 x3^2;x2^2 x3^2;x2 x3^3;x3^4;x1^5;x1^3 x2^2;x1^4 x3;x1^3 x2 x3;x1^2 x2^2 x3;x1 x2^3 x3",TRUE,28,"x3;x1^2;x2^2;x1 x3;x1^3;x1 x2^2;x1^2 x3;x1 x2 x3;x2^2 x3;x3^3;x1^4;x1^2 x2^2;x2^4;x1^2 x3^2;x1 x2 x3^2;x3^4;x1^5;x1^3 x2^2;x1^4 x3;x1^3 x2 x3;x1^2 x2^2 x3",TRUE,21,6,22,15,FALSE,1,0.653721819259046,0.65126443097485,0.656252640785307,0.650029383581639,2.95918618340787e-08,21966491.5721203,3.97549774822523e-07,0.751769793395012,0.0113298108867569,-5.04101686686298e-07,3.70979794297117e-05,7.373056582749e-05,8.49179172515869
"aizawa",3,3,Inf,3.69897000433602,5000,4,13,"smoothed",13,8,6,"weak/smoothed/m=1w/p=8",829,"x2;x3;x1^2;x2^2;x1 x3;x3^2;x1^3;x1^2 x2;x1 x2^2;x1^2 x3;x1 x2 x3;x2^2 x3;x2 x3^2;x3^3;x1^4;x1^2 x2^2;x2^4;x1^2 x2 x3;x1 x2^2 x3;x2^3 x3;x1^2 x3^2;x1 x2 x3^2;x2^2 x3^2;x2 x3^3;x3^4;x1^5;x1^4 x3;x1^3 x2 x3;x1^2 x2^2 x3;x1 x2^3 x3;x2^3 x3^2",TRUE,31,"x3;x1^2;x2^2;x1 x3;x3^2;x1^3;x1^2 x2;x1^2 x3;x2^2 x3;x2 x3^2;x3^3;x1^4;x1^2 x2^2;x2^4;x1 x2^2 x3;x2^3 x3;x1^2 x3^2;x2 x3^3;x3^4;x1^5;x1^4 x3;x1^3 x2 x3;x1^2 x2^2 x3;x1 x2^3 x3;x2^3 x3^2",TRUE,25,6,25,19,FALSE,1,0.657211770931195,0.654714104029947,0.659642789678035,0.650000021772233,2.18588994196873e-08,29736173.3220113,2.94007805836249e-07,0.699104369830408,0.01076672418812,-1.27275219288869e-08,2.44874490066667e-07,9.6083946721226e-07,12.1125044822693
"aizawa",3,3,Inf,3.69897000433602,5000,4,13,"smoothed",26,4,13,"weak/smoothed/m=2w/p=4",381,"x2;x3;x1^2;x2^2;x1 x3;x1^3;x1 x2^2;x1^2 x3;x2^2 x3;x2 x3^2;x3^3;x1^4;x1^2 x2^2;x2^4;x2^3 x3;x1^2 x3^2;x1 x2 x3^2;x2^2 x3^2;x2 x3^3;x3^4;x1^5;x1^4 x3;x1^2 x2^2 x3;x1 x2^3 x3",TRUE,24,"x3;x1^2;x2^2;x1 x3;x1^3;x1^2 x3;x2^2 x3;x3^3;x1^4;x1^2 x2^2;x2^4;x1 x2 x3^2;x3^4;x1^5;x1^4 x3;x1^2 x2^2 x3;x1 x2^3 x3",TRUE,17,6,18,11,FALSE,1,0.654808132068564,0.651572206452428,0.657965817239515,0.650001843208765,2.32440986454307e-08,27964166.4374256,2.08116505679263e-07,0.0497490473759127,0.0103067435026671,-4.23614235526885e-08,2.31572492800984e-06,4.52364976644137e-06,6.45985460281372
"aizawa",3,3,Inf,3.69897000433602,5000,4,13,"smoothed",26,8,13,"weak/smoothed/m=2w/p=8",381,"x1;x2;x3;x1^2;x2^2;x1 x3;x1^3;x1 x2^2;x1^2 x3;x1 x2 x3;x2^2 x3;x2 x3^2;x3^3;x1^4;x1^2 x2^2;x2^4;x2^3 x3;x1^2 x3^2;x1 x2 x3^2;x2^2 x3^2;x3^4;x1^5;x1^4 x3;x1^3 x2 x3;x1^2 x2^2 x3;x1 x2^3 x3",TRUE,26,"x1;x3;x1^2;x2^2;x1 x3;x1^3;x1^2 x3;x1 x2 x3;x2^2 x3;x2 x3^2;x3^3;x1^4;x1^2 x2^2;x2^4;x1 x2 x3^2;x3^4;x1^5;x1^4 x3;x1^3 x2 x3;x1^2 x2^2 x3",TRUE,20,6,20,14,FALSE,1,0.653258733092459,0.649679731839447,0.656886508716441,0.649999999384843,2.62616451160877e-08,24750924.6473922,2.36269613748773e-07,-0.00648632445345121,0.0108398914741834,-1.22793312753234e-08,1.96420499917812e-07,7.49357525919869e-07,7.37234163284302
"aizawa",3,4,Inf,3.69897000433602,5000,4,13,"smoothed",NA,NA,NA,"sg",5000,"x1;x2;x3;x1^2;x2^2;x1 x3;x2 x3;x2^3;x1^2 x3;x2^2 x3;x1 x3^2;x3^3;x1^4;x1^2 x2^2;x1^3 x3;x1 x2^2 x3;x2^3 x3;x1^2 x3^2;x2^2 x3^2;x1 x3^3;x1^4 x2;x1^4 x3;x1^2 x2^2 x3;x2^4 x3;x1^2 x2 x3^2;x2^3 x3^2;x1^2 x3^3;x2^2 x3^3",TRUE,28,"x2;x3;x1^2;x2^2;x1 x3;x2^3;x1^2 x3;x2^2 x3;x1 x3^2;x3^3;x1^4;x1^2 x2^2;x1^3 x3;x1 x2^2 x3;x2^3 x3;x2^2 x3^2;x1 x3^3;x1^4 x2;x1^2 x2^2 x3;x2^4 x3;x1^2 x2 x3^2;x2^3 x3^2;x2^2 x3^3",TRUE,23,7,21,16,FALSE,0.000138924356565678,0.649999691398164,0.649999310990371,0.650000073678807,0.650000663078016,2.99259810188342e-07,2172027.92005025,1.15853407125395e-05,0.87495015001853,6.12809362678817e-06,1.54135674074851e-07,1.30840492771284e-05,0.000380728707856881,22.4768903255463
"aizawa",3,4,Inf,3.69897000433602,5000,4,13,"raw",13,4,6,"weak/raw/m=1w/p=4",829,"x1;x2;x3;x1^2;x2^2;x1 x3;x2^3;x1^2 x3;x2^2 x3;x3^3;x1^4;x1^2 x2^2;x1^3 x3;x1 x2^2 x3;x2^3 x3;x1^2 x3^2;x2^2 x3^2;x1 x3^3;x1^4 x3;x1^2 x2^2 x3;x2^4 x3;x1^2 x2 x3^2",TRUE,22,"x3;x1^2;x2^2;x1^2 x3;x2^2 x3;x3^3;x1^3 x3;x1 x2^2 x3",TRUE,8,7,15,1,FALSE,4.51986676108795e-05,0.650029398865384,0.650029233106422,0.650029560841598,0.650029370266311,2.10126248518768e-08,30935181.8180037,3.29669662235045e-07,0.772957558784092,2.03086931044156e-07,-5.45568867411526e-07,3.81051206577028e-05,0.000114979434434503,8.99964904785156
"aizawa",3,4,Inf,3.69897000433602,5000,4,13,"raw",13,8,6,"weak/raw/m=1w/p=8",829,"x1;x2;x3;x1^2;x2^2;x1 x3;x2^3;x1^2 x3;x2^2 x3;x3^3;x1^4;x1^2 x2^2;x1^3 x3;x1 x2^2 x3;x2^3 x3;x1^2 x3^2;x2^2 x3^2;x1 x3^3;x1^4 x3;x1^2 x2^2 x3;x2^4 x3;x1^2 x2 x3^2",TRUE,22,"x3;x1^2;x2^2;x1^2 x3;x2^2 x3;x3^3;x1^3 x3;x1 x2^2 x3;x1^4 x3",TRUE,9,7,15,2,FALSE,5.49401963090279e-06,0.65000001638284,0.649999929298259,0.650000110143844,0.650000015008634,1.45541230812979e-08,44660884.8487673,2.28517823843865e-07,0.710030255452897,1.84891785050853e-07,-1.21230200780859e-08,2.37075298917933e-07,1.06468426097628e-06,10.3683934211731
"aizawa",3,4,Inf,3.69897000433602,5000,4,13,"raw",26,4,13,"weak/raw/m=2w/p=4",381,"x2;x3;x1^2;x2^2;x1 x3;x2 x3;x3^2;x1 x2^2;x2^3;x1^2 x3;x1 x2 x3;x2^2 x3;x3^3;x1^4;x1^2 x2^2;x1^3 x3;x1 x2^2 x3;x2^3 x3;x1^2 x3^2;x2^2 x3^2;x1 x3^3;x2 x3^3;x1^2 x2^3;x1^2 x2^2 x3;x2^4 x3;x1^3 x3^2;x1^2 x2 x3^2;x1 x2^2 x3^2",TRUE,28,"x3;x1^2;x2^2;x1^2 x3;x2^2 x3;x3^3;x1^3 x3",TRUE,7,7,21,0,TRUE,2.90543665948384e-06,0.650001860743518,0.650001642632147,0.650002083180131,0.650001839362148,1.61793010161508e-08,40174902.4085338,1.70374299601547e-07,0.15690176986164,1.12910110424982e-07,-3.97428322048474e-08,2.37114065456293e-06,6.96859306759112e-06,19.4448544979095
"aizawa",3,4,Inf,3.69897000433602,5000,4,13,"raw",26,8,13,"weak/raw/m=2w/p=8",381,"x3;x1^2;x2^2;x1^2 x3;x2^2 x3;x3^3;x1^3 x3;x1^2 x3^2;x2^2 x3^2;x1^2 x2^2 x3;x2^4 x3",TRUE,11,"x3;x1^2;x2^2;x1^2 x3;x2^2 x3;x3^3;x1^3 x3;x1^2 x2^2 x3",TRUE,8,7,4,1,FALSE,1.00106423717161e-06,0.650000006557513,0.649999904161574,0.650000099747814,0.649999994699402,1.75393501797756e-08,37059525.469131,1.85273780201527e-07,0.0768837773959266,1.70513340342958e-07,-1.21183052915837e-08,1.89555250962532e-07,8.15835772827178e-07,6.14013123512268
"aizawa",3,4,Inf,3.69897000433602,5000,4,13,"smoothed",13,4,6,"weak/smoothed/m=1w/p=4",829,"x1;x2;x3;x1^2;x2^2;x1 x3;x2^3;x1^2 x3;x2^2 x3;x3^3;x1^4;x1^2 x2^2;x1^3 x3;x1 x2^2 x3;x2^3 x3;x1^2 x3^2;x2^2 x3^2;x1^2 x2^2 x3;x2^4 x3;x1^2 x2 x3^2",TRUE,20,"x3;x1^2;x2^2;x1^2 x3;x2^2 x3;x3^3;x1^3 x3;x1 x2^2 x3",TRUE,8,7,13,1,FALSE,4.51764868425464e-05,0.650029383089352,0.650029228770849,0.650029540251461,0.650029381129209,2.52004390322844e-08,25794367.3241745,3.95372793881427e-07,0.753578317849281,2.30445620934109e-07,-5.45568867411526e-07,3.81051206577028e-05,0.000114979434434503,7.34448575973511
"aizawa",3,4,Inf,3.69897000433602,5000,4,13,"smoothed",13,8,6,"weak/smoothed/m=1w/p=8",829,"x1;x2;x3;x1^2;x2^2;x1 x3;x2^3;x1^2 x3;x2^2 x3;x3^3;x1^4;x1^2 x2^2;x1^3 x3;x1 x2^2 x3;x2^3 x3;x1^2 x3^2;x2^2 x3^2;x1 x3^3;x1^4 x3;x1^2 x2^2 x3;x2^4 x3;x1^2 x2 x3^2",TRUE,22,"x3;x1^2;x2^2;x1^2 x3;x2^2 x3;x3^3;x1^3 x3",TRUE,7,7,15,0,TRUE,6.45060829362887e-06,0.650000011838717,0.649999776909081,0.650000267695503,0.650000024732481,1.8526907212229e-08,35084108.6041299,2.90895472025202e-07,0.711077526449423,2.10247955016833e-07,-1.21230200780859e-08,2.37075298917933e-07,1.06468426097628e-06,9.95358657836914
"aizawa",3,4,Inf,3.69897000433602,5000,4,13,"smoothed",26,4,13,"weak/smoothed/m=2w/p=4",381,"x2;x3;x1^2;x2^2;x1 x3;x2 x3;x3^2;x1 x2^2;x2^3;x1^2 x3;x1 x2 x3;x2^2 x3;x3^3;x1^4;x1^2 x2^2;x1^3 x3;x1 x2^2 x3;x2^3 x3;x1^2 x3^2;x2^2 x3^2;x1 x3^3;x2 x3^3;x1^2 x2^3;x1^2 x2^2 x3;x2^4 x3;x1^3 x3^2;x1^2 x2 x3^2;x1 x2^2 x3^2",TRUE,28,"x3;x1^2;x2^2;x1^2 x3;x2^2 x3;x3^3;x1^3 x3",TRUE,7,7,21,0,TRUE,3.56703304538186e-06,0.650001856513192,0.650001609311123,0.650002092200483,0.650001845684914,1.97843129694219e-08,32854405.7450739,2.08336469535307e-07,0.0892717317402186,1.22854073207961e-07,-3.97428322048474e-08,2.37114065456293e-06,6.96859306759112e-06,18.5194556713104
"aizawa",3,4,Inf,3.69897000433602,5000,4,13,"smoothed",26,8,13,"weak/smoothed/m=2w/p=8",381,"x3;x1^2;x2^2;x1^2 x3;x2^2 x3;x3^3;x1^3 x3;x1^2 x3^2;x2^2 x3^2;x1^2 x2^2 x3;x2^4 x3",TRUE,11,"x3;x1^2;x2^2;x1^2 x3;x2^2 x3;x3^3;x1^3 x3;x1^2 x2^2 x3",TRUE,8,7,4,1,FALSE,1.84355867727248e-06,0.65000000909113,0.649999928585911,0.650000094328829,0.650000001652836,2.21328099317883e-08,29368164.4425669,2.33795967686396e-07,0.0276580898154131,1.96011990118969e-07,-1.21183052915837e-08,1.89555250962532e-07,8.15835772827178e-07,12.0694370269775
"aizawa",3,5,Inf,3.69897000433602,5000,4,13,"smoothed",NA,NA,NA,"sg",5000,"x3;x1^2;x2^2;x1 x3;x3^2;x1^3;x1^2 x2;x1 x2^2;x2^3;x1^2 x3;x1 x2 x3;x2^2 x3;x2 x3^2;x3^3;x1^2 x2^2;x2^4;x1^3 x3;x2^3 x3;x2^2 x3^2;x2 x3^3;x3^4;x1^2 x2^3;x2^5;x1^2 x2^2 x3;x2^4 x3;x2^3 x3^2",TRUE,26,"x3;x1^2;x2^2;x1 x3;x1^3;x1^2 x2;x1 x2^2;x2^3;x1^2 x3;x1 x2 x3;x2^2 x3;x2 x3^2;x3^3;x1^2 x2^2;x2^4;x1^3 x3;x2^3 x3;x2^2 x3^2;x2 x3^3;x3^4;x1^2 x2^3;x2^5;x1^2 x2^2 x3;x2^4 x3;x2^3 x3^2",TRUE,25,7,19,18,FALSE,0.000225008828757395,0.64999931055663,0.649998917876626,0.649999712528862,0.650000643536944,3.1467639799097e-07,2065616.13037021,1.00483445100557e-05,0.992215840508741,4.8085324536806e-06,-3.71995561423866e-08,1.11122172409318e-05,5.01449127144893e-05,42.4091720581055
"aizawa",3,5,Inf,3.69897000433602,5000,4,13,"raw",13,4,6,"weak/raw/m=1w/p=4",829,"x3;x1^2;x2^2;x1 x3;x3^2;x1^3;x1^2 x2;x1 x2^2;x2^3;x1^2 x3;x1 x2 x3;x2^2 x3;x2 x3^2;x3^3;x1^2 x2^2;x2^4;x1^3 x3;x2^3 x3;x2^2 x3^2;x2 x3^3;x3^4;x1^2 x2^3;x2^5;x1^2 x2^2 x3;x2^4 x3;x2^3 x3^2",TRUE,26,"x3;x1^2;x2^2;x1 x3;x3^2;x1^2 x2;x1 x2^2;x2^3;x1^2 x3;x1 x2 x3;x2^2 x3;x2 x3^2;x3^3;x1^3 x3;x2^3 x3;x2^2 x3^2;x2 x3^3;x3^4;x1^2 x2^3;x2^5",TRUE,20,7,19,13,FALSE,4.53651949231701e-05,0.650029427322128,0.650029362182236,0.650029493984467,0.650029368052179,2.79561606480283e-08,23251739.6160414,3.60152484088229e-07,0.763028430513625,2.57252989738773e-07,-1.33459395967952e-06,3.70842802694856e-05,7.61490433885958e-05,52.1511042118073
"aizawa",3,5,Inf,3.69897000433602,5000,4,13,"raw",13,8,6,"weak/raw/m=1w/p=8",829,"x3;x1^2;x2^2;x1 x3;x3^2;x1^2 x2;x1 x2^2;x2^3;x1^2 x3;x1 x2 x3;x2^2 x3;x2 x3^2;x3^3;x1^2 x2^2;x2^4;x1^3 x3;x2^3 x3;x2^2 x3^2;x2 x3^3;x3^4;x1^2 x2^3;x2^5;x1^2 x2^2 x3;x2^4 x3;x2^3 x3^2",TRUE,25,"x3;x1^2;x2^2;x1 x3;x1^2 x2;x1 x2^2;x2^3;x1^2 x3;x2^2 x3;x2 x3^2;x3^3;x1^3 x3;x2^3 x3;x2 x3^3;x3^4;x1^2 x2^3;x2^5",TRUE,17,7,18,10,FALSE,4.05284628107738e-06,0.650000010074609,0.649999954280356,0.650000065558616,0.650000014072028,1.97491397535103e-08,32912826.6944637,2.54722163400168e-07,0.703874323399547,2.16078634849584e-07,-8.13687362107646e-09,2.61392653798501e-07,1.08488818584274e-06,62.0252392292023
"aizawa",3,5,Inf,3.69897000433602,5000,4,13,"raw",26,4,13,"weak/raw/m=2w/p=4",381,"x3;x1^2;x2^2;x1 x3;x3^2;x1^3;x1 x2^2;x2^3;x1^2 x3;x2^2 x3;x3^3;x1^2 x2^2;x2^4;x1^3 x3;x2^3 x3;x2^2 x3^2;x3^4;x1^2 x2^3;x2^5;x2^4 x3;x1^2 x2 x3^2;x2^3 x3^2",TRUE,22,"x3;x1^2;x2^2;x1 x3;x1 x2^2;x1^2 x3;x2^2 x3;x3^3;x1^3 x3;x1^2 x2 x3^2",TRUE,10,7,15,3,FALSE,3.11314845591326e-06,0.650001883095993,0.650001809396468,0.650001961709928,0.650001836378339,2.15790052831499e-08,30121955.4770626,1.85628711509251e-07,0.110766889279731,1.54048500664771e-07,-8.96932984145916e-08,2.31848631653066e-06,4.72464690448593e-06,43.0622856616974
"aizawa",3,5,Inf,3.69897000433602,5000,4,13,"raw",26,8,13,"weak/raw/m=2w/p=8",381,"x3;x1^2;x2^2;x1 x3;x3^2;x1^3;x1 x2^2;x2^3;x1^2 x3;x2^2 x3;x3^3;x1^2 x2^2;x2^4;x1^3 x3;x2^3 x3;x2^2 x3^2;x3^4;x1^2 x2^3;x2^4 x3;x2^3 x3^2",TRUE,20,"x3;x1^2;x2^2;x1 x3;x1 x2^2;x1^2 x3;x2^2 x3;x3^3;x1^3 x3;x2^3 x3;x2^3 x3^2",TRUE,11,7,13,4,FALSE,3.42527591568054e-06,0.649999998843956,0.649999908598119,0.650000087425852,0.649999992468403,2.38171552117997e-08,27291252.3216196,2.0585749685073e-07,0.0524463517586184,1.80521104572371e-07,-7.83511780360844e-09,2.09886996214784e-07,8.17582299306174e-07,46.7121455669403
"aizawa",3,5,Inf,3.69897000433602,5000,4,13,"smoothed",13,4,6,"weak/smoothed/m=1w/p=4",829,"x3;x1^2;x2^2;x1 x3;x3^2;x1^3;x1^2 x2;x1 x2^2;x2^3;x1^2 x3;x1 x2 x3;x2^2 x3;x2 x3^2;x3^3;x1^2 x2^2;x2^4;x1^3 x3;x2^3 x3;x2^2 x3^2;x2 x3^3;x3^4;x1^2 x2^3;x2^5;x1^2 x2^2 x3;x2^4 x3;x2^3 x3^2",TRUE,26,"x3;x1^2;x2^2;x1 x3;x1^2 x2;x1 x2^2;x2^3;x1^2 x3;x1 x2 x3;x2^2 x3;x2 x3^2;x3^3;x1^3 x3;x2^2 x3^2;x2 x3^3;x1^2 x2^3;x2^5",TRUE,17,7,19,10,FALSE,4.53442396596808e-05,0.650029427076464,0.650029323304118,0.650029529869269,0.650029378577423,3.28875923667421e-08,19765185.9500293,4.2368292892612e-07,0.751385989347069,2.89634828866678e-07,-1.33459395967952e-06,3.70842802694856e-05,7.61490433885958e-05,42.3474152088165
"aizawa",3,5,Inf,3.69897000433602,5000,4,13,"smoothed",13,8,6,"weak/smoothed/m=1w/p=8",829,"x3;x1^2;x2^2;x1 x3;x3^2;x1^2 x2;x1 x2^2;x2^3;x1^2 x3;x1 x2 x3;x2^2 x3;x2 x3^2;x3^3;x1^2 x2^2;x2^4;x1^3 x3;x2^3 x3;x2^2 x3^2;x2 x3^3;x3^4;x1^2 x2^3;x2^5;x1^2 x2^2 x3;x2^4 x3;x2^3 x3^2",TRUE,25,"x3;x1^2;x2^2;x1 x3;x1^2 x2;x1 x2^2;x2^3;x1^2 x3;x2^2 x3;x2 x3^2;x3^3;x1^3 x3;x2^3 x3;x2^2 x3^2;x2 x3^3;x3^4;x1^2 x2^3;x2^5",TRUE,18,7,18,11,FALSE,5.1818813348592e-06,0.650000003962774,0.649999941646403,0.650000069425849,0.650000024838178,2.4562642361604e-08,26462951.9605045,3.16806172145868e-07,0.707008277432861,2.46706059004356e-07,-8.13687362107646e-09,2.61392653798501e-07,1.08488818584274e-06,55.5378766059875
"aizawa",3,5,Inf,3.69897000433602,5000,4,13,"smoothed",26,4,13,"weak/smoothed/m=2w/p=4",381,"x3;x1^2;x2^2;x1 x3;x3^2;x1^3;x1 x2^2;x2^3;x1^2 x3;x2^2 x3;x3^3;x1^2 x2^2;x2^4;x1^3 x3;x2^3 x3;x2^2 x3^2;x3^4;x1^2 x2^3;x2^5;x2^4 x3;x1^2 x2 x3^2;x2^3 x3^2",TRUE,22,"x3;x1^2;x2^2;x1 x3;x1 x2^2;x1^2 x3;x2^2 x3;x3^3;x1^3 x3;x1^2 x2 x3^2",TRUE,10,7,15,3,FALSE,3.09079471660922e-06,0.650001880262882,0.650001797716451,0.650001964304926,0.650001845378468,2.61564761867481e-08,24850512.7654689,2.25005410754213e-07,0.0591177661194747,1.74883246201309e-07,-8.96932984145916e-08,2.31848631653066e-06,4.72464690448593e-06,56.0526173114777
"aizawa",3,5,Inf,3.69897000433602,5000,4,13,"smoothed",26,8,13,"weak/smoothed/m=2w/p=8",381,"x3;x1^2;x2^2;x1 x3;x3^2;x1^3;x1 x2^2;x2^3;x1^2 x3;x2^2 x3;x3^3;x1^2 x2^2;x2^4;x1^3 x3;x2^3 x3;x2^2 x3^2;x3^4;x1^2 x2^3;x2^4 x3;x2^3 x3^2",TRUE,20,"x3;x1^2;x2^2;x1 x3;x1 x2^2;x1^2 x3;x2^2 x3;x3^3;x1^3 x3;x2^3 x3;x2^3 x3^2",TRUE,11,7,13,4,FALSE,4.46466619979935e-06,0.649999990839765,0.649999896635144,0.650000082848009,0.650000002273964,2.95355601576816e-08,22007370.0584585,2.55283067885242e-07,0.00948360872048515,2.10950364604522e-07,-7.83511780360844e-09,2.09886996214784e-07,8.17582299306174e-07,45.2553741931915
"aizawa",3,6,Inf,3.69897000433602,5000,4,13,"smoothed",NA,NA,NA,"sg",5000,"x3;x1^2;x2^2;x2 x3;x3^2;x1 x2^2;x1 x2 x3;x2^2 x3;x1 x3^2;x3^3;x1^4;x1^2 x2^2;x2^4;x1^3 x3;x1^2 x2 x3;x1 x2^2 x3;x1^2 x3^2;x2^2 x3^2;x3^4;x1^2 x2^3;x1^4 x3;x1^2 x2^2 x3;x2^4 x3;x2^3 x3^2",TRUE,24,"x3;x1^2;x2^2;x3^2;x1 x2^2;x1 x2 x3;x2^2 x3;x1 x3^2;x3^3;x1^4;x1^2 x2^2;x2^4;x1^3 x3;x1^2 x2 x3;x1 x2^2 x3;x1^2 x3^2;x2^2 x3^2;x3^4;x1^2 x2^3;x1^4 x3;x1^2 x2^2 x3;x2^4 x3;x2^3 x3^2",TRUE,23,6,18,17,FALSE,1,0.644620721782773,0.644177962129325,0.645048044000563,0.650000539771395,2.9026638264786e-07,2239324.21605967,1.03287687982867e-05,0.979044125557707,0.00501231416049925,-4.62967414471827e-08,1.13695375943863e-05,0.00010734460553341,11.6190390586853
"aizawa",3,6,Inf,3.69897000433602,5000,4,13,"raw",13,4,6,"weak/raw/m=1w/p=4",829,"x3;x1^2;x2^2;x2 x3;x3^2;x1 x2 x3;x2^2 x3;x1 x3^2;x3^3;x1^4;x1^2 x2^2;x2^4;x1^3 x3;x1^2 x2 x3;x1^2 x3^2;x2^2 x3^2;x3^4;x1^2 x2^3;x1^4 x3;x1^2 x2^2 x3;x2^4 x3",TRUE,21,"x3;x1^2;x2^2;x2 x3;x3^2;x1 x2 x3;x2^2 x3;x1 x3^2;x3^3;x1^4;x1^2 x2^2;x1^3 x3;x1^2 x2 x3;x1^2 x3^2;x2^2 x3^2;x3^4;x1^2 x2^3;x1^4 x3;x1^2 x2^2 x3;x2^4 x3",TRUE,20,6,15,14,FALSE,1,0.644784852693282,0.643725824469872,0.645841261459574,0.650029363363043,2.36646824798084e-08,27468332.3521316,3.41100198911366e-07,0.770775972717522,0.00489397593481034,6.03881973067999e-07,3.76164006230498e-05,7.741869886424e-05,8.9515438079834
"aizawa",3,6,Inf,3.69897000433602,5000,4,13,"raw",13,8,6,"weak/raw/m=1w/p=8",829,"x3;x1^2;x2^2;x2 x3;x3^2;x1 x2 x3;x2^2 x3;x1 x3^2;x3^3;x1^4;x1^2 x2^2;x2^4;x1^3 x3;x1^2 x2 x3;x1^2 x3^2;x2^2 x3^2;x3^4;x1^2 x2^3;x1^4 x3;x1^2 x2^2 x3;x2^4 x3",TRUE,21,"x3;x1^2;x2^2;x2 x3;x3^2;x1 x2 x3;x2^2 x3;x1 x3^2;x3^3;x1^4;x1^2 x2^2;x1^3 x3;x1^2 x2 x3;x1^2 x3^2;x2^2 x3^2;x3^4;x1^2 x2^3;x1^4 x3;x1^2 x2^2 x3;x2^4 x3",TRUE,20,6,15,14,FALSE,1,0.644664135596296,0.643591725500799,0.645749190406357,0.650000012235505,1.57113809760051e-08,41371284.4993197,2.26677996573665e-07,0.691210517845083,0.00495288733519508,-4.01865564200626e-09,2.30464572011756e-07,1.0028960472086e-06,13.8981242179871
"aizawa",3,6,Inf,3.69897000433602,5000,4,13,"raw",26,4,13,"weak/raw/m=2w/p=4",381,"x3;x1^2;x2^2;x3^2;x1 x2 x3;x2^2 x3;x1 x3^2;x2 x3^2;x3^3;x1^4;x1^2 x2^2;x2^4;x1^3 x3;x1^2 x3^2;x2^2 x3^2;x3^4;x1^2 x2^3;x1^4 x3;x1^2 x2^2 x3;x2^4 x3",TRUE,20,"x3;x1^2;x2^2;x3^2;x1 x2 x3;x2^2 x3;x1 x3^2;x3^3;x1^4;x1^2 x2^2;x1^3 x3;x1^2 x3^2;x3^4;x1^2 x2^3;x1^4 x3;x1^2 x2^2 x3;x2^4 x3",TRUE,17,6,14,11,FALSE,1,0.644922865995978,0.643514030007596,0.646373098736114,0.650001834734767,1.7289623840497e-08,37594908.9888402,1.67121312431392e-07,0.123089786866661,0.00443318770243054,4.94468098609795e-08,2.33973477792477e-06,4.56790101621696e-06,15.0731317996979
"aizawa",3,6,Inf,3.69897000433602,5000,4,13,"raw",26,8,13,"weak/raw/m=2w/p=8",381,"x3;x1^2;x2^2;x2 x3;x3^2;x1^2 x2;x1 x2 x3;x2^2 x3;x1 x3^2;x2 x3^2;x3^3;x1^4;x1^2 x2^2;x2^4;x1^3 x3;x1^2 x2 x3;x1^2 x3^2;x2^2 x3^2;x3^4;x1^2 x2^3;x1^4 x3;x1^2 x2^2 x3;x2^4 x3",TRUE,23,"x3;x1^2;x2^2;x2 x3;x3^2;x1^2 x2;x1 x2 x3;x2^2 x3;x1 x3^2;x2 x3^2;x3^3;x1^4;x1^2 x2^2;x1^3 x3;x1^2 x3^2;x3^4;x1^2 x2^3;x1^4 x3;x1^2 x2^2 x3;x2^4 x3",TRUE,20,6,17,14,FALSE,1,0.64499715820543,0.643477871126695,0.646516457207222,0.649999991070482,1.86632926267767e-08,34827723.2784697,1.81094176033428e-07,0.040252825028987,0.00451295455634505,-3.93885421217204e-09,1.8310838544174e-07,7.80404541989022e-07,14.1266391277313
"aizawa",3,6,Inf,3.69897000433602,5000,4,13,"smoothed",13,4,6,"weak/smoothed/m=1w/p=4",829,"x3;x1^2;x2^2;x2 x3;x3^2;x1 x2 x3;x2^2 x3;x1 x3^2;x3^3;x1^4;x1^2 x2^2;x2^4;x1^3 x3;x1^2 x2 x3;x1^2 x3^2;x2^2 x3^2;x3^4;x1^2 x2^3;x1^4 x3;x1^2 x2^2 x3;x2^4 x3",TRUE,21,"x3;x1^2;x2^2;x2 x3;x3^2;x1 x2 x3;x2^2 x3;x1 x3^2;x3^3;x1^4;x1^2 x2^2;x1^3 x3;x1^2 x2 x3;x1^2 x3^2;x2^2 x3^2;x3^4;x1^2 x2^3;x1^4 x3;x1^2 x2^2 x3;x2^4 x3",TRUE,20,6,15,14,FALSE,1,0.644757983236769,0.643681961607548,0.645826981119326,0.650029371686683,2.79422721280391e-08,23263296.8682028,4.0275691624244e-07,0.754620019620107,0.00489310567567968,6.03881973067999e-07,3.76164006230498e-05,7.741869886424e-05,9.00310277938843
"aizawa",3,6,Inf,3.69897000433602,5000,4,13,"smoothed",13,8,6,"weak/smoothed/m=1w/p=8",829,"x3;x1^2;x2^2;x2 x3;x3^2;x1 x2 x3;x2^2 x3;x1 x3^2;x3^3;x1^4;x1^2 x2^2;x2^4;x1^3 x3;x1^2 x2 x3;x1^2 x3^2;x2^2 x3^2;x3^4;x1^2 x2^3;x1^4 x3;x1^2 x2^2 x3;x2^4 x3",TRUE,21,"x3;x1^2;x2^2;x2 x3;x3^2;x1 x2 x3;x2^2 x3;x1 x3^2;x3^3;x1^4;x1^2 x2^2;x1^3 x3;x1^2 x2 x3;x1^2 x3^2;x2^2 x3^2;x3^4;x1^2 x2^3;x1^4 x3;x1^2 x2^2 x3;x2^4 x3",TRUE,20,6,15,14,FALSE,1,0.644668618060811,0.643655283985372,0.645760471589976,0.65000002053179,1.99298084506273e-08,32614464.014647,2.87539907471708e-07,0.696860507461205,0.00495333929037096,-4.01865564200626e-09,2.30464572011756e-07,1.0028960472086e-06,15.0568027496338
"aizawa",3,6,Inf,3.69897000433602,5000,4,13,"smoothed",26,4,13,"weak/smoothed/m=2w/p=4",381,"x3;x1^2;x2^2;x3^2;x1 x2 x3;x2^2 x3;x1 x3^2;x2 x3^2;x3^3;x1^4;x1^2 x2^2;x2^4;x1^3 x3;x1^2 x3^2;x2^2 x3^2;x3^4;x1^2 x2^3;x1^4 x3;x1^2 x2^2 x3;x2^4 x3",TRUE,20,"x3;x1^2;x2^2;x3^2;x1 x2 x3;x2^2 x3;x1 x3^2;x3^3;x1^4;x1^2 x2^2;x1^3 x3;x1^2 x3^2;x3^4;x1^2 x2^3;x1^4 x3;x1^2 x2^2 x3;x2^4 x3",TRUE,17,6,14,11,FALSE,1,0.644938385980978,0.643455006451623,0.646370978415131,0.650001841284706,2.12022012382283e-08,30657281.0049897,2.04940241339423e-07,0.0639193087409855,0.00443598312250475,4.94468098609795e-08,2.33973477792477e-06,4.56790101621696e-06,14.4727299213409
"aizawa",3,6,Inf,3.69897000433602,5000,4,13,"smoothed",26,8,13,"weak/smoothed/m=2w/p=8",381,"x3;x1^2;x2^2;x2 x3;x3^2;x1^2 x2;x1 x2 x3;x2^2 x3;x1 x3^2;x2 x3^2;x3^3;x1^4;x1^2 x2^2;x2^4;x1^3 x3;x1^2 x2 x3;x1^2 x3^2;x2^2 x3^2;x3^4;x1^2 x2^3;x1^4 x3;x1^2 x2^2 x3;x2^4 x3",TRUE,23,"x3;x1^2;x2^2;x2 x3;x3^2;x1^2 x2;x1 x2 x3;x2^2 x3;x1 x3^2;x2 x3^2;x3^3;x1^4;x1^2 x2^2;x1^3 x3;x1^2 x3^2;x3^4;x1^2 x2^3;x1^4 x3;x1^2 x2^2 x3;x2^4 x3",TRUE,20,6,17,14,FALSE,1,0.645002854352985,0.643505607304675,0.646562563500139,0.649999998078528,2.35704958822961e-08,27576848.6723585,2.28709885108463e-07,-3.04262660868687e-05,0.00451052116833568,-3.93885421217204e-09,1.8310838544174e-07,7.80404541989022e-07,15.1020514965057
"aizawa",3,7,Inf,3.69897000433602,5000,4,13,"smoothed",NA,NA,NA,"sg",5000,"x3;x1^2;x2^2;x1 x3;x3^2;x1^3;x1 x2^2;x1^2 x3;x2^2 x3;x1 x3^2;x3^3;x1^4;x1^2 x2^2;x2^4;x1^3 x3;x1^2 x3^2;x2^2 x3^2;x1 x3^3;x2 x3^3;x3^4;x1^5;x1^4 x3;x1^2 x2^2 x3;x2^4 x3;x1^3 x3^2;x3^5",TRUE,26,"x3;x1^2;x2^2;x1 x3;x1^3;x1 x2^2;x1^2 x3;x2^2 x3;x1 x3^2;x3^3;x1^4;x1^2 x2^2;x2^4;x1^3 x3;x1^2 x3^2;x2^2 x3^2;x1 x3^3;x1^5;x1^4 x3;x1^2 x2^2 x3;x2^4 x3;x1^3 x3^2",TRUE,22,7,19,15,FALSE,7.01116079271369e-05,0.650001051105068,0.650000452823248,0.650001626887836,0.649999807625629,3.40240764427953e-07,1910411.31922706,8.37903477163567e-06,0.988285105610368,5.1692694460568e-06,-1.41598204896898e-08,8.95607443083597e-06,5.56194005877364e-05,36.1396226882935
"aizawa",3,7,Inf,3.69897000433602,5000,4,13,"raw",13,4,6,"weak/raw/m=1w/p=4",829,"x3;x1^2;x2^2;x1 x3;x3^2;x1^3;x1 x2^2;x1^2 x3;x2^2 x3;x1 x3^2;x3^3;x1^4;x1^2 x2^2;x2^4;x1^3 x3;x1^2 x3^2;x2^2 x3^2;x1 x3^3;x2 x3^3;x3^4;x1^5;x1^2 x2^2 x3;x2^4 x3;x1^3 x3^2;x3^5",TRUE,25,"x3;x1^2;x2^2;x1 x3;x1^3;x1 x2^2;x1^2 x3;x2^2 x3;x1 x3^2;x3^3;x1^2 x2^2;x2^4;x1^3 x3;x1^2 x3^2;x2^2 x3^2;x1 x3^3;x1^5;x1^2 x2^2 x3",TRUE,18,7,18,11,FALSE,4.56978509841832e-05,0.650029547921207,0.650029479481326,0.650029619099203,0.65002933861106,3.27526673924344e-08,19846607.6311455,3.27003127960428e-07,0.774281514548843,2.36705270076686e-07,9.61146074407462e-07,3.02369812485669e-05,7.4978419845162e-05,66.6266419887543
"aizawa",3,7,Inf,3.69897000433602,5000,4,13,"raw",13,8,6,"weak/raw/m=1w/p=8",829,"x3;x1^2;x2^2;x1 x3;x3^2;x1^3;x1 x2^2;x1^2 x3;x2^2 x3;x1 x3^2;x3^3;x1^4;x1^2 x2^2;x2^4;x1^3 x3;x2^2 x3^2;x1 x3^3;x3^4;x1^5;x1^2 x2^2 x3;x2^4 x3;x1^3 x3^2",TRUE,22,"x3;x1^2;x2^2;x1^3;x1 x2^2;x1^2 x3;x2^2 x3;x1 x3^2;x3^3;x1^2 x2^2;x1^3 x3;x1 x3^3;x1^5;x1^2 x2^2 x3",TRUE,14,7,15,7,FALSE,5.48323914995041e-06,0.650000048821407,0.649999970241848,0.650000127327602,0.650000006736195,2.34919409821371e-08,27669063.4984332,2.34822757614084e-07,0.722690655641453,2.05829047736601e-07,-7.19762969477488e-09,2.39912641696392e-07,9.51652924241486e-07,33.0818898677826
"aizawa",3,7,Inf,3.69897000433602,5000,4,13,"raw",26,4,13,"weak/raw/m=2w/p=4",381,"x3;x1^2;x2^2;x1 x3;x3^2;x1^3;x1^2 x3;x2^2 x3;x3^3;x1^2 x2^2;x2^4;x1^3 x3;x1 x3^3;x3^4;x1^2 x2^2 x3;x1^3 x3^2",TRUE,16,"x3;x1^2;x2^2;x1 x3;x1^2 x3;x2^2 x3;x3^3;x1^3 x3",TRUE,8,7,9,1,FALSE,3.99572902898271e-06,0.650001845268901,0.650001749359464,0.650001937099458,0.650001831439794,2.58506012979051e-08,25144553.658505,1.72929320841238e-07,0.138133509671263,1.62330802285446e-07,5.61174646390206e-08,1.89391985385269e-06,4.53091038832287e-06,26.5085444450378
"aizawa",3,7,Inf,3.69897000433602,5000,4,13,"raw",26,8,13,"weak/raw/m=2w/p=8",381,"x3;x1^2;x2^2;x1 x3;x3^2;x1^3;x1 x2^2;x1^2 x3;x2^2 x3;x1 x3^2;x3^3;x1^4;x1^2 x2^2;x2^4;x1^3 x3;x2^2 x3^2;x1 x3^3;x3^4;x1^2 x2^2 x3;x2^4 x3;x1^3 x3^2",TRUE,21,"x3;x1^2;x2^2;x1 x3;x1 x2^2;x1^2 x3;x2^2 x3;x1 x3^2;x3^3;x1^3 x3;x1 x3^3;x1^3 x3^2",TRUE,12,7,14,5,FALSE,3.67790873284646e-06,0.650000025963567,0.649999935527544,0.650000118772859,0.649999990434144,2.83197315973844e-08,22952194.5926273,1.90353422682459e-07,0.0855341585198341,1.73566019972658e-07,-6.02532405829571e-09,1.93143662149491e-07,7.255541366602e-07,44.8374297618866
"aizawa",3,7,Inf,3.69897000433602,5000,4,13,"smoothed",13,4,6,"weak/smoothed/m=1w/p=4",829,"x3;x1^2;x2^2;x1 x3;x3^2;x1^3;x1 x2^2;x1^2 x3;x2^2 x3;x1 x3^2;x3^3;x1^4;x1^2 x2^2;x2^4;x1^3 x3;x1^2 x3^2;x2^2 x3^2;x1 x3^3;x2 x3^3;x3^4;x1^5;x1^2 x2^2 x3;x2^4 x3;x1^3 x3^2;x3^5",TRUE,25,"x3;x1^2;x2^2;x1^3;x1 x2^2;x1^2 x3;x2^2 x3;x1 x3^2;x3^3;x2^4;x1^3 x3;x1^2 x3^2;x2^2 x3^2;x1 x3^3;x1^5;x1^2 x2^2 x3",TRUE,16,7,18,9,FALSE,4.57409370315798e-05,0.65002955966116,0.650029477591356,0.650029642591172,0.650029346359529,3.74758820764854e-08,17345271.4210401,3.74159773122933e-07,0.765542830456852,2.70817760526265e-07,9.61146074407462e-07,3.02369812485669e-05,7.4978419845162e-05,70.2957799434662
"aizawa",3,7,Inf,3.69897000433602,5000,4,13,"smoothed",13,8,6,"weak/smoothed/m=1w/p=8",829,"x3;x1^2;x2^2;x1 x3;x3^2;x1^3;x1 x2^2;x1^2 x3;x2^2 x3;x1 x3^2;x3^3;x1^4;x1^2 x2^2;x2^4;x1^3 x3;x2^2 x3^2;x1 x3^3;x3^4;x1^5;x1^2 x2^2 x3;x2^4 x3;x1^3 x3^2",TRUE,22,"x3;x1^2;x2^2;x1^3;x1 x2^2;x1^2 x3;x2^2 x3;x1 x3^2;x3^3;x1^2 x2^2;x1^3 x3;x1 x3^3;x1^5;x1^2 x2^2 x3",TRUE,14,7,15,7,FALSE,5.81164013219171e-06,0.650000056416937,0.649999977355811,0.650000134204263,0.650000014422703,2.78517113091684e-08,23337884.2401233,2.78402522210357e-07,0.724834496950491,2.36017490478183e-07,-7.19762969477488e-09,2.39912641696392e-07,9.51652924241486e-07,36.6467826366425
"aizawa",3,7,Inf,3.69897000433602,5000,4,13,"smoothed",26,4,13,"weak/smoothed/m=2w/p=4",381,"x3;x1^2;x2^2;x1 x3;x3^2;x1^3;x1^2 x3;x2^2 x3;x3^3;x1^2 x2^2;x2^4;x1^3 x3;x1 x3^3;x3^4;x1^2 x2^2 x3;x1^3 x3^2",TRUE,16,"x3;x1^2;x2^2;x1 x3;x1^2 x3;x2^2 x3;x3^3;x1^3 x3;x1^2 x2^2 x3",TRUE,9,7,9,2,FALSE,3.89464182021237e-06,0.650001848907826,0.650001774468906,0.650001920006648,0.650001839742002,3.02087435876538e-08,21517010.0622012,2.02083403251807e-07,0.101875987736908,1.86841623139151e-07,5.61174646390206e-08,1.89391985385269e-06,4.53091038832287e-06,41.4668788909912
"aizawa",3,7,Inf,3.69897000433602,5000,4,13,"smoothed",26,8,13,"weak/smoothed/m=2w/p=8",381,"x3;x1^2;x2^2;x1 x3;x3^2;x1^3;x1 x2^2;x1^2 x3;x2^2 x3;x1 x3^2;x3^3;x1^4;x1^2 x2^2;x2^4;x1^3 x3;x2^2 x3^2;x1 x3^3;x3^4;x1^2 x2^2 x3;x2^4 x3;x1^3 x3^2",TRUE,21,"x3;x1^2;x2^2;x1 x3;x1 x2^2;x1^2 x3;x2^2 x3;x1 x3^2;x3^3;x1^3 x3;x1 x3^3;x1^2 x2^2 x3;x1^3 x3^2",TRUE,13,7,14,6,FALSE,3.98086046488055e-06,0.650000035960049,0.649999936563247,0.650000125887099,0.649999998571905,3.35379269206486e-08,19381042.8447119,2.25427953840161e-07,0.0564252989058776,1.97559449683874e-07,-6.02532405829571e-09,1.93143662149491e-07,7.255541366602e-07,48.9155399799347
"aizawa",3,8,Inf,3.69897000433602,5000,4,13,"smoothed",NA,NA,NA,"sg",5000,"x3;x1^2;x2^2;x3^2;x1^2 x3;x2^2 x3;x1 x3^2;x2 x3^2;x3^3;x1^4;x1^2 x2^2;x2^4;x1^3 x3;x1^2 x3^2;x1 x2 x3^2;x2^2 x3^2;x1 x3^3;x3^4;x1^4 x3;x1^2 x2^2 x3;x2^4 x3",TRUE,21,"x3;x1^2;x2^2;x3^2;x1^2 x3;x2^2 x3;x1 x3^2;x2 x3^2;x3^3;x1^4;x2^4;x1^3 x3;x1 x2 x3^2;x1 x3^3;x3^4;x1^4 x3;x2^4 x3",TRUE,17,7,14,10,FALSE,0.000262866746115337,0.650000206249508,0.649999540797295,0.650000879694206,0.649999828795797,3.1725706644506e-07,2048811.19301517,1.02240821791402e-05,0.990279271358212,8.14115013261418e-06,-1.09166776752545e-08,1.08717966830936e-05,5.06309088140755e-05,14.9814355373383
"aizawa",3,8,Inf,3.69897000433602,5000,4,13,"raw",13,4,6,"weak/raw/m=1w/p=4",829,"x3;x1^2;x2^2;x3^2;x1^2 x3;x2^2 x3;x1 x3^2;x3^3;x1^4;x1^2 x2^2;x2^4;x1^3 x3;x1^2 x3^2;x2^2 x3^2;x3^4;x1^4 x3;x1^2 x2^2 x3;x2^4 x3",TRUE,18,"x3;x1^2;x2^2;x3^2;x1^2 x3;x2^2 x3;x1 x3^2;x3^3;x1^3 x3;x1^2 x3^2;x2^2 x3^2;x3^4",TRUE,12,7,11,5,FALSE,4.5548814139762e-05,0.650029497709407,0.650029418060466,0.65002957717422,0.650029336505539,2.79820642245807e-08,23230213.8715886,3.6580177208891e-07,0.769839652661288,3.39511549904956e-07,-1.0279953579171e-06,3.62828738904349e-05,7.44299363840684e-05,40.7608880996704
"aizawa",3,8,Inf,3.69897000433602,5000,4,13,"raw",13,8,6,"weak/raw/m=1w/p=8",829,"x3;x1^2;x2^2;x3^2;x1^2 x3;x2^2 x3;x1 x3^2;x3^3;x1^4;x1^2 x2^2;x2^4;x1^3 x3;x1^2 x3^2;x2^2 x3^2;x3^4;x1^4 x3;x1^2 x2^2 x3;x2^4 x3",TRUE,18,"x3;x1^2;x2^2;x1^2 x3;x2^2 x3;x1 x3^2;x3^3;x1^3 x3",TRUE,8,7,11,1,FALSE,1.21288857402035e-06,0.650000029581095,0.649999965508642,0.650000092978086,0.650000013878313,1.85785696901802e-08,34986547.6577497,2.43103238354632e-07,0.701821765660361,2.39080090331049e-07,-1.22282715028711e-08,2.48223574009528e-07,1.06513607034397e-06,29.8308885097504
"aizawa",3,8,Inf,3.69897000433602,5000,4,13,"raw",26,4,13,"weak/raw/m=2w/p=4",381,"x3;x1^2;x2^2;x1^2 x3;x2^2 x3;x3^3;x1^2 x2^2;x2^4;x1^3 x3;x1^2 x3^2;x2^2 x3^2;x3^4;x1^4 x3;x1^2 x2^2 x3;x2^4 x3",TRUE,15,"x3;x1^2;x2^2;x1^2 x3;x2^2 x3;x3^3;x1^3 x3",TRUE,7,7,8,0,TRUE,2.98782059382496e-06,0.650001878245056,0.650001729482643,0.650002023321741,0.650001833554881,2.03549185518601e-08,31933403.8060045,1.78494739020042e-07,0.0995475510613454,1.75927041451125e-07,-6.84506815105333e-08,2.27099296604606e-06,4.67740417697815e-06,17.3965089321136
"aizawa",3,8,Inf,3.69897000433602,5000,4,13,"raw",26,8,13,"weak/raw/m=2w/p=8",381,"x3;x1^2;x2^2;x1^2 x3;x2^2 x3;x3^3;x1^2 x2^2;x2^4;x1^3 x3;x1^2 x3^2;x2^2 x3^2;x3^4;x1^4 x3;x1^2 x2^2 x3;x2^4 x3",TRUE,15,"x3;x1^2;x2^2;x1^2 x3;x2^2 x3;x3^3;x1^3 x3",TRUE,7,7,8,0,TRUE,9.59497447050595e-07,0.650000016583591,0.649999887951249,0.650000160487703,0.649999995961445,2.21548467086725e-08,29338952.5329915,1.95021135326731e-07,0.0313104185986526,1.94423453533242e-07,-1.21179534549136e-08,1.97941368433031e-07,7.0916910110963e-07,21.1930599212646
"aizawa",3,8,Inf,3.69897000433602,5000,4,13,"smoothed",13,4,6,"weak/smoothed/m=1w/p=4",829,"x3;x1^2;x2^2;x3^2;x1^2 x3;x2^2 x3;x1 x3^2;x3^3;x1^4;x1^2 x2^2;x2^4;x1^3 x3;x1^2 x3^2;x2^2 x3^2;x3^4;x1^4 x3;x1^2 x2^2 x3;x2^4 x3",TRUE,18,"x3;x1^2;x2^2;x3^2;x1^2 x3;x2^2 x3;x1 x3^2;x3^3;x1^3 x3;x1^2 x3^2;x3^4",TRUE,11,7,11,4,FALSE,4.55392203322358e-05,0.650029499449139,0.650029403309451,0.650029599543897,0.650029343870326,3.25836696761012e-08,19949543.7540326,4.25957283129581e-07,0.75649801814215,4.00863637962839e-07,-1.0279953579171e-06,3.62828738904349e-05,7.44299363840684e-05,35.9826996326447
"aizawa",3,8,Inf,3.69897000433602,5000,4,13,"smoothed",13,8,6,"weak/smoothed/m=1w/p=8",829,"x3;x1^2;x2^2;x3^2;x1^2 x3;x2^2 x3;x1 x3^2;x3^3;x1^4;x1^2 x2^2;x2^4;x1^3 x3;x1^2 x3^2;x2^2 x3^2;x3^4;x1^4 x3;x1^2 x2^2 x3;x2^4 x3",TRUE,18,"x3;x1^2;x2^2;x1^2 x3;x2^2 x3;x1 x3^2;x3^3;x1^3 x3",TRUE,8,7,11,1,FALSE,1.6731479299259e-06,0.650000023426183,0.649999876029858,0.650000159141779,0.650000021232141,2.3095157947452e-08,28144428.4863118,3.02203439494319e-07,0.704245235526326,2.96814491058524e-07,-1.22282715028711e-08,2.48223574009528e-07,1.06513607034397e-06,27.8107924461365
"aizawa",3,8,Inf,3.69897000433602,5000,4,13,"smoothed",26,4,13,"weak/smoothed/m=2w/p=4",381,"x3;x1^2;x2^2;x1^2 x3;x2^2 x3;x3^3;x1^2 x2^2;x2^4;x1^3 x3;x1^2 x3^2;x2^2 x3^2;x3^4;x1^4 x3;x1^2 x2^2 x3;x2^4 x3",TRUE,15,"x3;x1^2;x2^2;x1^2 x3;x2^2 x3;x3^3;x1^3 x3",TRUE,7,7,8,0,TRUE,2.96715659864333e-06,0.650001880935388,0.65000179468289,0.65000196433551,0.650001841411283,2.46360183065612e-08,26384208.4107467,2.16036218803843e-07,0.0512063464488596,2.14728488267886e-07,-6.84506815105333e-08,2.27099296604606e-06,4.67740417697815e-06,24.088840007782
"aizawa",3,8,Inf,3.69897000433602,5000,4,13,"smoothed",26,8,13,"weak/smoothed/m=2w/p=8",381,"x3;x1^2;x2^2;x1^2 x3;x2^2 x3;x3^3;x1^2 x2^2;x2^4;x1^3 x3;x1^2 x3^2;x2^2 x3^2;x3^4;x1^4 x3;x1^2 x2^2 x3;x2^4 x3",TRUE,15,"x3;x1^2;x2^2;x1^2 x3;x2^2 x3;x3^3;x1^3 x3",TRUE,7,7,8,0,TRUE,8.60285020665152e-07,0.650000018983543,0.649999937256043,0.65000010175193,0.650000003807137,2.74678767195405e-08,23664006.1568621,2.41789823626491e-07,-0.00559120836561712,2.40976192496913e-07,-1.21179534549136e-08,1.97941368433031e-07,7.0916910110963e-07,32.6360297203064
"aizawa",3,9,Inf,3.69897000433602,5000,4,13,"smoothed",NA,NA,NA,"sg",5000,"x3;x1^2;x2^2;x2 x3;x3^2;x1^2 x3;x1 x3^2;x3^3;x1^4;x1^2 x2^2;x2^4;x1^3 x3;x1^2 x2 x3;x1 x2^2 x3;x1^2 x3^2;x1 x2 x3^2;x2^2 x3^2;x3^4;x1^2 x2^3;x1^4 x3;x1^2 x2^2 x3;x2^4 x3",TRUE,22,"x3;x1^2;x2^2;x2 x3;x3^2;x1^2 x3;x1 x3^2;x3^3;x1^4;x1^2 x2^2;x2^4;x1^3 x3;x1^2 x2 x3;x1 x2^2 x3;x1^2 x3^2;x1 x2 x3^2;x2^2 x3^2;x3^4;x1^2 x2^3;x1^4 x3;x1^2 x2^2 x3;x2^4 x3",TRUE,22,6,16,16,FALSE,1,0.644304498416475,0.643807920126021,0.644791169757699,0.650000122599408,3.0502956160566e-07,2130941.40508166,1.06233975875198e-05,0.979150360275556,0.00552694566515574,1.14050102425467e-07,1.15530513687985e-05,0.00011248763045979,11.2048120498657
"aizawa",3,9,Inf,3.69897000433602,5000,4,13,"raw",13,4,6,"weak/raw/m=1w/p=4",829,"x3;x1^2;x2^2;x2 x3;x3^2;x1^2 x3;x3^3;x1^4;x1^2 x2^2;x2^4;x1^3 x3;x1^2 x2 x3;x1^2 x3^2;x2^2 x3^2;x3^4;x1^2 x2^3;x1^4 x3;x1^2 x2^2 x3;x2^4 x3",TRUE,19,"x3;x1^2;x2^2;x2 x3;x3^2;x1^2 x3;x3^3;x1^2 x2^2;x2^4;x1^3 x3;x1^2 x2 x3;x2^2 x3^2;x3^4;x1^2 x2^3;x1^2 x2^2 x3;x2^4 x3",TRUE,16,6,13,10,FALSE,1,0.644934223314853,0.643735175863659,0.646124193715805,0.650029347383341,2.58465976542603e-08,25149513.1420594,3.65301183918627e-07,0.769522319791005,0.00546253596855826,-1.75973518827869e-07,3.79066340694559e-05,7.45245638701375e-05,8.17135882377625
"aizawa",3,9,Inf,3.69897000433602,5000,4,13,"raw",13,8,6,"weak/raw/m=1w/p=8",829,"x3;x1^2;x2^2;x2 x3;x3^2;x1^2 x3;x1 x3^2;x3^3;x1^4;x1^2 x2^2;x2^4;x1^3 x3;x1^2 x2 x3;x1^2 x3^2;x2^2 x3^2;x3^4;x1^2 x2^3;x1^4 x3;x1^2 x2^2 x3;x2^4 x3",TRUE,20,"x3;x1^2;x2^2;x2 x3;x3^2;x1^2 x3;x1 x3^2;x3^3;x1^2 x2^2;x2^4;x1^3 x3;x1^2 x2 x3;x2^2 x3^2;x3^4;x1^2 x2^3;x1^4 x3;x1^2 x2^2 x3;x2^4 x3",TRUE,18,6,14,12,FALSE,1,0.644822375913647,0.643574526393051,0.646042589041769,0.650000006950018,1.74390764488212e-08,37272616.4058967,2.46701821038266e-07,0.697582534538381,0.00552237342772659,-8.8355126552496e-09,2.52092748108473e-07,1.01698488796931e-06,7.6745240688324
"aizawa",3,9,Inf,3.69897000433602,5000,4,13,"raw",26,4,13,"weak/raw/m=2w/p=4",381,"x3;x1^2;x2^2;x2 x3;x3^2;x1^2 x3;x1 x3^2;x3^3;x1^4;x1^2 x2^2;x2^4;x1^3 x3;x1^2 x2 x3;x1^2 x3^2;x2^2 x3^2;x3^4;x2^5;x1^4 x3;x1^2 x2^2 x3;x2^4 x3",TRUE,20,"x3;x1^2;x2^2;x2 x3;x3^2;x1^2 x3;x1 x3^2;x3^3;x1^2 x2^2;x2^4;x1^3 x3;x1^2 x2 x3;x2^2 x3^2;x3^4;x2^5;x1^2 x2^2 x3;x2^4 x3",TRUE,17,6,14,11,FALSE,1,0.644974762500243,0.643457572881559,0.646414340819523,0.650001829085374,1.90087532545598e-08,34194869.0890315,1.80385803643269e-07,0.119030726704526,0.00434454776333593,-3.34603693921097e-09,2.35685844100078e-06,4.67215766486451e-06,8.00451755523682
"aizawa",3,9,Inf,3.69897000433602,5000,4,13,"raw",26,8,13,"weak/raw/m=2w/p=8",381,"x3;x1^2;x2^2;x2 x3;x3^2;x1^2 x3;x1 x3^2;x3^3;x1^4;x1^2 x2^2;x2^4;x1^3 x3;x1^2 x2 x3;x1^2 x3^2;x2^2 x3^2;x3^4;x2^5;x1^4 x3;x1^2 x2^2 x3;x2^4 x3",TRUE,20,"x3;x1^2;x2^2;x2 x3;x3^2;x1^2 x3;x1 x3^2;x3^3;x1^2 x2^2;x2^4;x1^3 x3;x2^2 x3^2;x3^4;x2^5;x1^2 x2^2 x3;x2^4 x3",TRUE,16,6,14,10,FALSE,1,0.644718354524021,0.643196012689502,0.646255237770384,0.649999987161675,2.07609919842425e-08,31308715.2894727,1.97746712579651e-07,0.0383306078632881,0.00454096065776799,-1.01490914205848e-08,2.01031606319713e-07,7.90624650859328e-07,8.0986475944519
"aizawa",3,9,Inf,3.69897000433602,5000,4,13,"smoothed",13,4,6,"weak/smoothed/m=1w/p=4",829,"x3;x1^2;x2^2;x2 x3;x3^2;x1^2 x3;x3^3;x1^4;x1^2 x2^2;x2^4;x1^3 x3;x1^2 x2 x3;x1^2 x3^2;x2^2 x3^2;x3^4;x1^2 x2^3;x1^4 x3;x1^2 x2^2 x3;x2^4 x3",TRUE,19,"x3;x1^2;x2^2;x2 x3;x3^2;x1^2 x3;x3^3;x1^2 x2^2;x2^4;x1^3 x3;x1^2 x2 x3;x2^2 x3^2;x3^4;x1^2 x2^3;x1^2 x2^2 x3;x2^4 x3",TRUE,16,6,13,10,FALSE,1,0.644946594161403,0.643742914671482,0.646160497112701,0.650029354743772,3.02642122122981e-08,21478482.5781663,4.27737246141621e-07,0.754397984075384,0.00546388772039442,-1.75973518827869e-07,3.79066340694559e-05,7.45245638701375e-05,7.89649391174316
"aizawa",3,9,Inf,3.69897000433602,5000,4,13,"smoothed",13,8,6,"weak/smoothed/m=1w/p=8",829,"x3;x1^2;x2^2;x2 x3;x3^2;x1^2 x3;x1 x3^2;x3^3;x1^4;x1^2 x2^2;x2^4;x1^3 x3;x1^2 x2 x3;x1^2 x3^2;x2^2 x3^2;x3^4;x1^2 x2^3;x1^4 x3;x1^2 x2^2 x3;x2^4 x3",TRUE,20,"x3;x1^2;x2^2;x2 x3;x3^2;x1^2 x3;x1 x3^2;x3^3;x1^2 x2^2;x2^4;x1^3 x3;x1^2 x2 x3;x2^2 x3^2;x3^4;x1^2 x2^3;x1^4 x3;x1^2 x2^2 x3;x2^4 x3",TRUE,18,6,14,12,FALSE,1,0.644846069457388,0.6436175743388,0.646039376099214,0.650000014425668,2.17939371967973e-08,29824809.0079469,3.08307838780205e-07,0.700697440530005,0.00552043943603854,-8.8355126552496e-09,2.52092748108473e-07,1.01698488796931e-06,7.86855053901672
"aizawa",3,9,Inf,3.69897000433602,5000,4,13,"smoothed",26,4,13,"weak/smoothed/m=2w/p=4",381,"x3;x1^2;x2^2;x2 x3;x3^2;x1^2 x3;x1 x3^2;x3^3;x1^4;x1^2 x2^2;x2^4;x1^3 x3;x1^2 x2 x3;x1^2 x3^2;x2^2 x3^2;x3^4;x2^5;x1^4 x3;x1^2 x2^2 x3;x2^4 x3",TRUE,20,"x3;x1^2;x2^2;x2 x3;x3^2;x1^2 x3;x1 x3^2;x3^3;x1^2 x2^2;x2^4;x1^3 x3;x1^2 x2 x3;x2^2 x3^2;x3^4;x2^5;x1^2 x2^2 x3;x2^4 x3",TRUE,17,6,14,11,FALSE,1,0.645014698140985,0.643542790054411,0.646488285911587,0.650001835877085,2.2998693845646e-08,28262554.3971985,2.18248814041547e-07,0.0588634892372837,0.00434010009141302,-3.34603693921097e-09,2.35685844100078e-06,4.67215766486451e-06,8.18325328826904
"aizawa",3,9,Inf,3.69897000433602,5000,4,13,"smoothed",26,8,13,"weak/smoothed/m=2w/p=8",381,"x3;x1^2;x2^2;x2 x3;x3^2;x1^2 x3;x1 x3^2;x3^3;x1^4;x1^2 x2^2;x2^4;x1^3 x3;x1^2 x2 x3;x1^2 x3^2;x2^2 x3^2;x3^4;x2^5;x1^4 x3;x1^2 x2^2 x3;x2^4 x3",TRUE,20,"x3;x1^2;x2^2;x2 x3;x3^2;x1^2 x3;x1 x3^2;x3^3;x1^2 x2^2;x2^4;x1^3 x3;x2^2 x3^2;x3^4;x2^5;x1^2 x2^2 x3;x2^4 x3",TRUE,16,6,14,10,FALSE,1,0.644721711869117,0.643236464029693,0.64618871714554,0.649999994100046,2.57874219397321e-08,25206086.7355862,2.45623036520563e-07,-0.00321150692914851,0.00453051715339009,-1.01490914205848e-08,2.01031606319713e-07,7.90624650859328e-07,7.97517585754395
"aizawa",3,10,Inf,3.69897000433602,5000,4,13,"smoothed",NA,NA,NA,"sg",5000,"x1;x3;x1^2;x2^2;x1 x3;x2 x3;x3^2;x1^3;x2^2 x3;x2 x3^2;x3^3;x1^4;x1^2 x2^2;x2^4;x1^3 x3;x1^2 x2 x3;x1 x2^2 x3;x2^3 x3;x1^2 x3^2;x2^2 x3^2;x2 x3^3;x3^4;x1^4 x2;x1^2 x2^3;x1 x2^4;x1^4 x3;x1^2 x2^2 x3;x2^4 x3;x1^3 x3^2;x1^2 x3^3;x2^2 x3^3;x1 x3^4",TRUE,32,"x1;x3;x1^2;x2^2;x1 x3;x2 x3;x3^2;x1^3;x2^2 x3;x2 x3^2;x3^3;x1^4;x1^2 x2^2;x2^4;x1^3 x3;x1^2 x2 x3;x1 x2^2 x3;x2^3 x3;x1^2 x3^2;x2^2 x3^2;x2 x3^3;x3^4;x1^4 x2;x1 x2^4;x1^4 x3;x1^2 x2^2 x3;x2^4 x3;x1^3 x3^2;x1^2 x3^3;x2^2 x3^3;x1 x3^4",TRUE,31,6,26,25,FALSE,1,0.650627526044817,0.650225869407425,0.651054806164047,0.65000011082513,2.12253621592091e-07,3062374.65325468,9.23495919454979e-06,0.971881093669762,0.00607645791100008,-4.66106019730406e-08,9.91171677241772e-06,0.000130736000576115,11.5404229164124
"aizawa",3,10,Inf,3.69897000433602,5000,4,13,"raw",13,4,6,"weak/raw/m=1w/p=4",829,"x1;x3;x1^2;x2^2;x1 x3;x2 x3;x3^2;x1^2 x3;x2^2 x3;x2 x3^2;x3^3;x1^4;x1^3 x2;x1^2 x2^2;x1 x2^3;x2^4;x1^3 x3;x1^2 x2 x3;x1 x2^2 x3;x2^3 x3;x1^2 x3^2;x2^2 x3^2;x2 x3^3;x3^4;x1^4 x2;x1^3 x2^2;x1^2 x2^3;x1 x2^4;x1^4 x3;x1^2 x2^2 x3;x2^4 x3;x1^3 x3^2;x1^2 x2 x3^2;x1^2 x3^3;x2^2 x3^3;x1 x3^4",TRUE,36,"x1;x3;x1^2;x2^2;x3^2;x1^2 x3;x2^2 x3;x3^3;x1^3 x3;x1^2 x2 x3;x1 x2^2 x3;x1 x2^4;x1^4 x3;x1^2 x2 x3^2;x1^2 x3^3",TRUE,15,7,29,8,FALSE,4.56784961233581e-05,0.650029477359818,0.650029367658707,0.650029583838051,0.650029343131585,1.87301494224351e-08,34704973.7015433,3.29237848145417e-07,0.781918958675687,1.57887664963133e-07,3.78724096860591e-07,3.36803190725324e-05,7.65276313382524e-05,22.988926410675
"aizawa",3,10,Inf,3.69897000433602,5000,4,13,"raw",13,8,6,"weak/raw/m=1w/p=8",829,"x1;x3;x1^2;x2^2;x1 x3;x2 x3;x3^2;x1^3;x1^2 x2;x1^2 x3;x2^2 x3;x2 x3^2;x3^3;x1^4;x1^3 x2;x1^2 x2^2;x1 x2^3;x2^4;x1^3 x3;x1^2 x2 x3;x1 x2^2 x3;x2^3 x3;x1^2 x3^2;x2^2 x3^2;x2 x3^3;x3^4;x1^4 x2;x1^3 x2^2;x1^2 x2^3;x1 x2^4;x2^5;x1^4 x3;x1^2 x2^2 x3;x2^4 x3;x1^3 x3^2;x1^2 x2 x3^2;x2^3 x3^2;x1^2 x3^3;x1 x2 x3^3;x2^2 x3^3;x1 x3^4;x3^5",TRUE,42,"x3;x1^2;x2^2;x1^2 x2;x1^2 x3;x2^2 x3;x3^3;x1^3 x3;x1 x2^2 x3;x2^3 x3;x2^2 x3^2;x1^4 x2;x1^3 x2^2;x1^2 x2^3;x1 x2^4;x2^5;x2^4 x3;x1^3 x3^2;x2^3 x3^2;x1^2 x3^3;x2^2 x3^3",TRUE,21,7,35,14,FALSE,3.42390893459665e-06,0.650000017014348,0.649999934084517,0.650000099609273,0.650000001627574,1.26565538375311e-08,51356791.9017653,2.22549769408002e-07,0.682601294957802,1.37056536411727e-07,-1.49652745866357e-08,2.26953492152209e-07,1.13855077665814e-06,59.8113079071045
"aizawa",3,10,Inf,3.69897000433602,5000,4,13,"raw",26,4,13,"weak/raw/m=2w/p=4",381,"x1;x2;x3;x1^2;x2^2;x1 x3;x2 x3;x3^2;x1^2 x3;x2^2 x3;x2 x3^2;x3^3;x1^4;x1^2 x2^2;x1 x2^3;x2^4;x1^3 x3;x1^2 x2 x3;x1 x2^2 x3;x2^3 x3;x1^2 x3^2;x2^2 x3^2;x2 x3^3;x3^4;x1^4 x2;x1^3 x2^2;x1^2 x2^3;x1^4 x3;x1^2 x2^2 x3;x2^4 x3;x1^2 x2 x3^2;x1^2 x3^3;x2^2 x3^3;x1 x3^4",TRUE,34,"x3;x1^2;x2^2;x1^2 x3;x2^2 x3;x3^3;x1^3 x3;x1 x2^2 x3;x1^2 x2 x3^2",TRUE,9,7,27,2,FALSE,3.0061050200203e-06,0.650001853787771,0.650001754600601,0.650001957979711,0.650001822559371,1.40429801987706e-08,46286601.0888684,1.65789499062681e-07,0.188124347095477,1.11866600628755e-07,1.20939966353001e-08,2.10352400530028e-06,4.71789703782033e-06,49.4649713039398
"aizawa",3,10,Inf,3.69897000433602,5000,4,13,"raw",26,8,13,"weak/raw/m=2w/p=8",381,"x1;x2;x3;x1^2;x2^2;x1 x3;x2 x3;x3^2;x1^2 x3;x2^2 x3;x2 x3^2;x3^3;x1^2 x2^2;x1 x2^3;x2^4;x1^3 x3;x1^2 x2 x3;x1 x2^2 x3;x2^3 x3;x1^2 x3^2;x2^2 x3^2;x2 x3^3;x3^4;x1^5;x1^3 x2^2;x1^4 x3;x1^2 x2^2 x3;x2^4 x3;x1^2 x2 x3^2;x1^2 x3^3;x2^2 x3^3;x1 x3^4;x2 x3^4",TRUE,33,"x3;x1^2;x2^2;x1^2 x3;x2^2 x3;x3^3;x1^3 x3;x1^2 x2 x3;x1 x2^2 x3;x1^2 x2 x3^2",TRUE,10,7,26,3,FALSE,2.89375057971331e-06,0.650000000290947,0.649999874836102,0.65000012263206,0.649999981192642,1.51059667064308e-08,43029353.4882431,1.78577706697736e-07,0.0803535347146143,1.22826383109861e-07,-1.53893116870452e-08,1.81387089223793e-07,8.54570500030682e-07,33.0758106708527
"aizawa",3,10,Inf,3.69897000433602,5000,4,13,"smoothed",13,4,6,"weak/smoothed/m=1w/p=4",829,"x1;x3;x1^2;x2^2;x1 x3;x2 x3;x3^2;x1^2 x3;x2^2 x3;x2 x3^2;x3^3;x1^4;x1^3 x2;x1^2 x2^2;x1 x2^3;x2^4;x1^3 x3;x1^2 x2 x3;x1 x2^2 x3;x2^3 x3;x1^2 x3^2;x2^2 x3^2;x2 x3^3;x3^4;x1^4 x2;x1^3 x2^2;x1^2 x2^3;x1 x2^4;x1^4 x3;x1^2 x2^2 x3;x2^4 x3;x1^3 x3^2;x1^2 x2 x3^2;x1^2 x3^3;x2^2 x3^3;x1 x3^4",TRUE,36,"x3;x1^2;x2^2;x1^2 x3;x2^2 x3;x3^3;x1^3 x3;x1^2 x2 x3;x1 x2^2 x3;x1^2 x3^2;x1 x2^4;x1^4 x3;x1^2 x2 x3^2;x1^2 x3^3",TRUE,14,7,29,7,FALSE,4.56983269181421e-05,0.650029472282749,0.650029337312978,0.650029603535077,0.650029347830274,2.15798074257865e-08,30122110.684525,3.79329026337673e-07,0.762387086718771,1.60989884465317e-07,3.78724096860591e-07,3.36803190725324e-05,7.65276313382524e-05,31.8938565254211
"aizawa",3,10,Inf,3.69897000433602,5000,4,13,"smoothed",13,8,6,"weak/smoothed/m=1w/p=8",829,"x1;x3;x1^2;x2^2;x1 x3;x2 x3;x3^2;x1^3;x1^2 x2;x1^2 x3;x2^2 x3;x2 x3^2;x3^3;x1^4;x1^3 x2;x1^2 x2^2;x1 x2^3;x2^4;x1^3 x3;x1^2 x2 x3;x1 x2^2 x3;x2^3 x3;x1^2 x3^2;x2^2 x3^2;x2 x3^3;x3^4;x1^4 x2;x1^3 x2^2;x1^2 x2^3;x1 x2^4;x2^5;x1^4 x3;x1^2 x2^2 x3;x2^4 x3;x1^3 x3^2;x1^2 x2 x3^2;x2^3 x3^2;x1^2 x3^3;x1 x2 x3^3;x2^2 x3^3;x1 x3^4;x3^5",TRUE,42,"x3;x1^2;x2^2;x1^2 x2;x1^2 x3;x2^2 x3;x3^3;x1^3 x3;x1 x2^2 x3;x2^3 x3;x2^2 x3^2;x1^4 x2;x1^3 x2^2;x1^2 x2^3;x1 x2^4;x2^4 x3;x2^3 x3^2;x2^2 x3^3",TRUE,18,7,35,11,FALSE,3.91932078058765e-06,0.650000017285055,0.649999918440183,0.650000115813295,0.650000007051724,1.54705701863215e-08,42015258.5989641,2.72030748972561e-07,0.690154476122638,1.3466957740317e-07,-1.49652745866357e-08,2.26953492152209e-07,1.13855077665814e-06,54.8957087993622
"aizawa",3,10,Inf,3.69897000433602,5000,4,13,"smoothed",26,4,13,"weak/smoothed/m=2w/p=4",381,"x1;x2;x3;x1^2;x2^2;x1 x3;x2 x3;x3^2;x1^2 x3;x2^2 x3;x2 x3^2;x3^3;x1^4;x1^2 x2^2;x1 x2^3;x2^4;x1^3 x3;x1^2 x2 x3;x1 x2^2 x3;x2^3 x3;x1^2 x3^2;x2^2 x3^2;x2 x3^3;x3^4;x1^4 x2;x1^3 x2^2;x1^2 x2^3;x1^4 x3;x1^2 x2^2 x3;x2^4 x3;x1^2 x2 x3^2;x1^2 x3^3;x2^2 x3^3;x1 x3^4",TRUE,34,"x3;x1^2;x2^2;x2 x3;x1^2 x3;x2^2 x3;x3^3;x1 x2^3;x1^3 x3;x1^2 x2 x3;x1 x2^2 x3;x1^2 x2 x3^2",TRUE,12,7,27,5,FALSE,2.93649337690383e-06,0.650001843840982,0.650001759459089,0.650001928431499,0.650001826968996,1.65818461947895e-08,39199605.3595797,1.95763002494498e-07,0.106325148338528,1.17635510632228e-07,1.20939966353001e-08,2.10352400530028e-06,4.71789703782033e-06,41.9634230136871
"aizawa",3,10,Inf,3.69897000433602,5000,4,13,"smoothed",26,8,13,"weak/smoothed/m=2w/p=8",381,"x1;x2;x3;x1^2;x2^2;x1 x3;x2 x3;x3^2;x1^2 x3;x2^2 x3;x2 x3^2;x3^3;x1^2 x2^2;x1 x2^3;x2^4;x1^3 x3;x1^2 x2 x3;x1 x2^2 x3;x2^3 x3;x1^2 x3^2;x2^2 x3^2;x2 x3^3;x3^4;x1^5;x1^3 x2^2;x1^4 x3;x1^2 x2^2 x3;x2^4 x3;x1^2 x2 x3^2;x1^2 x3^3;x2^2 x3^3;x1 x3^4;x2 x3^4",TRUE,33,"x3;x1^2;x2^2;x2 x3;x1^2 x3;x2^2 x3;x3^3;x1 x2^3;x1^3 x3;x1^2 x2 x3;x1 x2^2 x3;x2 x3^3;x1^5;x1^2 x2^2 x3;x1^2 x2 x3^2;x2 x3^4",TRUE,16,7,26,9,FALSE,3.7949781510338e-06,0.650000000771584,0.649999920390066,0.650000086264831,0.649999985843546,1.84029661093655e-08,35320392.4835113,2.17553734915806e-07,0.0221153296455547,1.20623076663658e-07,-1.53893116870452e-08,1.81387089223793e-07,8.54570500030682e-07,41.9590094089508
"aizawa",3,11,Inf,3.69897000433602,5000,4,13,"smoothed",NA,NA,NA,"sg",5000,"x3;x1^2;x2^2;x3^2;x1^2 x3;x2^2 x3;x3^3;x1^4;x1^2 x2^2;x2^4;x1^3 x3;x1^2 x3^2;x1 x2 x3^2;x2^2 x3^2;x2 x3^3;x3^4;x1^5;x1 x2^4;x1^2 x2^2 x3;x1^2 x3^3;x2^2 x3^3",TRUE,21,"x3;x1^2;x2^2;x3^2;x1^2 x3;x2^2 x3;x3^3;x1^4;x1^2 x2^2;x2^4;x1^3 x3;x1 x2 x3^2;x2^2 x3^2;x2 x3^3;x1^5;x1 x2^4;x1^2 x2^2 x3;x1^2 x3^3",TRUE,18,7,14,11,FALSE,6.76047801750901e-05,0.650000617162891,0.650000146561179,0.65000108008956,0.649999835091023,2.09986134197529e-07,3095441.69463867,9.13099653756951e-06,0.989248133828124,7.20182129038992e-06,-2.48910585227691e-08,9.71442822217363e-06,5.24188508451706e-05,24.8319082260132
"aizawa",3,11,Inf,3.69897000433602,5000,4,13,"raw",13,4,6,"weak/raw/m=1w/p=4",829,"x3;x1^2;x2^2;x3^2;x1^3;x1^2 x3;x2^2 x3;x3^3;x1^4;x1^2 x2^2;x2^4;x1^3 x3;x2^2 x3^2;x2 x3^3;x3^4;x1 x2^4;x1^2 x2^2 x3;x1^3 x3^2;x1 x2^2 x3^2;x1^2 x3^3;x2^2 x3^3",TRUE,21,"x3;x1^2;x2^2;x1^2 x3;x2^2 x3;x3^3;x1^2 x2^2;x1^3 x3;x1^3 x3^2;x1 x2^2 x3^2",TRUE,10,7,14,3,FALSE,4.56772334347377e-05,0.650029444416823,0.650029358731524,0.650029533530747,0.650029339004138,1.77998421769779e-08,36518825.9840235,3.13689474872959e-07,0.781404022533227,1.94289210914875e-07,4.87974160824143e-08,3.36791111203845e-05,8.15845464602338e-05,19.685218334198
"aizawa",3,11,Inf,3.69897000433602,5000,4,13,"raw",13,8,6,"weak/raw/m=1w/p=8",829,"x3;x1^2;x2^2;x1^2 x3;x2^2 x3;x3^3;x1^3 x3",TRUE,7,"x3;x1^2;x2^2;x1^2 x3;x2^2 x3;x3^3;x1^3 x3",TRUE,7,7,0,0,TRUE,3.85054713669675e-07,0.650000006729062,0.64999991372431,0.650000092084043,0.650000003913445,1.14046905636147e-08,56994093.8149773,2.01047698123991e-07,0.687982769413022,2.01072963480318e-07,-1.01856165128043e-08,2.03746735306336e-07,1.03665722461788e-06,1.97291088104248
"aizawa",3,11,Inf,3.69897000433602,5000,4,13,"raw",26,4,13,"weak/raw/m=2w/p=4",381,"x3;x1^2;x2^2;x3^2;x1^3;x1^2 x3;x2^2 x3;x3^3;x1^4;x1^2 x2^2;x1^3 x3;x1 x2^2 x3;x1^2 x3^2;x2^2 x3^2;x2 x3^3;x3^4;x1^5;x1^2 x2^2 x3;x1 x2^2 x3^2;x1^2 x3^3;x2^2 x3^3",TRUE,21,"x3;x1^2;x2^2;x1^2 x3;x2^2 x3;x3^3;x1^3 x3;x1^5;x1 x2^2 x3^2",TRUE,9,7,14,2,FALSE,2.99011931792492e-06,0.65000186122113,0.650001794249484,0.650001927594249,0.650001826382075,1.26006485140966e-08,51584791.5013982,1.49417564630429e-07,0.16199655730874,1.19291875298015e-07,5.19912959025023e-09,2.10191788120834e-06,4.63558985563939e-06,20.2256207466125
"aizawa",3,11,Inf,3.69897000433602,5000,4,13,"raw",26,8,13,"weak/raw/m=2w/p=8",381,"x3;x1^2;x2^2;x1^2 x3;x2^2 x3;x3^3;x1^3 x3",TRUE,7,"x3;x1^2;x2^2;x1^2 x3;x2^2 x3;x3^3;x1^3 x3",TRUE,7,7,0,0,TRUE,2.77823942879118e-07,0.649999984764024,0.649999794545593,0.650000179439565,0.649999985415922,1.34765272292084e-08,48232009.2083619,1.59992291319048e-07,0.0661027049722233,1.60115867408647e-07,-1.07160087371173e-08,1.61031350771845e-07,7.47394104494425e-07,2.13259863853455
"aizawa",3,11,Inf,3.69897000433602,5000,4,13,"smoothed",13,4,6,"weak/smoothed/m=1w/p=4",829,"x3;x1^2;x2^2;x3^2;x1^3;x1^2 x3;x2^2 x3;x3^3;x1^4;x1^2 x2^2;x2^4;x1^3 x3;x2^2 x3^2;x2 x3^3;x3^4;x1 x2^4;x1^2 x2^2 x3;x1^3 x3^2;x1 x2^2 x3^2;x1^2 x3^3;x2^2 x3^3",TRUE,21,"x3;x1^2;x2^2;x1^3;x1^2 x3;x2^2 x3;x3^3;x1^2 x2^2;x1^3 x3;x1^2 x2^2 x3;x1^3 x3^2;x1 x2^2 x3^2",TRUE,12,7,14,5,FALSE,4.57384087502177e-05,0.6500294468893,0.650029362893925,0.6500295376935,0.650029341431069,2.06286479859184e-08,31511000.7148696,3.63541972791278e-07,0.762933809905763,2.29545319549026e-07,4.87974160824143e-08,3.36791111203845e-05,8.15845464602338e-05,20.1673057079315
"aizawa",3,11,Inf,3.69897000433602,5000,4,13,"smoothed",13,8,6,"weak/smoothed/m=1w/p=8",829,"x3;x1^2;x2^2;x3^2;x1^3;x1^2 x3;x2^2 x3;x3^3;x1^4;x1^2 x2^2;x2^4;x1^3 x3;x1^2 x3^2;x2^2 x3^2;x2 x3^3;x3^4;x1 x2^4;x1^2 x2^2 x3;x1^3 x3^2;x1 x2^2 x3^2;x1^2 x3^3;x2^2 x3^3",TRUE,22,"x3;x1^2;x2^2;x1^3;x1^2 x3;x2^2 x3;x3^3;x1^3 x3;x1 x2^4;x1^2 x2^2 x3;x1^3 x3^2;x1 x2^2 x3^2",TRUE,12,7,15,5,FALSE,9.14501599780237e-07,0.650000009509996,0.649999945762998,0.650000073975838,0.650000005779594,1.41510992747897e-08,45932827.7724386,2.4946279020738e-07,0.69233928926426,1.94722963624458e-07,-1.01856165128043e-08,2.03746735306336e-07,1.03665722461788e-06,23.8320748806
"aizawa",3,11,Inf,3.69897000433602,5000,4,13,"smoothed",26,4,13,"weak/smoothed/m=2w/p=4",381,"x3;x1^2;x2^2;x3^2;x1^3;x1^2 x3;x2^2 x3;x3^3;x1^4;x1^2 x2^2;x1^3 x3;x1 x2^2 x3;x1^2 x3^2;x2^2 x3^2;x2 x3^3;x3^4;x1^5;x1^2 x2^2 x3;x1 x2^2 x3^2;x1^2 x3^3;x2^2 x3^3",TRUE,21,"x3;x1^2;x2^2;x1^2 x3;x2^2 x3;x3^3;x1^3 x3;x1^5;x1 x2^2 x3^2",TRUE,9,7,14,2,FALSE,2.94530222211264e-06,0.65000186085803,0.650001797328496,0.650001932077933,0.650001829832494,1.51122803910134e-08,43011498.7953123,1.79200310599675e-07,0.0850971031133552,1.40532120499408e-07,5.19912959025023e-09,2.10191788120834e-06,4.63558985563939e-06,26.3109738826752
"aizawa",3,11,Inf,3.69897000433602,5000,4,13,"smoothed",26,8,13,"weak/smoothed/m=2w/p=8",381,"x3;x1^2;x2^2;x1^2 x3;x2^2 x3;x3^3;x1^3 x3",TRUE,7,"x3;x1^2;x2^2;x1^2 x3;x2^2 x3;x3^3;x1^3 x3",TRUE,7,7,0,0,TRUE,4.50252423817021e-07,0.649999987429893,0.649999877976649,0.650000097148149,0.649999988913761,1.66191356142733e-08,39111540.0945108,1.9730109516058e-07,0.0110928726602245,1.9732971397109e-07,-1.07160087371173e-08,1.61031350771845e-07,7.47394104494425e-07,2.33035707473755
"aizawa",3,12,Inf,3.69897000433602,5000,4,13,"smoothed",NA,NA,NA,"sg",5000,"x1;x3;x1^2;x2^2;x1 x3;x2 x3;x3^2;x1^3;x1^2 x2;x2^3;x1^2 x3;x1 x2 x3;x2^2 x3;x2 x3^2;x3^3;x1^2 x2^2;x1^3 x3;x1 x2^2 x3;x1 x3^3;x3^4",TRUE,20,"x1;x3;x1^2;x2^2;x2 x3;x1^3;x1^2 x2;x2^3;x1^2 x3;x1 x2 x3;x2^2 x3;x2 x3^2;x3^3;x1^2 x2^2;x1^3 x3;x1 x2^2 x3;x1 x3^3;x3^4",TRUE,18,7,13,11,FALSE,0.000264395945691054,0.650000364328796,0.649999797157172,0.650000921256185,0.649997637140851,3.76952673404233e-07,1724348.12909209,1.57355591400598e-05,0.9657562943028,8.16038871627e-06,6.10290261869384e-07,1.70252208687372e-05,0.000311503713512962,7.67530107498169
"aizawa",3,12,Inf,3.69897000433602,5000,4,13,"raw",13,4,6,"weak/raw/m=1w/p=4",829,"x1;x3;x1^2;x2^2;x1 x3;x3^2;x1^3;x1^2 x2;x2^3;x1^2 x3;x1 x2 x3;x2^2 x3;x2 x3^2;x3^3;x1^2 x2^2;x1^3 x3;x1 x2^2 x3;x1 x3^3;x3^4;x1^2 x2^2 x3;x2 x3^4",TRUE,21,"x3;x1^2;x2^2;x1^3;x1^2 x3;x1 x2 x3;x2^2 x3;x3^3;x1^3 x3;x1 x2^2 x3",TRUE,10,7,14,3,FALSE,4.68531730146715e-05,0.650029387553657,0.650029258949753,0.650029510778934,0.650029307011941,1.81094432138039e-08,35894494.3440588,3.06629258376612e-07,0.78713932100485,1.60754819483485e-07,-6.5851053689856e-07,2.95380397543e-05,0.000198965034579168,10.2769601345062
"aizawa",3,12,Inf,3.69897000433602,5000,4,13,"raw",13,8,6,"weak/raw/m=1w/p=8",829,"x1;x3;x1^2;x2^2;x1 x3;x2 x3;x3^2;x1^3;x1^2 x2;x2^3;x1^2 x3;x1 x2 x3;x2^2 x3;x2 x3^2;x3^3;x1^2 x2^2;x1^3 x3;x1 x2^2 x3;x1 x3^3;x3^4;x1^2 x2^2 x3",TRUE,21,"x3;x1^2;x2^2;x1^2 x3;x2^2 x3;x3^3;x1^2 x2^2;x1^3 x3;x1 x2^2 x3",TRUE,9,7,14,2,FALSE,4.22519613810235e-06,0.649999977070228,0.649999856488402,0.650000099980189,0.650000019593792,1.01796398012686e-08,63852948.8551047,1.72465104076241e-07,0.691113368438545,1.49032288543631e-07,4.66424641705526e-09,1.73751429546098e-07,8.89631246780986e-07,11.3495280742645
"aizawa",3,12,Inf,3.69897000433602,5000,4,13,"raw",26,4,13,"weak/raw/m=2w/p=4",381,"x1;x2;x3;x1^2;x1 x2;x2^2;x1 x3;x3^2;x1^3;x1^2 x2;x1^2 x3;x1 x2 x3;x2^2 x3;x3^3;x1^4;x1^3 x2;x1^2 x2^2;x1 x2^3;x1^3 x3;x1 x2^2 x3;x2^3 x3;x1 x2 x3^2;x1 x3^3;x3^4;x1^2 x2^3;x1^4 x3;x1^3 x2 x3;x1^2 x2^2 x3;x1^2 x2 x3^2;x2^2 x3^3",TRUE,30,"x3;x1^2;x2^2;x1^2 x3;x2^2 x3;x3^3;x1^3 x3;x1 x2^2 x3;x1^2 x2 x3^2",TRUE,9,7,23,2,FALSE,5.48522381099703e-06,0.650001889857652,0.650001783616212,0.650002000529276,0.65000183890658,1.15767574515275e-08,56147141.5142084,1.31073564585513e-07,0.213064282677049,8.80505621650947e-08,-6.0955619458345e-09,1.75355780317352e-06,1.13783950800306e-05,21.1554529666901
"aizawa",3,12,Inf,3.69897000433602,5000,4,13,"raw",26,8,13,"weak/raw/m=2w/p=8",381,"x1;x3;x1^2;x2^2;x1 x3;x3^2;x1^3;x1^2 x2;x1^2 x3;x2^2 x3;x3^3;x1^4;x1^3 x2;x1^2 x2^2;x1 x2^3;x1^3 x3;x2^3 x3;x1 x3^3;x3^4;x1^2 x2^3;x1^4 x3;x1^2 x2^2 x3;x1^2 x2 x3^2;x2^2 x3^3",TRUE,24,"x3;x1^2;x2^2;x1^2 x3;x2^2 x3;x3^3;x1^3 x3;x2^3 x3;x1^2 x2 x3^2",TRUE,9,7,17,2,FALSE,7.12812809583463e-06,0.650000030176603,0.649999915930389,0.650000142629161,0.650000004251411,1.20805047387918e-08,53805699.2075996,1.36914844677937e-07,0.125711995295788,1.09489530208819e-07,3.82964286762567e-09,1.37944671354659e-07,6.80308913314498e-07,19.9269239902496
"aizawa",3,12,Inf,3.69897000433602,5000,4,13,"smoothed",13,4,6,"weak/smoothed/m=1w/p=4",829,"x1;x3;x1^2;x2^2;x1 x3;x3^2;x1^3;x1^2 x2;x2^3;x1^2 x3;x1 x2 x3;x2^2 x3;x2 x3^2;x3^3;x1^2 x2^2;x1^3 x3;x1 x2^2 x3;x1 x3^3;x3^4;x1^2 x2^2 x3",TRUE,20,"x3;x1^2;x2^2;x1^3;x1^2 x3;x1 x2 x3;x2^2 x3;x3^3;x1^3 x3;x1 x2^2 x3",TRUE,10,7,13,3,FALSE,4.71823421324125e-05,0.650029375526214,0.650029205278855,0.650029542731029,0.650029299518284,2.37511057756444e-08,27368380.4728308,4.0215393850614e-07,0.713189463260733,2.20192060886284e-07,-6.5851053689856e-07,2.95380397543e-05,0.000198965034579168,8.55729985237122
"aizawa",3,12,Inf,3.69897000433602,5000,4,13,"smoothed",13,8,6,"weak/smoothed/m=1w/p=8",829,"x1;x3;x1^2;x2^2;x1 x3;x2 x3;x3^2;x1^3;x1^2 x2;x2^3;x1^2 x3;x1 x2 x3;x2^2 x3;x2 x3^2;x3^3;x1^2 x2^2;x1^3 x3;x1 x2^2 x3;x1 x3^3;x3^4;x1^2 x2^2 x3",TRUE,21,"x3;x1^2;x2^2;x3^2;x1^3;x2^3;x1^2 x3;x1 x2 x3;x2^2 x3;x2 x3^2;x3^3;x1^3 x3;x1 x2^2 x3;x3^4;x1^2 x2^2 x3",TRUE,15,7,14,8,FALSE,7.07269083854989e-06,0.649999944000713,0.649999828973291,0.650000077102816,0.65000001236847,1.70774772531155e-08,38061828.614053,2.89329380244819e-07,0.583549543167599,2.18567032802177e-07,4.66424641705526e-09,1.73751429546098e-07,8.89631246780986e-07,9.69104671478271
"aizawa",3,12,Inf,3.69897000433602,5000,4,13,"smoothed",26,4,13,"weak/smoothed/m=2w/p=4",381,"x1;x2;x3;x1^2;x1 x2;x2^2;x1 x3;x3^2;x1^3;x1^2 x2;x1^2 x3;x1 x2 x3;x2^2 x3;x3^3;x1^4;x1^3 x2;x1^2 x2^2;x1 x2^3;x1^3 x3;x1 x2^2 x3;x2^3 x3;x1 x2 x3^2;x1 x3^3;x3^4;x1^2 x2^3;x1^4 x3;x1^3 x2 x3;x1^2 x2^2 x3;x1^2 x2 x3^2;x2^2 x3^3",TRUE,30,"x3;x1^2;x2^2;x1^2 x3;x2^2 x3;x3^3;x1^3 x3;x1 x2^2 x3;x1^2 x2 x3^2",TRUE,9,7,23,2,FALSE,5.33537815303187e-06,0.650001902568985,0.650001796658097,0.650002003534752,0.650001850884514,1.31027117481598e-08,49608192.8212915,1.48350618500625e-07,0.101990830483709,9.60881687557838e-08,-6.0955619458345e-09,1.75355780317352e-06,1.13783950800306e-05,19.6540815830231
"aizawa",3,12,Inf,3.69897000433602,5000,4,13,"smoothed",26,8,13,"weak/smoothed/m=2w/p=8",381,"x1;x3;x1^2;x2^2;x1 x3;x3^2;x1^3;x1^2 x2;x1^2 x3;x2^2 x3;x3^3;x1^4;x1^3 x2;x1^2 x2^2;x1 x2^3;x1^3 x3;x2^3 x3;x1 x3^3;x3^4;x1^2 x2^3;x1^4 x3;x1^2 x2^2 x3;x1^2 x2 x3^2;x2^2 x3^3",TRUE,24,"x3;x1^2;x2^2;x1^2 x3;x2^2 x3;x3^3;x1 x2^3;x1^3 x3;x2^3 x3;x1^2 x2 x3^2",TRUE,10,7,17,3,FALSE,6.82400167845154e-06,0.650000037705447,0.649999941849829,0.650000130332092,0.650000021847504,1.53377222944809e-08,42379175.301759,1.73830639008998e-07,0.0486108567011998,1.23379333967612e-07,3.82964286762567e-09,1.37944671354659e-07,6.80308913314498e-07,12.8669455051422
"aizawa",3,13,Inf,3.69897000433602,5000,4,13,"smoothed",NA,NA,NA,"sg",5000,"x2;x3;x1^2;x1 x2;x2^2;x1 x3;x3^2;x1^3;x1^2 x2;x1 x2^2;x2^3;x2^2 x3;x2 x3^2;x3^3;x1^4;x1^3 x2;x1^2 x2^2;x2^4;x1^3 x3;x1^2 x2 x3;x1 x2^2 x3;x2^3 x3;x1^2 x3^2;x1 x2 x3^2;x2^2 x3^2;x1 x3^3;x2 x3^3;x3^4;x1^5;x1^4 x2;x1^3 x2^2;x1^2 x2^3;x2^5;x1^4 x3;x1^2 x2^2 x3;x2^4 x3;x1^3 x3^2;x1^2 x2 x3^2;x1 x2^2 x3^2;x1^2 x3^3;x2^2 x3^3;x1 x3^4",TRUE,42,"x2;x3;x1^2;x1 x2;x2^2;x1 x3;x1^3;x1^2 x2;x1 x2^2;x2^3;x2^2 x3;x2 x3^2;x3^3;x1^4;x1^3 x2;x1^2 x2^2;x2^4;x1^3 x3;x1^2 x2 x3;x1 x2^2 x3;x2^3 x3;x1^2 x3^2;x1 x2 x3^2;x2^2 x3^2;x1 x3^3;x2 x3^3;x3^4;x1^5;x1^4 x2;x1^3 x2^2;x1^2 x2^3;x2^5;x1^4 x3;x1^2 x2^2 x3;x2^4 x3;x1^3 x3^2;x1^2 x2 x3^2;x1 x2^2 x3^2;x1^2 x3^3;x2^2 x3^3;x1 x3^4",TRUE,41,6,36,35,FALSE,1.28438418571522,0.654438582753445,0.653501760992809,0.655350673254095,0.650000251515132,3.31255257065419e-07,1962233.76882669,1.38118128057002e-05,0.779599765629283,0.010725383315788,3.85635934810979e-07,1.52683060425531e-05,0.000595143909408846,38.0269973278046
"aizawa",3,13,Inf,3.69897000433602,5000,4,13,"raw",13,4,6,"weak/raw/m=1w/p=4",829,"x2;x3;x1^2;x1 x2;x2^2;x1 x3;x3^2;x1^3;x1^2 x2;x2^3;x1 x2 x3;x2^2 x3;x2 x3^2;x3^3;x1^4;x1^2 x2^2;x2^4;x1^3 x3;x1^2 x2 x3;x1 x2^2 x3;x2^3 x3;x1^2 x3^2;x1 x2 x3^2;x2^2 x3^2;x1 x3^3;x2 x3^3;x3^4;x1^5;x1^4 x2;x1^3 x2^2;x1^2 x2^3;x1^4 x3;x1^3 x2 x3;x1^2 x2^2 x3;x1 x2^3 x3;x2^4 x3;x1^3 x3^2;x1^2 x2 x3^2;x1 x2^2 x3^2;x2^2 x3^3;x1 x3^4",TRUE,41,"x3;x1^2;x1 x2;x2^2;x1 x3;x1^3;x1^2 x2;x1 x2 x3;x2^2 x3;x2 x3^2;x3^3;x1^3 x3;x1 x2^2 x3;x2^3 x3;x1^2 x3^2;x1 x2 x3^2;x2 x3^3;x3^4;x1^5;x1^4 x2;x1^3 x2^2;x1^2 x2^3;x1^4 x3;x1^2 x2^2 x3;x2^4 x3;x1^2 x2 x3^2;x1 x2^2 x3^2;x1 x3^4",TRUE,28,6,35,22,FALSE,1,0.653101433420545,0.65116865005647,0.655112236047023,0.650029355356946,2.00882616206191e-08,32358666.3511859,3.40271228288285e-07,0.761739291964063,0.0100518418202008,-9.52427384509551e-08,3.6749692352275e-05,0.000143186119544336,24.3212387561798
"aizawa",3,13,Inf,3.69897000433602,5000,4,13,"raw",13,8,6,"weak/raw/m=1w/p=8",829,"x2;x3;x1^2;x1 x2;x2^2;x1 x3;x3^2;x1^3;x1^2 x2;x2^3;x1 x2 x3;x2^2 x3;x2 x3^2;x3^3;x1^4;x1^2 x2^2;x2^4;x1^3 x3;x1^2 x2 x3;x1 x2^2 x3;x2^3 x3;x1^2 x3^2;x1 x2 x3^2;x2^2 x3^2;x1 x3^3;x2 x3^3;x3^4;x1^5;x1^4 x2;x1^3 x2^2;x1^2 x2^3;x1^4 x3;x1^3 x2 x3;x1^2 x2^2 x3;x1 x2^3 x3;x2^4 x3;x1^3 x3^2;x1^2 x2 x3^2;x1 x2^2 x3^2;x2^2 x3^3;x1 x3^4",TRUE,41,"x3;x1^2;x1 x2;x2^2;x1 x3;x1^3;x1^2 x2;x1 x2 x3;x2^2 x3;x2 x3^2;x3^3;x1^3 x3;x1 x2^2 x3;x2^3 x3;x1^2 x3^2;x1 x2 x3^2;x2 x3^3;x3^4;x1^5;x1^4 x2;x1^3 x2^2;x1^2 x2^3;x1^4 x3;x1^2 x2^2 x3;x2^4 x3;x1^2 x2 x3^2;x1 x2^2 x3^2;x1 x3^4",TRUE,28,6,35,22,FALSE,1,0.653106171925785,0.651191356969647,0.654990597021856,0.650000014366787,1.43754641619231e-08,45215932.3027962,2.4361262487178e-07,0.698867291711607,0.0101625969006157,-6.89798775129646e-10,2.46276886329341e-07,9.7030956147659e-07,13.9755616188049
"aizawa",3,13,Inf,3.69897000433602,5000,4,13,"raw",26,4,13,"weak/raw/m=2w/p=4",381,"x2;x3;x1^2;x1 x2;x2^2;x1 x3;x3^2;x1^3;x1^2 x2;x1 x2^2;x1^2 x3;x2^2 x3;x2 x3^2;x3^3;x1^2 x2^2;x1^3 x3;x1^2 x2 x3;x1 x2^2 x3;x2^3 x3;x1^2 x3^2;x1 x2 x3^2;x2^2 x3^2;x1 x3^3;x2 x3^3;x3^4;x1^5;x1^4 x2;x1^3 x2^2;x1 x2^4;x1^4 x3;x1^3 x2 x3;x1^2 x2^2 x3;x1 x2^3 x3;x2^4 x3;x1^3 x3^2;x1^2 x2 x3^2;x1 x2^2 x3^2;x2^3 x3^2;x1^2 x3^3;x2^2 x3^3;x1 x3^4",TRUE,41,"x3;x1^2;x2^2;x1^2 x3;x2^2 x3;x3^3;x1^3 x3;x1^2 x2 x3;x2^3 x3;x1^2 x2 x3^2;x2^3 x3^2",TRUE,11,7,34,4,FALSE,1.09501316210292e-05,0.650001869547173,0.650001773909314,0.65000196723132,0.650001836722051,1.54019195206888e-08,42202651.159742,1.75751492081386e-07,0.154557674321143,1.0200918590322e-07,1.24947310966625e-08,2.2674515177386e-06,8.4104713803379e-06,66.0384318828583
"aizawa",3,13,Inf,3.69897000433602,5000,4,13,"raw",26,8,13,"weak/raw/m=2w/p=8",381,"x2;x3;x1^2;x2^2;x1 x3;x3^2;x1^3;x1^2 x2;x1 x2^2;x1^2 x3;x2^2 x3;x2 x3^2;x3^3;x1^3 x2;x1^2 x2^2;x2^4;x1^3 x3;x1 x2^2 x3;x2^3 x3;x1^2 x3^2;x1 x2 x3^2;x2^2 x3^2;x1 x3^3;x2 x3^3;x3^4;x1^4 x2;x1^2 x2^3;x1^4 x3;x1^3 x2 x3;x1^2 x2^2 x3;x1 x2^3 x3;x2^4 x3;x1^3 x3^2;x1^2 x2 x3^2;x1 x2^2 x3^2;x2^3 x3^2;x1^2 x3^3;x2^2 x3^3",TRUE,38,"x3;x1^2;x2^2;x1^2 x3;x2^2 x3;x3^3;x1^3 x3;x1^2 x2 x3^2",TRUE,8,7,31,1,FALSE,1.08283467725734e-06,0.650000008117676,0.649999869477892,0.650000138644737,0.649999994573754,1.7173441258929e-08,37849140.7035732,1.96318511989079e-07,0.0835219805076548,1.28046094626887e-07,-1.74308957498314e-09,1.97613577266305e-07,7.62657092701069e-07,36.2729575634003
"aizawa",3,13,Inf,3.69897000433602,5000,4,13,"smoothed",13,4,6,"weak/smoothed/m=1w/p=4",829,"x2;x3;x1^2;x1 x2;x2^2;x1 x3;x3^2;x1^3;x1^2 x2;x2^3;x1 x2 x3;x2^2 x3;x2 x3^2;x3^3;x1^4;x1^2 x2^2;x2^4;x1^3 x3;x1^2 x2 x3;x1 x2^2 x3;x2^3 x3;x1^2 x3^2;x1 x2 x3^2;x2^2 x3^2;x1 x3^3;x2 x3^3;x3^4;x1^5;x1^4 x2;x1^3 x2^2;x1^2 x2^3;x1^4 x3;x1^3 x2 x3;x1^2 x2^2 x3;x1 x2^3 x3;x2^4 x3;x1^3 x3^2;x1^2 x2 x3^2;x1 x2^2 x3^2;x2^2 x3^3;x1 x3^4",TRUE,41,"x3;x1^2;x1 x2;x2^2;x1 x3;x1^3;x1^2 x2;x1 x2 x3;x2^2 x3;x2 x3^2;x3^3;x1^3 x3;x1 x2^2 x3;x2^3 x3;x1^2 x3^2;x1 x2 x3^2;x2 x3^3;x3^4;x1^5;x1^4 x2;x1^3 x2^2;x1^2 x2^3;x1^4 x3;x1^2 x2^2 x3;x2^4 x3;x1^2 x2 x3^2;x1 x2^2 x3^2;x1 x3^4",TRUE,28,6,35,22,FALSE,1,0.65303732293955,0.651179657699777,0.654965511279069,0.650029363303341,2.38535819641913e-08,27250807.2070332,4.04051269537737e-07,0.744030906751738,0.0100522328060111,-9.52427384509551e-08,3.6749692352275e-05,0.000143186119544336,22.2252140045166
"aizawa",3,13,Inf,3.69897000433602,5000,4,13,"smoothed",13,8,6,"weak/smoothed/m=1w/p=8",829,"x2;x3;x1^2;x1 x2;x2^2;x1 x3;x3^2;x1^3;x1^2 x2;x2^3;x1 x2 x3;x2^2 x3;x2 x3^2;x3^3;x1^4;x1^2 x2^2;x2^4;x1^3 x3;x1^2 x2 x3;x1 x2^2 x3;x2^3 x3;x1^2 x3^2;x1 x2 x3^2;x2^2 x3^2;x1 x3^3;x2 x3^3;x3^4;x1^5;x1^4 x2;x1^3 x2^2;x1^2 x2^3;x1^4 x3;x1^3 x2 x3;x1^2 x2^2 x3;x1 x2^3 x3;x2^4 x3;x1^3 x3^2;x1^2 x2 x3^2;x1 x2^2 x3^2;x2^2 x3^3;x1 x3^4",TRUE,41,"x3;x1^2;x1 x2;x2^2;x1 x3;x1^3;x1^2 x2;x1 x2 x3;x2^2 x3;x2 x3^2;x3^3;x1^3 x3;x1 x2^2 x3;x2^3 x3;x1^2 x3^2;x1 x2 x3^2;x2 x3^3;x3^4;x1^5;x1^4 x2;x1^3 x2^2;x1^2 x2^3;x1^4 x3;x1^2 x2^2 x3;x2^4 x3;x1^2 x2 x3^2;x1 x2^2 x3^2;x1 x3^4",TRUE,28,6,35,22,FALSE,1,0.653082287759978,0.65114259097155,0.655104339840542,0.650000021621479,1.77872836046063e-08,36542961.5938181,3.01430742472332e-07,0.699840431534078,0.0101618895302378,-6.89798775129646e-10,2.46276886329341e-07,9.7030956147659e-07,14.4666707515717
"aizawa",3,13,Inf,3.69897000433602,5000,4,13,"smoothed",26,4,13,"weak/smoothed/m=2w/p=4",381,"x2;x3;x1^2;x1 x2;x2^2;x1 x3;x3^2;x1^3;x1^2 x2;x1 x2^2;x1^2 x3;x2^2 x3;x2 x3^2;x3^3;x1^2 x2^2;x1^3 x3;x1^2 x2 x3;x1 x2^2 x3;x2^3 x3;x1^2 x3^2;x1 x2 x3^2;x2^2 x3^2;x1 x3^3;x2 x3^3;x3^4;x1^5;x1^4 x2;x1^3 x2^2;x1 x2^4;x1^4 x3;x1^3 x2 x3;x1^2 x2^2 x3;x1 x2^3 x3;x2^4 x3;x1^3 x3^2;x1^2 x2 x3^2;x1 x2^2 x3^2;x2^3 x3^2;x1^2 x3^3;x2^2 x3^3;x1 x3^4",TRUE,41,"x3;x1^2;x2^2;x1^2 x3;x2^2 x3;x3^3;x1^3 x3;x1^2 x2 x3;x2^3 x3;x1^2 x2 x3^2;x2^3 x3^2",TRUE,11,7,34,4,FALSE,9.99203958435002e-06,0.650001869039357,0.650001747669189,0.650001996481965,0.650001842359993,1.83836513962338e-08,35357602.7063458,2.097760703907e-07,0.0961379665972175,1.01987293101688e-07,1.24947310966625e-08,2.2674515177386e-06,8.4104713803379e-06,51.0092060565948
"aizawa",3,13,Inf,3.69897000433602,5000,4,13,"smoothed",26,8,13,"weak/smoothed/m=2w/p=8",381,"x2;x3;x1^2;x2^2;x1 x3;x3^2;x1^3;x1^2 x2;x1 x2^2;x1^2 x3;x2^2 x3;x2 x3^2;x3^3;x1^3 x2;x1^2 x2^2;x2^4;x1^3 x3;x1 x2^2 x3;x2^3 x3;x1^2 x3^2;x1 x2 x3^2;x2^2 x3^2;x1 x3^3;x2 x3^3;x3^4;x1^4 x2;x1^2 x2^3;x1^4 x3;x1^3 x2 x3;x1^2 x2^2 x3;x1 x2^3 x3;x2^4 x3;x1^3 x3^2;x1^2 x2 x3^2;x1 x2^2 x3^2;x2^3 x3^2;x1^2 x3^3;x2^2 x3^3",TRUE,38,"x3;x1^2;x2^2;x1^2 x3;x2^2 x3;x3^3;x1^3 x3;x1^4 x2;x1^2 x2 x3^2",TRUE,9,7,31,2,FALSE,1.33740096996959e-06,0.650000013911833,0.649999847607929,0.650000188451849,0.650000000427178,2.08801300812029e-08,31130074.2811144,2.38691593261699e-07,0.0361555695406832,1.3116804994195e-07,-1.74308957498314e-09,1.97613577266305e-07,7.62657092701069e-07,33.2675030231476
"aizawa",3,14,Inf,3.69897000433602,5000,4,13,"smoothed",NA,NA,NA,"sg",5000,"x2;x3;x1^2;x1 x2;x2^2;x1 x3;x3^2;x1^3;x1^2 x2;x1 x2^2;x2^3;x1^2 x3;x1 x2 x3;x2^2 x3;x2 x3^2;x3^3;x1^2 x2^2;x2^4;x1^3 x3;x1^2 x2 x3;x1 x2^2 x3;x2^3 x3;x1^2 x3^2;x1 x2 x3^2;x2^2 x3^2;x1 x3^3;x2 x3^3;x3^4;x1^5;x1^4 x2;x1^3 x2^2;x1^2 x2^3;x1 x2^4;x2^5;x1^4 x3;x1^3 x2 x3;x1^2 x2^2 x3;x1 x2^3 x3;x2^4 x3;x1^3 x3^2;x1^2 x2 x3^2;x1 x2^2 x3^2;x2^3 x3^2;x1^2 x3^3;x2^2 x3^3",TRUE,45,"x2;x3;x1^2;x2^2;x1 x3;x3^2;x1^3;x1^2 x2;x1 x2^2;x2^3;x1^2 x3;x1 x2 x3;x2^2 x3;x2 x3^2;x3^3;x1^2 x2^2;x2^4;x1^3 x3;x1^2 x2 x3;x1 x2^2 x3;x2^3 x3;x1^2 x3^2;x1 x2 x3^2;x1 x3^3;x2 x3^3;x3^4;x1^5;x1^4 x2;x1^3 x2^2;x1^2 x2^3;x1 x2^4;x1^4 x3;x1^3 x2 x3;x1^2 x2^2 x3;x1 x2^3 x3;x2^4 x3;x1^3 x3^2;x1^2 x2 x3^2;x1 x2^2 x3^2;x2^3 x3^2;x1^2 x3^3;x2^2 x3^3",TRUE,42,7,38,35,FALSE,0.00021916074192968,0.650000692673622,0.650000510387304,0.650000873992624,0.649999910216457,2.3135601352075e-07,2809522.4339529,1.02603806062348e-05,0.967026504287656,2.73168184523263e-06,-1.55434189922254e-07,1.05735101643369e-05,0.000131359630474503,47.1651937961578
"aizawa",3,14,Inf,3.69897000433602,5000,4,13,"raw",13,4,6,"weak/raw/m=1w/p=4",829,"x3;x1^2;x2^2;x1 x3;x3^2;x1^2 x2;x1 x2^2;x2^3;x1^2 x3;x1 x2 x3;x2^2 x3;x1 x3^2;x2 x3^2;x3^3;x1^4;x1^2 x2^2;x2^4;x1^3 x3;x1^2 x2 x3;x1 x2^2 x3;x2^3 x3;x1^2 x3^2;x2^2 x3^2;x1 x3^3;x2 x3^3;x3^4;x1^4 x2;x1^3 x2^2;x1^2 x2^3;x1 x2^4;x2^5;x1^3 x2 x3;x1^2 x2^2 x3;x1 x2^3 x3;x2^4 x3;x1^3 x3^2;x1^2 x2 x3^2;x1 x2^2 x3^2;x2^3 x3^2;x1^2 x3^3;x2^2 x3^3",TRUE,41,"x3;x1^2;x2^2;x1^2 x3;x2^2 x3;x3^3;x1^3 x3;x1^2 x2 x3;x1^2 x3^2;x1^3 x3^2;x1^2 x2 x3^2;x2^3 x3^2;x1^2 x3^3",TRUE,13,7,34,6,FALSE,4.54573220498578e-05,0.650029429570973,0.650029319931225,0.650029539021863,0.650029355177513,1.79756381615494e-08,36161684.4606914,3.23966447827151e-07,0.771584587269067,1.35837823890267e-07,8.54362021926716e-08,3.45057279200726e-05,0.000138853426999597,30.4818866252899
"aizawa",3,14,Inf,3.69897000433602,5000,4,13,"raw",13,8,6,"weak/raw/m=1w/p=8",829,"x3;x1^2;x2^2;x1 x3;x3^2;x1^2 x2;x1 x2^2;x2^3;x1^2 x3;x1 x2 x3;x2^2 x3;x1 x3^2;x2 x3^2;x3^3;x1^4;x1^2 x2^2;x2^4;x1^3 x3;x1^2 x2 x3;x1 x2^2 x3;x2^3 x3;x1^2 x3^2;x2^2 x3^2;x1 x3^3;x2 x3^3;x3^4;x1^4 x2;x1^3 x2^2;x1^2 x2^3;x1 x2^4;x2^5;x1^3 x2 x3;x1^2 x2^2 x3;x1 x2^3 x3;x2^4 x3;x1^3 x3^2;x1^2 x2 x3^2;x1 x2^2 x3^2;x2^3 x3^2;x1^2 x3^3;x2^2 x3^3",TRUE,41,"x3;x1^2;x2^2;x1^2 x3;x2^2 x3;x3^3;x1^3 x3;x1^2 x2 x3;x2^3 x3;x1^2 x3^2;x1^3 x3^2;x1^2 x2 x3^2;x1 x2^2 x3^2;x2^3 x3^2;x1^2 x3^3",TRUE,15,7,34,8,FALSE,2.7637615168663e-06,0.650000000251248,0.649999919132061,0.650000076515448,0.650000019343482,1.17115220106197e-08,55500900.6305141,2.11139954500568e-07,0.688727664272102,1.33439233611989e-07,1.89420827984164e-09,2.14438478352788e-07,8.67539209026269e-07,31.8938426971436
"aizawa",3,14,Inf,3.69897000433602,5000,4,13,"raw",26,4,13,"weak/raw/m=2w/p=4",381,"x1;x2;x3;x1^2;x2^2;x1 x3;x3^2;x1 x2^2;x1^2 x3;x1 x2 x3;x2^2 x3;x1 x3^2;x2 x3^2;x3^3;x1^4;x1^2 x2^2;x2^4;x1^3 x3;x1 x2^2 x3;x2^2 x3^2;x2 x3^3;x3^4;x1^2 x2^3;x1 x2^4;x2^5;x1^2 x2^2 x3;x2^4 x3;x1^3 x3^2;x1^2 x2 x3^2;x1 x2^2 x3^2;x2^3 x3^2;x1^2 x3^3;x2^2 x3^3",TRUE,33,"x3;x1^2;x2^2;x1^2 x3;x2^2 x3;x3^3;x1^3 x3",TRUE,7,7,26,0,TRUE,3.04468501388655e-06,0.650001856612456,0.650001704812339,0.650002006945053,0.650001840528451,1.26309409677091e-08,51461078.1722579,1.53433885126816e-07,0.1342003851427,1.12184526283821e-07,2.96482608356116e-08,2.12678382675602e-06,8.1408371072067e-06,20.5602352619171
"aizawa",3,14,Inf,3.69897000433602,5000,4,13,"raw",26,8,13,"weak/raw/m=2w/p=8",381,"x3;x1^2;x2^2;x1 x3;x3^2;x1 x2^2;x2^3;x1^2 x3;x1 x2 x3;x2^2 x3;x1 x3^2;x2 x3^2;x3^3;x1^4;x1^2 x2^2;x2^4;x1^3 x3;x1 x2^2 x3;x2^2 x3^2;x2 x3^3;x3^4;x1^2 x2^3;x1 x2^4;x2^5;x1^2 x2^2 x3;x2^4 x3;x1^3 x3^2;x1^2 x2 x3^2;x1 x2^2 x3^2;x2^3 x3^2;x1^2 x3^3;x1 x2 x3^3;x2^2 x3^3",TRUE,33,"x3;x1^2;x2^2;x1^2 x3;x2^2 x3;x3^3;x1^3 x3;x1^2 x2 x3^2",TRUE,8,7,26,1,FALSE,1.3390958359949e-06,0.649999990408588,0.649999897627385,0.650000080524886,0.650000000091391,1.38296905913072e-08,47000328.4455227,1.68219321282882e-07,0.045704205911405,1.2765580895425e-07,2.66545286892052e-09,1.7009666204012e-07,6.8695277888331e-07,28.3281819820404
"aizawa",3,14,Inf,3.69897000433602,5000,4,13,"smoothed",13,4,6,"weak/smoothed/m=1w/p=4",829,"x3;x1^2;x2^2;x1 x3;x3^2;x1^2 x2;x1 x2^2;x2^3;x1^2 x3;x1 x2 x3;x2^2 x3;x1 x3^2;x2 x3^2;x3^3;x1^4;x1^2 x2^2;x2^4;x1^3 x3;x1^2 x2 x3;x1 x2^2 x3;x2^3 x3;x1^2 x3^2;x2^2 x3^2;x1 x3^3;x2 x3^3;x3^4;x1^4 x2;x1^3 x2^2;x1^2 x2^3;x1 x2^4;x2^5;x1^3 x2 x3;x1^2 x2^2 x3;x1 x2^3 x3;x2^4 x3;x1^3 x3^2;x1^2 x2 x3^2;x1 x2^2 x3^2;x2^3 x3^2;x1^2 x3^3;x2^2 x3^3",TRUE,41,"x3;x1^2;x2^2;x1^2 x3;x2^2 x3;x3^3;x1^3 x3;x1^2 x2 x3;x2^3 x3;x1^2 x3^2;x1^3 x3^2;x1^2 x2 x3^2;x2^3 x3^2;x1^2 x3^3",TRUE,14,7,34,7,FALSE,4.54702798209361e-05,0.650029432600604,0.650029313261068,0.650029548631691,0.650029360935505,2.13346713714419e-08,30468215.3110462,3.84504717887958e-07,0.747979954868522,1.39374646765953e-07,8.54362021926716e-08,3.45057279200726e-05,0.000138853426999597,24.1234443187714
"aizawa",3,14,Inf,3.69897000433602,5000,4,13,"smoothed",13,8,6,"weak/smoothed/m=1w/p=8",829,"x3;x1^2;x2^2;x1 x3;x3^2;x1^2 x2;x1 x2^2;x2^3;x1^2 x3;x1 x2 x3;x2^2 x3;x1 x3^2;x2 x3^2;x3^3;x1^4;x1^2 x2^2;x2^4;x1^3 x3;x1^2 x2 x3;x1 x2^2 x3;x2^3 x3;x1^2 x3^2;x2^2 x3^2;x1 x3^3;x2 x3^3;x3^4;x1^4 x2;x1^3 x2^2;x1^2 x2^3;x1 x2^4;x2^5;x1^3 x2 x3;x1^2 x2^2 x3;x1 x2^3 x3;x2^4 x3;x1^3 x3^2;x1^2 x2 x3^2;x1 x2^2 x3^2;x2^3 x3^2;x1^2 x3^3;x2^2 x3^3",TRUE,41,"x3;x1^2;x2^2;x1^2 x3;x2^2 x3;x3^3;x1^3 x3;x1^2 x2 x3;x2^3 x3;x1^2 x3^2;x1^3 x3^2;x1^2 x2 x3^2;x2^3 x3^2;x1^2 x3^3",TRUE,14,7,34,7,FALSE,2.33422032258623e-06,0.649999998604055,0.649999913025101,0.650000086148875,0.650000025380793,1.48722814425854e-08,43705468.3163526,2.68123375877699e-07,0.686195466307593,1.32845032460271e-07,1.89420827984164e-09,2.14438478352788e-07,8.67539209026269e-07,30.7168853282928
"aizawa",3,14,Inf,3.69897000433602,5000,4,13,"smoothed",26,4,13,"weak/smoothed/m=2w/p=4",381,"x1;x2;x3;x1^2;x2^2;x1 x3;x3^2;x1 x2^2;x1^2 x3;x1 x2 x3;x2^2 x3;x1 x3^2;x2 x3^2;x3^3;x1^4;x1^2 x2^2;x2^4;x1^3 x3;x1 x2^2 x3;x2^2 x3^2;x2 x3^3;x3^4;x1^2 x2^3;x1 x2^4;x2^5;x1^2 x2^2 x3;x2^4 x3;x1^3 x3^2;x1^2 x2 x3^2;x1 x2^2 x3^2;x2^3 x3^2;x1^2 x3^3;x2^2 x3^3",TRUE,33,"x3;x1^2;x2^2;x1^2 x3;x2^2 x3;x3^3;x1^3 x3;x1^2 x2^3;x2^5;x1^2 x2 x3^2",TRUE,10,7,26,3,FALSE,3.07191206028179e-06,0.650001856308979,0.650001775702429,0.650001935211493,0.650001844967083,1.5134582000879e-08,42948120.0689474,1.83846770852615e-07,0.0662218122811986,1.18995812702227e-07,2.96482608356116e-08,2.12678382675602e-06,8.1408371072067e-06,32.7665886878967
"aizawa",3,14,Inf,3.69897000433602,5000,4,13,"smoothed",26,8,13,"weak/smoothed/m=2w/p=8",381,"x3;x1^2;x2^2;x1 x3;x3^2;x1 x2^2;x2^3;x1^2 x3;x1 x2 x3;x2^2 x3;x1 x3^2;x2 x3^2;x3^3;x1^4;x1^2 x2^2;x2^4;x1^3 x3;x1 x2^2 x3;x2^2 x3^2;x2 x3^3;x3^4;x1^2 x2^3;x1 x2^4;x2^5;x1^2 x2^2 x3;x2^4 x3;x1^3 x3^2;x1^2 x2 x3^2;x1 x2^2 x3^2;x2^3 x3^2;x1^2 x3^3;x1 x2 x3^3;x2^2 x3^3",TRUE,33,"x3;x1^2;x2^2;x1^2 x3;x2^2 x3;x3^3;x1^3 x3;x1^2 x2^3;x1^2 x2 x3^2",TRUE,9,7,26,2,FALSE,1.47673074479826e-06,0.649999992452889,0.649999869253139,0.650000115118559,0.650000004322918,1.70132291418951e-08,38205563.3825735,2.06942724580622e-07,0.00130384503621059,1.40372218066044e-07,2.66545286892052e-09,1.7009666204012e-07,6.8695277888331e-07,28.7797181606293
"aizawa",3,15,Inf,3.69897000433602,5000,4,13,"smoothed",NA,NA,NA,"sg",5000,"x3;x1^2;x2^2;x1 x3;x3^2;x1^3;x1^2 x2;x1^2 x3;x3^3;x1^4;x1^2 x2^2;x2^4;x1^3 x3;x1^2 x2 x3;x1 x2^2 x3;x2^3 x3;x1^2 x3^2;x2^2 x3^2;x1 x3^3;x2 x3^3;x1^4 x2;x1^2 x2^3;x2^5;x1^4 x3;x1^2 x2^2 x3;x1 x2^3 x3;x2^4 x3;x1^2 x3^3;x2^2 x3^3",TRUE,29,"x3;x1^2;x2^2;x1 x3;x3^2;x1^3;x1^2 x2;x1^2 x3;x3^3;x1^2 x2^2;x2^4;x1^3 x3;x1^2 x2 x3;x1 x2^2 x3;x2^3 x3;x1^2 x3^2;x2^2 x3^2;x1 x3^3;x1^4 x2;x1^2 x2^3;x2^5;x1^4 x3;x1^2 x2^2 x3;x1 x2^3 x3;x2^4 x3;x1^2 x3^3;x2^2 x3^3",TRUE,27,6,23,21,FALSE,1,0.651778613416138,0.651292198450837,0.652287390046293,0.649999917396147,2.70391842544145e-07,2403918.37002267,1.06808092854521e-05,0.904359074577049,0.00728651390650503,-6.89735291161675e-09,1.12242273908502e-05,0.000303151633846865,9.33153319358826
"aizawa",3,15,Inf,3.69897000433602,5000,4,13,"raw",13,4,6,"weak/raw/m=1w/p=4",829,"x3;x1^2;x2^2;x1 x3;x3^2;x1^3;x1 x2^2;x1^2 x3;x3^3;x1^4;x1^2 x2^2;x2^4;x1^3 x3;x1^2 x2 x3;x1 x2^2 x3;x2^3 x3;x1^2 x3^2;x2^2 x3^2;x1 x3^3;x2 x3^3;x1^3 x2^2;x1^2 x2^3;x2^5;x1^4 x3;x1^2 x2^2 x3;x2^4 x3;x1^2 x3^3;x2^2 x3^3",TRUE,28,"x3;x1^2;x2^2;x1 x3;x3^2;x1 x2^2;x1^2 x3;x3^3;x1^2 x2^2;x2^4;x1^3 x3;x1 x2^2 x3;x2^3 x3;x1^2 x3^2;x2^2 x3^2;x1 x3^3;x2^5;x1^2 x2^2 x3;x2^4 x3;x2^2 x3^3",TRUE,20,6,22,14,FALSE,1,0.651776076850015,0.650515788949834,0.653049072478898,0.650029338767732,2.22000795698152e-08,29280495.8974813,3.54928188877557e-07,0.777785057010129,0.00708345270412091,-3.18773432787145e-07,3.62888002985375e-05,9.77064566655139e-05,7.44479393959045
"aizawa",3,15,Inf,3.69897000433602,5000,4,13,"raw",13,8,6,"weak/raw/m=1w/p=8",829,"x3;x1^2;x2^2;x1 x3;x3^2;x1^3;x1 x2^2;x1^2 x3;x3^3;x1^4;x1^2 x2^2;x2^4;x1^3 x3;x1^2 x2 x3;x1 x2^2 x3;x2^3 x3;x1^2 x3^2;x2^2 x3^2;x1 x3^3;x2 x3^3;x1^3 x2^2;x1^2 x2^3;x2^5;x1^4 x3;x1^2 x2^2 x3;x2^4 x3;x1^2 x3^3;x2^2 x3^3",TRUE,28,"x3;x1^2;x2^2;x1 x3;x3^2;x1 x2^2;x1^2 x3;x3^3;x1^2 x2^2;x2^4;x1^3 x3;x1 x2^2 x3;x2^3 x3;x1^2 x3^2;x2^2 x3^2;x1 x3^3;x2^5;x1^2 x2^2 x3;x2^4 x3;x1^2 x3^3;x2^2 x3^3",TRUE,21,6,22,15,FALSE,1,0.651762293232242,0.650514650560865,0.653011385928582,0.65000000966426,1.50684068686272e-08,43136611.2775715,2.41053730064321e-07,0.721985839530927,0.0071567466381719,-6.62476021406538e-09,2.43688249275158e-07,1.07851508268642e-06,7.37480497360229
"aizawa",3,15,Inf,3.69897000433602,5000,4,13,"raw",26,4,13,"weak/raw/m=2w/p=4",381,"x3;x1^2;x2^2;x1 x3;x2^3;x1^2 x3;x2^2 x3;x3^3;x1^2 x2^2;x2^4;x1^3 x3;x2^2 x3^2",TRUE,12,"x3;x1^2;x2^2;x1^2 x3;x2^2 x3;x3^3;x1^3 x3",TRUE,7,7,5,0,TRUE,2.91866049151324e-06,0.650001836213191,0.650001744885558,0.650001941818191,0.65000183112531,1.6855425061189e-08,38563360.3878666,1.80640274556625e-07,0.154732441822864,1.66501016990702e-07,-1.98604695515255e-08,2.25824025906312e-06,5.46840128901049e-06,7.19232702255249
"aizawa",3,15,Inf,3.69897000433602,5000,4,13,"raw",26,8,13,"weak/raw/m=2w/p=8",381,"x3;x1^2;x2^2;x1 x3;x2^3;x1^2 x3;x2^2 x3;x3^3;x1^2 x2^2;x2^4;x1^3 x3;x2^2 x3^2",TRUE,12,"x3;x1^2;x2^2;x1^2 x3;x2^2 x3;x3^3;x1^3 x3",TRUE,7,7,5,0,TRUE,1.49811351490836e-06,0.649999986533178,0.649999804112262,0.650000170144645,0.649999990988579,1.83333889135921e-08,35454437.477551,1.96944125583197e-07,0.0759124335129047,1.83106825373771e-07,-6.62080242220193e-09,1.98052092916016e-07,8.41655144800946e-07,11.7739541530609
"aizawa",3,15,Inf,3.69897000433602,5000,4,13,"smoothed",13,4,6,"weak/smoothed/m=1w/p=4",829,"x3;x1^2;x2^2;x1 x3;x3^2;x1^3;x1 x2^2;x1^2 x3;x3^3;x1^4;x1^2 x2^2;x2^4;x1^3 x3;x1^2 x2 x3;x1 x2^2 x3;x2^3 x3;x1^2 x3^2;x2^2 x3^2;x1 x3^3;x2 x3^3;x1^3 x2^2;x1^2 x2^3;x2^5;x1^4 x3;x1^2 x2^2 x3;x2^4 x3;x1^2 x3^3;x2^2 x3^3",TRUE,28,"x3;x1^2;x2^2;x1 x3;x3^2;x1 x2^2;x1^2 x3;x3^3;x1^2 x2^2;x2^4;x1^3 x3;x1 x2^2 x3;x2^3 x3;x1^2 x3^2;x2^2 x3^2;x1 x3^3;x2^5;x1^2 x2^2 x3;x2^4 x3;x2^2 x3^3",TRUE,20,6,22,14,FALSE,1,0.651749611181164,0.650551193650966,0.652991679049709,0.650029343818991,2.57601532025011e-08,25233908.3043916,4.11845572925751e-07,0.751667076204845,0.00708727612602182,-3.18773432787145e-07,3.62888002985375e-05,9.77064566655139e-05,7.58281326293945
"aizawa",3,15,Inf,3.69897000433602,5000,4,13,"smoothed",13,8,6,"weak/smoothed/m=1w/p=8",829,"x3;x1^2;x2^2;x1 x3;x3^2;x1^3;x1 x2^2;x1^2 x3;x3^3;x1^4;x1^2 x2^2;x2^4;x1^3 x3;x1^2 x2 x3;x1 x2^2 x3;x2^3 x3;x1^2 x3^2;x2^2 x3^2;x1 x3^3;x2 x3^3;x1^3 x2^2;x1^2 x2^3;x2^5;x1^4 x3;x1^2 x2^2 x3;x2^4 x3;x1^2 x3^3;x2^2 x3^3",TRUE,28,"x3;x1^2;x2^2;x1 x3;x3^2;x1 x2^2;x1^2 x3;x3^3;x1^2 x2^2;x2^4;x1^3 x3;x1 x2^2 x3;x2^3 x3;x1^2 x3^2;x2^2 x3^2;x1 x3^3;x2^5;x1^2 x2^2 x3;x2^4 x3;x1^2 x3^3;x2^2 x3^3",TRUE,21,6,22,15,FALSE,1,0.651761141391259,0.650537865786527,0.653042310353027,0.650000016418493,1.86362906777696e-08,34878186.2043958,2.98130214145936e-07,0.71263154517048,0.00715673949007573,-6.62476021406538e-09,2.43688249275158e-07,1.07851508268642e-06,7.3213164806366
"aizawa",3,15,Inf,3.69897000433602,5000,4,13,"smoothed",26,4,13,"weak/smoothed/m=2w/p=4",381,"x3;x1^2;x2^2;x1 x3;x2^3;x1^2 x3;x2^2 x3;x3^3;x1^2 x2^2;x2^4;x1^3 x3;x2^2 x3^2",TRUE,12,"x3;x1^2;x2^2;x1^2 x3;x2^2 x3;x3^3;x1^3 x3",TRUE,7,7,5,0,TRUE,2.92228404052963e-06,0.650001834186632,0.650001702724016,0.650001982270456,0.650001836513284,1.99892195931786e-08,32517619.4840093,2.14225277064378e-07,0.0844389301214665,1.96822923127892e-07,-1.98604695515255e-08,2.25824025906312e-06,5.46840128901049e-06,6.40501356124878
"aizawa",3,15,Inf,3.69897000433602,5000,4,13,"smoothed",26,8,13,"weak/smoothed/m=2w/p=8",381,"x3;x1^2;x2^2;x1 x3;x2^3;x1^2 x3;x2^2 x3;x3^3;x1^2 x2^2;x2^4;x1^3 x3;x2^2 x3^2",TRUE,12,"x3;x1^2;x2^2;x1^2 x3;x2^2 x3;x3^3;x1^3 x3",TRUE,7,7,5,0,TRUE,2.20905993469911e-06,0.649999983279524,0.649999853567935,0.650000115773908,0.649999996528206,2.23910437471725e-08,29029463.9172543,2.40532971739525e-07,0.0188662700641891,2.20798510415732e-07,-6.62080242220193e-09,1.98052092916016e-07,8.41655144800946e-07,5.96435141563416
"aizawa",3,16,Inf,3.69897000433602,5000,4,13,"smoothed",NA,NA,NA,"sg",5000,"x2;x3;x1^2;x2^2;x3^2;x1 x2 x3;x1 x3^2;x2 x3^2;x3^3;x1^4;x1^3 x2;x1^2 x2^2;x2^4;x1^3 x3;x1^2 x3^2;x2^2 x3^2;x3^4;x1^4 x3;x1^2 x2^2 x3;x2^4 x3;x2^2 x3^3",TRUE,21,"x2;x3;x1^2;x2^2;x3^2;x1 x2 x3;x1 x3^2;x2 x3^2;x3^3;x1^4;x1^3 x2;x1^2 x2^2;x2^4;x1^3 x3;x1^2 x3^2;x2^2 x3^2;x3^4;x1^4 x3;x1^2 x2^2 x3;x2^4 x3;x2^2 x3^3",TRUE,21,5,16,16,FALSE,1,0.64613566600208,0.645327504332364,0.646930907064475,0.649999604170425,3.16249611145166e-07,2055337.24394703,1.02913426369924e-05,0.991398508839239,0.00750965406004018,-4.48677140194142e-08,1.12525638657544e-05,5.99781737263827e-05,23.7370455265045
"aizawa",3,16,Inf,3.69897000433602,5000,4,13,"raw",13,4,6,"weak/raw/m=1w/p=4",829,"x2;x3;x1^2;x2^2;x3^2;x1 x2 x3;x1 x3^2;x2 x3^2;x3^3;x1^4;x1^3 x2;x1^2 x2^2;x2^4;x1^3 x3;x1^2 x3^2;x2^2 x3^2;x3^4;x1^4 x3;x1^2 x2^2 x3;x2^4 x3",TRUE,20,"x2;x3;x1^2;x2^2;x3^2;x1 x3^2;x3^3;x1^4;x1^3 x2;x1^2 x2^2;x2^4;x1^3 x3;x1^2 x3^2;x2^2 x3^2;x3^4;x1^4 x3;x1^2 x2^2 x3;x2^4 x3",TRUE,18,5,15,13,FALSE,1,0.64867771073735,0.646798601608887,0.650664900354837,0.650029332534605,2.74043883983577e-08,23719899.2761889,3.61606836289445e-07,0.762020025836529,0.00751877917629701,-1.50861196168119e-06,3.78641474760305e-05,8.2363313968048e-05,11.7274491786957
"aizawa",3,16,Inf,3.69897000433602,5000,4,13,"raw",13,8,6,"weak/raw/m=1w/p=8",829,"x2;x3;x1^2;x2^2;x3^2;x1 x2 x3;x1 x3^2;x2 x3^2;x3^3;x1^4;x1^3 x2;x1^2 x2^2;x2^4;x1^3 x3;x1^2 x3^2;x2^2 x3^2;x3^4;x1^4 x3;x1^2 x2^2 x3;x2^4 x3",TRUE,20,"x2;x3;x1^2;x2^2;x3^2;x1 x3^2;x3^3;x1^4;x1^3 x2;x1^2 x2^2;x2^4;x1^3 x3;x1^2 x3^2;x2^2 x3^2;x3^4;x1^4 x3;x1^2 x2^2 x3;x2^4 x3",TRUE,18,5,15,13,FALSE,1,0.648496461214438,0.646576844107075,0.650384143432808,0.649999997118907,1.86616269305802e-08,34830832.2493455,2.46509799685594e-07,0.691378031649575,0.00755620318973935,-2.18684482745875e-09,2.53296165541769e-07,9.83514421792897e-07,12.5490620136261
"aizawa",3,16,Inf,3.69897000433602,5000,4,13,"raw",26,4,13,"weak/raw/m=2w/p=4",381,"x2;x3;x1^2;x2^2;x3^2;x1 x2 x3;x1 x3^2;x2 x3^2;x3^3;x1^3 x2;x1^2 x2^2;x2^4;x1^3 x3;x1^2 x3^2;x2^2 x3^2;x3^4;x1^4 x3;x1^2 x2^2 x3;x2^4 x3",TRUE,19,"x2;x3;x1^2;x2^2;x3^2;x1 x3^2;x2 x3^2;x3^3;x1^3 x2;x1^2 x2^2;x2^4;x1^3 x3;x1^2 x3^2;x2^2 x3^2;x1^4 x3;x1^2 x2^2 x3;x2^4 x3",TRUE,17,5,14,12,FALSE,1,0.65275546150927,0.650452377915711,0.655039609592291,0.650001824182375,2.02044866926446e-08,32171162.4784314,1.78751949104323e-07,0.0847449665210406,0.00720839114255262,-8.4588144131609e-08,2.36470226238358e-06,4.9908041138691e-06,10.3607378005981
"aizawa",3,16,Inf,3.69897000433602,5000,4,13,"raw",26,8,13,"weak/raw/m=2w/p=8",381,"x2;x3;x1^2;x2^2;x3^2;x1 x2 x3;x1 x3^2;x2 x3^2;x3^3;x1^3 x2;x1^2 x2^2;x2^4;x1^3 x3;x1^2 x3^2;x2^2 x3^2;x3^4;x1^4 x3;x1^2 x2^2 x3;x2^4 x3;x2^3 x3^2",TRUE,20,"x2;x3;x1^2;x2^2;x3^2;x1 x2 x3;x1 x3^2;x2 x3^2;x3^3;x1^3 x2;x1^2 x2^2;x2^4;x1^3 x3;x1^2 x3^2;x2^2 x3^2;x3^4;x1^4 x3;x1^2 x2^2 x3;x2^4 x3;x2^3 x3^2",TRUE,20,5,15,15,FALSE,1,0.652089006799756,0.6498040239005,0.65441119084476,0.649999980292053,2.21454310932557e-08,29351425.9241496,1.96770362786019e-07,0.0229614521534286,0.00730578538783494,-1.40204432840477e-09,2.0080652427055e-07,6.85488227625264e-07,10.3353002071381
"aizawa",3,16,Inf,3.69897000433602,5000,4,13,"smoothed",13,4,6,"weak/smoothed/m=1w/p=4",829,"x2;x3;x1^2;x2^2;x3^2;x1 x2 x3;x1 x3^2;x2 x3^2;x3^3;x1^4;x1^3 x2;x1^2 x2^2;x2^4;x1^3 x3;x1^2 x3^2;x2^2 x3^2;x3^4;x1^4 x3;x1^2 x2^2 x3;x2^4 x3",TRUE,20,"x2;x3;x1^2;x2^2;x3^2;x1 x3^2;x3^3;x1^4;x1^3 x2;x1^2 x2^2;x2^4;x1^3 x3;x1^2 x3^2;x2^2 x3^2;x3^4;x1^4 x3;x1^2 x2^2 x3;x2^4 x3",TRUE,18,5,15,13,FALSE,1,0.648658936403794,0.646627328462153,0.650597221973736,0.650029337290466,3.21756158661809e-08,20202545.3061708,4.24564213467027e-07,0.751303337908463,0.0075187932750317,-1.50861196168119e-06,3.78641474760305e-05,8.2363313968048e-05,11.7869865894318
"aizawa",3,16,Inf,3.69897000433602,5000,4,13,"smoothed",13,8,6,"weak/smoothed/m=1w/p=8",829,"x2;x3;x1^2;x2^2;x3^2;x1 x2 x3;x1 x3^2;x2 x3^2;x3^3;x1^4;x1^3 x2;x1^2 x2^2;x2^4;x1^3 x3;x1^2 x3^2;x2^2 x3^2;x3^4;x1^4 x3;x1^2 x2^2 x3;x2^4 x3",TRUE,20,"x2;x3;x1^2;x2^2;x3^2;x1 x3^2;x3^3;x1^4;x1^3 x2;x1^2 x2^2;x2^4;x1^3 x3;x1^2 x3^2;x2^2 x3^2;x3^4;x1^4 x3;x1^2 x2^2 x3;x2^4 x3",TRUE,18,5,15,13,FALSE,1,0.64845092476408,0.646603765240174,0.650409849779352,0.650000001682406,2.32144627691879e-08,27999786.5186498,3.066502487699e-07,0.698046932916017,0.00755752811031625,-2.18684482745875e-09,2.53296165541769e-07,9.83514421792897e-07,12.530727148056
"aizawa",3,16,Inf,3.69897000433602,5000,4,13,"smoothed",26,4,13,"weak/smoothed/m=2w/p=4",381,"x2;x3;x1^2;x2^2;x3^2;x1 x2 x3;x1 x3^2;x2 x3^2;x3^3;x1^3 x2;x1^2 x2^2;x2^4;x1^3 x3;x1^2 x3^2;x2^2 x3^2;x3^4;x1^4 x3;x1^2 x2^2 x3;x2^4 x3",TRUE,19,"x2;x3;x1^2;x2^2;x3^2;x1 x3^2;x2 x3^2;x3^3;x1^3 x2;x1^2 x2^2;x2^4;x1^3 x3;x1^2 x3^2;x2^2 x3^2;x1^4 x3;x1^2 x2^2 x3;x2^4 x3",TRUE,17,5,14,12,FALSE,1,0.652719839232852,0.650480794561013,0.654989886912125,0.650001830788836,2.4540141812255e-08,26487289.102145,2.17110101699781e-07,0.0357513996451994,0.00720965289597382,-8.4588144131609e-08,2.36470226238358e-06,4.9908041138691e-06,9.92137575149536
"aizawa",3,16,Inf,3.69897000433602,5000,4,13,"smoothed",26,8,13,"weak/smoothed/m=2w/p=8",381,"x2;x3;x1^2;x2^2;x3^2;x1 x2 x3;x1 x3^2;x2 x3^2;x3^3;x1^3 x2;x1^2 x2^2;x2^4;x1^3 x3;x1^2 x3^2;x2^2 x3^2;x3^4;x1^4 x3;x1^2 x2^2 x3;x2^4 x3;x2^3 x3^2",TRUE,20,"x2;x3;x1^2;x2^2;x3^2;x1 x2 x3;x1 x3^2;x2 x3^2;x3^3;x1^3 x2;x1^2 x2^2;x2^4;x1^3 x3;x1^2 x3^2;x2^2 x3^2;x3^4;x1^4 x3;x1^2 x2^2 x3;x2^4 x3;x2^3 x3^2",TRUE,20,5,15,15,FALSE,1,0.652102548515188,0.649884914349482,0.654449876067127,0.649999986359642,2.75190061783911e-08,23620038.5343147,2.44516567855092e-07,-0.014336537761789,0.00730626537391317,-1.40204432840477e-09,2.0080652427055e-07,6.85488227625264e-07,10.3026208877563
"aizawa",3,17,Inf,3.69897000433602,5000,4,13,"smoothed",NA,NA,NA,"sg",5000,"x3;x1^2;x1 x2;x2^2;x1^2 x3;x3^3;x1^4;x1^2 x2^2;x1 x2^3;x2^4;x1^3 x3;x1^2 x2 x3;x2^3 x3;x1^2 x3^2;x2^2 x3^2;x1^3 x2^2;x1^4 x3;x1^2 x2^2 x3;x2^4 x3",TRUE,19,"x3;x1^2;x1 x2;x2^2;x1^2 x3;x3^3;x1^4;x1^2 x2^2;x1 x2^3;x2^4;x1^3 x3;x1^2 x2 x3;x2^3 x3;x1^2 x3^2;x2^2 x3^2;x1^3 x2^2;x1^2 x2^2 x3;x2^4 x3",TRUE,18,6,13,12,FALSE,1,0.648811694361155,0.648367288714235,0.649281994452106,0.650000531306526,2.6090632309267e-07,2491317.66375649,9.4832073926215e-06,0.992297744267943,0.00648328511399069,-9.47347705800405e-08,1.07071208661252e-05,5.45936638108868e-05,6.2567195892334
"aizawa",3,17,Inf,3.69897000433602,5000,4,13,"raw",13,4,6,"weak/raw/m=1w/p=4",829,"x3;x1^2;x2^2;x1^2 x3;x3^3;x1^4;x1^2 x2^2;x2^4;x1^3 x3;x1^2 x2 x3;x2^3 x3;x1^2 x3^2;x1 x2 x3^2;x2^2 x3^2;x1^4 x3;x1^2 x2^2 x3;x2^4 x3",TRUE,17,"x3;x1^2;x2^2;x1^2 x3;x3^3;x1^2 x2^2;x2^4;x1^3 x3;x1^2 x2 x3;x2^3 x3;x1^2 x3^2;x2^2 x3^2;x1^2 x2^2 x3;x2^4 x3",TRUE,14,6,11,8,FALSE,1,0.649110216095156,0.64798242890891,0.650196267191081,0.650029381335872,2.15688961873371e-08,30137350.3627644,3.17488434665047e-07,0.764010743732025,0.00639056849262513,1.28101406482437e-06,3.69148779220877e-05,7.86659509174337e-05,4.54437971115112
"aizawa",3,17,Inf,3.69897000433602,5000,4,13,"raw",13,8,6,"weak/raw/m=1w/p=8",829,"x3;x1^2;x2^2;x1^2 x3;x3^3;x1^4;x1^2 x2^2;x2^4;x1^3 x3;x1^2 x2 x3;x2^3 x3;x1^2 x3^2;x1 x2 x3^2;x2^2 x3^2;x1^4 x3;x1^2 x2^2 x3;x2^4 x3",TRUE,17,"x3;x1^2;x2^2;x1^2 x3;x3^3;x1^2 x2^2;x2^4;x1^3 x3;x1^2 x2 x3;x2^3 x3;x1^2 x3^2;x2^2 x3^2;x1^2 x2^2 x3;x2^4 x3",TRUE,14,6,11,8,FALSE,1,0.649033090955244,0.647920314374695,0.650142335068031,0.650000021806656,1.56281236018301e-08,41591686.7800136,2.30257429320081e-07,0.711739132623395,0.00646603365223947,-1.13885694499062e-08,2.37355726280567e-07,1.22541224689687e-06,4.15733504295349
"aizawa",3,17,Inf,3.69897000433602,5000,4,13,"raw",26,4,13,"weak/raw/m=2w/p=4",381,"x3;x1^2;x2^2;x1^2 x3;x3^3;x1^4;x1^2 x2^2;x2^4;x1^3 x3;x1^2 x2 x3;x2^3 x3;x1^2 x3^2;x1 x2 x3^2;x2^2 x3^2;x1^4 x3;x1^2 x2^2 x3;x2^4 x3",TRUE,17,"x3;x1^2;x2^2;x1^2 x3;x3^3;x1^2 x2^2;x2^4;x1^3 x3;x1^2 x2 x3;x2^3 x3;x1^2 x3^2;x2^2 x3^2;x2^4 x3",TRUE,13,6,11,7,FALSE,1,0.648650575463894,0.647131353541735,0.650106728755372,0.650001847056888,1.67003754751253e-08,38921391.2001586,1.64952665801551e-07,0.113222684391733,0.00559246728597889,8.2048592536347e-08,2.30263225523274e-06,4.78395276648502e-06,4.21379613876343
"aizawa",3,17,Inf,3.69897000433602,5000,4,13,"raw",26,8,13,"weak/raw/m=2w/p=8",381,"x3;x1^2;x2^2;x1^2 x3;x3^3;x1^4;x1^2 x2^2;x2^4;x1^3 x3;x1^2 x2 x3;x2^3 x3;x1^2 x3^2;x1 x2 x3^2;x2^2 x3^2;x1^4 x3;x1^2 x2^2 x3;x2^4 x3",TRUE,17,"x3;x1^2;x2^2;x1^2 x3;x3^3;x1^2 x2^2;x2^4;x1^3 x3;x1^2 x2 x3;x2^3 x3;x1^2 x3^2;x2^2 x3^2;x2^4 x3",TRUE,13,6,11,7,FALSE,1,0.648542011382766,0.64695132798663,0.650084759777338,0.650000002004099,1.85901801499531e-08,34964696.2407591,1.84316483131109e-07,0.0569113893405538,0.00586120285230996,-1.08936702682732e-08,1.88295067550293e-07,9.13043449846107e-07,4.15948796272278
"aizawa",3,17,Inf,3.69897000433602,5000,4,13,"smoothed",13,4,6,"weak/smoothed/m=1w/p=4",829,"x3;x1^2;x2^2;x1^2 x3;x3^3;x1^4;x1^2 x2^2;x2^4;x1^3 x3;x1^2 x2 x3;x2^3 x3;x1^2 x3^2;x1 x2 x3^2;x2^2 x3^2;x1^4 x3;x1^2 x2^2 x3;x2^4 x3",TRUE,17,"x3;x1^2;x2^2;x1^2 x3;x3^3;x1^2 x2^2;x2^4;x1^3 x3;x1^2 x2 x3;x2^3 x3;x1^2 x3^2;x1 x2 x3^2;x2^2 x3^2;x1^2 x2^2 x3;x2^4 x3",TRUE,15,6,11,9,FALSE,1,0.649102284130743,0.64801018764694,0.650207550487037,0.650029389689293,2.55783919665997e-08,25413223.4167848,3.76507148176068e-07,0.751796736788046,0.00639113679960707,1.28101406482437e-06,3.69148779220877e-05,7.86659509174337e-05,4.37006115913391
"aizawa",3,17,Inf,3.69897000433602,5000,4,13,"smoothed",13,8,6,"weak/smoothed/m=1w/p=8",829,"x3;x1^2;x2^2;x1^2 x3;x3^3;x1^4;x1^2 x2^2;x2^4;x1^3 x3;x1^2 x2 x3;x2^3 x3;x1^2 x3^2;x1 x2 x3^2;x2^2 x3^2;x1^4 x3;x1^2 x2^2 x3;x2^4 x3",TRUE,17,"x3;x1^2;x2^2;x1^2 x3;x3^3;x1^2 x2^2;x2^4;x1^3 x3;x1^2 x2 x3;x2^3 x3;x1^2 x3^2;x2^2 x3^2;x1^2 x2^2 x3;x2^4 x3",TRUE,14,6,11,8,FALSE,1,0.649024276463443,0.647965073925968,0.650132600787396,0.650000030374134,1.94565801956495e-08,33407722.4177079,2.86664108550417e-07,0.712095091466775,0.00646589652463767,-1.13885694499062e-08,2.37355726280567e-07,1.22541224689687e-06,4.23863458633423
"aizawa",3,17,Inf,3.69897000433602,5000,4,13,"smoothed",26,4,13,"weak/smoothed/m=2w/p=4",381,"x3;x1^2;x2^2;x1^2 x3;x3^3;x1^4;x1^2 x2^2;x2^4;x1^3 x3;x1^2 x2 x3;x2^3 x3;x1^2 x3^2;x1 x2 x3^2;x2^2 x3^2;x1^4 x3;x1^2 x2^2 x3;x2^4 x3",TRUE,17,"x3;x1^2;x2^2;x1^2 x3;x3^3;x1^2 x2^2;x2^4;x1^3 x3;x1^2 x2 x3;x2^3 x3;x1^2 x3^2;x2^2 x3^2;x2^4 x3",TRUE,13,6,11,7,FALSE,1,0.648628041835718,0.647223706007465,0.65010384841823,0.650001854170447,2.03005825560055e-08,32018876.9153404,2.00512569386897e-07,0.063621755510683,0.00559219872851423,8.2048592536347e-08,2.30263225523274e-06,4.78395276648502e-06,4.09449005126953
"aizawa",3,17,Inf,3.69897000433602,5000,4,13,"smoothed",26,8,13,"weak/smoothed/m=2w/p=8",381,"x3;x1^2;x2^2;x1^2 x3;x3^3;x1^4;x1^2 x2^2;x2^4;x1^3 x3;x1^2 x2 x3;x2^3 x3;x1^2 x3^2;x1 x2 x3^2;x2^2 x3^2;x1^4 x3;x1^2 x2^2 x3;x2^4 x3",TRUE,17,"x3;x1^2;x2^2;x1^2 x3;x3^3;x1^2 x2^2;x2^4;x1^3 x3;x1^2 x2 x3;x2^3 x3;x1^2 x3^2;x2^2 x3^2;x2^4 x3",TRUE,13,6,11,7,FALSE,1,0.648482464404996,0.646934755344265,0.650011467284761,0.650000010004228,2.30433733013413e-08,28207676.0856187,2.28468657891001e-07,0.0196329729829608,0.00586218878497235,-1.08936702682732e-08,1.88295067550293e-07,9.13043449846107e-07,4.04745745658875
"aizawa",3,18,Inf,3.69897000433602,5000,4,13,"smoothed",NA,NA,NA,"sg",5000,"x3;x1^2;x2^2;x1 x3;x2 x3;x1^3;x1 x2^2;x2^3;x1^2 x3;x1 x2 x3;x2^2 x3;x1 x3^2;x2 x3^2;x3^3;x1^4;x1^2 x2^2;x2^4;x1^3 x3;x1^2 x2 x3;x1 x2^2 x3;x2^3 x3;x1^2 x3^2;x2^2 x3^2;x1 x3^3;x2 x3^3;x3^4;x1^4 x3;x1^3 x3^2;x2^3 x3^2;x1^2 x3^3",TRUE,30,"x3;x1^2;x2^2;x1 x3;x2 x3;x1^3;x1 x2^2;x2^3;x1^2 x3;x1 x2 x3;x2^2 x3;x1 x3^2;x2 x3^2;x3^3;x1^4;x1^2 x2^2;x2^4;x1^3 x3;x1^2 x2 x3;x1 x2^2 x3;x2^3 x3;x2^2 x3^2;x2 x3^3;x3^4;x1^4 x3;x1^3 x3^2;x2^3 x3^2;x1^2 x3^3",TRUE,28,7,23,21,FALSE,0.000234653618315372,0.650000697134255,0.650000486647723,0.650000919216466,0.649999833791386,1.89937511615279e-07,3422177.26379383,8.58916117024948e-06,0.977604402034894,4.58948434229831e-06,2.41198213126292e-08,9.11283440755124e-06,0.000106101030252437,20.2280025482178
"aizawa",3,18,Inf,3.69897000433602,5000,4,13,"raw",13,4,6,"weak/raw/m=1w/p=4",829,"x3;x1^2;x2^2;x2 x3;x1^3;x1 x2^2;x2^3;x1^2 x3;x1 x2 x3;x2^2 x3;x1 x3^2;x2 x3^2;x3^3;x1^4;x1^2 x2^2;x2^4;x1^3 x3;x1^2 x2 x3;x1 x2^2 x3;x1^2 x3^2;x2^2 x3^2;x1 x3^3;x2 x3^3;x3^4;x1^4 x3;x2^3 x3^2;x1^2 x3^3",TRUE,27,"x3;x1^2;x2^2;x1^3;x1 x2^2;x1^2 x3;x2^2 x3;x3^3;x1^3 x3;x1^2 x2 x3;x1 x2^2 x3;x2^2 x3^2",TRUE,12,7,20,5,FALSE,4.53310591086442e-05,0.650029393014641,0.650029334627557,0.650029447329891,0.650029348566993,1.62999370858188e-08,39879255.0636609,2.98164176162796e-07,0.781856521389896,1.88238561334779e-07,1.39168833894491e-06,3.21015162850225e-05,7.52301645604581e-05,24.5522894859314
"aizawa",3,18,Inf,3.69897000433602,5000,4,13,"raw",13,8,6,"weak/raw/m=1w/p=8",829,"x3;x1^2;x2^2;x3^2;x1^3;x1^2 x3;x2^2 x3;x1 x3^2;x3^3;x1^2 x2^2;x2^4;x1^3 x3;x2^2 x3^2",TRUE,13,"x3;x1^2;x2^2;x1^2 x3;x2^2 x3;x3^3;x1^3 x3",TRUE,7,7,6,0,TRUE,2.23078000211041e-06,0.649999985298406,0.649999603643199,0.650000323849915,0.6500000108669,1.07505203752143e-08,60462190.4968894,1.96702760054877e-07,0.69305452162053,1.90897220174421e-07,-9.17094394260627e-09,1.99095565892617e-07,9.27910668191423e-07,3.5065495967865
"aizawa",3,18,Inf,3.69897000433602,5000,4,13,"raw",26,4,13,"weak/raw/m=2w/p=4",381,"x3;x1^2;x2^2;x1 x3;x2 x3;x3^2;x1^3;x1^2 x2;x1^2 x3;x2^2 x3;x1 x3^2;x2 x3^2;x3^3;x1^4;x1^2 x2^2;x2^4;x1^3 x3;x1^2 x2 x3;x1 x2^2 x3;x2^3 x3;x1^2 x3^2;x2^2 x3^2;x1 x3^3;x3^4;x1^4 x3;x2^3 x3^2;x1^2 x3^3",TRUE,27,"x3;x1^2;x2^2;x1^2 x2;x1^2 x3;x2^2 x3;x3^3;x1^3 x3;x1 x2^2 x3;x2^3 x3;x2^3 x3^2",TRUE,11,7,20,4,FALSE,3.77781320493042e-06,0.650001854162004,0.650001771092238,0.650001942744469,0.650001833091018,1.1956411243913e-08,54364292.0798608,1.47048702831305e-07,0.198735726152398,1.18587435897602e-07,7.77229323522621e-08,2.00182541706961e-06,4.94702518671897e-06,21.6719725131989
"aizawa",3,18,Inf,3.69897000433602,5000,4,13,"raw",26,8,13,"weak/raw/m=2w/p=8",381,"x3;x1^2;x2^2;x1^2 x3;x2^2 x3;x3^3;x1^3 x3;x2^2 x3^2",TRUE,8,"x3;x1^2;x2^2;x1^2 x3;x2^2 x3;x3^3;x1^3 x3",TRUE,7,7,1,0,TRUE,2.24860503966751e-07,0.649999991916668,0.64999985920247,0.650000117852309,0.649999991983619,1.29377717547318e-08,50240489.962724,1.59282468965688e-07,0.103693738723446,1.59144257987833e-07,-1.00238798247542e-08,1.60070565744843e-07,6.79758645927286e-07,2.61863541603088
"aizawa",3,18,Inf,3.69897000433602,5000,4,13,"smoothed",13,4,6,"weak/smoothed/m=1w/p=4",829,"x3;x1^2;x2^2;x2 x3;x1^3;x1 x2^2;x2^3;x1^2 x3;x1 x2 x3;x2^2 x3;x1 x3^2;x2 x3^2;x3^3;x1^4;x1^2 x2^2;x2^4;x1^3 x3;x1^2 x2 x3;x1 x2^2 x3;x1^2 x3^2;x2^2 x3^2;x1 x3^3;x2 x3^3;x3^4;x1^4 x3;x2^3 x3^2;x1^2 x3^3",TRUE,27,"x3;x1^2;x2^2;x1^3;x1 x2^2;x1^2 x3;x2^2 x3;x2 x3^2;x3^3;x1^3 x3;x1^2 x2 x3;x1 x2^2 x3;x2^2 x3^2;x2^3 x3^2",TRUE,14,7,20,7,FALSE,4.54268097263011e-05,0.65002939497164,0.650029333425915,0.650029459529968,0.650029351263312,1.88882327508202e-08,34414514.0436754,3.45510189157434e-07,0.761679296319581,2.16966153186504e-07,1.39168833894491e-06,3.21015162850225e-05,7.52301645604581e-05,18.7599611282349
"aizawa",3,18,Inf,3.69897000433602,5000,4,13,"smoothed",13,8,6,"weak/smoothed/m=1w/p=8",829,"x3;x1^2;x2^2;x3^2;x1^3;x1^2 x3;x2^2 x3;x1 x3^2;x3^3;x1^2 x2^2;x2^4;x1^3 x3;x2^2 x3^2",TRUE,13,"x3;x1^2;x2^2;x1^2 x3;x2^2 x3;x3^3;x1^3 x3",TRUE,7,7,6,0,TRUE,3.02850519440234e-06,0.649999994466296,0.649999831153638,0.650000176505934,0.650000013964706,1.33177772674394e-08,48806944.3505326,2.43675975647479e-07,0.696113035842566,2.34439039493719e-07,-9.17094394260627e-09,1.99095565892617e-07,9.27910668191423e-07,3.78190350532532
"aizawa",3,18,Inf,3.69897000433602,5000,4,13,"smoothed",26,4,13,"weak/smoothed/m=2w/p=4",381,"x3;x1^2;x2^2;x3^2;x1^3;x1^2 x3;x2^2 x3;x1 x3^2;x3^3;x1^2 x2^2;x2^4;x1^3 x3;x1^2 x3^2;x2^2 x3^2;x1 x3^3",TRUE,15,"x3;x1^2;x2^2;x1^2 x3;x2^2 x3;x1 x3^2;x3^3;x1^3 x3",TRUE,8,7,8,1,FALSE,2.85798990384833e-06,0.650001838039378,0.650001742729399,0.650001931777824,0.650001836705872,1.42707454341053e-08,45547854.5046742,1.75512079457614e-07,0.113924347597681,1.63530817670653e-07,7.77229323522621e-08,2.00182541706961e-06,4.94702518671897e-06,14.0994758605957
"aizawa",3,18,Inf,3.69897000433602,5000,4,13,"smoothed",26,8,13,"weak/smoothed/m=2w/p=8",381,"x3;x1^2;x2^2;x3^2;x1^3;x1^2 x3;x2^2 x3;x1 x3^2;x3^3;x1^2 x2^2;x2^4;x1^3 x3;x2^2 x3^2;x1 x3^3",TRUE,14,"x3;x1^2;x2^2;x1^2 x3;x2^2 x3;x1 x3^2;x3^3;x1^3 x3;x1 x3^3",TRUE,9,7,7,2,FALSE,2.90377242750939e-06,0.649999971270941,0.649999891580123,0.650000051031699,0.6499999958001,1.58931048479011e-08,40898238.7029265,1.95666844536031e-07,0.0400684031485038,1.85575790665515e-07,-1.00238798247542e-08,1.60070565744843e-07,6.79758645927286e-07,17.7105021476746
"aizawa",3,19,Inf,3.69897000433602,5000,4,13,"smoothed",NA,NA,NA,"sg",5000,"x3;x1^2;x2^2;x1^2 x3;x2^2 x3;x1 x3^2;x3^3;x1^4;x1^2 x2^2;x2^4;x1^3 x3;x1^2 x3^2;x2^2 x3^2",TRUE,13,"x3;x1^2;x2^2;x1^2 x3;x2^2 x3;x1 x3^2;x3^3;x1^2 x2^2;x2^4;x1^3 x3;x1^2 x3^2;x2^2 x3^2",TRUE,12,7,6,5,FALSE,0.000114631644305974,0.649999866675678,0.649999517889546,0.650000207834402,0.64999984558533,1.94989908813456e-07,3333505.04926475,8.41881332683394e-06,0.991765823857952,7.53275611282851e-06,-1.90964057811271e-10,9.02921545200113e-06,4.91984797140743e-05,11.6399402618408
"aizawa",3,19,Inf,3.69897000433602,5000,4,13,"raw",13,4,6,"weak/raw/m=1w/p=4",829,"x3;x1^2;x2^2;x1^2 x3;x2^2 x3;x1 x3^2;x3^3;x1^4;x1^2 x2^2;x2^4;x1^3 x3;x1^2 x3^2;x2^2 x3^2",TRUE,13,"x3;x1^2;x2^2;x1^2 x3;x2^2 x3;x1 x3^2;x3^3;x1^3 x3;x1^2 x3^2",TRUE,9,7,6,2,FALSE,4.52437309985676e-05,0.65002936781775,0.650029287527638,0.650029442772067,0.650029340524821,1.7723535071549e-08,36676054.630224,3.10162027521397e-07,0.769054800982991,2.79873874657094e-07,5.39789717259262e-07,3.22647928930911e-05,7.52089764753938e-05,14.9821865558624
"aizawa",3,19,Inf,3.69897000433602,5000,4,13,"raw",13,8,6,"weak/raw/m=1w/p=8",829,"x3;x1^2;x2^2;x1^2 x3;x2^2 x3;x3^3;x1^2 x2^2;x2^4;x1^3 x3;x2^2 x3^2",TRUE,10,"x3;x1^2;x2^2;x1^2 x3;x2^2 x3;x3^3;x1^3 x3",TRUE,7,7,3,0,TRUE,1.39217029504479e-06,0.650000014955146,0.649999905096275,0.650000129121455,0.650000010395599,1.23296990896747e-08,52718237.9446659,2.15834677275526e-07,0.707467516066175,2.11853767772591e-07,-1.26162243579419e-09,2.19518942137314e-07,9.40158766282728e-07,3.9038519859314
"aizawa",3,19,Inf,3.69897000433602,5000,4,13,"raw",26,4,13,"weak/raw/m=2w/p=4",381,"x3;x1^2;x2^2;x1 x3;x3^2;x1^3;x1^2 x3;x1 x2 x3;x2^2 x3;x2 x3^2;x3^3;x1^3 x3;x1^2 x3^2;x2^2 x3^2;x3^4;x1^2 x2^2 x3;x2^4 x3;x1^3 x3^2;x1^2 x2 x3^2;x1^2 x3^3;x2^2 x3^3",TRUE,21,"x3;x1^2;x2^2;x1 x3;x1^2 x3;x2^2 x3;x3^3;x1^3 x3",TRUE,8,7,14,1,FALSE,2.91127255702683e-06,0.65000185397743,0.650001778610499,0.650001931324313,0.650001831722049,1.34247907763391e-08,48418023.2341248,1.58151694788717e-07,0.128171172419725,1.34944851862001e-07,3.32289788301055e-08,2.02003245092817e-06,4.40075221097569e-06,28.386866569519
"aizawa",3,19,Inf,3.69897000433602,5000,4,13,"raw",26,8,13,"weak/raw/m=2w/p=8",381,"x3;x1^2;x2^2;x1^2 x3;x2^2 x3;x3^3;x1^2 x2^2;x1^3 x3;x1^2 x3^2",TRUE,9,"x3;x1^2;x2^2;x1^2 x3;x2^2 x3;x3^3;x1^3 x3",TRUE,7,7,2,0,TRUE,6.18562735033024e-07,0.64999998936987,0.649999697735772,0.650000289627275,0.649999991726348,1.48133046706709e-08,43879472.2836756,1.74714608383561e-07,0.0629263106345702,1.71023646246621e-07,-1.62651190358235e-09,1.76917591435636e-07,6.7711364437617e-07,3.14975762367249
"aizawa",3,19,Inf,3.69897000433602,5000,4,13,"smoothed",13,4,6,"weak/smoothed/m=1w/p=4",829,"x3;x1^2;x2^2;x1^2 x3;x2^2 x3;x1 x3^2;x3^3;x1^4;x1^2 x2^2;x2^4;x1^3 x3;x1^2 x3^2;x2^2 x3^2",TRUE,13,"x3;x1^2;x2^2;x1^2 x3;x2^2 x3;x1 x3^2;x3^3;x1^2 x2^2;x1^3 x3;x1^2 x3^2",TRUE,10,7,6,3,FALSE,4.52642879187337e-05,0.650029365409184,0.650029300665415,0.65002943018576,0.650029343971978,2.04958983195943e-08,31715094.1049772,3.58678409094236e-07,0.756269295835191,3.25430014652582e-07,5.39789717259262e-07,3.22647928930911e-05,7.52089764753938e-05,14.4315674304962
"aizawa",3,19,Inf,3.69897000433602,5000,4,13,"smoothed",13,8,6,"weak/smoothed/m=1w/p=8",829,"x3;x1^2;x2^2;x1^2 x3;x2^2 x3;x1 x3^2;x3^3;x1^4;x1^2 x2^2;x2^4;x1^3 x3;x1^2 x3^2;x2^2 x3^2",TRUE,13,"x3;x1^2;x2^2;x1^2 x3;x2^2 x3;x1 x3^2;x3^3;x1^3 x3",TRUE,8,7,6,1,FALSE,2.48066687569271e-06,0.650000019369907,0.649999975497337,0.650000063779929,0.650000013814509,1.49694517641378e-08,43421764.8084954,2.62044252579895e-07,0.709427997663688,2.4984104995093e-07,-1.26162243579419e-09,2.19518942137314e-07,9.40158766282728e-07,14.5912311077118
"aizawa",3,19,Inf,3.69897000433602,5000,4,13,"smoothed",26,4,13,"weak/smoothed/m=2w/p=4",381,"x3;x1^2;x2^2;x1 x3;x3^2;x1^3;x1^2 x3;x1 x2 x3;x2^2 x3;x2 x3^2;x3^3;x1^3 x3;x1^2 x3^2;x2^2 x3^2;x3^4;x1^2 x2^2 x3;x2^4 x3;x1^3 x3^2;x1^2 x2 x3^2;x1^2 x3^3;x2^2 x3^3",TRUE,21,"x3;x1^2;x2^2;x1 x3;x1^2 x3;x2^2 x3;x3^3;x1^3 x3;x2^2 x3^2;x1^3 x3^2;x1^2 x3^3",TRUE,11,7,14,4,FALSE,3.02165451504521e-06,0.650001856297322,0.650001773226709,0.650001939048021,0.650001835512308,1.59272738279725e-08,40810614.7061234,1.87632372462178e-07,0.0715762525031142,1.54997515432733e-07,3.32289788301055e-08,2.02003245092817e-06,4.40075221097569e-06,26.2315392494202
"aizawa",3,19,Inf,3.69897000433602,5000,4,13,"smoothed",26,8,13,"weak/smoothed/m=2w/p=8",381,"x3;x1^2;x2^2;x1^2 x3;x2^2 x3;x3^3;x1^2 x2^2;x1^3 x3;x1^2 x3^2",TRUE,9,"x3;x1^2;x2^2;x1^2 x3;x2^2 x3;x3^3;x1^3 x3",TRUE,7,7,2,0,TRUE,6.44026710849843e-07,0.649999982683445,0.649999799823689,0.650000158027738,0.649999995350681,1.79100542539458e-08,36292463.7823181,2.11239029848668e-07,0.0206526366729337,2.047621588474e-07,-1.62651190358235e-09,1.76917591435636e-07,6.7711364437617e-07,2.24370956420898
"aizawa",3,20,Inf,3.69897000433602,5000,4,13,"smoothed",NA,NA,NA,"sg",5000,"x3;x1^2;x2^2;x2 x3;x1^3;x1^2 x3;x1 x2 x3;x2^2 x3;x1 x3^2;x3^3;x1^4;x1^3 x2;x1^2 x2^2;x2^4;x1^3 x3;x1^2 x2 x3;x1 x2^2 x3;x1^2 x3^2;x2^2 x3^2;x2 x3^3;x1^4 x3;x1^2 x2^2 x3;x1^3 x3^2;x2^3 x3^2;x1^2 x3^3",TRUE,25,"x3;x1^2;x2^2;x2 x3;x1^3;x1^2 x3;x2^2 x3;x1 x3^2;x3^3;x1^3 x2;x2^4;x1^3 x3;x1^2 x2 x3;x1 x2^2 x3;x1^2 x3^2;x2 x3^3;x1^4 x3;x1^2 x2^2 x3;x1^3 x3^2;x2^3 x3^2;x1^2 x3^3",TRUE,21,7,18,14,FALSE,0.000124890733353561,0.650000732516829,0.650000466457852,0.650000996981323,0.650000317704176,2.47340223979268e-07,2627960.41519983,9.75596233020881e-06,0.989125415427772,4.19956302371601e-06,-2.20165961998919e-08,1.06533661613065e-05,5.40895243569262e-05,15.212473154068
"aizawa",3,20,Inf,3.69897000433602,5000,4,13,"raw",13,4,6,"weak/raw/m=1w/p=4",829,"x3;x1^2;x2^2;x2 x3;x1^3;x1^2 x3;x1 x2 x3;x2^2 x3;x1 x3^2;x3^3;x1^4;x1^2 x2^2;x2^4;x1^3 x3;x1^2 x2 x3;x1 x2^2 x3;x1^2 x3^2;x1 x2 x3^2;x2^2 x3^2;x2 x3^3;x1^3 x2^2;x1^4 x3;x1^2 x2^2 x3;x2^4 x3;x2^3 x3^2",TRUE,25,"x3;x1^2;x2^2;x1^2 x3;x2^2 x3;x3^3;x1^3 x3;x1^2 x2 x3;x1 x2^2 x3;x1^3 x2^2;x2^3 x3^2",TRUE,11,7,18,4,FALSE,4.58704922829956e-05,0.650029442285849,0.650029346931814,0.650029534923265,0.650029354626143,2.1377481276238e-08,30407200.2789533,3.42065546736405e-07,0.769769547647858,1.98784244197809e-07,1.12259861195932e-06,3.64272705785274e-05,7.78328618730173e-05,19.3418221473694
"aizawa",3,20,Inf,3.69897000433602,5000,4,13,"raw",13,8,6,"weak/raw/m=1w/p=8",829,"x3;x1^2;x2^2;x1 x3;x1^3;x1^2 x3;x2^2 x3;x3^3;x1^4;x1^2 x2^2;x1^3 x3;x2^2 x3^2",TRUE,12,"x3;x1^2;x2^2;x1^2 x3;x2^2 x3;x3^3;x1^3 x3",TRUE,7,7,5,0,TRUE,2.90957320736585e-06,0.650000025796531,0.649999835731573,0.650000199126697,0.650000005249038,1.46258779668044e-08,44441776.8782367,2.34193871771004e-07,0.698762857025308,2.20665783842979e-07,-9.48029377062784e-09,2.3879290799413e-07,1.02866160400783e-06,3.01239943504333
"aizawa",3,20,Inf,3.69897000433602,5000,4,13,"raw",26,4,13,"weak/raw/m=2w/p=4",381,"x3;x1^2;x2^2;x2 x3;x1^3;x1^2 x3;x1 x2 x3;x2^2 x3;x1 x3^2;x3^3;x1^4;x1^2 x2^2;x2^4;x1^3 x3;x1^2 x2 x3;x1 x2^2 x3;x1^2 x3^2;x2^2 x3^2;x2 x3^3;x1^3 x2^2;x1^4 x3;x1^2 x2^2 x3;x2^3 x3^2",TRUE,23,"x3;x1^2;x2^2;x1^2 x3;x2^2 x3;x3^3;x1^3 x3;x1 x2^2 x3",TRUE,8,7,16,1,FALSE,3.14857248762124e-06,0.650001870940419,0.65000170203639,0.650002032042998,0.650001829149992,1.59916455555696e-08,40646337.9200902,1.71952618344903e-07,0.117385201419171,1.30189954729785e-07,5.68059961315589e-08,2.27869737680448e-06,4.64339523331692e-06,20.5383405685425
"aizawa",3,20,Inf,3.69897000433602,5000,4,13,"raw",26,8,13,"weak/raw/m=2w/p=8",381,"x3;x1^2;x2^2;x2 x3;x1^2 x3;x1 x2 x3;x2^2 x3;x1 x3^2;x3^3;x1^4;x1^2 x2^2;x2^4;x1^3 x3;x1^2 x2 x3;x1 x2^2 x3;x1^2 x3^2;x2^2 x3^2;x2 x3^3;x1^3 x2^2;x1^4 x3;x1^2 x2^2 x3;x2^3 x3^2",TRUE,22,"x3;x1^2;x2^2;x1^2 x3;x2^2 x3;x3^3;x1^3 x3;x1 x2^2 x3",TRUE,8,7,15,1,FALSE,8.00744536011422e-07,0.650000003264164,0.649999894916137,0.650000109365,0.64999998536408,1.7543982800687e-08,37049739.0899532,1.89170118951387e-07,0.0401100217022124,1.55983405172182e-07,-1.0259730076885e-08,1.91966510679176e-07,8.51247870303773e-07,28.6374433040619
"aizawa",3,20,Inf,3.69897000433602,5000,4,13,"smoothed",13,4,6,"weak/smoothed/m=1w/p=4",829,"x3;x1^2;x2^2;x1 x3;x1^3;x1^2 x3;x2^2 x3;x3^3;x1^4;x1^2 x2^2;x1^3 x3;x1^2 x3^2;x2^2 x3^2",TRUE,13,"x3;x1^2;x2^2;x1 x3;x1^3;x1^2 x3;x2^2 x3;x3^3;x1^3 x3",TRUE,9,7,6,2,FALSE,4.64437053375732e-05,0.650029442949015,0.650029287325361,0.650029589662964,0.650029361078581,2.50817466249013e-08,25916431.2119009,4.01338269570525e-07,0.753738325968797,3.35927588239076e-07,1.12259861195932e-06,3.64272705785274e-05,7.78328618730173e-05,9.00324869155884
"aizawa",3,20,Inf,3.69897000433602,5000,4,13,"smoothed",13,8,6,"weak/smoothed/m=1w/p=8",829,"x3;x1^2;x2^2;x1 x3;x1^3;x1^2 x3;x2^2 x3;x3^3;x1^4;x1^2 x2^2;x1^3 x3;x2^2 x3^2",TRUE,12,"x3;x1^2;x2^2;x1^2 x3;x2^2 x3;x3^3;x1^3 x3",TRUE,7,7,5,0,TRUE,4.08481650615578e-06,0.650000024896063,0.649999740411919,0.650000311753596,0.650000011810104,1.82990881799908e-08,35520896.2007654,2.93010396086344e-07,0.700652903081203,2.66127632832414e-07,-9.48029377062784e-09,2.3879290799413e-07,1.02866160400783e-06,2.98122787475586
"aizawa",3,20,Inf,3.69897000433602,5000,4,13,"smoothed",26,4,13,"weak/smoothed/m=2w/p=4",381,"x3;x1^2;x2^2;x2 x3;x1^3;x1^2 x3;x1 x2 x3;x2^2 x3;x1 x3^2;x3^3;x1^4;x1^2 x2^2;x2^4;x1^3 x3;x1^2 x2 x3;x1 x2^2 x3;x1^2 x3^2;x2^2 x3^2;x2 x3^3;x1^3 x2^2;x1^4 x3;x1^2 x2^2 x3;x2^3 x3^2",TRUE,23,"x3;x1^2;x2^2;x1^2 x3;x2^2 x3;x3^3;x1^3 x3;x1 x2^2 x3;x2^3 x3^2",TRUE,9,7,16,2,FALSE,3.43716516626458e-06,0.650001873327112,0.650001794635591,0.650001954357379,0.65000183470246,1.93558762065761e-08,33581628.0164896,2.08127023039642e-07,0.0549666858712922,1.49474068944203e-07,5.68059961315589e-08,2.27869737680448e-06,4.64339523331692e-06,18.1669907569885
"aizawa",3,20,Inf,3.69897000433602,5000,4,13,"smoothed",26,8,13,"weak/smoothed/m=2w/p=8",381,"x3;x1^2;x2^2;x2 x3;x1^2 x3;x1 x2 x3;x2^2 x3;x1 x3^2;x3^3;x1^4;x1^2 x2^2;x2^4;x1^3 x3;x1^2 x2 x3;x1 x2^2 x3;x1^2 x3^2;x2^2 x3^2;x2 x3^3;x1^3 x2^2;x1^4 x3;x1^2 x2^2 x3;x2^3 x3^2",TRUE,22,"x3;x1^2;x2^2;x1^2 x3;x2^2 x3;x3^3;x1^3 x3;x1 x2^2 x3;x2^3 x3^2",TRUE,9,7,15,2,FALSE,1.45592174177755e-06,0.650000007896023,0.649999930249195,0.650000084026972,0.649999991359818,2.18111417614043e-08,29801282.2286093,2.35181276363771e-07,-0.00717558491080995,1.80165669224771e-07,-1.0259730076885e-08,1.91966510679176e-07,8.51247870303773e-07,24.1528840065002
