"system","eq","trial","snr","log10n","n","sg_order","sg_window","states","m","p","stride","arm","K","selected","selected_intercept","n_selected","kept","kept_intercept","n_kept","n_true_kept","n_spurious_selected","n_spurious_kept","success","max_rel_coef_err","int_mean","int_lo","int_hi","ols_int_true_support","ols_int_se","ols_int_t","sigma_true_support","rho1_true_support","sigma_kept","det_error_mean","det_error_sd","det_error_max","t_stan_s"
"dadras",1,1,49,4,10000,4,13,"smoothed",NA,NA,NA,"sg",10000,"x1;x2;x2 x3",FALSE,3,"x1;x2;x2 x3",FALSE,3,3,0,0,TRUE,0.00424047654881971,NA,NA,NA,0.00174285014235067,0.00294904086626737,0.59098880666127,0.279996906968289,0.748925888730087,0.279997433444335,4.43403540971573e-06,0.172394862734522,3.84169665494422,3.02114582061768
"dadras",1,1,49,4,10000,4,13,"raw",13,4,6,"weak/raw/m=1w/p=4",1663,"x1;x2;x2 x3",FALSE,3,"x1;x2;x2 x3",FALSE,3,3,0,0,TRUE,0.00036541844807747,NA,NA,NA,-0.00011588729564479,0.00145459445329875,-0.0796698319466153,0.056186795683274,0.0338318175917922,0.0561868043280506,9.01427926521872e-07,0.000423224606123465,0.00225845536239433,1.30885171890259
"dadras",1,1,49,4,10000,4,13,"raw",13,8,6,"weak/raw/m=1w/p=8",1663,"x1;x2;x2 x3",FALSE,3,"x1;x2;x2 x3",FALSE,3,3,0,0,TRUE,0.000294084051019716,NA,NA,NA,-5.21982916299012e-05,0.00222976179788905,-0.0234098062310145,0.0861780294322017,-0.329245208837006,0.0861780798775247,3.84771600285004e-08,1.13595589998792e-06,8.59803989783359e-06,1.10404658317566
"dadras",1,1,49,4,10000,4,13,"raw",26,4,13,"weak/raw/m=2w/p=4",766,"x1;x2;x2 x3",FALSE,3,"x1;x2;x2 x3",FALSE,3,3,0,0,TRUE,0.000379151396928012,NA,NA,NA,1.7306116614186e-05,0.000848336430234568,0.0204000629908122,0.0221400721736242,0.0954419066612758,0.0221400889811966,9.89217775971833e-08,1.92968891470321e-05,7.03180881522769e-05,1.27277278900146
"dadras",1,1,49,4,10000,4,13,"raw",26,8,13,"weak/raw/m=2w/p=8",766,"x1;x2;x2 x3",FALSE,3,"x1;x2;x2 x3",FALSE,3,3,0,0,TRUE,0.000374917495124194,NA,NA,NA,-1.24814064367446e-05,0.00124400793964361,-0.0100332208814682,0.0325223990008859,-0.279840866045968,0.0325224117394221,3.77757290232872e-08,5.6739701861422e-07,2.90514203449277e-06,1.45893335342407
"dadras",1,1,49,4,10000,4,13,"smoothed",13,4,6,"weak/smoothed/m=1w/p=4",1663,"x1;x2;x2 x3",FALSE,3,"x1;x2;x2 x3",FALSE,3,3,0,0,TRUE,0.000395403034033404,NA,NA,NA,-6.36388422397438e-05,0.00145043830588874,-0.0438755940058753,0.0560262480689601,0.0359763007864173,0.0560262745820981,9.01427926521872e-07,0.000423224606123465,0.00225845536239433,1.24705481529236
"dadras",1,1,49,4,10000,4,13,"smoothed",13,8,6,"weak/smoothed/m=1w/p=8",1663,"x1;x2;x2 x3",FALSE,3,"x1;x2;x2 x3",FALSE,3,3,0,0,TRUE,0.000330953544288359,NA,NA,NA,-6.23473885189497e-05,0.00220130466347549,-0.028322925741916,0.0850781694362097,-0.320532419196731,0.0850781855614965,3.84771600285004e-08,1.13595589998792e-06,8.59803989783359e-06,1.15629482269287
"dadras",1,1,49,4,10000,4,13,"smoothed",26,4,13,"weak/smoothed/m=2w/p=4",766,"x1;x2;x2 x3",FALSE,3,"x1;x2;x2 x3",FALSE,3,3,0,0,TRUE,0.000372821971743598,NA,NA,NA,1.2634951541787e-05,0.00084811391894164,0.0148977056732593,0.0221342639763674,0.0966115586841343,0.0221342906302414,9.89217775971833e-08,1.92968891470321e-05,7.03180881522769e-05,1.20303225517273
"dadras",1,1,49,4,10000,4,13,"smoothed",26,8,13,"weak/smoothed/m=2w/p=8",766,"x1;x2;x2 x3",FALSE,3,"x1;x2;x2 x3",FALSE,3,3,0,0,TRUE,0.000394997057044932,NA,NA,NA,-1.13044805618899e-05,0.00124110168061924,-0.00910842418346384,0.0324464172004819,-0.278292077695566,0.0324464618333797,3.77757290232872e-08,5.6739701861422e-07,2.90514203449277e-06,1.87007164955139
"dadras",1,2,49,4,10000,4,13,"smoothed",NA,NA,NA,"sg",10000,"x1;x2;x2 x3",FALSE,3,"x1;x2;x2 x3",FALSE,3,3,0,0,TRUE,0.00316949573762624,NA,NA,NA,0.00201343700223643,0.00270287363310422,0.744924578632269,0.249661675556843,0.736586745940871,0.24966263333071,5.6404981939773e-06,0.134080292748625,2.86458640058756,2.92994093894958
"dadras",1,2,49,4,10000,4,13,"raw",13,4,6,"weak/raw/m=1w/p=4",1663,"x1;x2;x2 x3",FALSE,3,"x1;x2;x2 x3",FALSE,3,3,0,0,TRUE,0.000451754632672108,NA,NA,NA,0.000735882278530389,0.00144552446951217,0.509076320775624,0.0542707708428658,0.0886939427236577,0.0542711112344712,6.3150731760423e-07,0.000421571281804624,0.00202768118400343,1.25299000740051
"dadras",1,2,49,4,10000,4,13,"raw",13,8,6,"weak/raw/m=1w/p=8",1663,"x1;x2;x2 x3",FALSE,3,"x1;x2;x2 x3",FALSE,3,3,0,0,TRUE,0.000541681794534288,NA,NA,NA,0.000676988858945846,0.00217641347748467,0.311057097352777,0.081770010373199,-0.284789419987933,0.0817703611284315,-2.25453749149982e-09,1.16980516964553e-06,7.48482259638195e-06,1.08004307746887
"dadras",1,2,49,4,10000,4,13,"raw",26,4,13,"weak/raw/m=2w/p=4",766,"x1;x2;x2 x3",FALSE,3,"x1;x2;x2 x3",FALSE,3,3,0,0,TRUE,0.000422924558847848,NA,NA,NA,0.000595964162746223,0.000907818468644544,0.656479443116036,0.0229998404309948,0.133149082821857,0.0230009077064821,3.77398504543897e-08,1.91459855930933e-05,6.76234614758187e-05,1.38113451004028
"dadras",1,2,49,4,10000,4,13,"raw",26,8,13,"weak/raw/m=2w/p=8",766,"x1;x2;x2 x3",FALSE,3,"x1;x2;x2 x3",FALSE,3,3,0,0,TRUE,0.00047158044832285,NA,NA,NA,0.000573534660778759,0.00127450462347992,0.450005947575754,0.032362663182644,-0.22830352910735,0.0323635881508317,-2.68525792500938e-09,5.88153905685083e-07,2.48225657628609e-06,1.08896327018738
"dadras",1,2,49,4,10000,4,13,"smoothed",13,4,6,"weak/smoothed/m=1w/p=4",1663,"x1;x2;x2 x3",FALSE,3,"x1;x2;x2 x3",FALSE,3,3,0,0,TRUE,0.00043706050636283,NA,NA,NA,0.00070322210451751,0.00144373967752706,0.487083728087352,0.054203755716464,0.0905377079828473,0.05420445645633,6.3150731760423e-07,0.000421571281804624,0.00202768118400343,1.22445106506348
"dadras",1,2,49,4,10000,4,13,"smoothed",13,8,6,"weak/smoothed/m=1w/p=8",1663,"x1;x2;x2 x3",FALSE,3,"x1;x2;x2 x3",FALSE,3,3,0,0,TRUE,0.000498903171451848,NA,NA,NA,0.00070070032303338,0.00215323488411869,0.325417504704869,0.0808991456466883,-0.27728772265248,0.0808994160696045,-2.25453749149982e-09,1.16980516964553e-06,7.48482259638195e-06,1.13361883163452
"dadras",1,2,49,4,10000,4,13,"smoothed",26,4,13,"weak/smoothed/m=2w/p=4",766,"x1;x2;x2 x3",FALSE,3,"x1;x2;x2 x3",FALSE,3,3,0,0,TRUE,0.000423606267995869,NA,NA,NA,0.000590781054406537,0.000907368716685482,0.651092597246018,0.0229884449568909,0.133414174518053,0.0229897329423539,3.77398504543897e-08,1.91459855930933e-05,6.76234614758187e-05,1.30376982688904
"dadras",1,2,49,4,10000,4,13,"smoothed",26,8,13,"weak/smoothed/m=2w/p=8",766,"x1;x2;x2 x3",FALSE,3,"x1;x2;x2 x3",FALSE,3,3,0,0,TRUE,0.0004917737983966,NA,NA,NA,0.00057253845880021,0.00127444723652446,0.449244537075994,0.0323612026286098,-0.2287708294936,0.0323619591113567,-2.68525792500938e-09,5.88153905685083e-07,2.48225657628609e-06,1.17479872703552
"dadras",1,3,49,4,10000,4,13,"smoothed",NA,NA,NA,"sg",10000,"x1;x2;x2 x3",FALSE,3,"x1;x2;x2 x3",FALSE,3,3,0,0,TRUE,0.0121445943205778,NA,NA,NA,0.00904265462312856,0.00491238600645476,1.84078665871264,0.478402537017664,0.787909876442773,0.478406814822012,-1.36469331371211e-05,0.441354070800217,17.6746876539545,2.87801122665405
"dadras",1,3,49,4,10000,4,13,"raw",13,4,6,"weak/raw/m=1w/p=4",1663,"x1;x2;x2 x3",FALSE,3,"x1;x2;x2 x3",FALSE,3,3,0,0,TRUE,0.000141930298173665,NA,NA,NA,-0.00038083836440064,0.00132598389790828,-0.287211907325125,0.0525519290337532,0.0738411317666953,0.0525519490575549,1.44311023578759e-06,0.000397764519085041,0.00273313423826949,1.32611751556396
"dadras",1,3,49,4,10000,4,13,"raw",13,8,6,"weak/raw/m=1w/p=8",1663,"x1;x2;x2 x3",FALSE,3,"x1;x2;x2 x3",FALSE,3,3,0,0,TRUE,0.000226515799107995,NA,NA,NA,-0.000356557482005853,0.0019752103424661,-0.180516208496905,0.0783322442575059,-0.279564085769154,0.0783322988779304,2.72792366117466e-08,1.02093516983463e-06,7.50784758452028e-06,1.15415549278259
"dadras",1,3,49,4,10000,4,13,"raw",26,4,13,"weak/raw/m=2w/p=4",766,"x1;x2;x2 x3",FALSE,3,"x1;x2;x2 x3",FALSE,3,3,0,0,TRUE,0.000239901291864797,NA,NA,NA,-0.000470208105193214,0.000800649238990864,-0.587283522289814,0.0214477068067088,0.106905494181608,0.0214479711886637,1.496714250581e-07,1.79126066466805e-05,6.81426723723177e-05,1.21565461158752
"dadras",1,3,49,4,10000,4,13,"raw",26,8,13,"weak/raw/m=2w/p=8",766,"x1;x2;x2 x3",FALSE,3,"x1;x2;x2 x3",FALSE,3,3,0,0,TRUE,0.000248242272284149,NA,NA,NA,-0.000457235711100836,0.00114207128040623,-0.400356544241441,0.0306470731763724,-0.265330568666246,0.0306472763126432,2.64596012902202e-08,5.38754313444592e-07,3.19115872571274e-06,1.09979867935181
"dadras",1,3,49,4,10000,4,13,"smoothed",13,4,6,"weak/smoothed/m=1w/p=4",1663,"x1;x2;x2 x3",FALSE,3,"x1;x2;x2 x3",FALSE,3,3,0,0,TRUE,0.000243614315709266,NA,NA,NA,-0.000344564555239281,0.00133680868382321,-0.257751583610186,0.0529809355232067,0.0658213692381123,0.0529809493686438,1.44311023578759e-06,0.000397764519085041,0.00273313423826949,1.2714204788208
"dadras",1,3,49,4,10000,4,13,"smoothed",13,8,6,"weak/smoothed/m=1w/p=8",1663,"x1;x2;x2 x3",FALSE,3,"x1;x2;x2 x3",FALSE,3,3,0,0,TRUE,0.000645347303277354,NA,NA,NA,-7.22665238551452e-05,0.00202115946575576,-0.0357549837504399,0.0801544692546663,-0.296380531097731,0.0801545034288086,2.72792366117466e-08,1.02093516983463e-06,7.50784758452028e-06,1.10074186325073
"dadras",1,3,49,4,10000,4,13,"smoothed",26,4,13,"weak/smoothed/m=2w/p=4",766,"x1;x2;x2 x3",FALSE,3,"x1;x2;x2 x3",FALSE,3,3,0,0,TRUE,0.000249912837429145,NA,NA,NA,-0.000491191875382822,0.000801904117858713,-0.612531927999607,0.0214813145295358,0.107852622627748,0.0214815690406169,1.496714250581e-07,1.79126066466805e-05,6.81426723723177e-05,1.29579591751099
"dadras",1,3,49,4,10000,4,13,"smoothed",26,8,13,"weak/smoothed/m=2w/p=8",766,"x1;x2;x2 x3",FALSE,3,"x1;x2;x2 x3",FALSE,3,3,0,0,TRUE,0.000270549815501786,NA,NA,NA,-0.000450941071040711,0.00114594912064187,-0.393508806733171,0.0307511285741554,-0.268599820394427,0.030751226305254,2.64596012902202e-08,5.38754313444592e-07,3.19115872571274e-06,1.11497116088867
"dadras",1,4,49,4,10000,4,13,"smoothed",NA,NA,NA,"sg",10000,"x1;x2;x2 x3",FALSE,3,"x1;x2;x2 x3",FALSE,3,3,0,0,TRUE,0.00662826490827479,NA,NA,NA,0.00629088835782681,0.00366517519887971,1.71639499245484,0.349098894931098,0.787770136942445,0.34910349843103,1.74701902057174e-05,0.282204853814865,6.88790055224946,2.9936466217041
"dadras",1,4,49,4,10000,4,13,"raw",13,4,6,"weak/raw/m=1w/p=4",1663,"x1;x2;x2 x3",FALSE,3,"x1;x2;x2 x3",FALSE,3,3,0,0,TRUE,0.000594708360945884,NA,NA,NA,0.00100187542588122,0.00145087325319148,0.690532700687254,0.056196572472617,0.0850116344810099,0.0561972114370271,2.09763677448446e-06,0.000425631498508378,0.0024380836583191,1.32658123970032
"dadras",1,4,49,4,10000,4,13,"raw",13,8,6,"weak/raw/m=1w/p=8",1663,"x1;x2;x2 x3",FALSE,3,"x1;x2;x2 x3",FALSE,3,3,0,0,TRUE,0.000564142065516915,NA,NA,NA,0.00100692638127229,0.00220537485609154,0.456578335647123,0.0854881045722656,-0.3113590556798,0.0854886199975338,9.38645054090182e-09,1.08070128154851e-06,8.39251428885746e-06,1.09892749786377
"dadras",1,4,49,4,10000,4,13,"raw",26,4,13,"weak/raw/m=2w/p=4",766,"x1;x2;x2 x3",FALSE,3,"x1;x2;x2 x3",FALSE,3,3,0,0,TRUE,0.000482162908303163,NA,NA,NA,0.00086041729666357,0.0008823526844189,0.9751398866432,0.0230671574410404,0.0872626342606432,0.0230683771020598,1.72382295766903e-07,1.93013597302732e-05,7.70388583912762e-05,1.30386829376221
"dadras",1,4,49,4,10000,4,13,"raw",26,8,13,"weak/raw/m=2w/p=8",766,"x1;x2;x2 x3",FALSE,3,"x1;x2;x2 x3",FALSE,3,3,0,0,TRUE,0.000491263087784466,NA,NA,NA,0.000909234484418041,0.00128540542851126,0.70735229854374,0.0336847290025854,-0.287158231488816,0.0336858583775899,7.81613347492528e-09,5.70224168869824e-07,2.85659553256323e-06,1.10566282272339
"dadras",1,4,49,4,10000,4,13,"smoothed",13,4,6,"weak/smoothed/m=1w/p=4",1663,"x1;x2;x2 x3",FALSE,3,"x1;x2;x2 x3",FALSE,3,3,0,0,TRUE,0.000592710057355061,NA,NA,NA,0.00103223962690549,0.00144975695253942,0.712008744015611,0.0561533236115965,0.0866721239574388,0.0561543061679096,2.09763677448446e-06,0.000425631498508378,0.0024380836583191,1.25677442550659
"dadras",1,4,49,4,10000,4,13,"smoothed",13,8,6,"weak/smoothed/m=1w/p=8",1663,"x1;x2;x2 x3",FALSE,3,"x1;x2;x2 x3",FALSE,3,3,0,0,TRUE,0.000599089997244562,NA,NA,NA,0.00111469310150837,0.00218680638665055,0.509735616428164,0.0847682968986904,-0.302630191209051,0.0847688653848469,9.38645054090182e-09,1.08070128154851e-06,8.39251428885746e-06,1.18185663223267
"dadras",1,4,49,4,10000,4,13,"smoothed",26,4,13,"weak/smoothed/m=2w/p=4",766,"x1;x2;x2 x3",FALSE,3,"x1;x2;x2 x3",FALSE,3,3,0,0,TRUE,0.000459251413836625,NA,NA,NA,0.000850532051243098,0.000882065159386156,0.964250817745706,0.0230596379233835,0.0861679194041907,0.0230612041307692,1.72382295766903e-07,1.93013597302732e-05,7.70388583912762e-05,1.25621366500854
"dadras",1,4,49,4,10000,4,13,"smoothed",26,8,13,"weak/smoothed/m=2w/p=8",766,"x1;x2;x2 x3",FALSE,3,"x1;x2;x2 x3",FALSE,3,3,0,0,TRUE,0.000508994017334174,NA,NA,NA,0.000942536084927364,0.0012865156611717,0.73262698105746,0.0337138190952615,-0.288318748761689,0.0337150742819332,7.81613347492528e-09,5.70224168869824e-07,2.85659553256323e-06,1.07387614250183
"dadras",1,5,49,4,10000,4,13,"smoothed",NA,NA,NA,"sg",10000,"x1;x2;x2 x3",FALSE,3,"x1;x2;x2 x3",FALSE,3,3,0,0,TRUE,0.00851324125777165,NA,NA,NA,0.00636508924810855,0.00405465418443655,1.56982296358106,0.392944856900684,0.797009961117862,0.392947866551924,-1.3353315177776e-06,0.348195300438865,7.74358864599206,2.9326491355896
"dadras",1,5,49,4,10000,4,13,"raw",13,4,6,"weak/raw/m=1w/p=4",1663,"x1;x2;x2 x3",FALSE,3,"x1;x2;x2 x3",FALSE,3,3,0,0,TRUE,0.000414388401082766,NA,NA,NA,-0.000110860372032643,0.00138926333269131,-0.0797979543718914,0.0547490287694406,0.0863029499935791,0.0547490613319141,1.03200769654112e-06,0.000418846536125989,0.0026143250758679,1.32307386398315
"dadras",1,5,49,4,10000,4,13,"raw",13,8,6,"weak/raw/m=1w/p=8",1663,"x1;x2;x2 x3",FALSE,3,"x1;x2;x2 x3",FALSE,3,3,0,0,TRUE,0.000469477066945112,NA,NA,NA,-4.25334137639214e-05,0.00210669773866038,-0.0201896138128329,0.0830825026777771,-0.307274512563856,0.0830825225144938,3.55414577456121e-08,1.02663060458519e-06,7.2178472834139e-06,1.13092041015625
"dadras",1,5,49,4,10000,4,13,"raw",26,4,13,"weak/raw/m=2w/p=4",766,"x1;x2;x2 x3",FALSE,3,"x1;x2;x2 x3",FALSE,3,3,0,0,TRUE,0.000354661621105423,NA,NA,NA,7.8761514937075e-05,0.000839650921138621,0.0938026898490973,0.0223389291541884,0.0594140313663137,0.0223389360526574,9.12879894587284e-08,1.91100935708506e-05,8.27455986982528e-05,1.28558588027954
"dadras",1,5,49,4,10000,4,13,"raw",26,8,13,"weak/raw/m=2w/p=8",766,"x1;x2;x2 x3",FALSE,3,"x1;x2;x2 x3",FALSE,3,3,0,0,TRUE,0.000390483868963121,NA,NA,NA,1.47466743844285e-05,0.00121230417506222,0.0121641702534528,0.0323188679345792,-0.26866316890578,0.0323189154998853,3.50447609130838e-08,5.56918548854351e-07,3.17104890967812e-06,1.98188638687134
"dadras",1,5,49,4,10000,4,13,"smoothed",13,4,6,"weak/smoothed/m=1w/p=4",1663,"x1;x2;x2 x3",FALSE,3,"x1;x2;x2 x3",FALSE,3,3,0,0,TRUE,0.000383470807703734,NA,NA,NA,-1.91734186710733e-05,0.0013877986271701,-0.0138157066131203,0.054691296776488,0.0870998767129,0.0546913064609422,1.03200769654112e-06,0.000418846536125989,0.0026143250758679,1.39337086677551
"dadras",1,5,49,4,10000,4,13,"smoothed",13,8,6,"weak/smoothed/m=1w/p=8",1663,"x1;x2;x2 x3",FALSE,3,"x1;x2;x2 x3",FALSE,3,3,0,0,TRUE,0.000436529039087308,NA,NA,NA,6.86078067201091e-05,0.00209238548368603,0.0327892767633079,0.0825180447952977,-0.301900407367827,0.082518104749531,3.55414577456121e-08,1.02663060458519e-06,7.2178472834139e-06,1.50835537910461
"dadras",1,5,49,4,10000,4,13,"smoothed",26,4,13,"weak/smoothed/m=2w/p=4",766,"x1;x2;x2 x3",FALSE,3,"x1;x2;x2 x3",FALSE,3,3,0,0,TRUE,0.000374055840546617,NA,NA,NA,6.0695091329972e-05,0.000839893563317037,0.0722652178572075,0.0223453798780396,0.058877786844537,0.022345379998676,9.12879894587284e-08,1.91100935708506e-05,8.27455986982528e-05,1.29395866394043
"dadras",1,5,49,4,10000,4,13,"smoothed",26,8,13,"weak/smoothed/m=2w/p=8",766,"x1;x2;x2 x3",FALSE,3,"x1;x2;x2 x3",FALSE,3,3,0,0,TRUE,0.000385995190426591,NA,NA,NA,1.16704068631349e-05,0.00121217769831115,0.00962763700354701,0.0323154913408732,-0.267601423883868,0.0323155556887857,3.50447609130838e-08,5.56918548854351e-07,3.17104890967812e-06,1.8997266292572
"dadras",1,6,49,4,10000,4,13,"smoothed",NA,NA,NA,"sg",10000,"x1;x2;x2 x3",FALSE,3,"x1;x2;x2 x3",FALSE,3,3,0,0,TRUE,0.0190599804917738,NA,NA,NA,0.0101487110488011,0.00803623521131986,1.26286884118395,0.766094441355069,0.781253548627842,0.766099529287747,2.05100073579729e-05,0.788241933419193,31.7990259036313,2.91622281074524
"dadras",1,6,49,4,10000,4,13,"raw",13,4,6,"weak/raw/m=1w/p=4",1663,"x1;x2;x2 x3",FALSE,3,"x1;x2;x2 x3",FALSE,3,3,0,0,TRUE,0.000991851446388026,NA,NA,NA,0.000330899178671745,0.00141329635908818,0.234132902518218,0.054787679632297,0.0687523361821512,0.0547877630659291,-2.83717254698855e-06,0.000432917238759411,0.00336308522507522,1.38377857208252
"dadras",1,6,49,4,10000,4,13,"raw",13,8,6,"weak/raw/m=1w/p=8",1663,"x1;x2;x2 x3",FALSE,3,"x1;x2;x2 x3",FALSE,3,3,0,0,TRUE,0.000981169223348122,NA,NA,NA,0.000399797376497665,0.00214205358006592,0.186642099067083,0.0830950972573605,-0.318583083083289,0.0830952093351946,-2.85302565120339e-09,1.07798648331185e-06,8.76139820604749e-06,1.09096503257751
"dadras",1,6,49,4,10000,4,13,"raw",26,4,13,"weak/raw/m=2w/p=4",766,"x1;x2;x2 x3",FALSE,3,"x1;x2;x2 x3",FALSE,3,3,0,0,TRUE,0.000924370818648379,NA,NA,NA,0.000545999343075234,0.000855157072517891,0.638478427673662,0.0223952218465582,0.129219133043994,0.0223958832043933,-1.49085330949526e-07,1.91732892072701e-05,8.1101218118107e-05,1.31116080284119
"dadras",1,6,49,4,10000,4,13,"raw",26,8,13,"weak/raw/m=2w/p=8",766,"x1;x2;x2 x3",FALSE,3,"x1;x2;x2 x3",FALSE,3,3,0,0,TRUE,0.000842687436256373,NA,NA,NA,0.000462070873762373,0.00120363811437479,0.38389518264997,0.0315815345274192,-0.232855158677334,0.031581952157867,-4.94973212199913e-10,5.24713743136568e-07,2.43303866476197e-06,1.09856367111206
"dadras",1,6,49,4,10000,4,13,"smoothed",13,4,6,"weak/smoothed/m=1w/p=4",1663,"x1;x2;x2 x3",FALSE,3,"x1;x2;x2 x3",FALSE,3,3,0,0,TRUE,0.0010408479524826,NA,NA,NA,0.000443881101467404,0.00142738180438053,0.310975732004686,0.0553336930686286,0.0523679564740154,0.0553339221984841,-2.83717254698855e-06,0.000432917238759411,0.00336308522507522,1.32358860969543
"dadras",1,6,49,4,10000,4,13,"smoothed",13,8,6,"weak/smoothed/m=1w/p=8",1663,"x1;x2;x2 x3",FALSE,3,"x1;x2;x2 x3",FALSE,3,3,0,0,TRUE,0.000970853203977162,NA,NA,NA,0.000404496681994185,0.00217301582760686,0.186145299475179,0.0842961644797815,-0.327213945740914,0.0842963497076441,-2.85302565120339e-09,1.07798648331185e-06,8.76139820604749e-06,1.11584281921387
"dadras",1,6,49,4,10000,4,13,"smoothed",26,4,13,"weak/smoothed/m=2w/p=4",766,"x1;x2;x2 x3",FALSE,3,"x1;x2;x2 x3",FALSE,3,3,0,0,TRUE,0.0009333192808616,NA,NA,NA,0.000518636435049379,0.000855194337470377,0.606454477450681,0.022396193965897,0.128562845116387,0.0223968132964006,-1.49085330949526e-07,1.91732892072701e-05,8.1101218118107e-05,1.34717154502869
"dadras",1,6,49,4,10000,4,13,"smoothed",26,8,13,"weak/smoothed/m=2w/p=8",766,"x1;x2;x2 x3",FALSE,3,"x1;x2;x2 x3",FALSE,3,3,0,0,TRUE,0.000922649296139166,NA,NA,NA,0.000498309672599028,0.00119895377965159,0.415620419282414,0.0314586208357328,-0.234910082467005,0.0314588416103662,-4.94973212199913e-10,5.24713743136568e-07,2.43303866476197e-06,1.12642097473145
"dadras",1,7,49,4,10000,4,13,"smoothed",NA,NA,NA,"sg",10000,"x1;x2;x2 x3",FALSE,3,"x1;x2;x2 x3",FALSE,3,3,0,0,TRUE,0.00845655635868708,NA,NA,NA,0.00323344028545398,0.00409754085858023,0.789117277179351,0.38792310807802,0.782786085579322,0.387924536441067,-8.47520136616174e-06,0.331915092219773,11.5650788013996,3.0099663734436
"dadras",1,7,49,4,10000,4,13,"raw",13,4,6,"weak/raw/m=1w/p=4",1663,"x1;x2;x2 x3",FALSE,3,"x1;x2;x2 x3",FALSE,3,3,0,0,TRUE,0.00016074207511189,NA,NA,NA,0.000336933453155991,0.0014341460918898,0.234936632370562,0.0552543932249053,0.0489028901401399,0.0552545031137165,1.17677548427235e-06,0.000416998823282894,0.00284980058067674,1.1808705329895
"dadras",1,7,49,4,10000,4,13,"raw",13,8,6,"weak/raw/m=1w/p=8",1663,"x1;x2;x2 x3",FALSE,3,"x1;x2;x2 x3",FALSE,3,3,0,0,TRUE,0.000242873356879003,NA,NA,NA,0.000300008673614086,0.00218512512160193,0.137295878688241,0.0842352183680449,-0.310632950543988,0.0842353132049759,-5.87928381076272e-09,1.07719399776427e-06,6.84515804039165e-06,1.16252875328064
"dadras",1,7,49,4,10000,4,13,"raw",26,4,13,"weak/raw/m=2w/p=4",766,"x1;x2;x2 x3",FALSE,3,"x1;x2;x2 x3",FALSE,3,3,0,0,TRUE,0.000214256784407526,NA,NA,NA,0.000289989221486915,0.000856632990042722,0.338522126578913,0.0223050335529484,0.114555539833336,0.0223053140787128,5.76204455877278e-08,1.8811276130264e-05,7.74340538889362e-05,1.28392601013184
"dadras",1,7,49,4,10000,4,13,"raw",26,8,13,"weak/raw/m=2w/p=8",766,"x1;x2;x2 x3",FALSE,3,"x1;x2;x2 x3",FALSE,3,3,0,0,TRUE,0.000196123998876511,NA,NA,NA,0.000368104283034306,0.00122492257161099,0.300512286707382,0.03194863303019,-0.263223212870759,0.0319489308780029,-6.2570735658033e-09,5.61144041451687e-07,2.47646457296469e-06,1.02040362358093
"dadras",1,7,49,4,10000,4,13,"smoothed",13,4,6,"weak/smoothed/m=1w/p=4",1663,"x1;x2;x2 x3",FALSE,3,"x1;x2;x2 x3",FALSE,3,3,0,0,TRUE,0.000263049620242632,NA,NA,NA,0.000345118601592207,0.00143119819696798,0.241139628545751,0.05514080475971,0.0529494593340982,0.0551409573683981,1.17677548427235e-06,0.000416998823282894,0.00284980058067674,1.25433349609375
"dadras",1,7,49,4,10000,4,13,"smoothed",13,8,6,"weak/smoothed/m=1w/p=8",1663,"x1;x2;x2 x3",FALSE,3,"x1;x2;x2 x3",FALSE,3,3,0,0,TRUE,0.000285642344540094,NA,NA,NA,0.000331628648646859,0.00215666491318269,0.153769204766011,0.0831380617486727,-0.299394540568777,0.0831381523037296,-5.87928381076272e-09,1.07719399776427e-06,6.84515804039165e-06,1.15167999267578
"dadras",1,7,49,4,10000,4,13,"smoothed",26,4,13,"weak/smoothed/m=2w/p=4",766,"x1;x2;x2 x3",FALSE,3,"x1;x2;x2 x3",FALSE,3,3,0,0,TRUE,0.000226024292260041,NA,NA,NA,0.000265646369182993,0.000856044365807816,0.310318459875982,0.0222897036813117,0.113198800248843,0.0222901171912324,5.76204455877278e-08,1.8811276130264e-05,7.74340538889362e-05,1.35740351676941
"dadras",1,7,49,4,10000,4,13,"smoothed",26,8,13,"weak/smoothed/m=2w/p=8",766,"x1;x2;x2 x3",FALSE,3,"x1;x2;x2 x3",FALSE,3,3,0,0,TRUE,0.000227216207171033,NA,NA,NA,0.00033112134006933,0.00122385752289555,0.270555464075526,0.0319208485453098,-0.265857885578164,0.0319210108962094,-6.2570735658033e-09,5.61144041451687e-07,2.47646457296469e-06,1.0433304309845
"dadras",1,8,49,4,10000,4,13,"smoothed",NA,NA,NA,"sg",10000,"x1;x2;x2 x3",FALSE,3,"x1;x2;x2 x3",FALSE,3,3,0,0,TRUE,0.00582852246528723,NA,NA,NA,0.00227215409091537,0.0037417533233575,0.607243154360735,0.343319042391584,0.782258724486704,0.343319875926204,-8.33023194078866e-07,0.273394109463008,9.34576444552313,2.93504524230957
"dadras",1,8,49,4,10000,4,13,"raw",13,4,6,"weak/raw/m=1w/p=4",1663,"x1;x2;x2 x3",FALSE,3,"x1;x2;x2 x3",FALSE,3,3,0,0,TRUE,0.000529773830939106,NA,NA,NA,0.000708575315852431,0.00146819716309138,0.482615914037379,0.0547698506057227,0.0607649222070434,0.0547703869770937,-8.55096464900141e-07,0.000430240053488494,0.00268812271301044,1.34044122695923
"dadras",1,8,49,4,10000,4,13,"raw",13,8,6,"weak/raw/m=1w/p=8",1663,"x1;x2;x2 x3",FALSE,3,"x1;x2;x2 x3",FALSE,3,3,0,0,TRUE,0.000533217683489795,NA,NA,NA,0.000728209025091427,0.00223806357266778,0.325374593458666,0.0835575607971677,-0.315931148187499,0.0835582145776505,5.57081759773603e-09,1.09590870494591e-06,7.99754808866737e-06,1.95474123954773
"dadras",1,8,49,4,10000,4,13,"raw",26,4,13,"weak/raw/m=2w/p=4",766,"x1;x2;x2 x3",FALSE,3,"x1;x2;x2 x3",FALSE,3,3,0,0,TRUE,0.000431518827205712,NA,NA,NA,0.000553601398948885,0.00087376089201343,0.633584546995697,0.0219889491366773,0.137316339286887,0.0219901619311645,-4.88712618791924e-08,1.95544814677394e-05,8.67445719716642e-05,1.40883708000183
"dadras",1,8,49,4,10000,4,13,"raw",26,8,13,"weak/raw/m=2w/p=8",766,"x1;x2;x2 x3",FALSE,3,"x1;x2;x2 x3",FALSE,3,3,0,0,TRUE,0.000478869562597684,NA,NA,NA,0.000592545092015634,0.00124998310017938,0.474042482598846,0.0315356503177233,-0.237184628349267,0.0315364076990933,5.92357738874757e-09,5.90485076437295e-07,2.74418657397746e-06,2.01296067237854
"dadras",1,8,49,4,10000,4,13,"smoothed",13,4,6,"weak/smoothed/m=1w/p=4",1663,"x1;x2;x2 x3",FALSE,3,"x1;x2;x2 x3",FALSE,3,3,0,0,TRUE,0.000548922162382448,NA,NA,NA,0.000673966490176569,0.0014670863217444,0.459391162051872,0.0547283939687791,0.0602578685789842,0.0547287774629589,-8.55096464900141e-07,0.000430240053488494,0.00268812271301044,1.34317350387573
"dadras",1,8,49,4,10000,4,13,"smoothed",13,8,6,"weak/smoothed/m=1w/p=8",1663,"x1;x2;x2 x3",FALSE,3,"x1;x2;x2 x3",FALSE,3,3,0,0,TRUE,0.000555045223458617,NA,NA,NA,0.000718299224879514,0.00221613997477152,0.324121776176872,0.0827390134374413,-0.307355187706456,0.082739325177326,5.57081759773603e-09,1.09590870494591e-06,7.99754808866737e-06,1.93409824371338
"dadras",1,8,49,4,10000,4,13,"smoothed",26,4,13,"weak/smoothed/m=2w/p=4",766,"x1;x2;x2 x3",FALSE,3,"x1;x2;x2 x3",FALSE,3,3,0,0,TRUE,0.000427323474739394,NA,NA,NA,0.000534178501039289,0.000873412536362437,0.611599305940834,0.0219801801953804,0.137387344030037,0.0219811794714851,-4.88712618791924e-08,1.95544814677394e-05,8.67445719716642e-05,1.65399527549744
"dadras",1,8,49,4,10000,4,13,"smoothed",26,8,13,"weak/smoothed/m=2w/p=8",766,"x1;x2;x2 x3",FALSE,3,"x1;x2;x2 x3",FALSE,3,3,0,0,TRUE,0.000482413530778825,NA,NA,NA,0.000575972655453186,0.00124838458067634,0.461374374826978,0.0314953151122993,-0.236766813202525,0.0314960291834503,5.92357738874757e-09,5.90485076437295e-07,2.74418657397746e-06,2.07762765884399
"dadras",1,9,49,4,10000,4,13,"smoothed",NA,NA,NA,"sg",10000,"x1;x2;x2 x3",FALSE,3,"x1;x2;x2 x3",FALSE,3,3,0,0,TRUE,0.00983176544659086,NA,NA,NA,0.00685615051592932,0.00447216212473867,1.53307289062781,0.432825002585991,0.789580188044511,0.432828180669385,-0.0006549754559932,0.393059505548546,13.0309909930594,2.98657965660095
"dadras",1,9,49,4,10000,4,13,"raw",13,4,6,"weak/raw/m=1w/p=4",1663,"x1;x2;x2 x3",FALSE,3,"x1;x2;x2 x3",FALSE,3,3,0,0,TRUE,0.000275882100038927,NA,NA,NA,0.000174694848601677,0.00141297302332764,0.123636365109264,0.0556707087597232,0.0681502302447929,0.0556707140360875,4.15449853578854e-06,0.000414235873154177,0.00251244495646574,1.25382232666016
"dadras",1,9,49,4,10000,4,13,"raw",13,8,6,"weak/raw/m=1w/p=8",1663,"x1;x2;x2 x3",FALSE,3,"x1;x2;x2 x3",FALSE,3,3,0,0,TRUE,0.000370948937545412,NA,NA,NA,8.48716034597358e-05,0.00215095302849284,0.0394576740335444,0.0847966517379181,-0.305914103991167,0.0847966836311106,1.20354982301046e-08,1.10387677797939e-06,7.46790294670063e-06,1.11524963378906
"dadras",1,9,49,4,10000,4,13,"raw",26,4,13,"weak/raw/m=2w/p=4",766,"x1;x2;x2 x3",FALSE,3,"x1;x2;x2 x3",FALSE,3,3,0,0,TRUE,0.000429955198216314,NA,NA,NA,0.000182607738318513,0.000842052313237138,0.216860325003451,0.0224346658349721,0.117047219598474,0.0224347733977573,2.11269301630637e-07,1.87522601663178e-05,9.45976802455561e-05,1.19837522506714
"dadras",1,9,49,4,10000,4,13,"raw",26,8,13,"weak/raw/m=2w/p=8",766,"x1;x2;x2 x3",FALSE,3,"x1;x2;x2 x3",FALSE,3,3,0,0,TRUE,0.000511057372105661,NA,NA,NA,0.000144319558674765,0.0011918422126708,0.121089484111625,0.0318020861599277,-0.262234011186727,0.031802213100451,9.34334089608131e-09,6.17289275314785e-07,4.76354203726714e-06,1.05585026741028
"dadras",1,9,49,4,10000,4,13,"smoothed",13,4,6,"weak/smoothed/m=1w/p=4",1663,"x1;x2;x2 x3",FALSE,3,"x1;x2;x2 x3",FALSE,3,3,0,0,TRUE,0.000289825858425334,NA,NA,NA,0.000209914891714882,0.00141907298521488,0.147923957331269,0.0559110372129374,0.0635281581765668,0.0559111132867179,4.15449853578854e-06,0.000414235873154177,0.00251244495646574,1.1995587348938
"dadras",1,9,49,4,10000,4,13,"smoothed",13,8,6,"weak/smoothed/m=1w/p=8",1663,"x1;x2;x2 x3",FALSE,3,"x1;x2;x2 x3",FALSE,3,3,0,0,TRUE,0.000431250053928818,NA,NA,NA,0.00026574706010158,0.00214283676299717,0.124016474185314,0.0844766620043405,-0.300510910826803,0.0844767028355502,1.20354982301046e-08,1.10387677797939e-06,7.46790294670063e-06,1.09092497825623
"dadras",1,9,49,4,10000,4,13,"smoothed",26,4,13,"weak/smoothed/m=2w/p=4",766,"x1;x2;x2 x3",FALSE,3,"x1;x2;x2 x3",FALSE,3,3,0,0,TRUE,0.000430376264701771,NA,NA,NA,0.000176812106683043,0.000842342737739289,0.209905183200816,0.0224424002452172,0.119246266920577,0.0224425722829422,2.11269301630637e-07,1.87522601663178e-05,9.45976802455561e-05,1.18741917610168
"dadras",1,9,49,4,10000,4,13,"smoothed",26,8,13,"weak/smoothed/m=2w/p=8",766,"x1;x2;x2 x3",FALSE,3,"x1;x2;x2 x3",FALSE,3,3,0,0,TRUE,0.000561323411808701,NA,NA,NA,0.00013138125072213,0.00118783367828537,0.110605763352137,0.0316951230166796,-0.260283940429739,0.0316954012315504,9.34334089608131e-09,6.17289275314785e-07,4.76354203726714e-06,1.07495307922363
"dadras",1,10,49,4,10000,4,13,"smoothed",NA,NA,NA,"sg",10000,"x1;x2;x2 x3",FALSE,3,"x1;x2;x2 x3",FALSE,3,3,0,0,TRUE,0.0104996704639806,NA,NA,NA,0.0045668923340182,0.00430948394511516,1.05973067591882,0.419440367946571,0.791705056177436,0.419441615140633,7.92903722146457e-07,0.368706320083677,12.8804071613391,2.9376528263092
"dadras",1,10,49,4,10000,4,13,"raw",13,4,6,"weak/raw/m=1w/p=4",1663,"x1;x2;x2 x3",FALSE,3,"x1;x2;x2 x3",FALSE,3,3,0,0,TRUE,7.09022963875465e-05,NA,NA,NA,-0.000597198738735774,0.00141594512963712,-0.421766865280173,0.0560999540190226,0.0880928868948112,0.056100110973725,-1.2425710176728e-06,0.000435435102587465,0.00288289052645041,1.297776222229
"dadras",1,10,49,4,10000,4,13,"raw",13,8,6,"weak/raw/m=1w/p=8",1663,"x1;x2;x2 x3",FALSE,3,"x1;x2;x2 x3",FALSE,3,3,0,0,TRUE,0.000108015592233575,NA,NA,NA,-0.000555627306446094,0.00212910040163561,-0.26096810935701,0.0843917797178164,-0.291114606604773,0.0843918380064756,2.05831800913385e-08,1.07012273654939e-06,7.79503170633689e-06,1.15756630897522
"dadras",1,10,49,4,10000,4,13,"raw",26,4,13,"weak/raw/m=2w/p=4",766,"x1;x2;x2 x3",FALSE,3,"x1;x2;x2 x3",FALSE,3,3,0,0,TRUE,0.000112555735760411,NA,NA,NA,-0.00047103900302543,0.000893881652492812,-0.526959023839252,0.0239554376939386,0.152728134938113,0.023955691986419,-5.199390643801e-08,1.96084467658624e-05,8.14667859820872e-05,1.30260515213013
"dadras",1,10,49,4,10000,4,13,"raw",26,8,13,"weak/raw/m=2w/p=8",766,"x1;x2;x2 x3",FALSE,3,"x1;x2;x2 x3",FALSE,3,3,0,0,TRUE,8.19386047721249e-05,NA,NA,NA,-0.000470182744855071,0.00124370814432447,-0.37804910018536,0.033373007465157,-0.221090237755296,0.033373170409663,2.10920205097462e-08,5.71014023574837e-07,4.44372103913793e-06,1.14843654632568
"dadras",1,10,49,4,10000,4,13,"smoothed",13,4,6,"weak/smoothed/m=1w/p=4",1663,"x1;x2;x2 x3",FALSE,3,"x1;x2;x2 x3",FALSE,3,3,0,0,TRUE,0.000194227121787183,NA,NA,NA,-0.000521111922294761,0.00141856712135298,-0.367350909555652,0.0562038315380599,0.085770029549625,0.0562039829327063,-1.2425710176728e-06,0.000435435102587465,0.00288289052645041,1.30578637123108
"dadras",1,10,49,4,10000,4,13,"smoothed",13,8,6,"weak/smoothed/m=1w/p=8",1663,"x1;x2;x2 x3",FALSE,3,"x1;x2;x2 x3",FALSE,3,3,0,0,TRUE,0.000318315164956839,NA,NA,NA,-0.000456509452336468,0.00212207533482364,-0.21512405560965,0.0841132982514966,-0.290782491952951,0.0841133402406163,2.05831800913385e-08,1.07012273654939e-06,7.79503170633689e-06,1.16015362739563
"dadras",1,10,49,4,10000,4,13,"smoothed",26,4,13,"weak/smoothed/m=2w/p=4",766,"x1;x2;x2 x3",FALSE,3,"x1;x2;x2 x3",FALSE,3,3,0,0,TRUE,0.000121109706227474,NA,NA,NA,-0.000482491384435729,0.000895177535313166,-0.538989603070117,0.023990164314982,0.152007974677907,0.0239904503227313,-5.199390643801e-08,1.96084467658624e-05,8.14667859820872e-05,1.30344915390015
"dadras",1,10,49,4,10000,4,13,"smoothed",26,8,13,"weak/smoothed/m=2w/p=8",766,"x1;x2;x2 x3",FALSE,3,"x1;x2;x2 x3",FALSE,3,3,0,0,TRUE,0.000119572488759119,NA,NA,NA,-0.000446494258429894,0.00124341235529055,-0.359087841237963,0.0333650675057204,-0.221203711275148,0.0333653040755335,2.10920205097462e-08,5.71014023574837e-07,4.44372103913793e-06,1.13546562194824
"dadras",1,11,49,4,10000,4,13,"smoothed",NA,NA,NA,"sg",10000,"x1;x2;x2 x3",FALSE,3,"x1;x2;x2 x3",FALSE,3,3,0,0,TRUE,0.0043865849618958,NA,NA,NA,0.00146381866900237,0.00283293315393018,0.516714863875834,0.272512436366135,0.753199099565486,0.272512650948712,1.76452478015102e-05,0.182552628472943,5.20863115942924,2.99630975723267
"dadras",1,11,49,4,10000,4,13,"raw",13,4,6,"weak/raw/m=1w/p=4",1663,"x1;x2;x2 x3",FALSE,3,"x1;x2;x2 x3",FALSE,3,3,0,0,TRUE,0.000234502612056116,NA,NA,NA,-0.000115799312965393,0.00139355095096365,-0.0830965763292089,0.0545757039413027,0.0700947314287221,0.0545757503496445,3.28784724128102e-06,0.000410629953482525,0.00237113482908313,1.29918575286865
"dadras",1,11,49,4,10000,4,13,"raw",13,8,6,"weak/raw/m=1w/p=8",1663,"x1;x2;x2 x3",FALSE,3,"x1;x2;x2 x3",FALSE,3,3,0,0,TRUE,0.000250372701117237,NA,NA,NA,-0.000140476954075282,0.00207870468206365,-0.0675790819578194,0.0814420781576837,-0.281770195895151,0.0814420805897181,3.82663442421406e-08,1.05257350451429e-06,8.92433235577528e-06,1.10212779045105
"dadras",1,11,49,4,10000,4,13,"raw",26,4,13,"weak/raw/m=2w/p=4",766,"x1;x2;x2 x3",FALSE,3,"x1;x2;x2 x3",FALSE,3,3,0,0,TRUE,0.000144032591940106,NA,NA,NA,-4.49533722440072e-05,0.000818588368082299,-0.0549157232093575,0.0216848066863107,0.0680140930262377,0.0216848310985501,2.12918587494716e-07,1.85414570330738e-05,6.41866425077353e-05,1.25557684898376
"dadras",1,11,49,4,10000,4,13,"raw",26,8,13,"weak/raw/m=2w/p=8",766,"x1;x2;x2 x3",FALSE,3,"x1;x2;x2 x3",FALSE,3,3,0,0,TRUE,0.000220143125537457,NA,NA,NA,-6.57274050386413e-05,0.00118136496930121,-0.0556368326017993,0.0313351699298268,-0.292913791753421,0.0313352008968593,3.66193481246041e-08,5.37153005137397e-07,2.27748131464978e-06,1.07937908172607
"dadras",1,11,49,4,10000,4,13,"smoothed",13,4,6,"weak/smoothed/m=1w/p=4",1663,"x1;x2;x2 x3",FALSE,3,"x1;x2;x2 x3",FALSE,3,3,0,0,TRUE,0.000303280963360149,NA,NA,NA,-0.000105837594934875,0.00139077750968748,-0.0760995876030942,0.0544670810275249,0.0754299958446994,0.0544670942872549,3.28784724128102e-06,0.000410629953482525,0.00237113482908313,1.31808400154114
"dadras",1,11,49,4,10000,4,13,"smoothed",13,8,6,"weak/smoothed/m=1w/p=8",1663,"x1;x2;x2 x3",FALSE,3,"x1;x2;x2 x3",FALSE,3,3,0,0,TRUE,0.000363768831835939,NA,NA,NA,-0.00011558051111519,0.0020542683455615,-0.0562635895962256,0.0804846644776211,-0.270214705802235,0.080484674876033,3.82663442421406e-08,1.05257350451429e-06,8.92433235577528e-06,1.09896779060364
"dadras",1,11,49,4,10000,4,13,"smoothed",26,4,13,"weak/smoothed/m=2w/p=4",766,"x1;x2;x2 x3",FALSE,3,"x1;x2;x2 x3",FALSE,3,3,0,0,TRUE,0.000152018976411779,NA,NA,NA,-5.14767183395897e-05,0.000818993317587449,-0.0628536487833959,0.0216955328838391,0.0673697415473013,0.0216955577122178,2.12918587494716e-07,1.85414570330738e-05,6.41866425077353e-05,1.13155579566956
"dadras",1,11,49,4,10000,4,13,"smoothed",26,8,13,"weak/smoothed/m=2w/p=8",766,"x1;x2;x2 x3",FALSE,3,"x1;x2;x2 x3",FALSE,3,3,0,0,TRUE,0.000264067236004954,NA,NA,NA,-6.07384505078756e-05,0.0011845468466838,-0.0512756846028642,0.0314195658149523,-0.294921729570946,0.0314195955936232,3.66193481246041e-08,5.37153005137397e-07,2.27748131464978e-06,1.08168959617615
"dadras",1,12,49,4,10000,4,13,"smoothed",NA,NA,NA,"sg",10000,"x1;x2;x2 x3",FALSE,3,"x1;x2;x2 x3",FALSE,3,3,0,0,TRUE,0.00761260806597047,NA,NA,NA,0.00534454747142464,0.00360934253935233,1.48075374203294,0.352300710741943,0.779733309139223,0.352302735316673,-1.05771733972299e-05,0.29948459852723,9.73128360577734,4.66201663017273
"dadras",1,12,49,4,10000,4,13,"raw",13,4,6,"weak/raw/m=1w/p=4",1663,"x1;x2;x2 x3",FALSE,3,"x1;x2;x2 x3",FALSE,3,3,0,0,TRUE,0.000618893391162167,NA,NA,NA,0.000217022704407283,0.00138049018863898,0.157206987918722,0.05483353623619,0.0666178620038616,0.054833559000947,-1.26798244642289e-06,0.000418866011404857,0.00274489342832851,2.34491276741028
"dadras",1,12,49,4,10000,4,13,"raw",13,8,6,"weak/raw/m=1w/p=8",1663,"x1;x2;x2 x3",FALSE,3,"x1;x2;x2 x3",FALSE,3,3,0,0,TRUE,0.000585014999590738,NA,NA,NA,0.000113394683748087,0.00208839987356064,0.0542974002171115,0.0829929056413159,-0.313046633542665,0.0829929346356272,4.29806437888825e-09,1.05998648541706e-06,8.02896436624678e-06,1.9419424533844
"dadras",1,12,49,4,10000,4,13,"raw",26,4,13,"weak/raw/m=2w/p=4",766,"x1;x2;x2 x3",FALSE,3,"x1;x2;x2 x3",FALSE,3,3,0,0,TRUE,0.00053337052639657,NA,NA,NA,6.59339335365368e-05,0.000817307774616801,0.0806720987909973,0.0219458230861903,0.0814991903681784,0.0219458456409424,-6.72375901763612e-08,1.89670266798785e-05,8.75952738788044e-05,2.14222574234009
"dadras",1,12,49,4,10000,4,13,"raw",26,8,13,"weak/raw/m=2w/p=8",766,"x1;x2;x2 x3",FALSE,3,"x1;x2;x2 x3",FALSE,3,3,0,0,TRUE,0.000551808313030033,NA,NA,NA,6.41539410668117e-05,0.00116661005321298,0.0549917608631303,0.0313717095613959,-0.269689864609854,0.0313717446262587,4.27398754357771e-09,5.42624073002676e-07,2.93801297779339e-06,2.12031936645508
"dadras",1,12,49,4,10000,4,13,"smoothed",13,4,6,"weak/smoothed/m=1w/p=4",1663,"x1;x2;x2 x3",FALSE,3,"x1;x2;x2 x3",FALSE,3,3,0,0,TRUE,0.00068848616417716,NA,NA,NA,0.000216908071500024,0.0013780967087785,0.157396843137579,0.0547384577980377,0.0683705486540068,0.0547384871732533,-1.26798244642289e-06,0.000418866011404857,0.00274489342832851,2.10505819320679
"dadras",1,12,49,4,10000,4,13,"smoothed",13,8,6,"weak/smoothed/m=1w/p=8",1663,"x1;x2;x2 x3",FALSE,3,"x1;x2;x2 x3",FALSE,3,3,0,0,TRUE,0.000663109638957327,NA,NA,NA,0.000201047458292994,0.00206249133609752,0.0974779650097341,0.0819632905267667,-0.301758185101631,0.0819633281219592,4.29806437888825e-09,1.05998648541706e-06,8.02896436624678e-06,1.93676733970642
"dadras",1,12,49,4,10000,4,13,"smoothed",26,4,13,"weak/smoothed/m=2w/p=4",766,"x1;x2;x2 x3",FALSE,3,"x1;x2;x2 x3",FALSE,3,3,0,0,TRUE,0.000523777786653579,NA,NA,NA,5.0324838507785e-05,0.000816892640457809,0.0616052049135631,0.0219346712064882,0.0820256896743638,0.0219347149483978,-6.72375901763612e-08,1.89670266798785e-05,8.75952738788044e-05,2.27911639213562
"dadras",1,12,49,4,10000,4,13,"smoothed",26,8,13,"weak/smoothed/m=2w/p=8",766,"x1;x2;x2 x3",FALSE,3,"x1;x2;x2 x3",FALSE,3,3,0,0,TRUE,0.000586143450630017,NA,NA,NA,6.84946102984528e-05,0.00116827747425338,0.0586287177557936,0.0314165433687396,-0.268491689977767,0.0314165993025819,4.27398754357771e-09,5.42624073002676e-07,2.93801297779339e-06,1.97610855102539
"dadras",1,13,49,4,10000,4,13,"smoothed",NA,NA,NA,"sg",10000,"x1;x2;x2 x3",FALSE,3,"x1;x2;x2 x3",FALSE,3,3,0,0,TRUE,0.00687829360705221,NA,NA,NA,0.00597910711383891,0.00340304024323853,1.75698983452186,0.328324662725751,0.788159047693826,0.328327517861453,2.37354497413142e-05,0.253009855382488,6.24316735283312,3.01587748527527
"dadras",1,13,49,4,10000,4,13,"raw",13,4,6,"weak/raw/m=1w/p=4",1663,"x1;x2;x2 x3",FALSE,3,"x1;x2;x2 x3",FALSE,3,3,0,0,TRUE,0.000182223068745873,NA,NA,NA,0.000852838261113841,0.00141562026398506,0.602448469275967,0.0555431456666288,0.0828725225998908,0.0555435201601407,3.58795548116256e-07,0.000400829909221652,0.00235739775551025,1.24468731880188
"dadras",1,13,49,4,10000,4,13,"raw",13,8,6,"weak/raw/m=1w/p=8",1663,"x1;x2;x2 x3",FALSE,3,"x1;x2;x2 x3",FALSE,3,3,0,0,TRUE,0.000226215124472517,NA,NA,NA,0.000897716901160247,0.00212474192565002,0.422506324331888,0.0834216268371254,-0.303748287937539,0.0834221046128421,1.40075702541157e-08,1.12582349017569e-06,8.55199967730869e-06,1.63450479507446
"dadras",1,13,49,4,10000,4,13,"raw",26,4,13,"weak/raw/m=2w/p=4",766,"x1;x2;x2 x3",FALSE,3,"x1;x2;x2 x3",FALSE,3,3,0,0,TRUE,0.000149169992319287,NA,NA,NA,0.000762518149398937,0.000854781574375152,0.892061986661728,0.0226442877002762,0.0860653048936418,0.0226452481727371,1.31668037957731e-08,1.81253444075078e-05,6.7725969500998e-05,1.21290564537048
"dadras",1,13,49,4,10000,4,13,"raw",26,8,13,"weak/raw/m=2w/p=8",766,"x1;x2;x2 x3",FALSE,3,"x1;x2;x2 x3",FALSE,3,3,0,0,TRUE,0.000181023688385577,NA,NA,NA,0.000860059526201642,0.00123956947389037,0.693837291347904,0.0329018133940976,-0.271301660530192,0.03290267559801,1.37591479651185e-08,6.02267652553459e-07,3.19855018471316e-06,1.96339225769043
"dadras",1,13,49,4,10000,4,13,"smoothed",13,4,6,"weak/smoothed/m=1w/p=4",1663,"x1;x2;x2 x3",FALSE,3,"x1;x2;x2 x3",FALSE,3,3,0,0,TRUE,0.000263311474240985,NA,NA,NA,0.000890468585870307,0.00141752751494536,0.62818433962083,0.0556179666676724,0.081829817763607,0.0556183520761333,3.58795548116256e-07,0.000400829909221652,0.00235739775551025,1.21764159202576
"dadras",1,13,49,4,10000,4,13,"smoothed",13,8,6,"weak/smoothed/m=1w/p=8",1663,"x1;x2;x2 x3",FALSE,3,"x1;x2;x2 x3",FALSE,3,3,0,0,TRUE,0.000373499857883083,NA,NA,NA,0.000966875445746843,0.00211729079445275,0.456656897710997,0.0831290683279464,-0.29971171854567,0.0831295756407867,1.40075702541157e-08,1.12582349017569e-06,8.55199967730869e-06,2.09692621231079
"dadras",1,13,49,4,10000,4,13,"smoothed",26,4,13,"weak/smoothed/m=2w/p=4",766,"x1;x2;x2 x3",FALSE,3,"x1;x2;x2 x3",FALSE,3,3,0,0,TRUE,0.000147158744042475,NA,NA,NA,0.000753986046141358,0.000854966781555745,0.881889287873108,0.0226491897288082,0.0849579427981877,0.0226499756470172,1.31668037957731e-08,1.81253444075078e-05,6.7725969500998e-05,1.29024744033813
"dadras",1,13,49,4,10000,4,13,"smoothed",26,8,13,"weak/smoothed/m=2w/p=8",766,"x1;x2;x2 x3",FALSE,3,"x1;x2;x2 x3",FALSE,3,3,0,0,TRUE,0.000215623281294677,NA,NA,NA,0.000847099211404518,0.00124301712050541,0.681486358820297,0.0329933221175457,-0.272626561804157,0.0329945732486079,1.37591479651185e-08,6.02267652553459e-07,3.19855018471316e-06,2.04689955711365
"dadras",1,14,49,4,10000,4,13,"smoothed",NA,NA,NA,"sg",10000,"x1;x2;x2 x3",FALSE,3,"x1;x2;x2 x3",FALSE,3,3,0,0,TRUE,0.0222628274904653,NA,NA,NA,0.0122482339912306,0.00896937462292568,1.36556164795751,0.860079046262578,0.78930540598692,0.860084078037106,2.66290539775196e-05,0.896715283865481,28.9671298770728,2.82451581954956
"dadras",1,14,49,4,10000,4,13,"raw",13,4,6,"weak/raw/m=1w/p=4",1663,"x1;x2;x2 x3",FALSE,3,"x1;x2;x2 x3",FALSE,3,3,0,0,TRUE,0.000475682148393997,NA,NA,NA,0.00110888891083805,0.00146848688237199,0.755123470389401,0.0572555772620067,0.0785571128130304,0.0572566368200379,6.79666437930542e-07,0.000448529608303308,0.00343643846460395,1.25923442840576
"dadras",1,14,49,4,10000,4,13,"raw",13,8,6,"weak/raw/m=1w/p=8",1663,"x1;x2;x2 x3",FALSE,3,"x1;x2;x2 x3",FALSE,3,3,0,0,TRUE,0.000433751559617557,NA,NA,NA,0.00111550365958485,0.00226994708515126,0.491422759095072,0.0885651652337007,-0.315142328493972,0.0885656782163266,1.13116381972223e-08,1.10278952935595e-06,8.29846073102658e-06,1.09807085990906
"dadras",1,14,49,4,10000,4,13,"raw",26,4,13,"weak/raw/m=2w/p=4",766,"x1;x2;x2 x3",FALSE,3,"x1;x2;x2 x3",FALSE,3,3,0,0,TRUE,0.000585316001938008,NA,NA,NA,0.00112715539581494,0.000886074592542593,1.27207732317497,0.0233347160924587,0.0903050745184886,0.0233371837793783,2.35891098847101e-08,1.9874942003633e-05,9.07509093881487e-05,1.27213644981384
"dadras",1,14,49,4,10000,4,13,"raw",26,8,13,"weak/raw/m=2w/p=8",766,"x1;x2;x2 x3",FALSE,3,"x1;x2;x2 x3",FALSE,3,3,0,0,TRUE,0.000497798642895564,NA,NA,NA,0.00114999246446303,0.00127948204048722,0.898795315661577,0.0337543400429402,-0.259829625189802,0.0337562825865207,1.07775715204832e-08,6.16512200788553e-07,4.58200282871246e-06,1.09424710273743
"dadras",1,14,49,4,10000,4,13,"smoothed",13,4,6,"weak/smoothed/m=1w/p=4",1663,"x1;x2;x2 x3",FALSE,3,"x1;x2;x2 x3",FALSE,3,3,0,0,TRUE,0.00060855420867209,NA,NA,NA,0.00121093152972039,0.00149570145737081,0.809607775504211,0.0583166346386345,0.0510774904052273,0.0583175530637918,6.79666437930542e-07,0.000448529608303308,0.00343643846460395,1.29381847381592
"dadras",1,14,49,4,10000,4,13,"smoothed",13,8,6,"weak/smoothed/m=1w/p=8",1663,"x1;x2;x2 x3",FALSE,3,"x1;x2;x2 x3",FALSE,3,3,0,0,TRUE,0.00086319377727801,NA,NA,NA,0.00121770944635225,0.00232411411134352,0.523945636063593,0.0906785131855876,-0.327825530114061,0.0906791324920141,1.13116381972223e-08,1.10278952935595e-06,8.29846073102658e-06,1.09916281700134
"dadras",1,14,49,4,10000,4,13,"smoothed",26,4,13,"weak/smoothed/m=2w/p=4",766,"x1;x2;x2 x3",FALSE,3,"x1;x2;x2 x3",FALSE,3,3,0,0,TRUE,0.0006104712748356,NA,NA,NA,0.0011022418048964,0.000884207326134661,1.24658750534774,0.0232855383990946,0.0911220232996281,0.0232874136841032,2.35891098847101e-08,1.9874942003633e-05,9.07509093881487e-05,1.20790338516235
"dadras",1,14,49,4,10000,4,13,"smoothed",26,8,13,"weak/smoothed/m=2w/p=8",766,"x1;x2;x2 x3",FALSE,3,"x1;x2;x2 x3",FALSE,3,3,0,0,TRUE,0.000513984599923825,NA,NA,NA,0.00113428757870631,0.00128515700777134,0.882606227758375,0.0339040449083374,-0.263497547378645,0.0339050959650472,1.07775715204832e-08,6.16512200788553e-07,4.58200282871246e-06,1.04489970207214
"dadras",1,15,49,4,10000,4,13,"smoothed",NA,NA,NA,"sg",10000,"x1;x2;x2 x3",FALSE,3,"x1;x2;x2 x3",FALSE,3,3,0,0,TRUE,0.00254258013634049,NA,NA,NA,0.00064358014831675,0.00261185980704008,0.246406850238296,0.239417661800094,0.722241992311183,0.239417838104753,-8.78132126565545e-05,0.110560890844236,2.27273258156556,3.04340052604675
"dadras",1,15,49,4,10000,4,13,"raw",13,4,6,"weak/raw/m=1w/p=4",1663,"x1;x2;x2 x3",FALSE,3,"x1;x2;x2 x3",FALSE,3,3,0,0,TRUE,0.000430294508285154,NA,NA,NA,0.000406247984514268,0.00138216774599176,0.293920897584519,0.0515803695008136,0.102510618029542,0.0515805846724823,2.12402232318947e-06,0.000415358234180331,0.00188906303584702,1.3532919883728
"dadras",1,15,49,4,10000,4,13,"raw",13,8,6,"weak/raw/m=1w/p=8",1663,"x1;x2;x2 x3",FALSE,3,"x1;x2;x2 x3",FALSE,3,3,0,0,TRUE,0.000375587327114792,NA,NA,NA,0.000378808232481556,0.0020885156792634,0.181376772146215,0.0779931472201684,-0.295741059484982,0.0779933627158319,6.33400416749115e-09,1.15369492091745e-06,8.23113879278026e-06,1.1489474773407
"dadras",1,15,49,4,10000,4,13,"raw",26,4,13,"weak/raw/m=2w/p=4",766,"x1;x2;x2 x3",FALSE,3,"x1;x2;x2 x3",FALSE,3,3,0,0,TRUE,0.000469493689045261,NA,NA,NA,0.000512330594507432,0.000867332742695815,0.590696706450886,0.0218708314494524,0.123473525823976,0.0218717856347094,4.02828366218436e-08,1.8849848477423e-05,6.56491998682895e-05,1.2095844745636
"dadras",1,15,49,4,10000,4,13,"raw",26,8,13,"weak/raw/m=2w/p=8",766,"x1;x2;x2 x3",FALSE,3,"x1;x2;x2 x3",FALSE,3,3,0,0,TRUE,0.000451174017869986,NA,NA,NA,0.000454088954566969,0.00120567786321941,0.376625439032659,0.0304677772409361,-0.211820045832945,0.0304683023553363,1.26577574249879e-09,5.68334140975382e-07,2.54025448143125e-06,1.22999238967896
"dadras",1,15,49,4,10000,4,13,"smoothed",13,4,6,"weak/smoothed/m=1w/p=4",1663,"x1;x2;x2 x3",FALSE,3,"x1;x2;x2 x3",FALSE,3,3,0,0,TRUE,0.000391182888698504,NA,NA,NA,0.000389890198451117,0.00138049179601062,0.282428479167953,0.0515178185619377,0.105949138053666,0.0515180680383775,2.12402232318947e-06,0.000415358234180331,0.00188906303584702,1.32816028594971
"dadras",1,15,49,4,10000,4,13,"smoothed",13,8,6,"weak/smoothed/m=1w/p=8",1663,"x1;x2;x2 x3",FALSE,3,"x1;x2;x2 x3",FALSE,3,3,0,0,TRUE,0.000316780742985118,NA,NA,NA,0.000366054153554943,0.00206435246847781,0.177321537452788,0.0770907872520074,-0.284287310519938,0.0770909023063861,6.33400416749115e-09,1.15369492091745e-06,8.23113879278026e-06,1.20738530158997
"dadras",1,15,49,4,10000,4,13,"smoothed",26,4,13,"weak/smoothed/m=2w/p=4",766,"x1;x2;x2 x3",FALSE,3,"x1;x2;x2 x3",FALSE,3,3,0,0,TRUE,0.000465036637994724,NA,NA,NA,0.00050351257494286,0.000867707577193486,0.580279103441071,0.0218802826761855,0.122488836827953,0.0218811478305776,4.02828366218436e-08,1.8849848477423e-05,6.56491998682895e-05,1.44224572181702
"dadras",1,15,49,4,10000,4,13,"smoothed",26,8,13,"weak/smoothed/m=2w/p=8",766,"x1;x2;x2 x3",FALSE,3,"x1;x2;x2 x3",FALSE,3,3,0,0,TRUE,0.000433067939190171,NA,NA,NA,0.000444224693717362,0.00120686157775909,0.368082555534002,0.0304976885675814,-0.211988282608613,0.0304981017377495,1.26577574249879e-09,5.68334140975382e-07,2.54025448143125e-06,1.1571044921875
"dadras",1,16,49,4,10000,4,13,"smoothed",NA,NA,NA,"sg",10000,"x1;x2;x2 x3",FALSE,3,"x1;x2;x2 x3",FALSE,3,3,0,0,TRUE,0.00265494060000221,NA,NA,NA,-4.96071245839269e-05,0.00249347807209649,-0.0198947506854222,0.230493980446479,0.720077616599683,0.230493997927307,4.03673224300497e-06,0.0965742975362228,1.80869502603883,2.96104717254639
"dadras",1,16,49,4,10000,4,13,"raw",13,4,6,"weak/raw/m=1w/p=4",1663,"x1;x2;x2 x3",FALSE,3,"x1;x2;x2 x3",FALSE,3,3,0,0,TRUE,0.000339330185220366,NA,NA,NA,-0.000742134673403793,0.00138946428908945,-0.534115687053843,0.0522507798186465,0.0872597168989561,0.0522515030317383,-1.65797084773525e-07,0.000396084806812965,0.0019708025081826,1.30229020118713
"dadras",1,16,49,4,10000,4,13,"raw",13,8,6,"weak/raw/m=1w/p=8",1663,"x1;x2;x2 x3",FALSE,3,"x1;x2;x2 x3",FALSE,3,3,0,0,TRUE,0.000304552205669717,NA,NA,NA,-0.000802207612893332,0.00211644305626224,-0.379035764992457,0.0796442040491469,-0.297031685194871,0.0796448971921905,8.80739223466817e-09,1.12338387274584e-06,8.6989922820635e-06,1.1015613079071
"dadras",1,16,49,4,10000,4,13,"raw",26,4,13,"weak/raw/m=2w/p=4",766,"x1;x2;x2 x3",FALSE,3,"x1;x2;x2 x3",FALSE,3,3,0,0,TRUE,0.00025981817431675,NA,NA,NA,-0.000820425745952707,0.000842094098474181,-0.9742684902308,0.0213834185849325,0.0833148544286769,0.0213853309200475,-1.85828006230001e-08,1.81652395391482e-05,6.47277457108686e-05,1.26443958282471
"dadras",1,16,49,4,10000,4,13,"raw",26,8,13,"weak/raw/m=2w/p=8",766,"x1;x2;x2 x3",FALSE,3,"x1;x2;x2 x3",FALSE,3,3,0,0,TRUE,0.000310206640065758,NA,NA,NA,-0.000811471029033713,0.00122140902184708,-0.664372879616167,0.0310845178661641,-0.278177776863603,0.0310861716726097,9.24060287236006e-09,5.63438264392007e-07,2.46231372713623e-06,1.03897881507874
"dadras",1,16,49,4,10000,4,13,"smoothed",13,4,6,"weak/smoothed/m=1w/p=4",1663,"x1;x2;x2 x3",FALSE,3,"x1;x2;x2 x3",FALSE,3,3,0,0,TRUE,0.00035803989753469,NA,NA,NA,-0.000762329553965523,0.00138798330958273,-0.549235389721438,0.0521950779725655,0.0886409979374089,0.0521957080845796,-1.65797084773525e-07,0.000396084806812965,0.0019708025081826,1.29716825485229
"dadras",1,16,49,4,10000,4,13,"smoothed",13,8,6,"weak/smoothed/m=1w/p=8",1663,"x1;x2;x2 x3",FALSE,3,"x1;x2;x2 x3",FALSE,3,3,0,0,TRUE,0.000342572626465421,NA,NA,NA,-0.000778005670661911,0.00209280493465695,-0.37175259756803,0.0787546603764224,-0.287214356963463,0.0787553614594137,8.80739223466817e-09,1.12338387274584e-06,8.6989922820635e-06,1.09327292442322
"dadras",1,16,49,4,10000,4,13,"smoothed",26,4,13,"weak/smoothed/m=2w/p=4",766,"x1;x2;x2 x3",FALSE,3,"x1;x2;x2 x3",FALSE,3,3,0,0,TRUE,0.000262323213836346,NA,NA,NA,-0.000826839276701417,0.000842230900284066,-0.981725173491666,0.0213868912554716,0.0833514187139294,0.0213887518282309,-1.85828006230001e-08,1.81652395391482e-05,6.47277457108686e-05,1.32695364952087
"dadras",1,16,49,4,10000,4,13,"smoothed",26,8,13,"weak/smoothed/m=2w/p=8",766,"x1;x2;x2 x3",FALSE,3,"x1;x2;x2 x3",FALSE,3,3,0,0,TRUE,0.000323034887719897,NA,NA,NA,-0.000812134816230964,0.00121988918264773,-0.665744747787869,0.0310458349219911,-0.277310466134625,0.0310472832677347,9.24060287236006e-09,5.63438264392007e-07,2.46231372713623e-06,1.10542702674866
"dadras",1,17,49,4,10000,4,13,"smoothed",NA,NA,NA,"sg",10000,"x1;x2;x2 x3",FALSE,3,"x1;x2;x2 x3",FALSE,3,3,0,0,TRUE,0.00685421969754272,NA,NA,NA,0.00268996729651836,0.00358618261197119,0.750092113976257,0.343189991748651,0.785499864498516,0.343190844163843,1.84746572815548e-06,0.278388370229973,6.44902935202741,4.95553088188171
"dadras",1,17,49,4,10000,4,13,"raw",13,4,6,"weak/raw/m=1w/p=4",1663,"x1;x2;x2 x3",FALSE,3,"x1;x2;x2 x3",FALSE,3,3,0,0,TRUE,0.000546508134614321,NA,NA,NA,-0.00121347220169217,0.00140049996009485,-0.866456434322205,0.0545346700660383,0.0976184214210211,0.0545354638027783,1.97868705084417e-06,0.000410086074337382,0.0024126741024233,2.28441739082336
"dadras",1,17,49,4,10000,4,13,"raw",13,8,6,"weak/raw/m=1w/p=8",1663,"x1;x2;x2 x3",FALSE,3,"x1;x2;x2 x3",FALSE,3,3,0,0,TRUE,0.000507896864509139,NA,NA,NA,-0.00112266257503174,0.00206715918014473,-0.543094400186994,0.0805448941235593,-0.260246442347922,0.0805453983203774,9.06924444870059e-09,1.07114336771105e-06,7.63211500043326e-06,1.93876194953918
"dadras",1,17,49,4,10000,4,13,"raw",26,4,13,"weak/raw/m=2w/p=4",766,"x1;x2;x2 x3",FALSE,3,"x1;x2;x2 x3",FALSE,3,3,0,0,TRUE,0.000421537887342005,NA,NA,NA,-0.0011289870587191,0.000868379996176467,-1.30010716931539,0.0228488343335697,0.0968250459319125,0.0228510054486088,1.72870263892624e-07,1.86409378683e-05,7.88914376848027e-05,2.18688344955444
"dadras",1,17,49,4,10000,4,13,"raw",26,8,13,"weak/raw/m=2w/p=8",766,"x1;x2;x2 x3",FALSE,3,"x1;x2;x2 x3",FALSE,3,3,0,0,TRUE,0.000410504614006602,NA,NA,NA,-0.00116325839562266,0.00123611337141064,-0.941061250955617,0.0325847189843709,-0.273394034665309,0.0325859981732494,7.9683958311678e-09,5.76212223619696e-07,3.1205999206918e-06,1.92043399810791
"dadras",1,17,49,4,10000,4,13,"smoothed",13,4,6,"weak/smoothed/m=1w/p=4",1663,"x1;x2;x2 x3",FALSE,3,"x1;x2;x2 x3",FALSE,3,3,0,0,TRUE,0.000539211184122479,NA,NA,NA,-0.00115435196570764,0.0014031634848995,-0.822678168389135,0.0546383755739399,0.0938224880488123,0.0546391845264708,1.97868705084417e-06,0.000410086074337382,0.0024126741024233,2.20908045768738
"dadras",1,17,49,4,10000,4,13,"smoothed",13,8,6,"weak/smoothed/m=1w/p=8",1663,"x1;x2;x2 x3",FALSE,3,"x1;x2;x2 x3",FALSE,3,3,0,0,TRUE,0.000529551762187053,NA,NA,NA,-0.00106715630132641,0.00207600608618352,-0.514042954126517,0.0808895801331052,-0.266396881534477,0.0808898644901643,9.06924444870059e-09,1.07114336771105e-06,7.63211500043326e-06,2.1545205116272
"dadras",1,17,49,4,10000,4,13,"smoothed",26,4,13,"weak/smoothed/m=2w/p=4",766,"x1;x2;x2 x3",FALSE,3,"x1;x2;x2 x3",FALSE,3,3,0,0,TRUE,0.000420490833230591,NA,NA,NA,-0.00113908657146221,0.000868146800517801,-1.31208981105824,0.0228426958581836,0.0963895111658319,0.022844904810192,1.72870263892624e-07,1.86409378683e-05,7.88914376848027e-05,2.09753036499023
"dadras",1,17,49,4,10000,4,13,"smoothed",26,8,13,"weak/smoothed/m=2w/p=8",766,"x1;x2;x2 x3",FALSE,3,"x1;x2;x2 x3",FALSE,3,3,0,0,TRUE,0.000369005558312097,NA,NA,NA,-0.00117656728632403,0.00123708546689734,-0.951080032711809,0.0326103385890056,-0.272703623450059,0.0326120744783266,7.9683958311678e-09,5.76212223619696e-07,3.1205999206918e-06,1.98069071769714
"dadras",1,18,49,4,10000,4,13,"smoothed",NA,NA,NA,"sg",10000,"x1;x2;x2 x3",FALSE,3,"x1;x2;x2 x3",FALSE,3,3,0,0,TRUE,0.00911342181082497,NA,NA,NA,0.00794525300521359,0.00430165001889277,1.84702450694923,0.418739784836418,0.799452703850539,0.418743373204392,-1.79146330074061e-06,0.369033885572873,7.87097404879476,3.54734301567078
"dadras",1,18,49,4,10000,4,13,"raw",13,4,6,"weak/raw/m=1w/p=4",1663,"x1;x2;x2 x3",FALSE,3,"x1;x2;x2 x3",FALSE,3,3,0,0,TRUE,0.000489830280850034,NA,NA,NA,0.000467018071829348,0.00142649246279211,0.327389091783382,0.0564817366042282,0.0418670387204008,0.0564818231258936,7.17002194606135e-07,0.000425369892290462,0.00254968162630576,2.06394243240356
"dadras",1,18,49,4,10000,4,13,"raw",13,8,6,"weak/raw/m=1w/p=8",1663,"x1;x2;x2 x3",FALSE,3,"x1;x2;x2 x3",FALSE,3,3,0,0,TRUE,0.000549306536750116,NA,NA,NA,0.000488040729491957,0.00220129028564914,0.221706665710397,0.0872139573470681,-0.330728930551809,0.0872141257474027,3.46501385283611e-08,1.07509925637812e-06,8.90382877116735e-06,1.02671217918396
"dadras",1,18,49,4,10000,4,13,"raw",26,4,13,"weak/raw/m=2w/p=4",766,"x1;x2;x2 x3",FALSE,3,"x1;x2;x2 x3",FALSE,3,3,0,0,TRUE,0.000459553122001188,NA,NA,NA,0.000563912152305169,0.000839684815218895,0.671575979563433,0.0224600762693756,0.126113401018723,0.0224605031985888,8.45494391997255e-08,1.93920471275514e-05,8.07532763076324e-05,1.2076199054718
"dadras",1,18,49,4,10000,4,13,"raw",26,8,13,"weak/raw/m=2w/p=8",766,"x1;x2;x2 x3",FALSE,3,"x1;x2;x2 x3",FALSE,3,3,0,0,TRUE,0.000495731040342506,NA,NA,NA,0.000523091944236251,0.00118901435558071,0.439937450528742,0.0318590045639743,-0.246703762918191,0.0318592154871455,3.44138100002334e-08,5.49957446929766e-07,3.10685148718903e-06,1.12174844741821
"dadras",1,18,49,4,10000,4,13,"smoothed",13,4,6,"weak/smoothed/m=1w/p=4",1663,"x1;x2;x2 x3",FALSE,3,"x1;x2;x2 x3",FALSE,3,3,0,0,TRUE,0.000436285720978313,NA,NA,NA,0.000551746467906809,0.00142680409891234,0.386700927147188,0.0564940683617638,0.0431044097368962,0.0564941922310552,7.17002194606135e-07,0.000425369892290462,0.00254968162630576,1.80596804618835
"dadras",1,18,49,4,10000,4,13,"smoothed",13,8,6,"weak/smoothed/m=1w/p=8",1663,"x1;x2;x2 x3",FALSE,3,"x1;x2;x2 x3",FALSE,3,3,0,0,TRUE,0.000390327978210259,NA,NA,NA,0.000643185652090508,0.00219457329863032,0.293080049999666,0.086947811236474,-0.328390101897759,0.0869478540426418,3.46501385283611e-08,1.07509925637812e-06,8.90382877116735e-06,1.11508750915527
"dadras",1,18,49,4,10000,4,13,"smoothed",26,4,13,"weak/smoothed/m=2w/p=4",766,"x1;x2;x2 x3",FALSE,3,"x1;x2;x2 x3",FALSE,3,3,0,0,TRUE,0.000475949458108138,NA,NA,NA,0.000545472624350007,0.000839903376027525,0.649446876770419,0.0224659176864239,0.124823374680249,0.0224664019550348,8.45494391997255e-08,1.93920471275514e-05,8.07532763076324e-05,1.23300766944885
"dadras",1,18,49,4,10000,4,13,"smoothed",26,8,13,"weak/smoothed/m=2w/p=8",766,"x1;x2;x2 x3",FALSE,3,"x1;x2;x2 x3",FALSE,3,3,0,0,TRUE,0.000479118554862712,NA,NA,NA,0.000525053225298841,0.00118811054474352,0.441922872936191,0.0318347842311555,-0.248337216645814,0.0318350820055858,3.44138100002334e-08,5.49957446929766e-07,3.10685148718903e-06,1.18616938591003
"dadras",1,19,49,4,10000,4,13,"smoothed",NA,NA,NA,"sg",10000,"x1;x2;x2 x3",FALSE,3,"x1;x2;x2 x3",FALSE,3,3,0,0,TRUE,0.00283699984101119,NA,NA,NA,0.000884673790654452,0.00263468767283089,0.335779379004684,0.237059157246973,0.727968415428056,0.237059386343115,-8.0707949294363e-05,0.112499983787544,2.2223671663509,3.11595726013184
"dadras",1,19,49,4,10000,4,13,"raw",13,4,6,"weak/raw/m=1w/p=4",1663,"x1;x2;x2 x3",FALSE,3,"x1;x2;x2 x3",FALSE,3,3,0,0,TRUE,4.19211618572687e-05,NA,NA,NA,0.000944529482568233,0.00145983577646917,0.647010778741646,0.0534491094640542,0.105228530950063,0.0534508211652274,2.23114351140699e-06,0.000412799853261854,0.00206629940065994,1.26626300811768
"dadras",1,19,49,4,10000,4,13,"raw",13,8,6,"weak/raw/m=1w/p=8",1663,"x1;x2;x2 x3",FALSE,3,"x1;x2;x2 x3",FALSE,3,3,0,0,TRUE,9.03785256897531e-05,NA,NA,NA,0.000823895880924227,0.00216362294304208,0.380794575863491,0.0792819227965889,-0.278337946232727,0.0792827558634475,1.11669849010863e-08,1.10860153729951e-06,7.35825480546737e-06,2.12550759315491
"dadras",1,19,49,4,10000,4,13,"raw",26,4,13,"weak/raw/m=2w/p=4",766,"x1;x2;x2 x3",FALSE,3,"x1;x2;x2 x3",FALSE,3,3,0,0,TRUE,6.6167132423578e-05,NA,NA,NA,0.00102138400560931,0.000931069780210139,1.09700049053122,0.0230112976388987,0.154895070297071,0.0230151365397083,8.99478073219077e-08,1.87304181638655e-05,6.48698645662193e-05,2.45942687988281
"dadras",1,19,49,4,10000,4,13,"raw",26,8,13,"weak/raw/m=2w/p=8",766,"x1;x2;x2 x3",FALSE,3,"x1;x2;x2 x3",FALSE,3,3,0,0,TRUE,0.000109404107920819,NA,NA,NA,0.00100718369174826,0.00128559365749139,0.783438597319782,0.0318556322375829,-0.184238989985468,0.0318589056920348,8.78242812712878e-09,5.42876779674947e-07,2.25482951776712e-06,2.0950243473053
"dadras",1,19,49,4,10000,4,13,"smoothed",13,4,6,"weak/smoothed/m=1w/p=4",1663,"x1;x2;x2 x3",FALSE,3,"x1;x2;x2 x3",FALSE,3,3,0,0,TRUE,7.16489495392973e-05,NA,NA,NA,0.000911883106782064,0.0014582456427405,0.625328874680092,0.0533908806771214,0.107237808318191,0.0533919558779637,2.23114351140699e-06,0.000412799853261854,0.00206629940065994,1.75763988494873
"dadras",1,19,49,4,10000,4,13,"smoothed",13,8,6,"weak/smoothed/m=1w/p=8",1663,"x1;x2;x2 x3",FALSE,3,"x1;x2;x2 x3",FALSE,3,3,0,0,TRUE,0.000148648912200085,NA,NA,NA,0.000829304974072566,0.00214468217895213,0.386679659210745,0.0785878591802335,-0.268086059933875,0.0785886670644654,1.11669849010863e-08,1.10860153729951e-06,7.35825480546737e-06,2.08827662467957
"dadras",1,19,49,4,10000,4,13,"smoothed",26,4,13,"weak/smoothed/m=2w/p=4",766,"x1;x2;x2 x3",FALSE,3,"x1;x2;x2 x3",FALSE,3,3,0,0,TRUE,8.8493350972163e-05,NA,NA,NA,0.00101584548142197,0.00093131439257905,1.09076536292845,0.0230173425858624,0.154844707604374,0.0230216760326697,8.99478073219077e-08,1.87304181638655e-05,6.48698645662193e-05,2.43830275535583
"dadras",1,19,49,4,10000,4,13,"smoothed",26,8,13,"weak/smoothed/m=2w/p=8",766,"x1;x2;x2 x3",FALSE,3,"x1;x2;x2 x3",FALSE,3,3,0,0,TRUE,8.3568330798256e-05,NA,NA,NA,0.000999624018506691,0.00128532610870354,0.777720153459712,0.031849001064262,-0.18404351835588,0.0318517289886074,8.78242812712878e-09,5.42876779674947e-07,2.25482951776712e-06,2.06953358650208
"dadras",1,20,49,4,10000,4,13,"smoothed",NA,NA,NA,"sg",10000,"x1;x2;x2 x3",FALSE,3,"x1;x2;x2 x3",FALSE,3,3,0,0,TRUE,0.0168045391503164,NA,NA,NA,0.0107346786812232,0.00678733141169992,1.5815757372211,0.652835504681142,0.783267021199945,0.652842206734832,-1.22007983238711e-05,0.643879464923728,26.2615568619178,2.9019296169281
"dadras",1,20,49,4,10000,4,13,"raw",13,4,6,"weak/raw/m=1w/p=4",1663,"x1;x2;x2 x3",FALSE,3,"x1;x2;x2 x3",FALSE,3,3,0,0,TRUE,0.000234181684083853,NA,NA,NA,0.00179320647913299,0.00140496212249147,1.2763379527649,0.0549714323632203,0.0720991889092323,0.0549735512588628,9.71272672548603e-07,0.000418716500705408,0.00333117305878261,1.25743699073792
"dadras",1,20,49,4,10000,4,13,"raw",13,8,6,"weak/raw/m=1w/p=8",1663,"x1;x2;x2 x3",FALSE,3,"x1;x2;x2 x3",FALSE,3,3,0,0,TRUE,0.000324875167151118,NA,NA,NA,0.00189125571233192,0.00212286284596425,0.890898682374779,0.0831077885573654,-0.293105512958209,0.0831094109903079,1.17109514322888e-08,1.0621371517838e-06,8.8435003107179e-06,1.12244939804077
"dadras",1,20,49,4,10000,4,13,"raw",26,4,13,"weak/raw/m=2w/p=4",766,"x1;x2;x2 x3",FALSE,3,"x1;x2;x2 x3",FALSE,3,3,0,0,TRUE,0.000164365104272202,NA,NA,NA,0.00163589435883009,0.000848211683100724,1.9286392670871,0.0224259205446624,0.0894769932940684,0.0224308035193606,6.57748795172712e-08,1.91372161658632e-05,8.96875109326345e-05,1.32240796089172
"dadras",1,20,49,4,10000,4,13,"raw",26,8,13,"weak/raw/m=2w/p=8",766,"x1;x2;x2 x3",FALSE,3,"x1;x2;x2 x3",FALSE,3,3,0,0,TRUE,0.000133482864632883,NA,NA,NA,0.00158964628500433,0.00119616784260725,1.32894918955472,0.0316760474824324,-0.252091272012926,0.0316790722673251,1.13627608172157e-08,5.46273632447884e-07,3.72547613380902e-06,1.13520050048828
"dadras",1,20,49,4,10000,4,13,"smoothed",13,4,6,"weak/smoothed/m=1w/p=4",1663,"x1;x2;x2 x3",FALSE,3,"x1;x2;x2 x3",FALSE,3,3,0,0,TRUE,0.000403918617746164,NA,NA,NA,0.00179730251232459,0.00142516293131063,1.26112072720817,0.05576179891478,0.0565946126066476,0.0557640069446365,9.71272672548603e-07,0.000418716500705408,0.00333117305878261,1.32738518714905
"dadras",1,20,49,4,10000,4,13,"smoothed",13,8,6,"weak/smoothed/m=1w/p=8",1663,"x1;x2;x2 x3",FALSE,3,"x1;x2;x2 x3",FALSE,3,3,0,0,TRUE,0.000549176329485393,NA,NA,NA,0.00189511108759615,0.00211405058797998,0.896436016418589,0.0827627602265861,-0.289469779106553,0.0827639561381655,1.17109514322888e-08,1.0621371517838e-06,8.8435003107179e-06,1.13302373886108
"dadras",1,20,49,4,10000,4,13,"smoothed",26,4,13,"weak/smoothed/m=2w/p=4",766,"x1;x2;x2 x3",FALSE,3,"x1;x2;x2 x3",FALSE,3,3,0,0,TRUE,0.000175544620286017,NA,NA,NA,0.00157467901958422,0.000846426976908499,1.86038378093241,0.0223787255850202,0.0844690370447114,0.0223830015741344,6.57748795172712e-08,1.91372161658632e-05,8.96875109326345e-05,1.27107691764832
"dadras",1,20,49,4,10000,4,13,"smoothed",26,8,13,"weak/smoothed/m=2w/p=8",766,"x1;x2;x2 x3",FALSE,3,"x1;x2;x2 x3",FALSE,3,3,0,0,TRUE,0.000190488314471438,NA,NA,NA,0.00149676475713739,0.00119219336423166,1.25547147135987,0.0315707808279384,-0.257915130606342,0.0315735019623719,1.13627608172157e-08,5.46273632447884e-07,3.72547613380902e-06,1.12832570075989
"dadras",1,1,49,5,1e+05,4,13,"smoothed",NA,NA,NA,"sg",100000,"x1;x2;x2 x3",FALSE,3,"x1;x2;x2 x3",FALSE,3,3,0,0,TRUE,0.00864723835973752,NA,NA,NA,0.00458349176349824,0.00137656637410318,3.32965547446583,0.418472029919962,0.78542396172876,0.418473658851519,8.43802511385244e-07,0.36929021617004,24.2005500289246,26.5442337989807
"dadras",1,1,49,5,1e+05,4,13,"raw",13,4,6,"weak/raw/m=1w/p=4",16663,"x1;x2;x2 x3",FALSE,3,"x1;x2;x2 x3",FALSE,3,3,0,0,TRUE,4.80519741603569e-05,NA,NA,NA,0.000380946160362472,0.00045114582304497,0.844396957487733,0.0559059396674626,0.0753947417214599,0.0559060505941009,1.1276646175865e-08,0.000427694289909186,0.00334170350998164,5.69792819023132
"dadras",1,1,49,5,1e+05,4,13,"raw",13,8,6,"weak/raw/m=1w/p=8",16663,"x1;x2;x2 x3",FALSE,3,"x1;x2;x2 x3",FALSE,3,3,0,0,TRUE,1.55380963344776e-05,NA,NA,NA,0.000376399326414253,0.000682087531115625,0.551834345657386,0.0845668455427392,-0.300960984073155,0.0845669162686755,1.19518222112299e-08,1.09935375561754e-06,8.99967177758754e-06,5.20262598991394
"dadras",1,1,49,5,1e+05,4,13,"raw",26,4,13,"weak/raw/m=2w/p=4",7689,"x1;x2;x2 x3",FALSE,3,"x1;x2;x2 x3",FALSE,3,3,0,0,TRUE,1.63427905935726e-05,NA,NA,NA,0.000355016144745463,0.000273614473909127,1.297504988217,0.0229647765763692,0.1223368480663,0.0229649899048859,1.05192278297247e-08,1.94392018215454e-05,9.99917675468254e-05,4.1791615486145
"dadras",1,1,49,5,1e+05,4,13,"raw",26,8,13,"weak/raw/m=2w/p=8",7689,"x1;x2;x2 x3",FALSE,3,"x1;x2;x2 x3",FALSE,3,3,0,0,TRUE,3.3320882430856e-05,NA,NA,NA,0.00034429616210324,0.000389024635901371,0.885024058451992,0.0326992181154471,-0.253651361700486,0.0326993680685902,1.19312593158929e-08,5.6531323350818e-07,4.25881196974842e-06,3.47183036804199
"dadras",1,1,49,5,1e+05,4,13,"smoothed",13,4,6,"weak/smoothed/m=1w/p=4",16663,"x1;x2;x2 x3",FALSE,3,"x1;x2;x2 x3",FALSE,3,3,0,0,TRUE,0.000106683860009227,NA,NA,NA,0.000404772692572892,0.00045225493887308,0.895009999407629,0.0560433701231673,0.0722267122413074,0.0560434894649846,1.1276646175865e-08,0.000427694289909186,0.00334170350998164,5.74047517776489
"dadras",1,1,49,5,1e+05,4,13,"smoothed",13,8,6,"weak/smoothed/m=1w/p=8",16663,"x1;x2;x2 x3",FALSE,3,"x1;x2;x2 x3",FALSE,3,3,0,0,TRUE,0.000201458372905889,NA,NA,NA,0.000453186620335992,0.00068126354228753,0.665214843016982,0.0844646594004818,-0.300584498311619,0.0844647240819705,1.19518222112299e-08,1.09935375561754e-06,8.99967177758754e-06,5.26015472412109
"dadras",1,1,49,5,1e+05,4,13,"smoothed",26,4,13,"weak/smoothed/m=2w/p=4",7689,"x1;x2;x2 x3",FALSE,3,"x1;x2;x2 x3",FALSE,3,3,0,0,TRUE,1.22252908688244e-05,NA,NA,NA,0.000341378203815271,0.00027366937408431,1.24741105926636,0.0229693818474213,0.122620624403264,0.0229695884686224,1.05192278297247e-08,1.94392018215454e-05,9.99917675468254e-05,3.86739706993103
"dadras",1,1,49,5,1e+05,4,13,"smoothed",26,8,13,"weak/smoothed/m=2w/p=8",7689,"x1;x2;x2 x3",FALSE,3,"x1;x2;x2 x3",FALSE,3,3,0,0,TRUE,1.39617992943062e-05,NA,NA,NA,0.000340165228657584,0.000388758896683144,0.875003071466254,0.0326768771893811,-0.252780936947001,0.0326770023702355,1.19312593158929e-08,5.6531323350818e-07,4.25881196974842e-06,3.63445997238159
"dadras",1,2,49,5,1e+05,4,13,"smoothed",NA,NA,NA,"sg",100000,"x1;x2;x2 x3",FALSE,3,"x1;x2;x2 x3",FALSE,3,3,0,0,TRUE,0.00741330597537843,NA,NA,NA,0.0034273027702616,0.00123928470007131,2.76554916724494,0.372820105669342,0.776595662703485,0.372821551570311,1.24394751046478e-06,0.314245456888196,23.4904844715591,26.0231356620789
"dadras",1,2,49,5,1e+05,4,13,"raw",13,4,6,"weak/raw/m=1w/p=4",16663,"x1;x2;x2 x3",FALSE,3,"x1;x2;x2 x3",FALSE,3,3,0,0,TRUE,0.000270536958981271,NA,NA,NA,0.000116119950574492,0.000444160257049864,0.261437057303971,0.0544617200650639,0.0698647242265273,0.0544617457286154,2.25640414878329e-07,0.000412693995404539,0.00337641406819955,5.48540616035461
"dadras",1,2,49,5,1e+05,4,13,"raw",13,8,6,"weak/raw/m=1w/p=8",16663,"x1;x2;x2 x3",FALSE,3,"x1;x2;x2 x3",FALSE,3,3,0,0,TRUE,0.000231698065237484,NA,NA,NA,0.000140956554859695,0.00067087031198551,0.210109990472704,0.0823056243006653,-0.298548362262688,0.082305644751983,5.71152771279049e-09,1.08849571792842e-06,8.58586922447557e-06,6.42558717727661
"dadras",1,2,49,5,1e+05,4,13,"raw",26,4,13,"weak/raw/m=2w/p=4",7689,"x1;x2;x2 x3",FALSE,3,"x1;x2;x2 x3",FALSE,3,3,0,0,TRUE,0.00018999842967804,NA,NA,NA,9.78010064208902e-05,0.000264696727927922,0.369483246681922,0.0219759112773947,0.0984718202580198,0.0219759303325074,1.82131581488179e-08,1.86871826551088e-05,9.60290470164438e-05,3.69579744338989
"dadras",1,2,49,5,1e+05,4,13,"raw",26,8,13,"weak/raw/m=2w/p=8",7689,"x1;x2;x2 x3",FALSE,3,"x1;x2;x2 x3",FALSE,3,3,0,0,TRUE,0.000205114896326908,NA,NA,NA,9.65341998318593e-05,0.000382801134589772,0.252178457974817,0.0318345030220619,-0.274675371057806,0.0318345231198596,5.53914819230338e-09,5.65339231853936e-07,4.25874051757091e-06,4.36300897598267
"dadras",1,2,49,5,1e+05,4,13,"smoothed",13,4,6,"weak/smoothed/m=1w/p=4",16663,"x1;x2;x2 x3",FALSE,3,"x1;x2;x2 x3",FALSE,3,3,0,0,TRUE,0.000314087076901837,NA,NA,NA,0.000138573158533285,0.000444506383037701,0.311746161182868,0.0545041511792152,0.069050361862225,0.0545041633325268,2.25640414878329e-07,0.000412693995404539,0.00337641406819955,5.4500515460968
"dadras",1,2,49,5,1e+05,4,13,"smoothed",13,8,6,"weak/smoothed/m=1w/p=8",16663,"x1;x2;x2 x3",FALSE,3,"x1;x2;x2 x3",FALSE,3,3,0,0,TRUE,0.000307502490628941,NA,NA,NA,0.000183815650197268,0.000667503177778926,0.275377940235286,0.0818925009295284,-0.29471684095803,0.0818925350824055,5.71152771279049e-09,1.08849571792842e-06,8.58586922447557e-06,8.3630633354187
"dadras",1,2,49,5,1e+05,4,13,"smoothed",26,4,13,"weak/smoothed/m=2w/p=4",7689,"x1;x2;x2 x3",FALSE,3,"x1;x2;x2 x3",FALSE,3,3,0,0,TRUE,0.000188667356148864,NA,NA,NA,8.48669877071281e-05,0.000264664359306463,0.320658920337884,0.0219732217445593,0.0982945180648595,0.0219732363647186,1.82131581488179e-08,1.86871826551088e-05,9.60290470164438e-05,4.21634745597839
"dadras",1,2,49,5,1e+05,4,13,"smoothed",26,8,13,"weak/smoothed/m=2w/p=8",7689,"x1;x2;x2 x3",FALSE,3,"x1;x2;x2 x3",FALSE,3,3,0,0,TRUE,0.000213703506221075,NA,NA,NA,9.39177114821824e-05,0.00038280146445679,0.245343135286735,0.0318345264140404,-0.27463083468673,0.0318345315872048,5.53914819230338e-09,5.65339231853936e-07,4.25874051757091e-06,3.52164149284363
"dadras",1,3,49,5,1e+05,4,13,"smoothed",NA,NA,NA,"sg",100000,"x1;x2;x2 x3",TRUE,3,"x1;x2;x2 x3",TRUE,3,3,0,0,FALSE,0.0110172066944788,0.00648619504873704,0.00363981836245877,0.00938395325111238,0.00653194551389313,0.00173237379624158,3.77051738375651,0.52862802748118,0.771497051826616,0.528628029416928,-6.47525843031401e-06,0.497763987171345,50.0529178163183,39.4211843013763
"dadras",1,3,49,5,1e+05,4,13,"raw",13,4,6,"weak/raw/m=1w/p=4",16663,"x1;x2;x2 x3",FALSE,3,"x1;x2;x2 x3",FALSE,3,3,0,0,TRUE,0.000107693256376162,NA,NA,NA,8.04460641343353e-05,0.000453634811251273,0.1773366199839,0.0564212624386225,0.0648987820387564,0.0564212659759988,-2.37874678141154e-07,0.000425345497032095,0.0039182003720768,9.0220103263855
"dadras",1,3,49,5,1e+05,4,13,"raw",13,8,6,"weak/raw/m=1w/p=8",16663,"x1;x2;x2 x3",FALSE,3,"x1;x2;x2 x3",FALSE,3,3,0,0,TRUE,4.23082505638384e-05,NA,NA,NA,4.75033166891216e-05,0.000685887248186628,0.0692582006951033,0.0853545309183802,-0.3062949423132,0.0853545363615606,1.3795145142596e-08,1.0962991632358e-06,8.84052532512669e-06,8.41437935829163
"dadras",1,3,49,5,1e+05,4,13,"raw",26,4,13,"weak/raw/m=2w/p=4",7689,"x1;x2;x2 x3",FALSE,3,"x1;x2;x2 x3",FALSE,3,3,0,0,TRUE,7.96386290013995e-05,NA,NA,NA,9.21380439529425e-05,0.000271255216443715,0.33967289241813,0.0228454519032576,0.123148828573516,0.0228454689571346,-1.98245871977777e-09,1.9256572578319e-05,0.00010237985689443,6.77931499481201
"dadras",1,3,49,5,1e+05,4,13,"raw",26,8,13,"weak/raw/m=2w/p=8",7689,"x1;x2;x2 x3",FALSE,3,"x1;x2;x2 x3",FALSE,3,3,0,0,TRUE,4.76008650149851e-05,NA,NA,NA,8.10912816557806e-05,0.000387441917430027,0.209299195589558,0.0326833486848005,-0.248956990331638,0.0326833503065526,1.40095173522868e-08,5.65290898414906e-07,4.58268879555135e-06,6.00702667236328
"dadras",1,3,49,5,1e+05,4,13,"smoothed",13,4,6,"weak/smoothed/m=1w/p=4",16663,"x1;x2;x2 x3",FALSE,3,"x1;x2;x2 x3",FALSE,3,3,0,0,TRUE,0.000137463269396898,NA,NA,NA,0.000103145952991344,0.000455001107923211,0.226693850180144,0.0565911827704769,0.0618406853145187,0.0565911878574175,-2.37874678141154e-07,0.000425345497032095,0.0039182003720768,8.98503565788269
"dadras",1,3,49,5,1e+05,4,13,"smoothed",13,8,6,"weak/smoothed/m=1w/p=8",16663,"x1;x2;x2 x3",FALSE,3,"x1;x2;x2 x3",FALSE,3,3,0,0,TRUE,0.000164871577687417,NA,NA,NA,0.000120674716166304,0.000682257639405177,0.176875580713928,0.0849028192716458,-0.302133088572836,0.0849028205349877,1.3795145142596e-08,1.0962991632358e-06,8.84052532512669e-06,8.31856894493103
"dadras",1,3,49,5,1e+05,4,13,"smoothed",26,4,13,"weak/smoothed/m=2w/p=4",7689,"x1;x2;x2 x3",FALSE,3,"x1;x2;x2 x3",FALSE,3,3,0,0,TRUE,7.12123731829717e-05,NA,NA,NA,6.68784100623711e-05,0.00027120922186718,0.246593421867947,0.0228415731297875,0.122268797130645,0.0228415816922905,-1.98245871977777e-09,1.9256572578319e-05,0.00010237985689443,6.14227318763733
"dadras",1,3,49,5,1e+05,4,13,"smoothed",26,8,13,"weak/smoothed/m=2w/p=8",7689,"x1;x2;x2 x3",FALSE,3,"x1;x2;x2 x3",FALSE,3,3,0,0,TRUE,5.00849638629397e-05,NA,NA,NA,6.51761246376274e-05,0.000387567721387338,0.168167060983105,0.0326939533789885,-0.250449646632831,0.0326939633150519,1.40095173522868e-08,5.65290898414906e-07,4.58268879555135e-06,6.17849922180176
"dadras",1,4,49,5,1e+05,4,13,"smoothed",NA,NA,NA,"sg",100000,"x1;x2;x2 x3",FALSE,3,"x1;x2;x2 x3",FALSE,3,3,0,0,TRUE,0.00577543635720136,NA,NA,NA,0.00196106241539809,0.00110623426142612,1.77273700858799,0.329632797651827,0.770806295308222,0.329633352849558,3.33126110192369e-06,0.253796466480477,16.6663935643889,26.0358426570892
"dadras",1,4,49,5,1e+05,4,13,"raw",13,4,6,"weak/raw/m=1w/p=4",16663,"x1;x2;x2 x3",FALSE,3,"x1;x2;x2 x3",FALSE,3,3,0,0,TRUE,0.000150595717610447,NA,NA,NA,-4.80093110314914e-05,0.000451622162318635,-0.106304152092561,0.054847046801268,0.0712026414429201,0.054847059125731,9.02691731824984e-08,0.000426441285942322,0.00287261410639417,9.36178159713745
"dadras",1,4,49,5,1e+05,4,13,"raw",13,8,6,"weak/raw/m=1w/p=8",16663,"x1;x2;x2 x3",FALSE,3,"x1;x2;x2 x3",FALSE,3,3,0,0,TRUE,0.000117826732488613,NA,NA,NA,-1.94158728198333e-06,0.000680018537923501,-0.00285519757727803,0.0826324385689332,-0.297389800631187,0.0826324396218433,1.03438323381994e-09,1.11897722453205e-06,8.93920160649486e-06,6.51412343978882
"dadras",1,4,49,5,1e+05,4,13,"raw",26,4,13,"weak/raw/m=2w/p=4",7689,"x1;x2;x2 x3",FALSE,3,"x1;x2;x2 x3",FALSE,3,3,0,0,TRUE,5.72524298783073e-05,NA,NA,NA,-2.0387723150241e-05,0.000272091888680724,-0.0749295513699206,0.0223688766904846,0.128061763508427,0.0223688794703127,6.3911478320703e-09,1.93222234122793e-05,9.44275690564211e-05,7.41375923156738
"dadras",1,4,49,5,1e+05,4,13,"raw",26,8,13,"weak/raw/m=2w/p=8",7689,"x1;x2;x2 x3",FALSE,3,"x1;x2;x2 x3",FALSE,3,3,0,0,TRUE,8.49636162472134e-05,NA,NA,NA,-3.63257816467662e-06,0.000388387911751865,-0.00935296402066555,0.031986244219645,-0.252656934110233,0.0319862491057772,9.86966844211415e-10,5.67410536201367e-07,2.97329466469876e-06,6.13287878036499
"dadras",1,4,49,5,1e+05,4,13,"smoothed",13,4,6,"weak/smoothed/m=1w/p=4",16663,"x1;x2;x2 x3",FALSE,3,"x1;x2;x2 x3",FALSE,3,3,0,0,TRUE,0.000192015928923261,NA,NA,NA,-2.84225506883627e-05,0.000451563750953133,-0.0629424984365333,0.0548399424858988,0.0715559850368401,0.0548399434652293,9.02691731824984e-08,0.000426441285942322,0.00287261410639417,9.07779788970947
"dadras",1,4,49,5,1e+05,4,13,"smoothed",13,8,6,"weak/smoothed/m=1w/p=8",16663,"x1;x2;x2 x3",FALSE,3,"x1;x2;x2 x3",FALSE,3,3,0,0,TRUE,0.000208891188247851,NA,NA,NA,-6.95580239649773e-07,0.000675432251570467,-0.00102982976905894,0.0820751133544021,-0.291637248174193,0.0820751224266927,1.03438323381994e-09,1.11897722453205e-06,8.93920160649486e-06,5.95620560646057
"dadras",1,4,49,5,1e+05,4,13,"smoothed",26,4,13,"weak/smoothed/m=2w/p=4",7689,"x1;x2;x2 x3",FALSE,3,"x1;x2;x2 x3",FALSE,3,3,0,0,TRUE,5.06471677086395e-05,NA,NA,NA,-3.24555546341462e-05,0.000272093004342849,-0.119281106519192,0.0223689665760843,0.127986249182462,0.0223689747879572,6.3911478320703e-09,1.93222234122793e-05,9.44275690564211e-05,6.32842445373535
"dadras",1,4,49,5,1e+05,4,13,"smoothed",26,8,13,"weak/smoothed/m=2w/p=8",7689,"x1;x2;x2 x3",FALSE,3,"x1;x2;x2 x3",FALSE,3,3,0,0,TRUE,9.61679448345798e-05,NA,NA,NA,-1.08979063877993e-05,0.000388380195726308,-0.0280598921050008,0.0319856052135554,-0.253043407746019,0.0319856075761203,9.86966844211415e-10,5.67410536201367e-07,2.97329466469876e-06,5.95963835716248
"dadras",1,5,49,5,1e+05,4,13,"smoothed",NA,NA,NA,"sg",100000,"x1;x2;x2 x3",TRUE,3,"x1;x2;x2 x3",TRUE,3,3,0,0,FALSE,0.00696647807793594,0.00402229072121725,0.00214845799448872,0.00594888087537024,0.00408054881326057,0.0011697013414808,3.48853905570009,0.355531869131055,0.784719040238644,0.355531870770705,-1.67416759263897e-06,0.289902736407569,14.3901993093005,26.3525168895721
"dadras",1,5,49,5,1e+05,4,13,"raw",13,4,6,"weak/raw/m=1w/p=4",16663,"x1;x2;x2 x3",FALSE,3,"x1;x2;x2 x3",FALSE,3,3,0,0,TRUE,0.000102142354864206,NA,NA,NA,-0.000218921360864255,0.000447477849602879,-0.489233961096712,0.055430858988352,0.0641438247770209,0.0554308907940347,2.1537513503935e-07,0.000413799844841504,0.00300904017152703,5.62375998497009
"dadras",1,5,49,5,1e+05,4,13,"raw",13,8,6,"weak/raw/m=1w/p=8",16663,"x1;x2;x2 x3",FALSE,3,"x1;x2;x2 x3",FALSE,3,3,0,0,TRUE,6.70138736088196e-05,NA,NA,NA,-0.000206294221381818,0.000678777413379155,-0.30392027977894,0.084133669690302,-0.309023944053767,0.0841336887075728,1.80743932910485e-08,1.07079198048625e-06,8.76647113301487e-06,5.24049949645996
"dadras",1,5,49,5,1e+05,4,13,"raw",26,4,13,"weak/raw/m=2w/p=4",7689,"x1;x2;x2 x3",FALSE,3,"x1;x2;x2 x3",FALSE,3,3,0,0,TRUE,7.30843719036427e-05,NA,NA,NA,-0.000244220103222872,0.000263671950058948,-0.926227090778039,0.0221097428323851,0.0926637109871915,0.022109830594399,3.17681103539398e-08,1.87815613940658e-05,8.66069271712178e-05,3.5547354221344
"dadras",1,5,49,5,1e+05,4,13,"raw",26,8,13,"weak/raw/m=2w/p=8",7689,"x1;x2;x2 x3",FALSE,3,"x1;x2;x2 x3",FALSE,3,3,0,0,TRUE,8.52990681916494e-05,NA,NA,NA,-0.000250986461994663,0.00038205787009198,-0.656933102658605,0.0320935801251129,-0.280444082770695,0.0320936653266217,1.79542519960569e-08,5.59474919847494e-07,3.17797647664264e-06,3.79160308837891
"dadras",1,5,49,5,1e+05,4,13,"smoothed",13,4,6,"weak/smoothed/m=1w/p=4",16663,"x1;x2;x2 x3",FALSE,3,"x1;x2;x2 x3",FALSE,3,3,0,0,TRUE,6.17568728997764e-05,NA,NA,NA,-0.000186057551890033,0.000447810729903926,-0.415482567668599,0.0554720836920309,0.0639189431093686,0.0554721004449656,2.1537513503935e-07,0.000413799844841504,0.00300904017152703,5.5373227596283
"dadras",1,5,49,5,1e+05,4,13,"smoothed",13,8,6,"weak/smoothed/m=1w/p=8",16663,"x1;x2;x2 x3",FALSE,3,"x1;x2;x2 x3",FALSE,3,3,0,0,TRUE,0.000117526689179008,NA,NA,NA,-0.000141427983474446,0.00067466198325705,-0.209627912916743,0.0836235438356554,-0.30378331385026,0.0836235486283656,1.80743932910485e-08,1.07079198048625e-06,8.76647113301487e-06,5.33538722991943
"dadras",1,5,49,5,1e+05,4,13,"smoothed",26,4,13,"weak/smoothed/m=2w/p=4",7689,"x1;x2;x2 x3",FALSE,3,"x1;x2;x2 x3",FALSE,3,3,0,0,TRUE,6.5222628102001e-05,NA,NA,NA,-0.000257666903886334,0.000263702400115022,-0.977112471384201,0.0221122930068205,0.0926441019673242,0.0221124112259799,3.17681103539398e-08,1.87815613940658e-05,8.66069271712178e-05,4.21004819869995
"dadras",1,5,49,5,1e+05,4,13,"smoothed",26,8,13,"weak/smoothed/m=2w/p=8",7689,"x1;x2;x2 x3",FALSE,3,"x1;x2;x2 x3",FALSE,3,3,0,0,TRUE,5.99219074754526e-05,NA,NA,NA,-0.000256268033212956,0.000382172909161318,-0.670555204384683,0.0321032394403084,-0.280892753409782,0.0321033484883212,1.79542519960569e-08,5.59474919847494e-07,3.17797647664264e-06,3.45886182785034
"dadras",1,6,49,5,1e+05,4,13,"smoothed",NA,NA,NA,"sg",100000,"x1;x2;x2 x3",TRUE,3,"x1;x2;x2 x3",TRUE,3,3,0,0,FALSE,0.0094558859250216,0.00597666029488557,0.00356747819986442,0.00836608543990957,0.00596210371136085,0.00147408063991069,4.04462520566179,0.44559736001713,0.777963379187144,0.445597363381756,5.10751274213465e-07,0.401260386517082,31.7990259036313,25.2961452007294
"dadras",1,6,49,5,1e+05,4,13,"raw",13,4,6,"weak/raw/m=1w/p=4",16663,"x1;x2;x2 x3",FALSE,3,"x1;x2;x2 x3",FALSE,3,3,0,0,TRUE,0.000102888402860591,NA,NA,NA,0.000486486212797091,0.000439787920648359,1.10618366252508,0.0541807132055959,0.0690719532878429,0.0541808962813096,-4.3184649984069e-08,0.000412788523496761,0.00336308522507522,5.54650092124939
"dadras",1,6,49,5,1e+05,4,13,"raw",13,8,6,"weak/raw/m=1w/p=8",16663,"x1;x2;x2 x3",FALSE,3,"x1;x2;x2 x3",FALSE,3,3,0,0,TRUE,0.00015369702541099,NA,NA,NA,0.000497566884022881,0.000670062795533529,0.742567543429568,0.0825993284242089,-0.313940310212982,0.0825994553064403,4.20137125228222e-09,1.08008465254472e-06,8.76139820604749e-06,5.09308362007141
"dadras",1,6,49,5,1e+05,4,13,"raw",26,4,13,"weak/raw/m=2w/p=4",7689,"x1;x2;x2 x3",FALSE,3,"x1;x2;x2 x3",FALSE,3,3,0,0,TRUE,0.000125707656682097,NA,NA,NA,0.000469751070119354,0.000265420778967231,1.76983532316944,0.0221368336552931,0.121000537167199,0.02213729775402,1.78335504297339e-09,1.8606352675578e-05,8.34701950278571e-05,4.09939098358154
"dadras",1,6,49,5,1e+05,4,13,"raw",26,8,13,"weak/raw/m=2w/p=8",7689,"x1;x2;x2 x3",FALSE,3,"x1;x2;x2 x3",FALSE,3,3,0,0,TRUE,0.000140143714707291,NA,NA,NA,0.000496286894530616,0.000378241751176263,1.31208914136859,0.0316021040297442,-0.253098540168585,0.0316024598197342,4.23354578801329e-09,5.57721815040089e-07,3.12402018565194e-06,3.2798478603363
"dadras",1,6,49,5,1e+05,4,13,"smoothed",13,4,6,"weak/smoothed/m=1w/p=4",16663,"x1;x2;x2 x3",FALSE,3,"x1;x2;x2 x3",FALSE,3,3,0,0,TRUE,0.000203282718104584,NA,NA,NA,0.000519962848604174,0.00044130647444376,1.17823525988273,0.0543677829229851,0.0657018617808992,0.0543680043338017,-4.3184649984069e-08,0.000412788523496761,0.00336308522507522,5.34898614883423
"dadras",1,6,49,5,1e+05,4,13,"smoothed",13,8,6,"weak/smoothed/m=1w/p=8",16663,"x1;x2;x2 x3",FALSE,3,"x1;x2;x2 x3",FALSE,3,3,0,0,TRUE,0.000356728951206185,NA,NA,NA,0.000562102061182935,0.000669245016054444,0.839904739966277,0.0824985039338806,-0.310378211774968,0.0824986577471041,4.20137125228222e-09,1.08008465254472e-06,8.76139820604749e-06,5.23642373085022
"dadras",1,6,49,5,1e+05,4,13,"smoothed",26,4,13,"weak/smoothed/m=2w/p=4",7689,"x1;x2;x2 x3",FALSE,3,"x1;x2;x2 x3",FALSE,3,3,0,0,TRUE,0.000129375150005288,NA,NA,NA,0.000455936486138065,0.000265383524628607,1.71802860323047,0.022133723455554,0.12105075676357,0.0221341666046993,1.78335504297339e-09,1.8606352675578e-05,8.34701950278571e-05,3.57909178733826
"dadras",1,6,49,5,1e+05,4,13,"smoothed",26,8,13,"weak/smoothed/m=2w/p=8",7689,"x1;x2;x2 x3",FALSE,3,"x1;x2;x2 x3",FALSE,3,3,0,0,TRUE,0.000181915268395398,NA,NA,NA,0.000497068786485457,0.000378723494770301,1.31248468433925,0.0316423503298657,-0.25370371120309,0.0316426498006604,4.23354578801329e-09,5.57721815040089e-07,3.12402018565194e-06,3.53057503700256
"dadras",1,7,49,5,1e+05,4,13,"smoothed",NA,NA,NA,"sg",100000,"x1;x2;x2 x3",FALSE,3,"x1;x2;x2 x3",FALSE,3,3,0,0,TRUE,0.00891615200312224,NA,NA,NA,0.00329005813584957,0.00144550491160551,2.27606154045878,0.433028748646125,0.78458652734691,0.433029799514402,3.47774127250159e-06,0.387078011770774,24.0084687202979,26.2829337120056
"dadras",1,7,49,5,1e+05,4,13,"raw",13,4,6,"weak/raw/m=1w/p=4",16663,"x1;x2;x2 x3",FALSE,3,"x1;x2;x2 x3",FALSE,3,3,0,0,TRUE,0.00011922608233772,NA,NA,NA,-0.000202223015449204,0.000456694690096821,-0.442796949109113,0.0557611139439823,0.066812240898302,0.0557611600110314,4.98036282812577e-08,0.000428251034872424,0.00318985071278632,5.3009033203125
"dadras",1,7,49,5,1e+05,4,13,"raw",13,8,6,"weak/raw/m=1w/p=8",16663,"x1;x2;x2 x3",FALSE,3,"x1;x2;x2 x3",FALSE,3,3,0,0,TRUE,7.21975347892645e-05,NA,NA,NA,-0.000188561897140276,0.000693832015993285,-0.271768803966666,0.0847630655537505,-0.309478068070426,0.0847631015992178,7.78314292711329e-09,1.1013772866076e-06,8.54371567982071e-06,5.2453293800354
"dadras",1,7,49,5,1e+05,4,13,"raw",26,4,13,"weak/raw/m=2w/p=4",7689,"x1;x2;x2 x3",FALSE,3,"x1;x2;x2 x3",FALSE,3,3,0,0,TRUE,9.17788362140293e-05,NA,NA,NA,-0.00017673508061891,0.000275239035776665,-0.642114880689804,0.0227531594437683,0.13326639206294,0.022753230487957,1.09392712912755e-08,1.93721252419129e-05,9.13885141482496e-05,3.90128946304321
"dadras",1,7,49,5,1e+05,4,13,"raw",26,8,13,"weak/raw/m=2w/p=8",7689,"x1;x2;x2 x3",FALSE,3,"x1;x2;x2 x3",FALSE,3,3,0,0,TRUE,9.24041735896886e-05,NA,NA,NA,-0.000183171149715173,0.000393315037649238,-0.465711025975384,0.0325687621122795,-0.246399493043527,0.0325688278185047,7.82200269354142e-09,5.6527284324277e-07,4.26251475005301e-06,3.63016629219055
"dadras",1,7,49,5,1e+05,4,13,"smoothed",13,4,6,"weak/smoothed/m=1w/p=4",16663,"x1;x2;x2 x3",FALSE,3,"x1;x2;x2 x3",FALSE,3,3,0,0,TRUE,0.000190055808499734,NA,NA,NA,-0.000185902578114326,0.000457149649435401,-0.406655847475599,0.0558166506606553,0.0647563952114812,0.0558166946484622,4.98036282812577e-08,0.000428251034872424,0.00318985071278632,5.40000557899475
"dadras",1,7,49,5,1e+05,4,13,"smoothed",13,8,6,"weak/smoothed/m=1w/p=8",16663,"x1;x2;x2 x3",FALSE,3,"x1;x2;x2 x3",FALSE,3,3,0,0,TRUE,0.000228517768916525,NA,NA,NA,-0.000156803369030847,0.000692137189094142,-0.226549550438215,0.084555985385705,-0.308433024114505,0.0845560287986167,7.78314292711329e-09,1.1013772866076e-06,8.54371567982071e-06,5.29016828536987
"dadras",1,7,49,5,1e+05,4,13,"smoothed",26,4,13,"weak/smoothed/m=2w/p=4",7689,"x1;x2;x2 x3",FALSE,3,"x1;x2;x2 x3",FALSE,3,3,0,0,TRUE,8.82023319472847e-05,NA,NA,NA,-0.000193997541842994,0.000275176090053075,-0.704994179565442,0.0227479535991581,0.133569076996843,0.0227480311367945,1.09392712912755e-08,1.93721252419129e-05,9.13885141482496e-05,4.30502438545227
"dadras",1,7,49,5,1e+05,4,13,"smoothed",26,8,13,"weak/smoothed/m=2w/p=8",7689,"x1;x2;x2 x3",FALSE,3,"x1;x2;x2 x3",FALSE,3,3,0,0,TRUE,0.000108103958756267,NA,NA,NA,-0.000195144600719823,0.0003933538666132,-0.496104442546935,0.0325719730473103,-0.246388915864801,0.032572040862387,7.82200269354142e-09,5.6527284324277e-07,4.26251475005301e-06,3.51892995834351
"dadras",1,8,49,5,1e+05,4,13,"smoothed",NA,NA,NA,"sg",100000,"x1;x2;x2 x3",FALSE,3,"x1;x2;x2 x3",FALSE,3,3,0,0,TRUE,0.00729421382921778,NA,NA,NA,0.00304087881168787,0.00124302812971009,2.44634754355646,0.374090724542026,0.779995286851259,0.374091707342265,1.1278505005538e-06,0.312892852338113,21.3732848731565,26.0804793834686
"dadras",1,8,49,5,1e+05,4,13,"raw",13,4,6,"weak/raw/m=1w/p=4",16663,"x1;x2;x2 x3",FALSE,3,"x1;x2;x2 x3",FALSE,3,3,0,0,TRUE,7.88452841662401e-05,NA,NA,NA,-0.000360522483590433,0.00045142283956118,-0.798635895208339,0.0553738677625058,0.0779315932962148,0.0553740105720957,9.96341031971811e-08,0.000416121766200221,0.00300986905941869,5.57018160820007
"dadras",1,8,49,5,1e+05,4,13,"raw",13,8,6,"weak/raw/m=1w/p=8",16663,"x1;x2;x2 x3",FALSE,3,"x1;x2;x2 x3",FALSE,3,3,0,0,TRUE,4.13997537706689e-05,NA,NA,NA,-0.000383558321016775,0.000678596927908118,-0.565222601580521,0.0832877392239993,-0.296254466773312,0.0832878031591923,8.07793309449108e-09,1.08060196960736e-06,8.54249000781238e-06,5.1392993927002
"dadras",1,8,49,5,1e+05,4,13,"raw",26,4,13,"weak/raw/m=2w/p=4",7689,"x1;x2;x2 x3",FALSE,3,"x1;x2;x2 x3",FALSE,3,3,0,0,TRUE,8.1257495121001e-05,NA,NA,NA,-0.000311678399387464,0.000274204700612087,-1.13666322529018,0.0227732177985747,0.121165603359985,0.0227734329752948,1.62175998670783e-08,1.88776522698292e-05,9.97663542658955e-05,3.59554767608643
"dadras",1,8,49,5,1e+05,4,13,"raw",26,8,13,"weak/raw/m=2w/p=8",7689,"x1;x2;x2 x3",FALSE,3,"x1;x2;x2 x3",FALSE,3,3,0,0,TRUE,5.44849570034422e-05,NA,NA,NA,-0.00033125173182755,0.000389386132152273,-0.850702437697526,0.0323939339257648,-0.246031500775295,0.0323940933449984,8.02425725988866e-09,5.68825284256518e-07,4.97029206769639e-06,3.44933700561523
"dadras",1,8,49,5,1e+05,4,13,"smoothed",13,4,6,"weak/smoothed/m=1w/p=4",16663,"x1;x2;x2 x3",FALSE,3,"x1;x2;x2 x3",FALSE,3,3,0,0,TRUE,0.000115576569311937,NA,NA,NA,-0.000344734871537334,0.000451675178023266,-0.763236255412682,0.0554048093014032,0.0775012984931773,0.0554049003877836,9.96341031971811e-08,0.000416121766200221,0.00300986905941869,5.61111927032471
"dadras",1,8,49,5,1e+05,4,13,"smoothed",13,8,6,"weak/smoothed/m=1w/p=8",16663,"x1;x2;x2 x3",FALSE,3,"x1;x2;x2 x3",FALSE,3,3,0,0,TRUE,0.000201728278675854,NA,NA,NA,-0.000321750471008006,0.00067761462885381,-0.474828106282547,0.0831671529347191,-0.294851941290435,0.083167203837168,8.07793309449108e-09,1.08060196960736e-06,8.54249000781238e-06,5.1995632648468
"dadras",1,8,49,5,1e+05,4,13,"smoothed",26,4,13,"weak/smoothed/m=2w/p=4",7689,"x1;x2;x2 x3",FALSE,3,"x1;x2;x2 x3",FALSE,3,3,0,0,TRUE,7.29888859165584e-05,NA,NA,NA,-0.000322924192480839,0.000274239382459563,-1.17752669067673,0.0227760957980654,0.120858739103934,0.0227762941259722,1.62175998670783e-08,1.88776522698292e-05,9.97663542658955e-05,3.78719925880432
"dadras",1,8,49,5,1e+05,4,13,"smoothed",26,8,13,"weak/smoothed/m=2w/p=8",7689,"x1;x2;x2 x3",FALSE,3,"x1;x2;x2 x3",FALSE,3,3,0,0,TRUE,4.89293652718992e-05,NA,NA,NA,-0.00033685414905437,0.000389581241938143,-0.86465700293613,0.0324101616921957,-0.246637432298411,0.0324103043303397,8.02425725988866e-09,5.68825284256518e-07,4.97029206769639e-06,3.40830707550049
"dadras",1,9,49,5,1e+05,4,13,"smoothed",NA,NA,NA,"sg",100000,"x1;x2;x2 x3",FALSE,3,"x1;x2;x2 x3",FALSE,3,3,0,0,TRUE,0.00861897111125765,NA,NA,NA,0.00412558324664352,0.0013775697311165,2.9948271607999,0.416911198053593,0.783493794199014,0.416912755575642,-1.2353342057803e-06,0.37050603484927,23.7180613961311,26.0814065933228
"dadras",1,9,49,5,1e+05,4,13,"raw",13,4,6,"weak/raw/m=1w/p=4",16663,"x1;x2;x2 x3",FALSE,3,"x1;x2;x2 x3",FALSE,3,3,0,0,TRUE,9.97372405560082e-05,NA,NA,NA,-0.000315531431811551,0.000448599264493283,-0.703370372592923,0.0553358824160849,0.0768404175196764,0.0553359317827391,1.19073191760867e-08,0.000419813245427425,0.00332750565215179,5.42969369888306
"dadras",1,9,49,5,1e+05,4,13,"raw",13,8,6,"weak/raw/m=1w/p=8",16663,"x1;x2;x2 x3",FALSE,3,"x1;x2;x2 x3",FALSE,3,3,0,0,TRUE,8.1000867462618e-05,NA,NA,NA,-0.000350561486035181,0.000676400740279889,-0.518274840873358,0.0834820373070389,-0.295793326109378,0.0834820935136045,8.02725603417805e-09,1.09560761212253e-06,8.42148672575149e-06,5.14498734474182
"dadras",1,9,49,5,1e+05,4,13,"raw",26,4,13,"weak/raw/m=2w/p=4",7689,"x1;x2;x2 x3",FALSE,3,"x1;x2;x2 x3",FALSE,3,3,0,0,TRUE,0.000120963546357933,NA,NA,NA,-0.000293443070926382,0.000271749553816635,-1.07982908087638,0.0226972004702931,0.100196171905669,0.0226973620694546,7.61891649716221e-09,1.90534955430828e-05,9.45976802455561e-05,3.8311173915863
"dadras",1,9,49,5,1e+05,4,13,"raw",26,8,13,"weak/raw/m=2w/p=8",7689,"x1;x2;x2 x3",FALSE,3,"x1;x2;x2 x3",FALSE,3,3,0,0,TRUE,9.68383839918818e-05,NA,NA,NA,-0.000314053145447261,0.000390183642989492,-0.804885471469439,0.032641279774689,-0.264445352036421,0.03264142623124,8.06854710426761e-09,5.83922471339744e-07,4.76354203726714e-06,3.53064322471619
"dadras",1,9,49,5,1e+05,4,13,"smoothed",13,4,6,"weak/smoothed/m=1w/p=4",16663,"x1;x2;x2 x3",FALSE,3,"x1;x2;x2 x3",FALSE,3,3,0,0,TRUE,0.000138174252637846,NA,NA,NA,-0.000302829359643496,0.000448938280156062,-0.67454564030099,0.0553776897358738,0.0752195591466712,0.055377730918123,1.19073191760867e-08,0.000419813245427425,0.00332750565215179,5.610032081604
"dadras",1,9,49,5,1e+05,4,13,"smoothed",13,8,6,"weak/smoothed/m=1w/p=8",16663,"x1;x2;x2 x3",FALSE,3,"x1;x2;x2 x3",FALSE,3,3,0,0,TRUE,0.000148672930694439,NA,NA,NA,-0.000270438834890867,0.000673623169409799,-0.401469021809055,0.0831391971326621,-0.293755960328714,0.0831392633924575,8.02725603417805e-09,1.09560761212253e-06,8.42148672575149e-06,5.30412864685059
"dadras",1,9,49,5,1e+05,4,13,"smoothed",26,4,13,"weak/smoothed/m=2w/p=4",7689,"x1;x2;x2 x3",FALSE,3,"x1;x2;x2 x3",FALSE,3,3,0,0,TRUE,0.000124636691988922,NA,NA,NA,-0.000310592034153696,0.000271739845001104,-1.14297568011211,0.0226963862851777,0.100382029829041,0.0226965918305732,7.61891649716221e-09,1.90534955430828e-05,9.45976802455561e-05,3.98255634307861
"dadras",1,9,49,5,1e+05,4,13,"smoothed",26,8,13,"weak/smoothed/m=2w/p=8",7689,"x1;x2;x2 x3",FALSE,3,"x1;x2;x2 x3",FALSE,3,3,0,0,TRUE,8.01287446470234e-05,NA,NA,NA,-0.00033452995672108,0.000390283721452834,-0.857145554202953,0.032649646751064,-0.264718450419542,0.0326497726271386,8.06854710426761e-09,5.83922471339744e-07,4.76354203726714e-06,3.60375261306763
"dadras",1,10,49,5,1e+05,4,13,"smoothed",NA,NA,NA,"sg",100000,"x1;x2;x2 x3",FALSE,3,"x1;x2;x2 x3",FALSE,3,3,0,0,TRUE,0.0102396404683916,NA,NA,NA,0.00441016939631563,0.00153107513602791,2.8804395633757,0.463085939360736,0.788717155518004,0.463087593736725,1.258626881918e-07,0.428349399680533,24.9840560348718,25.7071175575256
"dadras",1,10,49,5,1e+05,4,13,"raw",13,4,6,"weak/raw/m=1w/p=4",16663,"x1;x2;x2 x3",FALSE,3,"x1;x2;x2 x3",FALSE,3,3,0,0,TRUE,0.000169250141714983,NA,NA,NA,-0.000434036963285568,0.000458664423477747,-0.94630614686562,0.0565441671818327,0.0817425213567707,0.0565442791980118,-6.50854333359079e-08,0.000426029225406257,0.00305189132770067,6.18803358078003
"dadras",1,10,49,5,1e+05,4,13,"raw",13,8,6,"weak/raw/m=1w/p=8",16663,"x1;x2;x2 x3",FALSE,3,"x1;x2;x2 x3",FALSE,3,3,0,0,TRUE,0.000105360000348664,NA,NA,NA,-0.000492954586385389,0.000692491496102772,-0.711856519769061,0.0854176843068678,-0.290777115699597,0.0854178249391395,9.82835454702222e-09,1.09803105206779e-06,8.29006205549376e-06,8.28862452507019
"dadras",1,10,49,5,1e+05,4,13,"raw",26,4,13,"weak/raw/m=2w/p=4",7689,"x1;x2;x2 x3",FALSE,3,"x1;x2;x2 x3",FALSE,3,3,0,0,TRUE,0.000119866886768349,NA,NA,NA,-0.000435507061754353,0.000276778086347916,-1.57348823203768,0.0231055944696117,0.100534651227819,0.0231059637971829,5.34083778126385e-09,1.91801078657737e-05,0.000108706316328977,6.72276926040649
"dadras",1,10,49,5,1e+05,4,13,"raw",26,8,13,"weak/raw/m=2w/p=8",7689,"x1;x2;x2 x3",FALSE,3,"x1;x2;x2 x3",FALSE,3,3,0,0,TRUE,0.000125839095401314,NA,NA,NA,-0.000431725733335694,0.000398927760753361,-1.08221531768156,0.0333562124176277,-0.276139271170521,0.0333564579284319,9.79489362895808e-09,5.85728177416949e-07,4.44372103913793e-06,5.54460716247559
"dadras",1,10,49,5,1e+05,4,13,"smoothed",13,4,6,"weak/smoothed/m=1w/p=4",16663,"x1;x2;x2 x3",FALSE,3,"x1;x2;x2 x3",FALSE,3,3,0,0,TRUE,0.000226189732774884,NA,NA,NA,-0.000431406044460276,0.000460045436775106,-0.937746600606257,0.0567144052624151,0.0787529213674514,0.0567145136031476,-6.50854333359079e-08,0.000426029225406257,0.00305189132770067,8.56706142425537
"dadras",1,10,49,5,1e+05,4,13,"smoothed",13,8,6,"weak/smoothed/m=1w/p=8",16663,"x1;x2;x2 x3",FALSE,3,"x1;x2;x2 x3",FALSE,3,3,0,0,TRUE,0.00031141844082135,NA,NA,NA,-0.000366111087760155,0.000694013711022883,-0.527527168332966,0.0856054129751603,-0.292376142332763,0.085605469839087,9.82835454702222e-09,1.09803105206779e-06,8.29006205549376e-06,8.2836127281189
"dadras",1,10,49,5,1e+05,4,13,"smoothed",26,4,13,"weak/smoothed/m=2w/p=4",7689,"x1;x2;x2 x3",FALSE,3,"x1;x2;x2 x3",FALSE,3,3,0,0,TRUE,0.000116257943078679,NA,NA,NA,-0.000455048151742196,0.000276833224786971,-1.643762782059,0.0231101942773981,0.100467403518925,0.0231105724785676,5.34083778126385e-09,1.91801078657737e-05,0.000108706316328977,6.32552433013916
"dadras",1,10,49,5,1e+05,4,13,"smoothed",26,8,13,"weak/smoothed/m=2w/p=8",7689,"x1;x2;x2 x3",FALSE,3,"x1;x2;x2 x3",FALSE,3,3,0,0,TRUE,0.000128526751383529,NA,NA,NA,-0.000440808702009039,0.000398769631072218,-1.10542194706198,0.0333429856742848,-0.276550563924834,0.0333432545736468,9.79489362895808e-09,5.85728177416949e-07,4.44372103913793e-06,3.46700358390808
"dadras",1,11,49,5,1e+05,4,13,"smoothed",NA,NA,NA,"sg",100000,"x1;x2;x2 x3",FALSE,3,"x1;x2;x2 x3",FALSE,3,3,0,0,TRUE,0.0103833170200746,NA,NA,NA,0.00504698584638963,0.00160979927519727,3.13516469049916,0.4877956273686,0.777456507406255,0.487797585291465,-4.94027656252927e-06,0.451075376917062,41.5432771141383,27.7406544685364
"dadras",1,11,49,5,1e+05,4,13,"raw",13,4,6,"weak/raw/m=1w/p=4",16663,"x1;x2;x2 x3",FALSE,3,"x1;x2;x2 x3",FALSE,3,3,0,0,TRUE,3.81033398978066e-05,NA,NA,NA,-0.000152960365199181,0.000452210731133673,-0.338250188835006,0.0558474789042788,0.0618120375136884,0.055847500824963,-1.2253018324711e-09,0.000419359265170177,0.00297480560989527,5.60550665855408
"dadras",1,11,49,5,1e+05,4,13,"raw",13,8,6,"weak/raw/m=1w/p=8",16663,"x1;x2;x2 x3",FALSE,3,"x1;x2;x2 x3",FALSE,3,3,0,0,TRUE,7.67254509599358e-05,NA,NA,NA,-0.000158452000069728,0.000691099392553695,-0.229275270354715,0.0853981247470472,-0.316374205250608,0.0853981384108101,5.9801343359859e-09,1.07848793762815e-06,8.92433235577528e-06,5.28907251358032
"dadras",1,11,49,5,1e+05,4,13,"raw",26,4,13,"weak/raw/m=2w/p=4",7689,"x1;x2;x2 x3",FALSE,3,"x1;x2;x2 x3",FALSE,3,3,0,0,TRUE,0.000111447398450371,NA,NA,NA,-0.0001569474111678,0.000270335929552085,-0.580564379392127,0.0226043275928523,0.121668060031279,0.0226043594521832,3.92805658055829e-09,1.89306374211983e-05,0.000106974348748068,4.04519701004028
"dadras",1,11,49,5,1e+05,4,13,"raw",26,8,13,"weak/raw/m=2w/p=8",7689,"x1;x2;x2 x3",FALSE,3,"x1;x2;x2 x3",FALSE,3,3,0,0,TRUE,0.000104815998527963,NA,NA,NA,-0.00014308228362717,0.000385623884115441,-0.371041031224966,0.0322973205977526,-0.254381166500587,0.0322973611615174,5.9680831699344e-09,5.74496940301235e-07,3.9695655829064e-06,3.20231127738953
"dadras",1,11,49,5,1e+05,4,13,"smoothed",13,4,6,"weak/smoothed/m=1w/p=4",16663,"x1;x2;x2 x3",FALSE,3,"x1;x2;x2 x3",FALSE,3,3,0,0,TRUE,0.000143827717556738,NA,NA,NA,-0.000144896349537286,0.000453857963076979,-0.319254835929164,0.0560508964552928,0.0584916249247094,0.0560509151782778,-1.2253018324711e-09,0.000419359265170177,0.00297480560989527,5.69427275657654
"dadras",1,11,49,5,1e+05,4,13,"smoothed",13,8,6,"weak/smoothed/m=1w/p=8",16663,"x1;x2;x2 x3",FALSE,3,"x1;x2;x2 x3",FALSE,3,3,0,0,TRUE,0.00033838689020495,NA,NA,NA,-8.53094860107191e-05,0.00069465810465794,-0.122807875469511,0.0858378433373295,-0.320449916104539,0.0858378517717246,5.9801343359859e-09,1.07848793762815e-06,8.92433235577528e-06,5.11690878868103
"dadras",1,11,49,5,1e+05,4,13,"smoothed",26,4,13,"weak/smoothed/m=2w/p=4",7689,"x1;x2;x2 x3",FALSE,3,"x1;x2;x2 x3",FALSE,3,3,0,0,TRUE,0.00011391375318559,NA,NA,NA,-0.000180219032054984,0.000270422397713614,-0.66643530113893,0.0226115532536198,0.1212104653034,0.0226116189234,3.92805658055829e-09,1.89306374211983e-05,0.000106974348748068,3.9353711605072
"dadras",1,11,49,5,1e+05,4,13,"smoothed",26,8,13,"weak/smoothed/m=2w/p=8",7689,"x1;x2;x2 x3",FALSE,3,"x1;x2;x2 x3",FALSE,3,3,0,0,TRUE,0.000111332314522428,NA,NA,NA,-0.000164040627612716,0.000386586705564729,-0.424330752329116,0.0323779543367899,-0.255250671830862,0.0323780039621144,5.9680831699344e-09,5.74496940301235e-07,3.9695655829064e-06,3.6956250667572
"dadras",1,12,49,5,1e+05,4,13,"smoothed",NA,NA,NA,"sg",100000,"x1;x2;x2 x3",TRUE,3,"x1;x2;x2 x3",TRUE,3,3,0,0,FALSE,0.0112188337939535,0.00760225476423684,0.00451399531893524,0.0104761197074574,0.00761762542693027,0.00178939639892542,4.25709218566934,0.543473114317929,0.766838839771476,0.543473116840225,2.56574900401241e-06,0.51285788891949,58.8816112996842,26.3093526363373
"dadras",1,12,49,5,1e+05,4,13,"raw",13,4,6,"weak/raw/m=1w/p=4",16663,"x1;x2;x2 x3",FALSE,3,"x1;x2;x2 x3",FALSE,3,3,0,0,TRUE,7.21977865916459e-05,NA,NA,NA,0.000271047919510203,0.000455333231300483,0.595273748713793,0.0563604527510146,0.075034096732276,0.0563605270767141,-1.74652954258656e-07,0.000423307705277879,0.0032633772870696,5.59932565689087
"dadras",1,12,49,5,1e+05,4,13,"raw",13,8,6,"weak/raw/m=1w/p=8",16663,"x1;x2;x2 x3",FALSE,3,"x1;x2;x2 x3",FALSE,3,3,0,0,TRUE,2.62404277292968e-05,NA,NA,NA,0.000265933916311352,0.00068951083141483,0.385684900359975,0.0853979692410456,-0.300124371246747,0.0853980035040404,6.55802320630716e-09,1.08736788709979e-06,9.56861267553677e-06,5.13463115692139
"dadras",1,12,49,5,1e+05,4,13,"raw",26,4,13,"weak/raw/m=2w/p=4",7689,"x1;x2;x2 x3",FALSE,3,"x1;x2;x2 x3",FALSE,3,3,0,0,TRUE,4.54926697376387e-05,NA,NA,NA,0.000278535452936039,0.000274399731535506,1.01507188573906,0.0229943183105651,0.0974551746711872,0.0229944389324309,-2.60482702036283e-09,1.91497529967475e-05,0.000101320265097016,3.5286717414856
"dadras",1,12,49,5,1e+05,4,13,"raw",26,8,13,"weak/raw/m=2w/p=8",7689,"x1;x2;x2 x3",FALSE,3,"x1;x2;x2 x3",FALSE,3,3,0,0,TRUE,3.72339781974497e-05,NA,NA,NA,0.000277034819360415,0.000395103608632239,0.701170055923932,0.0331663945071185,-0.269854798107517,0.0331664678756823,6.69246442090989e-09,5.68333252002909e-07,5.70803581467771e-06,3.43027210235596
"dadras",1,12,49,5,1e+05,4,13,"smoothed",13,4,6,"weak/smoothed/m=1w/p=4",16663,"x1;x2;x2 x3",FALSE,3,"x1;x2;x2 x3",FALSE,3,3,0,0,TRUE,7.90356175057738e-05,NA,NA,NA,0.000309584370393921,0.000457764410877309,0.676296284808597,0.0566613711335698,0.0665472927970159,0.0566614573711669,-1.74652954258656e-07,0.000423307705277879,0.0032633772870696,5.18198704719543
"dadras",1,12,49,5,1e+05,4,13,"smoothed",13,8,6,"weak/smoothed/m=1w/p=8",16663,"x1;x2;x2 x3",FALSE,3,"x1;x2;x2 x3",FALSE,3,3,0,0,TRUE,0.000295265861891991,NA,NA,NA,0.000416703683449412,0.000699864908357299,0.595405882583091,0.0866803298863754,-0.317245915949612,0.0866804227005246,6.55802320630716e-09,1.08736788709979e-06,9.56861267553677e-06,5.15191054344177
"dadras",1,12,49,5,1e+05,4,13,"smoothed",26,4,13,"weak/smoothed/m=2w/p=4",7689,"x1;x2;x2 x3",FALSE,3,"x1;x2;x2 x3",FALSE,3,3,0,0,TRUE,4.22223419147714e-05,NA,NA,NA,0.000264463545446705,0.000274503786356513,0.963424034899222,0.0230030347449251,0.0979850323175429,0.0230031791913755,-2.60482702036283e-09,1.91497529967475e-05,0.000101320265097016,3.91910243034363
"dadras",1,12,49,5,1e+05,4,13,"smoothed",26,8,13,"weak/smoothed/m=2w/p=8",7689,"x1;x2;x2 x3",FALSE,3,"x1;x2;x2 x3",FALSE,3,3,0,0,TRUE,3.72171435110147e-05,NA,NA,NA,0.000278770999677889,0.00039516494569333,0.705454779620635,0.0331715390815942,-0.269332618879243,0.0331716165510109,6.69246442090989e-09,5.68333252002909e-07,5.70803581467771e-06,3.34537053108215
"dadras",1,13,49,5,1e+05,4,13,"smoothed",NA,NA,NA,"sg",100000,"x1;x2;x2 x3",FALSE,3,"x1;x2;x2 x3",FALSE,3,3,0,0,TRUE,0.0119572117019192,NA,NA,NA,0.00573886562191921,0.00182273285170509,3.14849519311113,0.544541878259426,0.772908906849531,0.544544856297271,1.09915843138642e-05,0.521181464524904,45.9993177480937,25.3439061641693
"dadras",1,13,49,5,1e+05,4,13,"raw",13,4,6,"weak/raw/m=1w/p=4",16663,"x1;x2;x2 x3",FALSE,3,"x1;x2;x2 x3",FALSE,3,3,0,0,TRUE,0.000161296466747451,NA,NA,NA,8.94269994030879e-05,0.000454406094675985,0.196799735854894,0.0553185563518237,0.0788173530241103,0.0553185677726645,-7.43117977464754e-08,0.000421935026866538,0.00354640248583138,5.48357152938843
"dadras",1,13,49,5,1e+05,4,13,"raw",13,8,6,"weak/raw/m=1w/p=8",16663,"x1;x2;x2 x3",FALSE,3,"x1;x2;x2 x3",FALSE,3,3,0,0,TRUE,0.000104288346192138,NA,NA,NA,6.38352251522121e-05,0.000687216430024878,0.0928895503122666,0.0837122758410862,-0.299000223870416,0.083712296692531,6.78585874577222e-09,1.10635627053133e-06,8.67729351483604e-06,5.1094799041748
"dadras",1,13,49,5,1e+05,4,13,"raw",26,4,13,"weak/raw/m=2w/p=4",7689,"x1;x2;x2 x3",FALSE,3,"x1;x2;x2 x3",FALSE,3,3,0,0,TRUE,0.000133371684948091,NA,NA,NA,8.0985698721029e-05,0.000276052877312242,0.29337023946114,0.0227471380166662,0.111171797671689,0.022747153842579,-1.25386999922952e-09,1.90393159030462e-05,0.000105301887566966,4.28433346748352
"dadras",1,13,49,5,1e+05,4,13,"raw",26,8,13,"weak/raw/m=2w/p=8",7689,"x1;x2;x2 x3",FALSE,3,"x1;x2;x2 x3",FALSE,3,3,0,0,TRUE,0.000150591912306375,NA,NA,NA,8.78912196564423e-05,0.000395796424036873,0.222061682013211,0.0326716056890318,-0.259451280581537,0.0326716152102179,6.82358329316714e-09,5.76343083193235e-07,4.05722910201689e-06,3.69821071624756
"dadras",1,13,49,5,1e+05,4,13,"smoothed",13,4,6,"weak/smoothed/m=1w/p=4",16663,"x1;x2;x2 x3",FALSE,3,"x1;x2;x2 x3",FALSE,3,3,0,0,TRUE,0.000231161018606763,NA,NA,NA,0.000111861167317813,0.000456737629477884,0.244913403447152,0.0556023792581276,0.0723031114326214,0.0556023861645036,-7.43117977464754e-08,0.000421935026866538,0.00354640248583138,5.37599754333496
"dadras",1,13,49,5,1e+05,4,13,"smoothed",13,8,6,"weak/smoothed/m=1w/p=8",16663,"x1;x2;x2 x3",FALSE,3,"x1;x2;x2 x3",FALSE,3,3,0,0,TRUE,0.000287966847627852,NA,NA,NA,0.000146946099249317,0.000690839302217364,0.212706629135993,0.0841535582648938,-0.303855287150009,0.0841535852193593,6.78585874577222e-09,1.10635627053133e-06,8.67729351483604e-06,5.04123306274414
"dadras",1,13,49,5,1e+05,4,13,"smoothed",26,4,13,"weak/smoothed/m=2w/p=4",7689,"x1;x2;x2 x3",FALSE,3,"x1;x2;x2 x3",FALSE,3,3,0,0,TRUE,0.000131989806721799,NA,NA,NA,6.69607378922335e-05,0.000276104648733575,0.242519415009367,0.0227514018260983,0.110223862881757,0.0227514072714408,-1.25386999922952e-09,1.90393159030462e-05,0.000105301887566966,4.13565397262573
"dadras",1,13,49,5,1e+05,4,13,"smoothed",26,8,13,"weak/smoothed/m=2w/p=8",7689,"x1;x2;x2 x3",FALSE,3,"x1;x2;x2 x3",FALSE,3,3,0,0,TRUE,0.00016387858310285,NA,NA,NA,7.32067108898005e-05,0.000396266368800977,0.184741165674265,0.0327103949885538,-0.260251252410969,0.0327104130163274,6.82358329316714e-09,5.76343083193235e-07,4.05722910201689e-06,3.39300227165222
"dadras",1,14,49,5,1e+05,4,13,"smoothed",NA,NA,NA,"sg",100000,"x1;x2;x2 x3",TRUE,3,"x1;x2;x2 x3",TRUE,3,3,0,0,FALSE,0.0127014004224083,0.00670965952048195,0.0035803920096043,0.00988072541950066,0.00675619176992739,0.00190478236042634,3.54696258758674,0.575569812110885,0.778464680223376,0.575569818953587,7.2333251131538e-06,0.552875983954369,41.9529066798438,25.7148714065552
"dadras",1,14,49,5,1e+05,4,13,"raw",13,4,6,"weak/raw/m=1w/p=4",16663,"x1;x2;x2 x3",FALSE,3,"x1;x2;x2 x3",FALSE,3,3,0,0,TRUE,8.37715922021864e-05,NA,NA,NA,-0.000371783086772148,0.000458845345186129,-0.810257945673038,0.0565018971266721,0.0687569197013829,0.0565020273147288,1.51660391633482e-07,0.000428610408828678,0.00358924957350837,5.35014843940735
"dadras",1,14,49,5,1e+05,4,13,"raw",13,8,6,"weak/raw/m=1w/p=8",16663,"x1;x2;x2 x3",FALSE,3,"x1;x2;x2 x3",FALSE,3,3,0,0,TRUE,3.94004370152246e-05,NA,NA,NA,-0.000357147901878531,0.000692863579103063,-0.51546641019993,0.0853702814602804,-0.294145227795576,0.0853703532136248,1.24748632035959e-08,1.10252163430641e-06,8.70415428266824e-06,5.29811549186707
"dadras",1,14,49,5,1e+05,4,13,"raw",26,4,13,"weak/raw/m=2w/p=4",7689,"x1;x2;x2 x3",FALSE,3,"x1;x2;x2 x3",FALSE,3,3,0,0,TRUE,3.24868335126954e-05,NA,NA,NA,-0.000352506555726876,0.000273217783894611,-1.29020355374396,0.0227770279077559,0.116836320892242,0.0227772666591269,1.8494702152113e-08,1.92946694126103e-05,9.07509093881487e-05,3.40125036239624
"dadras",1,14,49,5,1e+05,4,13,"raw",26,8,13,"weak/raw/m=2w/p=8",7689,"x1;x2;x2 x3",FALSE,3,"x1;x2;x2 x3",FALSE,3,3,0,0,TRUE,4.53139223939303e-05,NA,NA,NA,-0.000339726808152819,0.000392995935083686,-0.864453745763238,0.0328180170398953,-0.260942814209037,0.0328181857728469,1.23653239628725e-08,5.72116861203651e-07,5.13381419864345e-06,3.77545809745789
"dadras",1,14,49,5,1e+05,4,13,"smoothed",13,4,6,"weak/smoothed/m=1w/p=4",16663,"x1;x2;x2 x3",FALSE,3,"x1;x2;x2 x3",FALSE,3,3,0,0,TRUE,0.000158787051019793,NA,NA,NA,-0.000322867134479429,0.000461965950771292,-0.69889811995965,0.0568861533127433,0.0589258017015189,0.0568862591459017,1.51660391633482e-07,0.000428610408828678,0.00358924957350837,5.29665279388428
"dadras",1,14,49,5,1e+05,4,13,"smoothed",13,8,6,"weak/smoothed/m=1w/p=8",16663,"x1;x2;x2 x3",FALSE,3,"x1;x2;x2 x3",FALSE,3,3,0,0,TRUE,0.000304914461401277,NA,NA,NA,-0.000222009832417761,0.000702480871456949,-0.316036836643412,0.0865552233024239,-0.308356427878263,0.0865552387482358,1.24748632035959e-08,1.10252163430641e-06,8.70415428266824e-06,5.26977610588074
"dadras",1,14,49,5,1e+05,4,13,"smoothed",26,4,13,"weak/smoothed/m=2w/p=4",7689,"x1;x2;x2 x3",FALSE,3,"x1;x2;x2 x3",FALSE,3,3,0,0,TRUE,3.17771361628694e-05,NA,NA,NA,-0.000367244742986179,0.000273187203831222,-1.34429701624336,0.0227744757461526,0.116687055280508,0.0227747857781284,1.8494702152113e-08,1.92946694126103e-05,9.07509093881487e-05,3.8623526096344
"dadras",1,14,49,5,1e+05,4,13,"smoothed",26,8,13,"weak/smoothed/m=2w/p=8",7689,"x1;x2;x2 x3",FALSE,3,"x1;x2;x2 x3",FALSE,3,3,0,0,TRUE,5.05495933128171e-05,NA,NA,NA,-0.000341941713744834,0.000393575261541681,-0.868808960211084,0.0328663909971315,-0.260549247871785,0.0328665834588278,1.23653239628725e-08,5.72116861203651e-07,5.13381419864345e-06,3.63659405708313
"dadras",1,15,49,5,1e+05,4,13,"smoothed",NA,NA,NA,"sg",100000,"x1;x2;x2 x3",FALSE,3,"x1;x2;x2 x3",FALSE,3,3,0,0,TRUE,0.00644585517667748,NA,NA,NA,0.00267996590750618,0.00113607063268994,2.35897824518241,0.341696508071154,0.774306366714798,0.341697409384729,8.34231617642043e-07,0.272766224781992,20.8102763562991,27.1150887012482
"dadras",1,15,49,5,1e+05,4,13,"raw",13,4,6,"weak/raw/m=1w/p=4",16663,"x1;x2;x2 x3",FALSE,3,"x1;x2;x2 x3",FALSE,3,3,0,0,TRUE,6.78157037243092e-05,NA,NA,NA,-0.0002828803449691,0.000446961830903719,-0.632895977710535,0.0547955638414705,0.0700969280708144,0.0547956290064645,-8.15310800429478e-08,0.000413409439926521,0.00325116881915477,5.50225043296814
"dadras",1,15,49,5,1e+05,4,13,"raw",13,8,6,"weak/raw/m=1w/p=8",16663,"x1;x2;x2 x3",FALSE,3,"x1;x2;x2 x3",FALSE,3,3,0,0,TRUE,0.000109465930424157,NA,NA,NA,-0.000293081616617426,0.000676255199540642,-0.433389076810806,0.0829527089325001,-0.300651160056144,0.0829527709542209,-2.78365177400501e-09,1.08421603580621e-06,8.75948994405462e-06,5.22625827789307
"dadras",1,15,49,5,1e+05,4,13,"raw",26,4,13,"weak/raw/m=2w/p=4",7689,"x1;x2;x2 x3",FALSE,3,"x1;x2;x2 x3",FALSE,3,3,0,0,TRUE,4.48519626852217e-05,NA,NA,NA,-0.000298524089453426,0.000268226062554372,-1.11295705797758,0.0222644780817516,0.12362524830736,0.0222646625129117,-1.0208511405559e-08,1.87393351830312e-05,8.50050073744057e-05,3.88664054870605
"dadras",1,15,49,5,1e+05,4,13,"raw",26,8,13,"weak/raw/m=2w/p=8",7689,"x1;x2;x2 x3",FALSE,3,"x1;x2;x2 x3",FALSE,3,3,0,0,TRUE,7.72099096962483e-05,NA,NA,NA,-0.000295083989317009,0.000386433055463672,-0.763609595879278,0.0321309253342546,-0.255804912245267,0.0321310424325835,-2.84946801490925e-09,5.58532906468731e-07,4.13071838067935e-06,3.5838143825531
"dadras",1,15,49,5,1e+05,4,13,"smoothed",13,4,6,"weak/smoothed/m=1w/p=4",16663,"x1;x2;x2 x3",FALSE,3,"x1;x2;x2 x3",FALSE,3,3,0,0,TRUE,0.000147818717757708,NA,NA,NA,-0.000272249777894732,0.000447093153748932,-0.608933005598237,0.0548116530402628,0.0708595810346275,0.0548117239945723,-8.15310800429478e-08,0.000413409439926521,0.00325116881915477,5.59605669975281
"dadras",1,15,49,5,1e+05,4,13,"smoothed",13,8,6,"weak/smoothed/m=1w/p=8",16663,"x1;x2;x2 x3",FALSE,3,"x1;x2;x2 x3",FALSE,3,3,0,0,TRUE,0.000239478242637444,NA,NA,NA,-0.000247838411101954,0.000671455779516622,-0.369106080642231,0.0823639633997864,-0.295072405288812,0.0823640006646576,-2.78365177400501e-09,1.08421603580621e-06,8.75948994405462e-06,5.20629930496216
"dadras",1,15,49,5,1e+05,4,13,"smoothed",26,4,13,"weak/smoothed/m=2w/p=4",7689,"x1;x2;x2 x3",FALSE,3,"x1;x2;x2 x3",FALSE,3,3,0,0,TRUE,5.72935159664686e-05,NA,NA,NA,-0.000310177184814438,0.0002682698483225,-1.15621336782343,0.0222681103724056,0.123252493526221,0.0222683018569392,-1.0208511405559e-08,1.87393351830312e-05,8.50050073744057e-05,4.03426265716553
"dadras",1,15,49,5,1e+05,4,13,"smoothed",26,8,13,"weak/smoothed/m=2w/p=8",7689,"x1;x2;x2 x3",FALSE,3,"x1;x2;x2 x3",FALSE,3,3,0,0,TRUE,0.000108000070035382,NA,NA,NA,-0.000296981689622311,0.000386297667617236,-0.768789755977963,0.0321196648642668,-0.255894130468419,0.0321198330108815,-2.84946801490925e-09,5.58532906468731e-07,4.13071838067935e-06,3.76716256141663
"dadras",1,16,49,5,1e+05,4,13,"smoothed",NA,NA,NA,"sg",100000,"x1;x2;x2 x3",TRUE,3,"x1;x2;x2 x3",TRUE,3,3,0,0,FALSE,0.0122108361975162,0.00661356645677668,0.003439419449088,0.00960521800165236,0.00655673051452806,0.00184484795881059,3.55407635800801,0.558841739596367,0.768428814092917,0.558841744116677,-9.14385794889373e-06,0.538066310472699,54.0343579372706,26.965616941452
"dadras",1,16,49,5,1e+05,4,13,"raw",13,4,6,"weak/raw/m=1w/p=4",16663,"x1;x2;x2 x3",FALSE,3,"x1;x2;x2 x3",FALSE,3,3,0,0,TRUE,9.2068442122469e-05,NA,NA,NA,0.000188123434924625,0.000444537176169926,0.423189431636454,0.0548838156436856,0.0698552728355103,0.0548838402644684,2.14730715545394e-07,0.000414439529583712,0.00346427307425756,6.16392636299133
"dadras",1,16,49,5,1e+05,4,13,"raw",13,8,6,"weak/raw/m=1w/p=8",16663,"x1;x2;x2 x3",FALSE,3,"x1;x2;x2 x3",FALSE,3,3,0,0,TRUE,0.000131376616641865,NA,NA,NA,0.000156926522957763,0.000671903193344644,0.233555256936053,0.0830034499281854,-0.301681029903236,0.083003455514351,1.08420123790186e-08,1.07866768402522e-06,8.99855768921043e-06,8.38825917243958
"dadras",1,16,49,5,1e+05,4,13,"raw",26,4,13,"weak/raw/m=2w/p=4",7689,"x1;x2;x2 x3",FALSE,3,"x1;x2;x2 x3",FALSE,3,3,0,0,TRUE,7.71677916042712e-05,NA,NA,NA,0.000218081272663086,0.000268624339707366,0.811844797461984,0.022453653881725,0.114161388898175,0.022453750070947,1.45717897765314e-08,1.88649112278339e-05,0.000111523353149678,7.0382559299469
"dadras",1,16,49,5,1e+05,4,13,"raw",26,8,13,"weak/raw/m=2w/p=8",7689,"x1;x2;x2 x3",FALSE,3,"x1;x2;x2 x3",FALSE,3,3,0,0,TRUE,7.36143379274079e-05,NA,NA,NA,0.000203454855162482,0.000381523296973629,0.533269807574937,0.0319453470720605,-0.248942472606146,0.0319454016401905,1.087032260731e-08,5.72893298100699e-07,4.49158248905235e-06,6.08017063140869
"dadras",1,16,49,5,1e+05,4,13,"smoothed",13,4,6,"weak/smoothed/m=1w/p=4",16663,"x1;x2;x2 x3",FALSE,3,"x1;x2;x2 x3",FALSE,3,3,0,0,TRUE,4.46793228666327e-05,NA,NA,NA,0.000195796077445484,0.000445842229070941,0.439160009255942,0.0550449258268844,0.0651602566292237,0.0550449584798539,2.14730715545394e-07,0.000414439529583712,0.00346427307425756,9.10601592063904
"dadras",1,16,49,5,1e+05,4,13,"smoothed",13,8,6,"weak/smoothed/m=1w/p=8",16663,"x1;x2;x2 x3",FALSE,3,"x1;x2;x2 x3",FALSE,3,3,0,0,TRUE,0.000237042589468711,NA,NA,NA,0.00025078912767564,0.000678051975178721,0.369867114699485,0.0837630115998061,-0.312445436335333,0.0837630385282075,1.08420123790186e-08,1.07866768402522e-06,8.99855768921043e-06,8.52528595924377
"dadras",1,16,49,5,1e+05,4,13,"smoothed",26,4,13,"weak/smoothed/m=2w/p=4",7689,"x1;x2;x2 x3",FALSE,3,"x1;x2;x2 x3",FALSE,3,3,0,0,TRUE,8.66121562728139e-05,NA,NA,NA,0.000185205926119986,0.000268571937563223,0.689595226516873,0.0224492681111402,0.113629345060943,0.0224493574722942,1.45717897765314e-08,1.88649112278339e-05,0.000111523353149678,7.02086353302002
"dadras",1,16,49,5,1e+05,4,13,"smoothed",26,8,13,"weak/smoothed/m=2w/p=8",7689,"x1;x2;x2 x3",FALSE,3,"x1;x2;x2 x3",FALSE,3,3,0,0,TRUE,7.2598832969728e-05,NA,NA,NA,0.000179155747213803,0.000381834750004541,0.469197073371851,0.0319714161202098,-0.25039571416012,0.0319714502945728,1.087032260731e-08,5.72893298100699e-07,4.49158248905235e-06,6.39087343215942
"dadras",1,17,49,5,1e+05,4,13,"smoothed",NA,NA,NA,"sg",100000,"x1;x2;x2 x3",FALSE,3,"x1;x2;x2 x3",FALSE,3,3,0,0,TRUE,0.00727530267412799,NA,NA,NA,0.00357982808416498,0.00125047355732705,2.86277791576581,0.375401067419735,0.779991058300994,0.375402627276498,-1.02365295028382e-06,0.32054950709279,21.7172682265643,26.9364490509033
"dadras",1,17,49,5,1e+05,4,13,"raw",13,4,6,"weak/raw/m=1w/p=4",16663,"x1;x2;x2 x3",FALSE,3,"x1;x2;x2 x3",FALSE,3,3,0,0,TRUE,8.28185721888117e-05,NA,NA,NA,0.000245213349217646,0.00044727922845435,0.548233259266305,0.0547227541560988,0.0745673885500826,0.054722804656465,5.32425603903903e-08,0.0004132544793523,0.00309140377788708,5.56314539909363
"dadras",1,17,49,5,1e+05,4,13,"raw",13,8,6,"weak/raw/m=1w/p=8",16663,"x1;x2;x2 x3",FALSE,3,"x1;x2;x2 x3",FALSE,3,3,0,0,TRUE,8.00547991499069e-05,NA,NA,NA,0.000245331968180016,0.000678815059793318,0.361412088079945,0.0830997644213546,-0.303826236985286,0.0830998213231828,1.60154856731402e-09,1.0901876846641e-06,8.72870961643457e-06,5.18157649040222
"dadras",1,17,49,5,1e+05,4,13,"raw",26,4,13,"weak/raw/m=2w/p=4",7689,"x1;x2;x2 x3",FALSE,3,"x1;x2;x2 x3",FALSE,3,3,0,0,TRUE,3.35684359629163e-05,NA,NA,NA,0.000255898080352966,0.000269871415351212,0.948222248806674,0.0223497159040208,0.10645520387462,0.0223498247215808,3.95046874855835e-09,1.87836134592645e-05,9.68591370575922e-05,3.69425582885742
"dadras",1,17,49,5,1e+05,4,13,"raw",26,8,13,"weak/raw/m=2w/p=8",7689,"x1;x2;x2 x3",FALSE,3,"x1;x2;x2 x3",FALSE,3,3,0,0,TRUE,1.11940570824605e-05,NA,NA,NA,0.000263898410138224,0.000390602485133791,0.675618871313203,0.0324059013211841,-0.27719212742022,0.0324059779883536,1.56023202525629e-09,5.67999934071659e-07,4.08229222159662e-06,3.71459364891052
"dadras",1,17,49,5,1e+05,4,13,"smoothed",13,4,6,"weak/smoothed/m=1w/p=4",16663,"x1;x2;x2 x3",FALSE,3,"x1;x2;x2 x3",FALSE,3,3,0,0,TRUE,8.62727974475508e-05,NA,NA,NA,0.000259612903678968,0.000447016592965528,0.58076793516027,0.0546906093084017,0.0751315467477844,0.054690661495291,5.32425603903903e-08,0.0004132544793523,0.00309140377788708,5.52302217483521
"dadras",1,17,49,5,1e+05,4,13,"smoothed",13,8,6,"weak/smoothed/m=1w/p=8",16663,"x1;x2;x2 x3",FALSE,3,"x1;x2;x2 x3",FALSE,3,3,0,0,TRUE,0.000114411962611231,NA,NA,NA,0.000265641806858608,0.000672967920175242,0.394731753022394,0.0823839412807494,-0.296425558650913,0.0823839722951889,1.60154856731402e-09,1.0901876846641e-06,8.72870961643457e-06,5.35395693778992
"dadras",1,17,49,5,1e+05,4,13,"smoothed",26,4,13,"weak/smoothed/m=2w/p=4",7689,"x1;x2;x2 x3",FALSE,3,"x1;x2;x2 x3",FALSE,3,3,0,0,TRUE,3.48842163796492e-05,NA,NA,NA,0.000239243033860805,0.000269749837206053,0.886907055584449,0.022339644407463,0.106766785174097,0.0223397574434306,3.95046874855835e-09,1.87836134592645e-05,9.68591370575922e-05,4.11089301109314
"dadras",1,17,49,5,1e+05,4,13,"smoothed",26,8,13,"weak/smoothed/m=2w/p=8",7689,"x1;x2;x2 x3",FALSE,3,"x1;x2;x2 x3",FALSE,3,3,0,0,TRUE,3.29758587926203e-05,NA,NA,NA,0.000252802295275848,0.000390473362401975,0.647425201352403,0.0323951837116725,-0.276783457364495,0.0323952336437195,1.56023202525629e-09,5.67999934071659e-07,4.08229222159662e-06,3.66608715057373
"dadras",1,18,49,5,1e+05,4,13,"smoothed",NA,NA,NA,"sg",100000,"x1;x2;x2 x3",FALSE,3,"x1;x2;x2 x3",FALSE,3,3,0,0,TRUE,0.00883046930115432,NA,NA,NA,0.00460715854394024,0.0013764777088982,3.34706367866141,0.417576937954709,0.782285297859592,0.4175787607477,1.0921048103995e-07,0.368815646453852,26.6242766849761,25.9510159492493
"dadras",1,18,49,5,1e+05,4,13,"raw",13,4,6,"weak/raw/m=1w/p=4",16663,"x1;x2;x2 x3",FALSE,3,"x1;x2;x2 x3",FALSE,3,3,0,0,TRUE,0.000140659782760011,NA,NA,NA,-4.4932376838878e-05,0.000447943534792035,-0.100308126692215,0.0553919218924315,0.0704897923279758,0.0553919294137287,3.36670565433639e-07,0.000420902335049399,0.00332746585346655,5.50863409042358
"dadras",1,18,49,5,1e+05,4,13,"raw",13,8,6,"weak/raw/m=1w/p=8",16663,"x1;x2;x2 x3",FALSE,3,"x1;x2;x2 x3",FALSE,3,3,0,0,TRUE,0.000122333335769206,NA,NA,NA,-2.42531662393642e-05,0.000679368394652768,-0.0356995798307047,0.0840549686503645,-0.30734289244851,0.0840549728263753,1.03386741546786e-08,1.08754558903368e-06,8.90382877116735e-06,5.10300159454346
"dadras",1,18,49,5,1e+05,4,13,"raw",26,4,13,"weak/raw/m=2w/p=4",7689,"x1;x2;x2 x3",FALSE,3,"x1;x2;x2 x3",FALSE,3,3,0,0,TRUE,7.5733712398284e-05,NA,NA,NA,-6.98540249268708e-05,0.000269352949292135,-0.259340115303911,0.0225565527205163,0.113084210922044,0.0225565660259624,3.23220798196315e-08,1.90435769404406e-05,8.58455363577093e-05,3.78450083732605
"dadras",1,18,49,5,1e+05,4,13,"raw",26,8,13,"weak/raw/m=2w/p=8",7689,"x1;x2;x2 x3",FALSE,3,"x1;x2;x2 x3",FALSE,3,3,0,0,TRUE,8.86139252349923e-05,NA,NA,NA,-6.00550665425652e-05,0.000383005838655925,-0.156799349987236,0.032125160408682,-0.246602933480621,0.0321251661868388,1.00726826554786e-08,5.68237746843498e-07,4.41450221444484e-06,3.59471583366394
"dadras",1,18,49,5,1e+05,4,13,"smoothed",13,4,6,"weak/smoothed/m=1w/p=4",16663,"x1;x2;x2 x3",FALSE,3,"x1;x2;x2 x3",FALSE,3,3,0,0,TRUE,0.000197557193102549,NA,NA,NA,-1.07362624296468e-05,0.000448910706479477,-0.023916253888985,0.0555115087763427,0.0680545744245049,0.0555115120122457,3.36670565433639e-07,0.000420902335049399,0.00332746585346655,5.37960076332092
"dadras",1,18,49,5,1e+05,4,13,"smoothed",13,8,6,"weak/smoothed/m=1w/p=8",16663,"x1;x2;x2 x3",FALSE,3,"x1;x2;x2 x3",FALSE,3,3,0,0,TRUE,0.000322263952197555,NA,NA,NA,4.54145095988998e-05,0.000678194752744676,0.0669638174213319,0.0839097343374666,-0.306459052133941,0.0839097362064113,1.03386741546786e-08,1.08754558903368e-06,8.90382877116735e-06,5.21180605888367
"dadras",1,18,49,5,1e+05,4,13,"smoothed",26,4,13,"weak/smoothed/m=2w/p=4",7689,"x1;x2;x2 x3",FALSE,3,"x1;x2;x2 x3",FALSE,3,3,0,0,TRUE,8.11675121626655e-05,NA,NA,NA,-8.59856348624775e-05,0.000269464832019438,-0.319097799212161,0.0225659191561088,0.112973929685407,0.0225659309357072,3.23220798196315e-08,1.90435769404406e-05,8.58455363577093e-05,3.88815546035767
"dadras",1,18,49,5,1e+05,4,13,"smoothed",26,8,13,"weak/smoothed/m=2w/p=8",7689,"x1;x2;x2 x3",FALSE,3,"x1;x2;x2 x3",FALSE,3,3,0,0,TRUE,0.000118034414129798,NA,NA,NA,-6.84682748842873e-05,0.000382849237222671,-0.178838739188776,0.0321120200978073,-0.246386369718883,0.032112027612054,1.00726826554786e-08,5.68237746843498e-07,4.41450221444484e-06,3.67301106452942
"dadras",1,19,49,5,1e+05,4,13,"smoothed",NA,NA,NA,"sg",100000,"x1;x2;x2 x3",FALSE,3,"x1;x2;x2 x3",FALSE,3,3,0,0,TRUE,0.0075792593975855,NA,NA,NA,0.00394535649204571,0.00126052270464052,3.12993687263322,0.382307680394382,0.781223740808956,0.382309039000381,4.36672840588826e-07,0.324878653924068,22.932322120271,38.6525723934174
"dadras",1,19,49,5,1e+05,4,13,"raw",13,4,6,"weak/raw/m=1w/p=4",16663,"x1;x2;x2 x3",FALSE,3,"x1;x2;x2 x3",FALSE,3,3,0,0,TRUE,5.79961659332717e-05,NA,NA,NA,-3.97886366139472e-05,0.000449087788176935,-0.0885987944038036,0.0555217968026835,0.0694754570729003,0.0555217976809232,4.2111219204374e-08,0.000421190652837939,0.00316108887460587,8.81854939460754
"dadras",1,19,49,5,1e+05,4,13,"raw",13,8,6,"weak/raw/m=1w/p=8",16663,"x1;x2;x2 x3",FALSE,3,"x1;x2;x2 x3",FALSE,3,3,0,0,TRUE,2.21078532807255e-05,NA,NA,NA,-4.41033502033596e-05,0.000679895851708586,-0.0648678030503162,0.0841020765088108,-0.301540657558534,0.0841020798408922,1.50720068279212e-08,1.09480107595984e-06,8.60983651307379e-06,5.90648627281189
"dadras",1,19,49,5,1e+05,4,13,"raw",26,4,13,"weak/raw/m=2w/p=4",7689,"x1;x2;x2 x3",FALSE,3,"x1;x2;x2 x3",FALSE,3,3,0,0,TRUE,1.57218815743931e-05,NA,NA,NA,-5.80585193891536e-05,0.000268576808336066,-0.21617100802131,0.0224871993432435,0.101827677872271,0.0224872057322818,1.89345833522186e-08,1.91149093498577e-05,0.000103544819815227,7.12122082710266
"dadras",1,19,49,5,1e+05,4,13,"raw",26,8,13,"weak/raw/m=2w/p=8",7689,"x1;x2;x2 x3",FALSE,3,"x1;x2;x2 x3",FALSE,3,3,0,0,TRUE,1.94982991388315e-05,NA,NA,NA,-4.86185812344089e-05,0.000390188368784842,-0.124602846019786,0.0327197540779802,-0.281484049778944,0.0327197583061907,1.50922096788978e-08,5.61282832763009e-07,4.25806368298254e-06,3.47232174873352
"dadras",1,19,49,5,1e+05,4,13,"smoothed",13,4,6,"weak/smoothed/m=1w/p=4",16663,"x1;x2;x2 x3",FALSE,3,"x1;x2;x2 x3",FALSE,3,3,0,0,TRUE,0.000105043519854853,NA,NA,NA,-2.12287309880961e-05,0.000449682639870868,-0.0472082511217072,0.0555953295839075,0.0680647192465582,0.0555953312310232,4.2111219204374e-08,0.000421190652837939,0.00316108887460587,9.12637901306152
"dadras",1,19,49,5,1e+05,4,13,"smoothed",13,8,6,"weak/smoothed/m=1w/p=8",16663,"x1;x2;x2 x3",FALSE,3,"x1;x2;x2 x3",FALSE,3,3,0,0,TRUE,0.000184791874324593,NA,NA,NA,3.92894682557315e-05,0.000678011893454264,0.0579480517009276,0.0838690076542642,-0.2994397271108,0.0838690112215927,1.50720068279212e-08,1.09480107595984e-06,8.60983651307379e-06,5.23937845230103
"dadras",1,19,49,5,1e+05,4,13,"smoothed",26,4,13,"weak/smoothed/m=2w/p=4",7689,"x1;x2;x2 x3",FALSE,3,"x1;x2;x2 x3",FALSE,3,3,0,0,TRUE,1.968680145407e-05,NA,NA,NA,-7.03342173607714e-05,0.000268651847506113,-0.261804331567722,0.0224934798584311,0.10215294718007,0.0224934864926224,1.89345833522186e-08,1.91149093498577e-05,0.000103544819815227,6.0694727897644
"dadras",1,19,49,5,1e+05,4,13,"smoothed",26,8,13,"weak/smoothed/m=2w/p=8",7689,"x1;x2;x2 x3",FALSE,3,"x1;x2;x2 x3",FALSE,3,3,0,0,TRUE,4.70561533258973e-05,NA,NA,NA,-6.42059730460576e-05,0.000390547023182766,-0.164400108654806,0.0327498256107779,-0.281163346525237,0.0327498414094521,1.50922096788978e-08,5.61282832763009e-07,4.25806368298254e-06,3.58120346069336
"dadras",1,20,49,5,1e+05,4,13,"smoothed",NA,NA,NA,"sg",100000,"x1;x2;x2 x3",FALSE,3,"x1;x2;x2 x3",FALSE,3,3,0,0,TRUE,0.00901183289599876,NA,NA,NA,0.00376268600172368,0.00139470190194511,2.69784245398681,0.420278634817354,0.78086713744573,0.420280184580045,-4.53409697110571e-06,0.372414340198529,26.2615568619178,26.5927860736847
"dadras",1,20,49,5,1e+05,4,13,"raw",13,4,6,"weak/raw/m=1w/p=4",16663,"x1;x2;x2 x3",FALSE,3,"x1;x2;x2 x3",FALSE,3,3,0,0,TRUE,0.000157382595691757,NA,NA,NA,4.70703166482103e-05,0.000445011521149075,0.105773253974794,0.0546598181253979,0.0680761562739256,0.0546598309351638,2.14479230298612e-08,0.000413596452800352,0.00333117305878261,5.13655948638916
"dadras",1,20,49,5,1e+05,4,13,"raw",13,8,6,"weak/raw/m=1w/p=8",16663,"x1;x2;x2 x3",FALSE,3,"x1;x2;x2 x3",FALSE,3,3,0,0,TRUE,0.000115045287332638,NA,NA,NA,8.56066621364756e-05,0.000677412625356197,0.126372994733397,0.083249272264806,-0.309478485827654,0.0832492759163635,2.96368060000565e-09,1.08479542555408e-06,8.98697717133246e-06,5.1448986530304
"dadras",1,20,49,5,1e+05,4,13,"raw",26,4,13,"weak/raw/m=2w/p=4",7689,"x1;x2;x2 x3",FALSE,3,"x1;x2;x2 x3",FALSE,3,3,0,0,TRUE,7.00454294455533e-05,NA,NA,NA,-4.87430437486684e-06,0.000266800053173666,-0.0182695030112833,0.0221906680629297,0.118288220482198,0.0221906692903798,3.37237559282449e-09,1.88112452152615e-05,9.97951251218154e-05,3.83165621757507
"dadras",1,20,49,5,1e+05,4,13,"raw",26,8,13,"weak/raw/m=2w/p=8",7689,"x1;x2;x2 x3",FALSE,3,"x1;x2;x2 x3",FALSE,3,3,0,0,TRUE,7.84029759133276e-05,NA,NA,NA,2.341705285229e-05,0.000383204479274309,0.0611085050379261,0.0319232774408326,-0.257425116131177,0.0319232790842692,3.00860219413256e-09,5.65512170925258e-07,3.72547613380902e-06,3.69959592819214
"dadras",1,20,49,5,1e+05,4,13,"smoothed",13,4,6,"weak/smoothed/m=1w/p=4",16663,"x1;x2;x2 x3",FALSE,3,"x1;x2;x2 x3",FALSE,3,3,0,0,TRUE,0.000208040604833704,NA,NA,NA,5.89398741945549e-05,0.000445962863344814,0.132163188998505,0.0547766569959921,0.0657277143455812,0.0547766598581895,2.14479230298612e-08,0.000413596452800352,0.00333117305878261,5.54238367080688
"dadras",1,20,49,5,1e+05,4,13,"smoothed",13,8,6,"weak/smoothed/m=1w/p=8",16663,"x1;x2;x2 x3",FALSE,3,"x1;x2;x2 x3",FALSE,3,3,0,0,TRUE,0.000239180917451376,NA,NA,NA,0.000110392436601135,0.000674321744260613,0.163708848988963,0.0828693973960498,-0.305790164373861,0.0828694012787461,2.96368060000565e-09,1.08479542555408e-06,8.98697717133246e-06,5.30467343330383
"dadras",1,20,49,5,1e+05,4,13,"smoothed",26,4,13,"weak/smoothed/m=2w/p=4",7689,"x1;x2;x2 x3",FALSE,3,"x1;x2;x2 x3",FALSE,3,3,0,0,TRUE,6.51652516447943e-05,NA,NA,NA,-3.10804222060249e-05,0.000266802491938338,-0.11649224855519,0.0221908672124983,0.118168594136911,0.0221908717522848,3.37237559282449e-09,1.88112452152615e-05,9.97951251218154e-05,3.87766122817993
"dadras",1,20,49,5,1e+05,4,13,"smoothed",26,8,13,"weak/smoothed/m=2w/p=8",7689,"x1;x2;x2 x3",FALSE,3,"x1;x2;x2 x3",FALSE,3,3,0,0,TRUE,8.74237108619003e-05,NA,NA,NA,-8.47978537115233e-07,0.000382989390565034,-0.00221410451047792,0.0319053524589144,-0.257770223137537,0.0319053565262069,3.00860219413256e-09,5.65512170925258e-07,3.72547613380902e-06,3.44025254249573
"dadras",1,1,49,5.5,316228,4,13,"smoothed",NA,NA,NA,"sg",316228,"x1;x2;x2 x3",TRUE,3,"x1;x2;x2 x3",TRUE,3,3,0,0,FALSE,0.010354713719769,0.00569835459441696,0.00416150899396677,0.00716134766014314,0.00572191684325353,0.000923442215679936,6.19629116591822,0.49890183405187,0.771658692422008,0.498901834342847,1.27944829037977e-06,0.464134596038365,70.6129172059573,102.826022624969
"dadras",1,1,49,5.5,316228,4,13,"raw",13,4,6,"weak/raw/m=1w/p=4",52701,"x1;x2;x2 x3",FALSE,3,"x1;x2;x2 x3",FALSE,3,3,0,0,TRUE,0.000140449857081837,NA,NA,NA,0.000204219558603972,0.000253081955564205,0.806930538167754,0.0557402022402841,0.0639786049684465,0.0557402270075174,4.53378738949291e-08,0.000426261120402665,0.00434027460642739,15.4047825336456
"dadras",1,1,49,5.5,316228,4,13,"raw",13,8,6,"weak/raw/m=1w/p=8",52701,"x1;x2;x2 x3",FALSE,3,"x1;x2;x2 x3",FALSE,3,3,0,0,TRUE,0.000101003865090821,NA,NA,NA,0.000214892622190899,0.000385095846625899,0.558023733763237,0.0848610003276652,-0.309805069844179,0.0848610087085793,8.46204100354309e-09,1.09113685644375e-06,8.99967177758754e-06,18.7501418590546
"dadras",1,1,49,5.5,316228,4,13,"raw",26,4,13,"weak/raw/m=2w/p=4",24322,"x1;x2;x2 x3",FALSE,3,"x1;x2;x2 x3",FALSE,3,3,0,0,TRUE,8.3384814255627e-05,NA,NA,NA,0.000193255467786934,0.000151087407718776,1.27909711805133,0.0225387725304699,0.116202222156983,0.0225388374422455,1.06778764310183e-08,1.93132549679721e-05,0.000118146566709498,8.96474266052246
"dadras",1,1,49,5.5,316228,4,13,"raw",26,8,13,"weak/raw/m=2w/p=8",24322,"x1;x2;x2 x3",FALSE,3,"x1;x2;x2 x3",FALSE,3,3,0,0,TRUE,8.53857418086079e-05,NA,NA,NA,0.000199550511585801,0.000216787247744204,0.920490082614357,0.0323895934127372,-0.256878156258896,0.0323896340646364,8.42652226102167e-09,5.65122312209001e-07,4.76968677531886e-06,13.041975736618
"dadras",1,1,49,5.5,316228,4,13,"smoothed",13,4,6,"weak/smoothed/m=1w/p=4",52701,"x1;x2;x2 x3",FALSE,3,"x1;x2;x2 x3",FALSE,3,3,0,0,TRUE,0.000196858689843982,NA,NA,NA,0.000234438653073763,0.000254005924428202,0.922965295402113,0.0559436911227964,0.0595329178913276,0.0559437282109567,4.53378738949291e-08,0.000426261120402665,0.00434027460642739,14.6303250789642
"dadras",1,1,49,5.5,316228,4,13,"smoothed",13,8,6,"weak/smoothed/m=1w/p=8",52701,"x1;x2;x2 x3",FALSE,3,"x1;x2;x2 x3",FALSE,3,3,0,0,TRUE,0.000282678274236456,NA,NA,NA,0.000308373619791507,0.000385914006340128,0.79907340683489,0.0850412621326901,-0.312421188638692,0.0850413099826842,8.46204100354309e-09,1.09113685644375e-06,8.99967177758754e-06,22.5730748176575
"dadras",1,1,49,5.5,316228,4,13,"smoothed",26,4,13,"weak/smoothed/m=2w/p=4",24322,"x1;x2;x2 x3",FALSE,3,"x1;x2;x2 x3",FALSE,3,3,0,0,TRUE,7.56302848712309e-05,NA,NA,NA,0.000177261945071773,0.000151086321632057,1.17324945869992,0.0225386074831326,0.116013096082792,0.0225386684515199,1.06778764310183e-08,1.93132549679721e-05,0.000118146566709498,8.55567049980164
"dadras",1,1,49,5.5,316228,4,13,"smoothed",26,8,13,"weak/smoothed/m=2w/p=8",24322,"x1;x2;x2 x3",FALSE,3,"x1;x2;x2 x3",FALSE,3,3,0,0,TRUE,9.42186934682621e-05,NA,NA,NA,0.000191485782680681,0.000216954090936492,0.882609688778504,0.0324145164288457,-0.256725449368726,0.032414544830721,8.42652226102167e-09,5.65122312209001e-07,4.76968677531886e-06,13.1448538303375
"dadras",1,2,49,5.5,316228,4,13,"smoothed",NA,NA,NA,"sg",316228,"x1;x2;x2 x3",TRUE,3,"x1;x2;x2 x3",TRUE,3,3,0,0,FALSE,0.0074677738357448,0.00346211182007132,0.0022580122143833,0.0046316643016642,0.00341131414781309,0.000720155500297121,4.7369132727663,0.385241900494502,0.780373030506272,0.385241901151598,5.48917833681291e-07,0.327435860183124,24.6260612188266,90.3261466026306
"dadras",1,2,49,5.5,316228,4,13,"raw",13,4,6,"weak/raw/m=1w/p=4",52701,"x1;x2;x2 x3",FALSE,3,"x1;x2;x2 x3",FALSE,3,3,0,0,TRUE,0.00011025431508331,NA,NA,NA,6.63639320188681e-05,0.000253240559273436,0.262058859012438,0.0552225327942733,0.0684013161260726,0.0552225335514222,3.00095317593158e-08,0.000420379937600974,0.00339826470730742,14.8652307987213
"dadras",1,2,49,5.5,316228,4,13,"raw",13,8,6,"weak/raw/m=1w/p=8",52701,"x1;x2;x2 x3",FALSE,3,"x1;x2;x2 x3",FALSE,3,3,0,0,TRUE,0.000105564688384741,NA,NA,NA,5.02073107047371e-05,0.00038325576951465,0.13100210015969,0.0836208684343939,-0.301666740368895,0.0836208741612322,6.01632831182013e-09,1.10026673273015e-06,8.58586922447557e-06,14.0268423557281
"dadras",1,2,49,5.5,316228,4,13,"raw",26,4,13,"weak/raw/m=2w/p=4",24322,"x1;x2;x2 x3",FALSE,3,"x1;x2;x2 x3",FALSE,3,3,0,0,TRUE,4.19690248560922e-05,NA,NA,NA,9.71932375693515e-05,0.000152003475894698,0.639414572576505,0.0224457803847734,0.121253644567499,0.0224457949747667,6.86467545137247e-09,1.90407756101079e-05,0.000100615959654604,8.76843476295471
"dadras",1,2,49,5.5,316228,4,13,"raw",26,8,13,"weak/raw/m=2w/p=8",24322,"x1;x2;x2 x3",FALSE,3,"x1;x2;x2 x3",FALSE,3,3,0,0,TRUE,6.53375134114231e-05,NA,NA,NA,7.41428818564071e-05,0.000217743670764853,0.340505336370837,0.0322073207086515,-0.251518272521201,0.0322073293189949,5.97013140161381e-09,5.68771759905331e-07,4.55282929578971e-06,8.41015362739563
"dadras",1,2,49,5.5,316228,4,13,"smoothed",13,4,6,"weak/smoothed/m=1w/p=4",52701,"x1;x2;x2 x3",FALSE,3,"x1;x2;x2 x3",FALSE,3,3,0,0,TRUE,1.93657363195749e-05,NA,NA,NA,7.69462220505122e-05,0.000253371285202389,0.303689591300959,0.0552510278023135,0.0673545649003471,0.0552510325639553,3.00095317593158e-08,0.000420379937600974,0.00339826470730742,14.9991791248322
"dadras",1,2,49,5.5,316228,4,13,"smoothed",13,8,6,"weak/smoothed/m=1w/p=8",52701,"x1;x2;x2 x3",FALSE,3,"x1;x2;x2 x3",FALSE,3,3,0,0,TRUE,9.50062900771561e-05,NA,NA,NA,9.18242239016699e-05,0.00038140792582898,0.240750696782434,0.0832176698822534,-0.299113037670887,0.0832176803492253,6.01632831182013e-09,1.10026673273015e-06,8.58586922447557e-06,14.3767302036285
"dadras",1,2,49,5.5,316228,4,13,"smoothed",26,4,13,"weak/smoothed/m=2w/p=4",24322,"x1;x2;x2 x3",FALSE,3,"x1;x2;x2 x3",FALSE,3,3,0,0,TRUE,4.16591894774054e-05,NA,NA,NA,8.1345097479914e-05,0.00015203062985984,0.535057294407763,0.0224497875536706,0.121377008415707,0.0224498001221091,6.86467545137247e-09,1.90407756101079e-05,0.000100615959654604,7.74504137039185
"dadras",1,2,49,5.5,316228,4,13,"smoothed",26,8,13,"weak/smoothed/m=2w/p=8",24322,"x1;x2;x2 x3",FALSE,3,"x1;x2;x2 x3",FALSE,3,3,0,0,TRUE,5.83658263291209e-05,NA,NA,NA,6.63384682300249e-05,0.0002176890454956,0.304739579701844,0.0321992363149995,-0.251554090945303,0.0321992451625654,5.97013140161381e-09,5.68771759905331e-07,4.55282929578971e-06,8.45224976539612
"dadras",1,3,49,5.5,316228,4,13,"smoothed",NA,NA,NA,"sg",316228,"x1;x2;x2 x3",TRUE,3,"x1;x2;x2 x3",TRUE,3,3,0,0,FALSE,0.0081799772238083,0.00385561172984164,0.0025129664929773,0.00517191304971162,0.00383923133525332,0.000789182821547002,4.86481868387281,0.42178182738809,0.77370982059766,0.421781828410505,-1.48396176769238e-06,0.371716084485712,50.0529178163183,101.141322135925
"dadras",1,3,49,5.5,316228,4,13,"raw",13,4,6,"weak/raw/m=1w/p=4",52701,"x1;x2;x2 x3",FALSE,3,"x1;x2;x2 x3",FALSE,3,3,0,0,TRUE,4.82927782607945e-05,NA,NA,NA,-8.97752690503329e-06,0.000253905657436739,-0.0353577269434023,0.0553137280671288,0.0675355419544752,0.0553137281340435,-1.12587592079249e-08,0.000418793765968487,0.0039182003720768,15.5721137523651
"dadras",1,3,49,5.5,316228,4,13,"raw",13,8,6,"weak/raw/m=1w/p=8",52701,"x1;x2;x2 x3",FALSE,3,"x1;x2;x2 x3",FALSE,3,3,0,0,TRUE,4.09344903588386e-05,NA,NA,NA,-9.23424406595721e-07,0.000384430331164926,-0.00240205918143217,0.0837982958042077,-0.305756109272873,0.0837982962959904,8.04201438002835e-09,1.09701727173678e-06,9.05522352923072e-06,15.8628334999084
"dadras",1,3,49,5.5,316228,4,13,"raw",26,4,13,"weak/raw/m=2w/p=4",24322,"x1;x2;x2 x3",FALSE,3,"x1;x2;x2 x3",FALSE,3,3,0,0,TRUE,2.50023902492735e-05,NA,NA,NA,-5.03086981264e-05,0.000151708384508378,-0.331614487158565,0.0223768184676318,0.112624144968734,0.0223768284968271,7.43905453118291e-09,1.89846966741132e-05,0.00010237985689443,8.68417835235596
"dadras",1,3,49,5.5,316228,4,13,"raw",26,8,13,"weak/raw/m=2w/p=8",24322,"x1;x2;x2 x3",FALSE,3,"x1;x2;x2 x3",FALSE,3,3,0,0,TRUE,1.27024164442846e-05,NA,NA,NA,-3.51486012534922e-05,0.000218214504132032,-0.161073625207907,0.0322433819388731,-0.261088367227382,0.0322433828308527,8.06234193732566e-09,5.66504983455571e-07,4.58268879555135e-06,8.24031138420105
"dadras",1,3,49,5.5,316228,4,13,"smoothed",13,4,6,"weak/smoothed/m=1w/p=4",52701,"x1;x2;x2 x3",FALSE,3,"x1;x2;x2 x3",FALSE,3,3,0,0,TRUE,8.65209977926092e-05,NA,NA,NA,3.00769643661496e-06,0.000254391279701277,0.0118231113902442,0.0554195090093846,0.0654628637552709,0.0554195104467096,-1.12587592079249e-08,0.000418793765968487,0.0039182003720768,15.8174650669098
"dadras",1,3,49,5.5,316228,4,13,"smoothed",13,8,6,"weak/smoothed/m=1w/p=8",52701,"x1;x2;x2 x3",FALSE,3,"x1;x2;x2 x3",FALSE,3,3,0,0,TRUE,0.000203243815451962,NA,NA,NA,4.27745809027491e-05,0.00038291158134793,0.111708767732158,0.083467207119006,-0.30227935583503,0.0834672083920159,8.04201438002835e-09,1.09701727173678e-06,9.05522352923072e-06,15.5430643558502
"dadras",1,3,49,5.5,316228,4,13,"smoothed",26,4,13,"weak/smoothed/m=2w/p=4",24322,"x1;x2;x2 x3",FALSE,3,"x1;x2;x2 x3",FALSE,3,3,0,0,TRUE,3.03150034566269e-05,NA,NA,NA,-6.92995687597093e-05,0.000151679546716671,-0.456881433652734,0.0223725617194802,0.112312303436594,0.0223725728143074,7.43905453118291e-09,1.89846966741132e-05,0.00010237985689443,8.052978515625
"dadras",1,3,49,5.5,316228,4,13,"smoothed",26,8,13,"weak/smoothed/m=2w/p=8",24322,"x1;x2;x2 x3",FALSE,3,"x1;x2;x2 x3",FALSE,3,3,0,0,TRUE,3.73761388229433e-05,NA,NA,NA,-4.57493902170692e-05,0.000218336597379222,-0.209536059305754,0.0322614171929762,-0.261109248755178,0.0322614221141805,8.06234193732566e-09,5.66504983455571e-07,4.58268879555135e-06,8.49213004112244
"dadras",1,4,49,5.5,316228,4,13,"smoothed",NA,NA,NA,"sg",316228,"x1;x2;x2 x3",TRUE,3,"x1;x2;x2 x3",TRUE,3,3,0,0,FALSE,0.00701185305521829,0.00357160974324786,0.0025274632529533,0.00466273212393091,0.00358502224148181,0.000673459040077813,5.32329663444355,0.362026079243948,0.780299786790543,0.362026080164285,2.34212789174268e-07,0.297365267923444,20.963371375873,95.2216935157776
"dadras",1,4,49,5.5,316228,4,13,"raw",13,4,6,"weak/raw/m=1w/p=4",52701,"x1;x2;x2 x3",FALSE,3,"x1;x2;x2 x3",FALSE,3,3,0,0,TRUE,4.68746060745252e-05,NA,NA,NA,0.000120277886179072,0.000253282883889503,0.474875697607517,0.055504831445933,0.0679174831469844,0.0555048391518389,2.9374573915278e-08,0.000422323104349758,0.0032158458585414,14.9594974517822
"dadras",1,4,49,5.5,316228,4,13,"raw",13,8,6,"weak/raw/m=1w/p=8",52701,"x1;x2;x2 x3",FALSE,3,"x1;x2;x2 x3",FALSE,3,3,0,0,TRUE,3.58158712813195e-05,NA,NA,NA,9.96968291140404e-05,0.000382570780409428,0.260597082211413,0.0838827077466851,-0.30256207075467,0.0838827102731205,4.23064015999953e-09,1.0983282920374e-06,8.93920160649486e-06,22.2196893692017
"dadras",1,4,49,5.5,316228,4,13,"raw",26,4,13,"weak/raw/m=2w/p=4",24322,"x1;x2;x2 x3",FALSE,3,"x1;x2;x2 x3",FALSE,3,3,0,0,TRUE,4.61775176943124e-05,NA,NA,NA,9.0366717355247e-05,0.00015148861312322,0.596524817886762,0.022482569166752,0.11564100740907,0.0224825909745875,5.44077194507892e-09,1.91175683497647e-05,9.44275690564211e-05,11.3860654830933
"dadras",1,4,49,5.5,316228,4,13,"raw",26,8,13,"weak/raw/m=2w/p=8",24322,"x1;x2;x2 x3",FALSE,3,"x1;x2;x2 x3",FALSE,3,3,0,0,TRUE,5.68313122532027e-05,NA,NA,NA,8.62438546541231e-05,0.000217229570114683,0.39701710318992,0.0322916235585109,-0.260648806210908,0.0322916383316806,4.19645547644637e-09,5.61178800538944e-07,4.21461776767273e-06,8.82197332382202
"dadras",1,4,49,5.5,316228,4,13,"smoothed",13,4,6,"weak/smoothed/m=1w/p=4",52701,"x1;x2;x2 x3",FALSE,3,"x1;x2;x2 x3",FALSE,3,3,0,0,TRUE,5.45700047909214e-05,NA,NA,NA,0.000128444543208488,0.000253496609680711,0.506691365104523,0.0555516568782035,0.067588883946478,0.0555516705455968,2.9374573915278e-08,0.000422323104349758,0.0032158458585414,14.914391040802
"dadras",1,4,49,5.5,316228,4,13,"smoothed",13,8,6,"weak/smoothed/m=1w/p=8",52701,"x1;x2;x2 x3",FALSE,3,"x1;x2;x2 x3",FALSE,3,3,0,0,TRUE,0.000162510121120452,NA,NA,NA,0.000151660508962617,0.000380596283003782,0.398481319275286,0.0834497554228195,-0.297225510137227,0.083449765342418,4.23064015999953e-09,1.0983282920374e-06,8.93920160649486e-06,15.6750295162201
"dadras",1,4,49,5.5,316228,4,13,"smoothed",26,4,13,"weak/smoothed/m=2w/p=4",24322,"x1;x2;x2 x3",FALSE,3,"x1;x2;x2 x3",FALSE,3,3,0,0,TRUE,4.85735395561182e-05,NA,NA,NA,7.71104924618432e-05,0.000151502372642269,0.508972177247139,0.0224846085781588,0.115477464603363,0.0224846195068504,5.44077194507892e-09,1.91175683497647e-05,9.44275690564211e-05,13.3996665477753
"dadras",1,4,49,5.5,316228,4,13,"smoothed",26,8,13,"weak/smoothed/m=2w/p=8",24322,"x1;x2;x2 x3",FALSE,3,"x1;x2;x2 x3",FALSE,3,3,0,0,TRUE,4.92528481913501e-05,NA,NA,NA,8.24492196912144e-05,0.000217310360716399,0.379407679502289,0.0323036293718794,-0.260807996469456,0.0323036369143408,4.19645547644637e-09,5.61178800538944e-07,4.21461776767273e-06,8.70757126808167
"dadras",1,5,49,5.5,316228,4,13,"smoothed",NA,NA,NA,"sg",316228,"x1;x2;x2 x3",TRUE,3,"x1;x2;x2 x3",TRUE,3,3,0,0,FALSE,0.00979868045022789,0.005920927889299,0.00438524538997776,0.00733836051635715,0.00589396143501581,0.000888061120351492,6.63688714655474,0.478900903351502,0.768763258493226,0.478900903377518,1.0005025216042e-06,0.442205913051184,77.6939272592823,101.675498962402
"dadras",1,5,49,5.5,316228,4,13,"raw",13,4,6,"weak/raw/m=1w/p=4",52701,"x1;x2;x2 x3",FALSE,3,"x1;x2;x2 x3",FALSE,3,3,0,0,TRUE,0.000158800147525451,NA,NA,NA,0.000108827532201977,0.000249751864614854,0.435742621460709,0.0548963257283428,0.0676004609409721,0.0548963297778931,1.88401933311932e-08,0.000415813294968419,0.00403033873565306,15.4187092781067
"dadras",1,5,49,5.5,316228,4,13,"raw",13,8,6,"weak/raw/m=1w/p=8",52701,"x1;x2;x2 x3",FALSE,3,"x1;x2;x2 x3",FALSE,3,3,0,0,TRUE,0.000111405569537038,NA,NA,NA,9.16236526357556e-05,0.000379066653870687,0.241708553628175,0.0833700895237077,-0.306909691643951,0.0833700959319615,1.13975689969598e-08,1.07345125523783e-06,9.12573827349661e-06,22.3518013954163
"dadras",1,5,49,5.5,316228,4,13,"raw",26,4,13,"weak/raw/m=2w/p=4",24322,"x1;x2;x2 x3",FALSE,3,"x1;x2;x2 x3",FALSE,3,3,0,0,TRUE,8.35744516263226e-05,NA,NA,NA,8.94320727497717e-05,0.000149827109575353,0.596901809046738,0.0222981151705582,0.111044690317317,0.022298130471954,1.13602681476296e-08,1.88752610355292e-05,0.00011300994268737,13.8314714431763
"dadras",1,5,49,5.5,316228,4,13,"raw",26,8,13,"weak/raw/m=2w/p=8",24322,"x1;x2;x2 x3",FALSE,3,"x1;x2;x2 x3",FALSE,3,3,0,0,TRUE,8.64501217043845e-05,NA,NA,NA,9.19150239971113e-05,0.000214787818464808,0.427934063738214,0.0320205693618938,-0.258436153285236,0.03202058343691,1.13939744436397e-08,5.6621253279242e-07,4.52777989323749e-06,12.5203173160553
"dadras",1,5,49,5.5,316228,4,13,"smoothed",13,4,6,"weak/smoothed/m=1w/p=4",52701,"x1;x2;x2 x3",FALSE,3,"x1;x2;x2 x3",FALSE,3,3,0,0,TRUE,0.000197106815551074,NA,NA,NA,0.000137777557875489,0.000250550446665824,0.549899470182352,0.0550718457751246,0.063691921783544,0.0550718564860122,1.88401933311932e-08,0.000415813294968419,0.00403033873565306,16.4400818347931
"dadras",1,5,49,5.5,316228,4,13,"smoothed",13,8,6,"weak/smoothed/m=1w/p=8",52701,"x1;x2;x2 x3",FALSE,3,"x1;x2;x2 x3",FALSE,3,3,0,0,TRUE,0.000274968561701567,NA,NA,NA,0.000210531631189049,0.000380690555351226,0.553025622069379,0.0837272127864104,-0.313042797590107,0.0837272345633164,1.13975689969598e-08,1.07345125523783e-06,9.12573827349661e-06,22.8532569408417
"dadras",1,5,49,5.5,316228,4,13,"smoothed",26,4,13,"weak/smoothed/m=2w/p=4",24322,"x1;x2;x2 x3",FALSE,3,"x1;x2;x2 x3",FALSE,3,3,0,0,TRUE,8.28250496121008e-05,NA,NA,NA,7.47115085688662e-05,0.000149830103742369,0.498641505964193,0.0222985576975979,0.110694581416207,0.0222985731437731,1.13602681476296e-08,1.88752610355292e-05,0.00011300994268737,13.0281007289886
"dadras",1,5,49,5.5,316228,4,13,"smoothed",26,8,13,"weak/smoothed/m=2w/p=8",24322,"x1;x2;x2 x3",FALSE,3,"x1;x2;x2 x3",FALSE,3,3,0,0,TRUE,7.68148989938044e-05,NA,NA,NA,7.93380242285525e-05,0.000214917283433003,0.369156090944565,0.0320398651818636,-0.259054601705355,0.0320398730929371,1.13939744436397e-08,5.6621253279242e-07,4.52777989323749e-06,13.4869618415833
"dadras",1,6,49,5.5,316228,4,13,"smoothed",NA,NA,NA,"sg",316228,"x1;x2;x2 x3",TRUE,3,"x1;x2;x2 x3",TRUE,3,3,0,0,FALSE,0.00820825642165149,0.00385646647818919,0.00255176353374221,0.00511216792005016,0.00383175228480768,0.000766200806776752,5.00097657287398,0.409652232357944,0.776971293037203,0.409652233596019,2.28860372692484e-06,0.359122054981768,31.7990259036313,103.330004453659
"dadras",1,6,49,5.5,316228,4,13,"raw",13,4,6,"weak/raw/m=1w/p=4",52701,"x1;x2;x2 x3",FALSE,3,"x1;x2;x2 x3",FALSE,3,3,0,0,TRUE,6.07263415859371e-05,NA,NA,NA,-0.000184709267548296,0.000251348405808351,-0.734873439735017,0.0547792298780022,0.0721927132632162,0.0547792559740615,2.13465053024399e-08,0.000416932980080271,0.0034515271249802,15.4987981319427
"dadras",1,6,49,5.5,316228,4,13,"raw",13,8,6,"weak/raw/m=1w/p=8",52701,"x1;x2;x2 x3",FALSE,3,"x1;x2;x2 x3",FALSE,3,3,0,0,TRUE,2.24336990481966e-05,NA,NA,NA,-0.000204098510538196,0.000379740430721889,-0.537468475901298,0.0828087984563684,-0.301727365211731,0.0828088182719803,3.59250828753946e-09,1.10296041487032e-06,9.11445886231377e-06,15.4007458686829
"dadras",1,6,49,5.5,316228,4,13,"raw",26,4,13,"weak/raw/m=2w/p=4",24322,"x1;x2;x2 x3",FALSE,3,"x1;x2;x2 x3",FALSE,3,3,0,0,TRUE,1.68627321499581e-05,NA,NA,NA,-0.000214798232380073,0.000151134167809383,-1.42124203608932,0.0223040486405331,0.109796956702925,0.0223041315097678,5.58447771097958e-09,1.88553145508249e-05,9.29589736839986e-05,8.47687029838562
"dadras",1,6,49,5.5,316228,4,13,"raw",26,8,13,"weak/raw/m=2w/p=8",24322,"x1;x2;x2 x3",FALSE,3,"x1;x2;x2 x3",FALSE,3,3,0,0,TRUE,6.92972815969423e-06,NA,NA,NA,-0.00021122965950992,0.000216094041622834,-0.977489513008393,0.0319449585270942,-0.259428743944381,0.0319450099152631,3.59041465865222e-09,5.69874120227706e-07,5.19859933945099e-06,8.5572395324707
"dadras",1,6,49,5.5,316228,4,13,"smoothed",13,4,6,"weak/smoothed/m=1w/p=4",52701,"x1;x2;x2 x3",FALSE,3,"x1;x2;x2 x3",FALSE,3,3,0,0,TRUE,0.000108304075802979,NA,NA,NA,-0.000173993695134511,0.000251873879357191,-0.690796900331871,0.054893741185009,0.0696631606879099,0.0548937675864746,2.13465053024399e-08,0.000416932980080271,0.0034515271249802,15.5714883804321
"dadras",1,6,49,5.5,316228,4,13,"smoothed",13,8,6,"weak/smoothed/m=1w/p=8",52701,"x1;x2;x2 x3",FALSE,3,"x1;x2;x2 x3",FALSE,3,3,0,0,TRUE,0.000203146486525974,NA,NA,NA,-0.000132410906498279,0.000379505576327968,-0.348903717777917,0.0827575583767446,-0.300842359110668,0.0827575622069915,3.59250828753946e-09,1.10296041487032e-06,9.11445886231377e-06,15.4755136966705
"dadras",1,6,49,5.5,316228,4,13,"smoothed",26,4,13,"weak/smoothed/m=2w/p=4",24322,"x1;x2;x2 x3",FALSE,3,"x1;x2;x2 x3",FALSE,3,3,0,0,TRUE,1.61875525370725e-05,NA,NA,NA,-0.000228085228950679,0.000151160520321969,-1.50889417729484,0.0223079353284213,0.109604398847121,0.0223080502846512,5.58447771097958e-09,1.88553145508249e-05,9.29589736839986e-05,8.07165503501892
"dadras",1,6,49,5.5,316228,4,13,"smoothed",26,8,13,"weak/smoothed/m=2w/p=8",24322,"x1;x2;x2 x3",FALSE,3,"x1;x2;x2 x3",FALSE,3,3,0,0,TRUE,3.07951488499233e-05,NA,NA,NA,-0.000217063003487937,0.000216107732300089,-1.00442034710041,0.0319469786578715,-0.25984389596791,0.0319470442967617,3.59041465865222e-09,5.69874120227706e-07,5.19859933945099e-06,8.17846918106079
"dadras",1,7,49,5.5,316228,4,13,"smoothed",NA,NA,NA,"sg",316228,"x1;x2;x2 x3",TRUE,3,"x1;x2;x2 x3",TRUE,3,3,0,0,FALSE,0.00789506790563312,0.0039180493098077,0.00271642570753012,0.00512129305014669,0.00394425273083513,0.000733459231767267,5.37760322592364,0.393562421699708,0.782770978565619,0.393562421986899,1.71619167019276e-06,0.338164494723652,26.7992252544502,102.640614032745
"dadras",1,7,49,5.5,316228,4,13,"raw",13,4,6,"weak/raw/m=1w/p=4",52701,"x1;x2;x2 x3",FALSE,3,"x1;x2;x2 x3",FALSE,3,3,0,0,TRUE,2.36434242156597e-05,NA,NA,NA,0.000306802891443719,0.000253490843541423,1.21031153298278,0.0554494831606356,0.0731610164914798,0.0554495703611854,8.72128944516261e-08,0.000424742255409829,0.00318985071278632,15.1997754573822
"dadras",1,7,49,5.5,316228,4,13,"raw",13,8,6,"weak/raw/m=1w/p=8",52701,"x1;x2;x2 x3",FALSE,3,"x1;x2;x2 x3",FALSE,3,3,0,0,TRUE,3.273773939938e-05,NA,NA,NA,0.000295638634839505,0.000383831005485268,0.770231249207543,0.0840062622265749,-0.303555440576705,0.0840062994188206,7.32971540927633e-09,1.10961657453655e-06,8.96827818053225e-06,15.0898134708405
"dadras",1,7,49,5.5,316228,4,13,"raw",26,4,13,"weak/raw/m=2w/p=4",24322,"x1;x2;x2 x3",FALSE,3,"x1;x2;x2 x3",FALSE,3,3,0,0,TRUE,5.16037671065561e-05,NA,NA,NA,0.000288418118611403,0.000153248098970451,1.8820339080814,0.0227030322280851,0.112973748769177,0.022703191175933,1.27578808323976e-08,1.92530056921381e-05,9.48752757885529e-05,9.24781799316406
"dadras",1,7,49,5.5,316228,4,13,"raw",26,8,13,"weak/raw/m=2w/p=8",24322,"x1;x2;x2 x3",FALSE,3,"x1;x2;x2 x3",FALSE,3,3,0,0,TRUE,4.56596440506774e-05,NA,NA,NA,0.00029098755423769,0.000219359641007312,1.32653186749148,0.0325494377639474,-0.257181497383472,0.032549540607034,7.30148752991425e-09,5.73985298843247e-07,4.9713696910203e-06,13.7293739318848
"dadras",1,7,49,5.5,316228,4,13,"smoothed",13,4,6,"weak/smoothed/m=1w/p=4",52701,"x1;x2;x2 x3",FALSE,3,"x1;x2;x2 x3",FALSE,3,3,0,0,TRUE,8.43099305692559e-05,NA,NA,NA,0.000321538010579921,0.000253959681880762,1.26609865077279,0.0555520275066317,0.072163187460104,0.0555521017900736,8.72128944516261e-08,0.000424742255409829,0.00318985071278632,15.0935971736908
"dadras",1,7,49,5.5,316228,4,13,"smoothed",13,8,6,"weak/smoothed/m=1w/p=8",52701,"x1;x2;x2 x3",FALSE,3,"x1;x2;x2 x3",FALSE,3,3,0,0,TRUE,0.000213244657188009,NA,NA,NA,0.000352282604390542,0.000382442200023478,0.921139467268299,0.0837022782421862,-0.299710887914031,0.0837023315553485,7.32971540927633e-09,1.10961657453655e-06,8.96827818053225e-06,16.7028293609619
"dadras",1,7,49,5.5,316228,4,13,"smoothed",26,4,13,"weak/smoothed/m=2w/p=4",24322,"x1;x2;x2 x3",FALSE,3,"x1;x2;x2 x3",FALSE,3,3,0,0,TRUE,5.11167349843689e-05,NA,NA,NA,0.000273827202159537,0.000153272845878759,1.7865343374399,0.0227066959477366,0.11263644483235,0.0227068355414487,1.27578808323976e-08,1.92530056921381e-05,9.48752757885529e-05,8.00642800331116
"dadras",1,7,49,5.5,316228,4,13,"smoothed",26,8,13,"weak/smoothed/m=2w/p=8",24322,"x1;x2;x2 x3",FALSE,3,"x1;x2;x2 x3",FALSE,3,3,0,0,TRUE,3.77324217163041e-05,NA,NA,NA,0.000283136159180468,0.000219623451553577,1.28918909696397,0.0325885783564977,-0.257706675251732,0.0325886912714555,7.30148752991425e-09,5.73985298843247e-07,4.9713696910203e-06,13.4993662834167
"dadras",1,8,49,5.5,316228,4,13,"smoothed",NA,NA,NA,"sg",316228,"x1;x2;x2 x3",TRUE,3,"x1;x2;x2 x3",TRUE,3,3,0,0,FALSE,0.00745798121657722,0.00407580028984145,0.00294972352893265,0.00520061232106109,0.00406865372290591,0.000689811004933938,5.89821515430238,0.371572362654239,0.782170443567189,0.371572363629606,-3.92438710645053e-07,0.312375670153271,23.4557432920123,91.2090878486633
"dadras",1,8,49,5.5,316228,4,13,"raw",13,4,6,"weak/raw/m=1w/p=4",52701,"x1;x2;x2 x3",FALSE,3,"x1;x2;x2 x3",FALSE,3,3,0,0,TRUE,0.000149370500085899,NA,NA,NA,7.03613873956547e-05,0.000251972072506887,0.27924280137725,0.0553283162489826,0.0678703089566303,0.0553283197661131,-2.45019171828109e-08,0.000415752268107157,0.00335864988095835,14.4253425598145
"dadras",1,8,49,5.5,316228,4,13,"raw",13,8,6,"weak/raw/m=1w/p=8",52701,"x1;x2;x2 x3",FALSE,3,"x1;x2;x2 x3",FALSE,3,3,0,0,TRUE,0.000111021812817746,NA,NA,NA,9.39580508326967e-05,0.000381463889634166,0.246309161590118,0.083809091160689,-0.302987342442206,0.0838090984487749,8.70696508250835e-09,1.08474915238776e-06,8.78264388859407e-06,21.852043390274
"dadras",1,8,49,5.5,316228,4,13,"raw",26,4,13,"weak/raw/m=2w/p=4",24322,"x1;x2;x2 x3",FALSE,3,"x1;x2;x2 x3",FALSE,3,3,0,0,TRUE,0.000105442512265963,NA,NA,NA,8.06182802855977e-05,0.000150663328508092,0.535088936929121,0.0224036990829899,0.106423255494019,0.0224037078383403,6.41286903732821e-09,1.8836429302135e-05,9.97663542658955e-05,14.3693110942841
"dadras",1,8,49,5.5,316228,4,13,"raw",26,8,13,"weak/raw/m=2w/p=8",24322,"x1;x2;x2 x3",FALSE,3,"x1;x2;x2 x3",FALSE,3,3,0,0,TRUE,0.000103435233093307,NA,NA,NA,7.50349474020874e-05,0.000215970682566245,0.347431172187326,0.0321678123529894,-0.261110153672848,0.0321678181108056,8.71457549820196e-09,5.66924694246402e-07,4.97029206769639e-06,8.15022206306458
"dadras",1,8,49,5.5,316228,4,13,"smoothed",13,4,6,"weak/smoothed/m=1w/p=4",52701,"x1;x2;x2 x3",FALSE,3,"x1;x2;x2 x3",FALSE,3,3,0,0,TRUE,0.000191374086627061,NA,NA,NA,0.000101784005393537,0.000252162226921517,0.403644933803731,0.0553700596564328,0.0669525100761537,0.0553700691651601,-2.45019171828109e-08,0.000415752268107157,0.00335864988095835,18.2266256809235
"dadras",1,8,49,5.5,316228,4,13,"smoothed",13,8,6,"weak/smoothed/m=1w/p=8",52701,"x1;x2;x2 x3",FALSE,3,"x1;x2;x2 x3",FALSE,3,3,0,0,TRUE,0.000201501847502339,NA,NA,NA,0.000148161946810943,0.000379572756802383,0.390338727307769,0.0833935780948314,-0.299436541124143,0.0833935980376476,8.70696508250835e-09,1.08474915238776e-06,8.78264388859407e-06,15.4241895675659
"dadras",1,8,49,5.5,316228,4,13,"smoothed",26,4,13,"weak/smoothed/m=2w/p=4",24322,"x1;x2;x2 x3",FALSE,3,"x1;x2;x2 x3",FALSE,3,3,0,0,TRUE,0.000100095998888383,NA,NA,NA,6.75952170247105e-05,0.000150647585724404,0.448697645565789,0.0224013553022745,0.106730268943726,0.0224013693325039,6.41286903732821e-09,1.8836429302135e-05,9.97663542658955e-05,12.5657200813293
"dadras",1,8,49,5.5,316228,4,13,"smoothed",26,8,13,"weak/smoothed/m=2w/p=8",24322,"x1;x2;x2 x3",FALSE,3,"x1;x2;x2 x3",FALSE,3,3,0,0,TRUE,0.000108611656820079,NA,NA,NA,7.02422422080637e-05,0.000215956653348227,0.325260838779526,0.0321657188425969,-0.260656106741926,0.0321657230471598,8.71457549820196e-09,5.66924694246402e-07,4.97029206769639e-06,8.28706526756287
"dadras",1,9,49,5.5,316228,4,13,"smoothed",NA,NA,NA,"sg",316228,"x1;x2;x2 x3",TRUE,3,"x1;x2;x2 x3",TRUE,3,3,0,0,FALSE,0.00878483751356068,0.00483736007016367,0.00352871016770743,0.00615936847918332,0.00485183442905604,0.000787219290149558,6.16325652809432,0.42449707785143,0.782812497672032,0.424497078850335,-4.010445322207e-07,0.377158887746298,35.1522161772298,126.149327039719
"dadras",1,9,49,5.5,316228,4,13,"raw",13,4,6,"weak/raw/m=1w/p=4",52701,"x1;x2;x2 x3",FALSE,3,"x1;x2;x2 x3",FALSE,3,3,0,0,TRUE,5.58862015545661e-05,NA,NA,NA,0.000168297924899356,0.000253527910420152,0.663824052430555,0.0557300203194445,0.0680992897898184,0.055730044649759,1.38123847571481e-08,0.000421687703515256,0.00332750565215179,23.1288800239563
"dadras",1,9,49,5.5,316228,4,13,"raw",13,8,6,"weak/raw/m=1w/p=8",52701,"x1;x2;x2 x3",FALSE,3,"x1;x2;x2 x3",FALSE,3,3,0,0,TRUE,2.55707056774891e-05,NA,NA,NA,0.000184394613987606,0.000383460579347611,0.480869804925764,0.0843381336723468,-0.30304447174089,0.0843381484882413,8.1721713114688e-09,1.09251397565569e-06,8.79839538470151e-06,21.9792530536652
"dadras",1,9,49,5.5,316228,4,13,"raw",26,4,13,"weak/raw/m=2w/p=4",24322,"x1;x2;x2 x3",FALSE,3,"x1;x2;x2 x3",FALSE,3,3,0,0,TRUE,2.04743205964617e-05,NA,NA,NA,0.000167389259732972,0.000151002983318329,1.10851624288839,0.022479595200988,0.0978267717056711,0.02247964441713,8.62350113434608e-09,1.91073340310369e-05,9.45976802455561e-05,13.3894529342651
"dadras",1,9,49,5.5,316228,4,13,"raw",26,8,13,"weak/raw/m=2w/p=8",24322,"x1;x2;x2 x3",FALSE,3,"x1;x2;x2 x3",FALSE,3,3,0,0,TRUE,1.7601582140785e-05,NA,NA,NA,0.000167501778512512,0.000216827767790115,0.772510736146352,0.0323307677172166,-0.268581709994838,0.0323308018171496,8.17704294443521e-09,5.74505392514872e-07,4.76354203726714e-06,13.0219149589539
"dadras",1,9,49,5.5,316228,4,13,"smoothed",13,4,6,"weak/smoothed/m=1w/p=4",52701,"x1;x2;x2 x3",FALSE,3,"x1;x2;x2 x3",FALSE,3,3,0,0,TRUE,9.62200103553634e-05,NA,NA,NA,0.000196862454803379,0.000254092030571977,0.774768316661604,0.0558540126328013,0.0653086258848368,0.0558540390210147,1.38123847571481e-08,0.000421687703515256,0.00332750565215179,21.9411940574646
"dadras",1,9,49,5.5,316228,4,13,"smoothed",13,8,6,"weak/smoothed/m=1w/p=8",52701,"x1;x2;x2 x3",FALSE,3,"x1;x2;x2 x3",FALSE,3,3,0,0,TRUE,0.000196742832423353,NA,NA,NA,0.000263670625221137,0.000383433850596045,0.687656097163209,0.0843322288093184,-0.303320490417375,0.0843322573911621,8.1721713114688e-09,1.09251397565569e-06,8.79839538470151e-06,21.6293611526489
"dadras",1,9,49,5.5,316228,4,13,"smoothed",26,4,13,"weak/smoothed/m=2w/p=4",24322,"x1;x2;x2 x3",FALSE,3,"x1;x2;x2 x3",FALSE,3,3,0,0,TRUE,1.35292196047066e-05,NA,NA,NA,0.000150632838992587,0.000151017018362808,0.997456052474177,0.0224816814821411,0.0977800883439086,0.0224817220832913,8.62350113434608e-09,1.91073340310369e-05,9.45976802455561e-05,13.2916798591614
"dadras",1,9,49,5.5,316228,4,13,"smoothed",26,8,13,"weak/smoothed/m=2w/p=8",24322,"x1;x2;x2 x3",FALSE,3,"x1;x2;x2 x3",FALSE,3,3,0,0,TRUE,1.72167863225307e-05,NA,NA,NA,0.000156110851316166,0.000216902042852769,0.719729741882293,0.0323418378131358,-0.268497714616167,0.0323418597072637,8.17704294443521e-09,5.74505392514872e-07,4.76354203726714e-06,12.2733659744263
"dadras",1,10,49,5.5,316228,4,13,"smoothed",NA,NA,NA,"sg",316228,"x1;x2;x2 x3",TRUE,3,"x1;x2;x2 x3",TRUE,3,3,0,0,FALSE,0.00892338539869397,0.00437081102438369,0.00301999239292956,0.00565222571705212,0.00436830144678421,0.000809537944254018,5.39604286345041,0.43287283712737,0.782129516793685,0.43287283817978,-4.50453054163105e-07,0.386349491607148,32.3784276511177,90.4381468296051
"dadras",1,10,49,5.5,316228,4,13,"raw",13,4,6,"weak/raw/m=1w/p=4",52701,"x1;x2;x2 x3",FALSE,3,"x1;x2;x2 x3",FALSE,3,3,0,0,TRUE,8.07211699767381e-05,NA,NA,NA,-5.19412514536986e-06,0.000254348964020631,-0.0204212553621745,0.055436514733321,0.0691103473615316,0.0554365151855662,9.73614596816367e-09,0.000418433516989571,0.00333059305063443,14.5675072669983
"dadras",1,10,49,5.5,316228,4,13,"raw",13,8,6,"weak/raw/m=1w/p=8",52701,"x1;x2;x2 x3",FALSE,3,"x1;x2;x2 x3",FALSE,3,3,0,0,TRUE,4.76392329933351e-05,NA,NA,NA,1.14461131004383e-06,0.000384631259287795,0.00297586657975552,0.0838820005571253,-0.300861698074558,0.0838820018216364,6.1406642030558e-09,1.09244435222022e-06,8.71857609041626e-06,14.2942099571228
"dadras",1,10,49,5.5,316228,4,13,"raw",26,4,13,"weak/raw/m=2w/p=4",24322,"x1;x2;x2 x3",FALSE,3,"x1;x2;x2 x3",FALSE,3,3,0,0,TRUE,4.00503856189024e-05,NA,NA,NA,1.01375746696154e-05,0.000152448639441186,0.066498295470367,0.0224972611156586,0.115331002228902,0.0224972617206471,7.60872281341479e-09,1.89325637759336e-05,0.000108706316328977,8.411789894104
"dadras",1,10,49,5.5,316228,4,13,"raw",26,8,13,"weak/raw/m=2w/p=8",24322,"x1;x2;x2 x3",FALSE,3,"x1;x2;x2 x3",FALSE,3,3,0,0,TRUE,4.10736267474713e-05,NA,NA,NA,7.48739016740778e-06,0.00021870592473176,0.0342349672355286,0.0323312909359617,-0.256281351578517,0.0323312924365708,6.14705960546551e-09,5.74451420986405e-07,4.44372103913793e-06,7.64402770996094
"dadras",1,10,49,5.5,316228,4,13,"smoothed",13,4,6,"weak/smoothed/m=1w/p=4",52701,"x1;x2;x2 x3",FALSE,3,"x1;x2;x2 x3",FALSE,3,3,0,0,TRUE,4.29398646764056e-05,NA,NA,NA,1.60924681457593e-05,0.00025489502328689,0.0631337086862102,0.0555555181979162,0.0661641174147734,0.0555555192032951,9.73614596816367e-09,0.000418433516989571,0.00333059305063443,14.9479098320007
"dadras",1,10,49,5.5,316228,4,13,"smoothed",13,8,6,"weak/smoothed/m=1w/p=8",52701,"x1;x2;x2 x3",FALSE,3,"x1;x2;x2 x3",FALSE,3,3,0,0,TRUE,0.000177787493419745,NA,NA,NA,7.18068278690821e-05,0.000385135209346589,0.186445762751497,0.0839918734230332,-0.302278769258956,0.0839918785629392,6.1406642030558e-09,1.09244435222022e-06,8.71857609041626e-06,14.305650472641
"dadras",1,10,49,5.5,316228,4,13,"smoothed",26,4,13,"weak/smoothed/m=2w/p=4",24322,"x1;x2;x2 x3",FALSE,3,"x1;x2;x2 x3",FALSE,3,3,0,0,TRUE,3.29032562685905e-05,NA,NA,NA,-8.25911517663885e-06,0.00015242880605667,-0.0541834275968039,0.0224943311275422,0.115312317450848,0.0224943330896502,7.60872281341479e-09,1.89325637759336e-05,0.000108706316328977,7.12091445922852
"dadras",1,10,49,5.5,316228,4,13,"smoothed",26,8,13,"weak/smoothed/m=2w/p=8",24322,"x1;x2;x2 x3",FALSE,3,"x1;x2;x2 x3",FALSE,3,3,0,0,TRUE,1.8205441611352e-05,NA,NA,NA,-4.63562362381392e-06,0.000218772229812141,-0.0211892689844343,0.0323410877465767,-0.25631366239091,0.0323410892368014,6.14705960546551e-09,5.74451420986405e-07,4.44372103913793e-06,8.19060707092285
"dadras",1,11,49,5.5,316228,4,13,"smoothed",NA,NA,NA,"sg",316228,"x1;x2;x2 x3",TRUE,3,"x1;x2;x2 x3",TRUE,3,3,0,0,FALSE,0.00963750419363305,0.00500713456756199,0.00358068472422112,0.00642565012368076,0.00501260741475252,0.000868940409715191,5.76864346358973,0.467820472417458,0.773257129001893,0.467820472959687,-3.203811449938e-06,0.429113968926723,54.4998647529434,110.118067741394
"dadras",1,11,49,5.5,316228,4,13,"raw",13,4,6,"weak/raw/m=1w/p=4",52701,"x1;x2;x2 x3",FALSE,3,"x1;x2;x2 x3",FALSE,3,3,0,0,TRUE,0.000100882177744732,NA,NA,NA,0.000108640345275161,0.000251037542571518,0.432765331281916,0.0550931009192524,0.074403654980745,0.0550931062964972,1.15564121277768e-07,0.000416755254003212,0.00397107292469911,15.1903548240662
"dadras",1,11,49,5.5,316228,4,13,"raw",13,8,6,"weak/raw/m=1w/p=8",52701,"x1;x2;x2 x3",FALSE,3,"x1;x2;x2 x3",FALSE,3,3,0,0,TRUE,0.000153797826460966,NA,NA,NA,0.000113897071858129,0.000380585512833692,0.299268017350676,0.0835713956670969,-0.303410150770295,0.0835713982390113,6.79588966864757e-09,1.07981168554272e-06,8.92433235577528e-06,21.4368782043457
"dadras",1,11,49,5.5,316228,4,13,"raw",26,4,13,"weak/raw/m=2w/p=4",24322,"x1;x2;x2 x3",FALSE,3,"x1;x2;x2 x3",FALSE,3,3,0,0,TRUE,0.000119413193276463,NA,NA,NA,0.000120946625109658,0.000151547554832091,0.798077047456575,0.0225217901778006,0.10025167397771,0.0225218150441124,1.21601214297738e-08,1.88621423853756e-05,0.000106974348748068,8.4528706073761
"dadras",1,11,49,5.5,316228,4,13,"raw",26,8,13,"weak/raw/m=2w/p=8",24322,"x1;x2;x2 x3",FALSE,3,"x1;x2;x2 x3",FALSE,3,3,0,0,TRUE,0.000132653022155593,NA,NA,NA,0.000125362346746475,0.000216928713865748,0.577896510390316,0.0322915940948067,-0.264976389104878,0.0322916159063902,6.80741848067495e-09,5.64738737671985e-07,4.8657798323859e-06,12.2767295837402
"dadras",1,11,49,5.5,316228,4,13,"smoothed",13,4,6,"weak/smoothed/m=1w/p=4",52701,"x1;x2;x2 x3",FALSE,3,"x1;x2;x2 x3",FALSE,3,3,0,0,TRUE,0.000105458794749621,NA,NA,NA,0.000128137843243973,0.000251776770849521,0.508934334218452,0.0552553200133271,0.0708537020812271,0.0552553318071869,1.15564121277768e-07,0.000416755254003212,0.00397107292469911,15.2408318519592
"dadras",1,11,49,5.5,316228,4,13,"smoothed",13,8,6,"weak/smoothed/m=1w/p=8",52701,"x1;x2;x2 x3",FALSE,3,"x1;x2;x2 x3",FALSE,3,3,0,0,TRUE,0.000243190030935203,NA,NA,NA,0.000174237956366368,0.000380991700027981,0.457327433520395,0.0836605614432533,-0.305346518485893,0.0836605816490697,6.79588966864757e-09,1.07981168554272e-06,8.92433235577528e-06,21.9839873313904
"dadras",1,11,49,5.5,316228,4,13,"smoothed",26,4,13,"weak/smoothed/m=2w/p=4",24322,"x1;x2;x2 x3",FALSE,3,"x1;x2;x2 x3",FALSE,3,3,0,0,TRUE,0.000125565787052473,NA,NA,NA,9.98795156095071e-05,0.000151609906048518,0.658792807229521,0.0225310523952946,0.100026337533735,0.0225310730110573,1.21601214297738e-08,1.88621423853756e-05,0.000106974348748068,11.5441482067108
"dadras",1,11,49,5.5,316228,4,13,"smoothed",26,8,13,"weak/smoothed/m=2w/p=8",24322,"x1;x2;x2 x3",FALSE,3,"x1;x2;x2 x3",FALSE,3,3,0,0,TRUE,0.000136013119633738,NA,NA,NA,0.000105017942981607,0.00021711578801405,0.483695561443052,0.0323194361742617,-0.265209947627015,0.0323194460881712,6.80741848067495e-09,5.64738737671985e-07,4.8657798323859e-06,12.8009524345398
"dadras",1,12,49,5.5,316228,4,13,"smoothed",NA,NA,NA,"sg",316228,"x1;x2;x2 x3",TRUE,3,"x1;x2;x2 x3",TRUE,3,3,0,0,FALSE,0.0133195383940828,0.00740737175304988,0.00555212250394889,0.00932245596595731,0.00741613310126193,0.00115584556125414,6.41619724110468,0.62257908583668,0.758615964031381,0.622579086054377,2.04654070317016e-06,0.605019491914643,81.1469734921722,94.7617638111115
"dadras",1,12,49,5.5,316228,4,13,"raw",13,4,6,"weak/raw/m=1w/p=4",52701,"x1;x2;x2 x3",FALSE,3,"x1;x2;x2 x3",FALSE,3,3,0,0,TRUE,7.44485225609992e-05,NA,NA,NA,-1.06096235031674e-05,0.000252773046488362,-0.0419729225507274,0.0554993252917837,0.0696757214183494,0.0554993254179153,-4.99386654474808e-08,0.000423104246020461,0.00433654878831646,14.8966052532196
"dadras",1,12,49,5.5,316228,4,13,"raw",13,8,6,"weak/raw/m=1w/p=8",52701,"x1;x2;x2 x3",FALSE,3,"x1;x2;x2 x3",FALSE,3,3,0,0,TRUE,4.07978920893282e-05,NA,NA,NA,6.49322385409814e-06,0.000382858475004056,0.0169598540401368,0.0841084143876978,-0.304753778554129,0.0841084152822639,6.88815849232313e-09,1.09210835757661e-06,9.56861267553677e-06,21.3449096679688
"dadras",1,12,49,5.5,316228,4,13,"raw",26,4,13,"weak/raw/m=2w/p=4",24322,"x1;x2;x2 x3",FALSE,3,"x1;x2;x2 x3",FALSE,3,3,0,0,TRUE,2.69888028093924e-05,NA,NA,NA,-1.16829099152822e-05,0.000152443842308552,-0.0766374668754126,0.0226672199047089,0.12273074093393,0.0226672204049501,3.97353112875099e-09,1.9193556379687e-05,0.000137741127412383,8.31963586807251
"dadras",1,12,49,5.5,316228,4,13,"raw",26,8,13,"weak/raw/m=2w/p=8",24322,"x1;x2;x2 x3",FALSE,3,"x1;x2;x2 x3",FALSE,3,3,0,0,TRUE,2.52347030218316e-05,NA,NA,NA,-1.35225011746038e-05,0.000217695753525028,-0.0621165133248644,0.0324219179745802,-0.253835938645266,0.0324219183878791,6.91055172268084e-09,5.66647408330679e-07,5.70803581467771e-06,12.1483688354492
"dadras",1,12,49,5.5,316228,4,13,"smoothed",13,4,6,"weak/smoothed/m=1w/p=4",52701,"x1;x2;x2 x3",FALSE,3,"x1;x2;x2 x3",FALSE,3,3,0,0,TRUE,0.000134063789497096,NA,NA,NA,2.22962888571779e-05,0.000254179557769459,0.0877186546897712,0.0558081288739949,0.06171030598556,0.0558081290472885,-4.99386654474808e-08,0.000423104246020461,0.00433654878831646,14.5425777435303
"dadras",1,12,49,5.5,316228,4,13,"smoothed",13,8,6,"weak/smoothed/m=1w/p=8",52701,"x1;x2;x2 x3",FALSE,3,"x1;x2;x2 x3",FALSE,3,3,0,0,TRUE,0.000269209062404574,NA,NA,NA,0.000103351480798934,0.000387356948169009,0.266811996757678,0.0850966367904342,-0.317497456521016,0.0850966442685434,6.88815849232313e-09,1.09210835757661e-06,9.56861267553677e-06,22.001074552536
"dadras",1,12,49,5.5,316228,4,13,"smoothed",26,4,13,"weak/smoothed/m=2w/p=4",24322,"x1;x2;x2 x3",FALSE,3,"x1;x2;x2 x3",FALSE,3,3,0,0,TRUE,2.14505210420439e-05,NA,NA,NA,-3.36796329490059e-05,0.000152492670144822,-0.220860667709604,0.0226744764441542,0.122386438591469,0.0226744797565261,3.97353112875099e-09,1.9193556379687e-05,0.000137741127412383,9.93989229202271
"dadras",1,12,49,5.5,316228,4,13,"smoothed",26,8,13,"weak/smoothed/m=2w/p=8",24322,"x1;x2;x2 x3",FALSE,3,"x1;x2;x2 x3",FALSE,3,3,0,0,TRUE,2.83481946281583e-05,NA,NA,NA,-3.09727433049064e-05,0.000217946573170784,-0.14211163247167,0.0324592673008122,-0.254336593429143,0.0324592693516435,6.91055172268084e-09,5.66647408330679e-07,5.70803581467771e-06,12.0949828624725
"dadras",1,13,49,5.5,316228,4,13,"smoothed",NA,NA,NA,"sg",316228,"x1;x2;x2 x3",TRUE,3,"x1;x2;x2 x3",TRUE,3,3,0,0,FALSE,0.0105032539801719,0.00554620790210581,0.0041375158355115,0.00703367472699681,0.0055870707284174,0.000903998058950006,6.18040124434203,0.486160278037023,0.778614847258561,0.486160279100903,3.21964105686997e-06,0.452737480543688,45.9993177480937,96.6022477149963
"dadras",1,13,49,5.5,316228,4,13,"raw",13,4,6,"weak/raw/m=1w/p=4",52701,"x1;x2;x2 x3",FALSE,3,"x1;x2;x2 x3",FALSE,3,3,0,0,TRUE,3.01400463880164e-05,NA,NA,NA,-2.91945017720155e-05,0.000253516629028408,-0.115158133349683,0.0555741028518259,0.067023614233306,0.0555741042602243,1.27026023989899e-08,0.000420309552818576,0.00354640248583138,14.6549890041351
"dadras",1,13,49,5.5,316228,4,13,"raw",13,8,6,"weak/raw/m=1w/p=8",52701,"x1;x2;x2 x3",FALSE,3,"x1;x2;x2 x3",FALSE,3,3,0,0,TRUE,9.60555600677537e-05,NA,NA,NA,-2.46288263056903e-05,0.00038374294860078,-0.0641805312527381,0.0841694061894837,-0.303787751175566,0.084169408927483,5.11337582567722e-09,1.08893954911606e-06,8.68710726820154e-06,13.8341574668884
"dadras",1,13,49,5.5,316228,4,13,"raw",26,4,13,"weak/raw/m=2w/p=4",24322,"x1;x2;x2 x3",FALSE,3,"x1;x2;x2 x3",FALSE,3,3,0,0,TRUE,5.09514098683355e-05,NA,NA,NA,-7.84390696290258e-06,0.000152317491667297,-0.0514970859685361,0.0226114897116371,0.107748351712443,0.022611490852541,5.58336179643326e-09,1.90067852795568e-05,0.000109387396737048,8.77797508239746
"dadras",1,13,49,5.5,316228,4,13,"raw",26,8,13,"weak/raw/m=2w/p=8",24322,"x1;x2;x2 x3",FALSE,3,"x1;x2;x2 x3",FALSE,3,3,0,0,TRUE,6.38874349434548e-05,NA,NA,NA,-1.70390177779488e-05,0.000218132479339173,-0.0781131623753052,0.0324347159882986,-0.262485062601463,0.0324347179329413,5.11797967106926e-09,5.67208715198524e-07,4.7715452922148e-06,8.03908562660217
"dadras",1,13,49,5.5,316228,4,13,"smoothed",13,4,6,"weak/smoothed/m=1w/p=4",52701,"x1;x2;x2 x3",FALSE,3,"x1;x2;x2 x3",FALSE,3,3,0,0,TRUE,0.000114716594992839,NA,NA,NA,6.01478610495839e-06,0.000254168503568384,0.0236645611887947,0.0557169900945371,0.0632928091043917,0.0557169901839803,1.27026023989899e-08,0.000420309552818576,0.00354640248583138,14.9097888469696
"dadras",1,13,49,5.5,316228,4,13,"smoothed",13,8,6,"weak/smoothed/m=1w/p=8",52701,"x1;x2;x2 x3",FALSE,3,"x1;x2;x2 x3",FALSE,3,3,0,0,TRUE,0.000292035187595315,NA,NA,NA,6.4960967364579e-05,0.000385215802040427,0.168635261119848,0.0844924336949718,-0.307912170299396,0.0844924378977193,5.11337582567722e-09,1.08893954911606e-06,8.68710726820154e-06,14.3152749538422
"dadras",1,13,49,5.5,316228,4,13,"smoothed",26,4,13,"weak/smoothed/m=2w/p=4",24322,"x1;x2;x2 x3",FALSE,3,"x1;x2;x2 x3",FALSE,3,3,0,0,TRUE,5.63894936269462e-05,NA,NA,NA,-2.30520060338485e-05,0.00015233666005599,-0.151322774343195,0.0226143321918447,0.107960390153992,0.0226143345753151,5.58336179643326e-09,1.90067852795568e-05,0.000109387396737048,7.60281705856323
"dadras",1,13,49,5.5,316228,4,13,"smoothed",26,8,13,"weak/smoothed/m=2w/p=8",24322,"x1;x2;x2 x3",FALSE,3,"x1;x2;x2 x3",FALSE,3,3,0,0,TRUE,7.17806719441327e-05,NA,NA,NA,-2.29156431881643e-05,0.000218163849767881,-0.105038681763939,0.0324393766563622,-0.262415850445629,0.0324393775178365,5.11797967106926e-09,5.67208715198524e-07,4.7715452922148e-06,8.1933913230896
"dadras",1,14,49,5.5,316228,4,13,"smoothed",NA,NA,NA,"sg",316228,"x1;x2;x2 x3",TRUE,3,"x1;x2;x2 x3",TRUE,3,3,0,0,FALSE,0.0103829756717122,0.00592864650114817,0.00444487821481005,0.00737062118191846,0.00593795215114758,0.000894613546588504,6.63744940347842,0.481825117702252,0.782450928499297,0.481825118955739,3.15709200629407e-06,0.447750724832584,41.9529066798438,96.2007081508636
"dadras",1,14,49,5.5,316228,4,13,"raw",13,4,6,"weak/raw/m=1w/p=4",52701,"x1;x2;x2 x3",FALSE,3,"x1;x2;x2 x3",FALSE,3,3,0,0,TRUE,7.46754221823132e-05,NA,NA,NA,3.07104388589313e-05,0.000254698744326412,0.120575540881246,0.0559135889772101,0.0717550807580866,0.0559135893672585,8.86017082073852e-08,0.000423720354190699,0.00358924957350837,14.8978173732758
"dadras",1,14,49,5.5,316228,4,13,"raw",13,8,6,"weak/raw/m=1w/p=8",52701,"x1;x2;x2 x3",FALSE,3,"x1;x2;x2 x3",FALSE,3,3,0,0,TRUE,2.02550008755094e-05,NA,NA,NA,1.81870908948032e-05,0.000384835945828963,0.0472593350281428,0.0845321471040067,-0.299614549744648,0.0845321486856132,9.32131309671728e-09,1.08634410232013e-06,9.17052936699747e-06,14.2818219661713
"dadras",1,14,49,5.5,316228,4,13,"raw",26,4,13,"weak/raw/m=2w/p=4",24322,"x1;x2;x2 x3",FALSE,3,"x1;x2;x2 x3",FALSE,3,3,0,0,TRUE,2.7864214609726e-05,NA,NA,NA,1.73577177797644e-05,0.000152957296835133,0.113480808950708,0.0227376349070461,0.115484709090259,0.0227376360972247,1.3429714345216e-08,1.91449551636276e-05,0.000108847116601751,8.84222030639648
"dadras",1,14,49,5.5,316228,4,13,"raw",26,8,13,"weak/raw/m=2w/p=8",24322,"x1;x2;x2 x3",FALSE,3,"x1;x2;x2 x3",FALSE,3,3,0,0,TRUE,3.0590866313851e-05,NA,NA,NA,2.5349080770408e-05,0.000219606493095952,0.115429559540994,0.0327001806914312,-0.262422426872636,0.0327001820026416,9.33385630424096e-09,5.72650566399196e-07,5.13381419864345e-06,8.09025120735168
"dadras",1,14,49,5.5,316228,4,13,"smoothed",13,4,6,"weak/smoothed/m=1w/p=4",52701,"x1;x2;x2 x3",FALSE,3,"x1;x2;x2 x3",FALSE,3,3,0,0,TRUE,0.000130504322386482,NA,NA,NA,6.88904150618006e-05,0.000255530613580165,0.269597501828047,0.0560961956403222,0.0680239560982659,0.0560961972709328,8.86017082073852e-08,0.000423720354190699,0.00358924957350837,14.5035305023193
"dadras",1,14,49,5.5,316228,4,13,"smoothed",13,8,6,"weak/smoothed/m=1w/p=8",52701,"x1;x2;x2 x3",FALSE,3,"x1;x2;x2 x3",FALSE,3,3,0,0,TRUE,0.000231726469819529,NA,NA,NA,0.000115041455205049,0.00038504905517845,0.298770906350446,0.0845789276090797,-0.301474461037442,0.0845789309181523,9.32131309671728e-09,1.08634410232013e-06,9.17052936699747e-06,14.2460660934448
"dadras",1,14,49,5.5,316228,4,13,"smoothed",26,4,13,"weak/smoothed/m=2w/p=4",24322,"x1;x2;x2 x3",FALSE,3,"x1;x2;x2 x3",FALSE,3,3,0,0,TRUE,1.96252282713694e-05,NA,NA,NA,2.77901607377978e-06,0.000153014833656797,0.0181617429327992,0.0227461850489084,0.115068096082738,0.0227461852775222,1.3429714345216e-08,1.91449551636276e-05,0.000108847116601751,7.79863262176514
"dadras",1,14,49,5.5,316228,4,13,"smoothed",26,8,13,"weak/smoothed/m=2w/p=8",24322,"x1;x2;x2 x3",FALSE,3,"x1;x2;x2 x3",FALSE,3,3,0,0,TRUE,3.80757097298259e-05,NA,NA,NA,2.19005605989248e-05,0.000219736145579272,0.0996675378153656,0.0327194818212556,-0.263266186122483,0.0327194835937738,9.33385630424096e-09,5.72650566399196e-07,5.13381419864345e-06,8.42017674446106
"dadras",1,15,49,5.5,316228,4,13,"smoothed",NA,NA,NA,"sg",316228,"x1;x2;x2 x3",TRUE,3,"x1;x2;x2 x3",TRUE,3,3,0,0,FALSE,0.00820803124132541,0.00408754844937502,0.00287886888325502,0.00531833811502036,0.00406478692541243,0.000749855515741908,5.42076018656838,0.402105199471192,0.783279432847079,0.402105200023463,-5.96181787398299e-08,0.348342915078828,29.9913656006832,95.6530864238739
"dadras",1,15,49,5.5,316228,4,13,"raw",13,4,6,"weak/raw/m=1w/p=4",52701,"x1;x2;x2 x3",FALSE,3,"x1;x2;x2 x3",FALSE,3,3,0,0,TRUE,2.23678183871219e-05,NA,NA,NA,5.39144884132421e-05,0.000252977680884906,0.213119545663678,0.0552983091640399,0.0655926778342653,0.0552983159115021,-4.3004931148622e-09,0.000416804180899004,0.00352069734417881,14.7528936862946
"dadras",1,15,49,5.5,316228,4,13,"raw",13,8,6,"weak/raw/m=1w/p=8",52701,"x1;x2;x2 x3",FALSE,3,"x1;x2;x2 x3",FALSE,3,3,0,0,TRUE,5.27225336885984e-05,NA,NA,NA,6.75138825887856e-05,0.000385542723961166,0.175113880752645,0.0843238379537328,-0.312911227111338,0.0843238434484055,4.4960282015695e-09,1.08953009257557e-06,8.92714611211431e-06,13.8682053089142
"dadras",1,15,49,5.5,316228,4,13,"raw",26,4,13,"weak/raw/m=2w/p=4",24322,"x1;x2;x2 x3",FALSE,3,"x1;x2;x2 x3",FALSE,3,3,0,0,TRUE,2.14095940814785e-05,NA,NA,NA,6.34817698017602e-05,0.000151897839934991,0.417924111553719,0.0224838637616965,0.112566125855171,0.0224838727474133,3.20452629087913e-09,1.88939810640696e-05,0.000108984621130404,8.47974014282227
"dadras",1,15,49,5.5,316228,4,13,"raw",26,8,13,"weak/raw/m=2w/p=8",24322,"x1;x2;x2 x3",FALSE,3,"x1;x2;x2 x3",FALSE,3,3,0,0,TRUE,3.4675878830881e-05,NA,NA,NA,6.13123913748342e-05,0.000216663619235614,0.282984248076088,0.0321247578424892,-0.251740608497146,0.0321247664430972,4.53232018387589e-09,5.66579463563064e-07,4.47965919647686e-06,8.41047716140747
"dadras",1,15,49,5.5,316228,4,13,"smoothed",13,4,6,"weak/smoothed/m=1w/p=4",52701,"x1;x2;x2 x3",FALSE,3,"x1;x2;x2 x3",FALSE,3,3,0,0,TRUE,8.60570922576187e-05,NA,NA,NA,8.05640073796711e-05,0.000253467962696152,0.317846904684551,0.0554054677674601,0.0637955628691191,0.0554054718587914,-4.3004931148622e-09,0.000416804180899004,0.00352069734417881,14.7619867324829
"dadras",1,15,49,5.5,316228,4,13,"smoothed",13,8,6,"weak/smoothed/m=1w/p=8",52701,"x1;x2;x2 x3",FALSE,3,"x1;x2;x2 x3",FALSE,3,3,0,0,TRUE,0.00019530686357309,NA,NA,NA,0.000115263515828112,0.000383788111526709,0.300331126385323,0.0839400497260339,-0.308988141704476,0.0839400554118433,4.4960282015695e-09,1.08953009257557e-06,8.92714611211431e-06,14.60671043396
"dadras",1,15,49,5.5,316228,4,13,"smoothed",26,4,13,"weak/smoothed/m=2w/p=4",24322,"x1;x2;x2 x3",FALSE,3,"x1;x2;x2 x3",FALSE,3,3,0,0,TRUE,2.5459884336924e-05,NA,NA,NA,4.70073406260639e-05,0.000151934714514265,0.309391706670501,0.0224893189525946,0.11253756796944,0.0224893217102736,3.20452629087913e-09,1.88939810640696e-05,0.000108984621130404,7.6524875164032
"dadras",1,15,49,5.5,316228,4,13,"smoothed",26,8,13,"weak/smoothed/m=2w/p=8",24322,"x1;x2;x2 x3",FALSE,3,"x1;x2;x2 x3",FALSE,3,3,0,0,TRUE,4.31859228996837e-05,NA,NA,NA,5.53994764122989e-05,0.000216759572831457,0.255580298893536,0.0321389801006529,-0.251725221888541,0.0321389871185614,4.53232018387589e-09,5.66579463563064e-07,4.47965919647686e-06,8.30371499061584
"dadras",1,16,49,5.5,316228,4,13,"smoothed",NA,NA,NA,"sg",316228,"x1;x2;x2 x3",TRUE,3,"x1;x2;x2 x3",TRUE,3,3,0,0,FALSE,0.0105207651038994,0.00555174032344432,0.00397025671633256,0.00701164820597399,0.00555188517008433,0.000920058719884663,6.03427265031552,0.494991695893136,0.777478906284321,0.494991697078785,-1.83823987522113e-06,0.460193066691993,54.0343579372706,95.534280538559
"dadras",1,16,49,5.5,316228,4,13,"raw",13,4,6,"weak/raw/m=1w/p=4",52701,"x1;x2;x2 x3",FALSE,3,"x1;x2;x2 x3",FALSE,3,3,0,0,TRUE,0.000133954451865592,NA,NA,NA,-4.88242798807702e-05,0.000254127575750754,-0.192125076298909,0.0557293230137394,0.0749631007383856,0.0557293251534091,-2.89713244000994e-08,0.000423526685173209,0.00347800467969961,14.8532567024231
"dadras",1,16,49,5.5,316228,4,13,"raw",13,8,6,"weak/raw/m=1w/p=8",52701,"x1;x2;x2 x3",FALSE,3,"x1;x2;x2 x3",FALSE,3,3,0,0,TRUE,0.000189300255789893,NA,NA,NA,-5.24301193490883e-05,0.000383823931917549,-0.136599401416041,0.084219995982961,-0.298813480200837,0.0842199972367918,7.7426558931613e-09,1.09904982044409e-06,9.61210390570955e-06,13.7213222980499
"dadras",1,16,49,5.5,316228,4,13,"raw",26,4,13,"weak/raw/m=2w/p=4",24322,"x1;x2;x2 x3",FALSE,3,"x1;x2;x2 x3",FALSE,3,3,0,0,TRUE,0.000159578069028443,NA,NA,NA,-5.00974892566967e-05,0.00015482029266604,-0.323584772990716,0.0229902139672846,0.128444853320129,0.0229902246031375,4.49294092500261e-09,1.92010524733814e-05,0.000111523353149678,8.66511678695679
"dadras",1,16,49,5.5,316228,4,13,"raw",26,8,13,"weak/raw/m=2w/p=8",24322,"x1;x2;x2 x3",FALSE,3,"x1;x2;x2 x3",FALSE,3,3,0,0,TRUE,0.00018051358555593,NA,NA,NA,-5.74966758465438e-05,0.000220155648644584,-0.261163754827684,0.0327469999761914,-0.237648495605862,0.0327470027319661,7.77156741603525e-09,5.71783261556171e-07,4.49158248905235e-06,7.98332810401917
"dadras",1,16,49,5.5,316228,4,13,"smoothed",13,4,6,"weak/smoothed/m=1w/p=4",52701,"x1;x2;x2 x3",FALSE,3,"x1;x2;x2 x3",FALSE,3,3,0,0,TRUE,0.000127378324283395,NA,NA,NA,-2.84021569034583e-05,0.000255022860389343,-0.111371023209828,0.0559256425816604,0.070030976047911,0.0559256431719611,-2.89713244000994e-08,0.000423526685173209,0.00347800467969961,14.5016283988953
"dadras",1,16,49,5.5,316228,4,13,"smoothed",13,8,6,"weak/smoothed/m=1w/p=8",52701,"x1;x2;x2 x3",FALSE,3,"x1;x2;x2 x3",FALSE,3,3,0,0,TRUE,0.000290142903331053,NA,NA,NA,2.96729079641356e-05,0.000385612384911081,0.0769500906226802,0.0846123972169379,-0.304898944673812,0.0846123974959932,7.7426558931613e-09,1.09904982044409e-06,9.61210390570955e-06,14.2018904685974
"dadras",1,16,49,5.5,316228,4,13,"smoothed",26,4,13,"weak/smoothed/m=2w/p=4",24322,"x1;x2;x2 x3",FALSE,3,"x1;x2;x2 x3",FALSE,3,3,0,0,TRUE,0.000165587887102525,NA,NA,NA,-7.20740695264764e-05,0.000154868913558131,-0.465387584057809,0.0229974299038253,0.128210927058909,0.0229974394376608,4.49294092500261e-09,1.92010524733814e-05,0.000111523353149678,7.6985445022583
"dadras",1,16,49,5.5,316228,4,13,"smoothed",26,8,13,"weak/smoothed/m=2w/p=8",24322,"x1;x2;x2 x3",FALSE,3,"x1;x2;x2 x3",FALSE,3,3,0,0,TRUE,0.000173223312955106,NA,NA,NA,-7.33815210609693e-05,0.000220234231136508,-0.333197617292678,0.032758682768526,-0.238106339983135,0.0327586929394172,7.77156741603525e-09,5.71783261556171e-07,4.49158248905235e-06,8.1105043888092
"dadras",1,17,49,5.5,316228,4,13,"smoothed",NA,NA,NA,"sg",316228,"x1;x2;x2 x3",TRUE,3,"x1;x2;x2 x3",TRUE,3,3,0,0,FALSE,0.00865660826383113,0.00382388549612266,0.00248201001094566,0.00519428758995749,0.00388098814639428,0.000809117738651662,4.79656786768966,0.433411889331757,0.773972227205075,0.433411891391214,-1.07758823535688e-06,0.386931282794025,59.1131618862624,91.8883235454559
"dadras",1,17,49,5.5,316228,4,13,"raw",13,4,6,"weak/raw/m=1w/p=4",52701,"x1;x2;x2 x3",FALSE,3,"x1;x2;x2 x3",FALSE,3,3,0,0,TRUE,0.000114094326485681,NA,NA,NA,-0.000251176388883297,0.000251911317347512,-0.997082590524501,0.0550040826732032,0.072804858287254,0.0550041397365644,8.36226483498993e-08,0.000415945412488869,0.00411916542511648,14.4580466747284
"dadras",1,17,49,5.5,316228,4,13,"raw",13,8,6,"weak/raw/m=1w/p=8",52701,"x1;x2;x2 x3",FALSE,3,"x1;x2;x2 x3",FALSE,3,3,0,0,TRUE,5.85706799873797e-05,NA,NA,NA,-0.000246793355675639,0.000381341199506688,-0.647172023360962,0.0833131015539545,-0.303472219809948,0.0833131344347775,5.19990635301976e-09,1.0794989714452e-06,8.92665765661604e-06,13.7708156108856
"dadras",1,17,49,5.5,316228,4,13,"raw",26,4,13,"weak/raw/m=2w/p=4",24322,"x1;x2;x2 x3",FALSE,3,"x1;x2;x2 x3",FALSE,3,3,0,0,TRUE,7.21442926383542e-05,NA,NA,NA,-0.000249594472007188,0.00015201230730389,-1.64193594870065,0.0224745191819115,0.114391373792342,0.022474643119351,1.15794648452718e-08,1.88146111036614e-05,9.68591370575922e-05,8.73861742019653
"dadras",1,17,49,5.5,316228,4,13,"raw",26,8,13,"weak/raw/m=2w/p=8",24322,"x1;x2;x2 x3",FALSE,3,"x1;x2;x2 x3",FALSE,3,3,0,0,TRUE,7.1262176864817e-05,NA,NA,NA,-0.000248902891628327,0.000217751772628841,-1.14305793529673,0.0322492045771226,-0.255554267095811,0.0322492923469384,5.17423619187196e-09,5.63459457919682e-07,4.42005274692292e-06,7.96761989593506
"dadras",1,17,49,5.5,316228,4,13,"smoothed",13,4,6,"weak/smoothed/m=1w/p=4",52701,"x1;x2;x2 x3",FALSE,3,"x1;x2;x2 x3",FALSE,3,3,0,0,TRUE,0.000139436185405017,NA,NA,NA,-0.000233322569876211,0.000252392645013863,-0.924442825437308,0.0551091661232391,0.0705244757786712,0.0551091996278551,8.36226483498993e-08,0.000415945412488869,0.00411916542511648,14.4379765987396
"dadras",1,17,49,5.5,316228,4,13,"smoothed",13,8,6,"weak/smoothed/m=1w/p=8",52701,"x1;x2;x2 x3",FALSE,3,"x1;x2;x2 x3",FALSE,3,3,0,0,TRUE,0.000182456833757172,NA,NA,NA,-0.00019785050625874,0.000380060392401224,-0.52057649314289,0.0830332494700097,-0.301201829470415,0.0830332699022949,5.19990635301976e-09,1.0794989714452e-06,8.92665765661604e-06,13.749664068222
"dadras",1,17,49,5.5,316228,4,13,"smoothed",26,4,13,"weak/smoothed/m=2w/p=4",24322,"x1;x2;x2 x3",FALSE,3,"x1;x2;x2 x3",FALSE,3,3,0,0,TRUE,6.63468085657648e-05,NA,NA,NA,-0.000267245489398244,0.000152034567660345,-1.7577942537074,0.0224778071210515,0.114009511459628,0.0224779362210847,1.15794648452718e-08,1.88146111036614e-05,9.68591370575922e-05,7.50800561904907
"dadras",1,17,49,5.5,316228,4,13,"smoothed",26,8,13,"weak/smoothed/m=2w/p=8",24322,"x1;x2;x2 x3",FALSE,3,"x1;x2;x2 x3",FALSE,3,3,0,0,TRUE,7.53754677651486e-05,NA,NA,NA,-0.000260273943066877,0.000217950121688512,-1.19419040031027,0.0322785756574958,-0.25598628971542,0.0322786715876133,5.17423619187196e-09,5.63459457919682e-07,4.42005274692292e-06,7.98961067199707
"dadras",1,18,49,5.5,316228,4,13,"smoothed",NA,NA,NA,"sg",316228,"x1;x2;x2 x3",TRUE,3,"x1;x2;x2 x3",TRUE,3,3,0,0,FALSE,0.00856337081860968,0.00434866948452806,0.00311171476226889,0.0056389076846823,0.00438578366472578,0.000795127057842178,5.51582746615107,0.426516592341897,0.777205183746621,0.426516592445936,-1.28851145825578e-06,0.37867527593498,37.780544521422,88.3428099155426
"dadras",1,18,49,5.5,316228,4,13,"raw",13,4,6,"weak/raw/m=1w/p=4",52701,"x1;x2;x2 x3",FALSE,3,"x1;x2;x2 x3",FALSE,3,3,0,0,TRUE,0.000142481881715062,NA,NA,NA,2.52985980494427e-05,0.000250823075139402,0.100862323115137,0.054844591909374,0.0752596311948653,0.054844592609464,5.24753843377685e-08,0.000418324920208784,0.00367665319720345,14.1257522106171
"dadras",1,18,49,5.5,316228,4,13,"raw",13,8,6,"weak/raw/m=1w/p=8",52701,"x1;x2;x2 x3",FALSE,3,"x1;x2;x2 x3",FALSE,3,3,0,0,TRUE,9.62699596567251e-05,NA,NA,NA,2.30614522334824e-05,0.000380494803669481,0.0606091121641569,0.0832462654771754,-0.30472543094467,0.0832462660228981,2.13963020597414e-09,1.09059877523825e-06,8.96737381594903e-06,14.1135528087616
"dadras",1,18,49,5.5,316228,4,13,"raw",26,4,13,"weak/raw/m=2w/p=4",24322,"x1;x2;x2 x3",FALSE,3,"x1;x2;x2 x3",FALSE,3,3,0,0,TRUE,8.52087898837173e-05,NA,NA,NA,8.41609507471829e-06,0.000152293657283082,0.0552622822569329,0.0225489522967573,0.110405833788164,0.0225489532143316,5.69803861457101e-09,1.89579357626973e-05,9.60166883521296e-05,8.08601093292236
"dadras",1,18,49,5.5,316228,4,13,"raw",26,8,13,"weak/raw/m=2w/p=8",24322,"x1;x2;x2 x3",FALSE,3,"x1;x2;x2 x3",FALSE,3,3,0,0,TRUE,7.77582487878625e-05,NA,NA,NA,2.49115664257139e-06,0.000216695547591382,0.0114961136500548,0.0321390840980714,-0.249642067376735,0.0321390845732556,2.08969924661179e-09,5.65959783454279e-07,4.41450221444484e-06,8.300532579422
"dadras",1,18,49,5.5,316228,4,13,"smoothed",13,4,6,"weak/smoothed/m=1w/p=4",52701,"x1;x2;x2 x3",FALSE,3,"x1;x2;x2 x3",FALSE,3,3,0,0,TRUE,0.000177362232245182,NA,NA,NA,4.03230064678117e-05,0.000251181950833774,0.160533057148268,0.0549230510837419,0.07343010086102,0.0549230520225353,5.24753843377685e-08,0.000418324920208784,0.00367665319720345,14.93537068367
"dadras",1,18,49,5.5,316228,4,13,"smoothed",13,8,6,"weak/smoothed/m=1w/p=8",52701,"x1;x2;x2 x3",FALSE,3,"x1;x2;x2 x3",FALSE,3,3,0,0,TRUE,0.000191642608816434,NA,NA,NA,8.42792858754326e-05,0.000379771068286059,0.221921291307926,0.0830878972424672,-0.3041393327695,0.083087900853143,2.13963020597414e-09,1.09059877523825e-06,8.96737381594903e-06,14.345671415329
"dadras",1,18,49,5.5,316228,4,13,"smoothed",26,4,13,"weak/smoothed/m=2w/p=4",24322,"x1;x2;x2 x3",FALSE,3,"x1;x2;x2 x3",FALSE,3,3,0,0,TRUE,7.96202154538239e-05,NA,NA,NA,-9.33733190857318e-06,0.000152313725797352,-0.0613032860938361,0.0225519203150665,0.110593899394744,0.022551922263182,5.69803861457101e-09,1.89579357626973e-05,9.60166883521296e-05,7.64997959136963
"dadras",1,18,49,5.5,316228,4,13,"smoothed",26,8,13,"weak/smoothed/m=2w/p=8",24322,"x1;x2;x2 x3",FALSE,3,"x1;x2;x2 x3",FALSE,3,3,0,0,TRUE,8.37522959837855e-05,NA,NA,NA,-7.69378758882742e-06,0.000216685358322001,-0.0355067257354519,0.0321375679966568,-0.249197769566461,0.0321375689732103,2.08969924661179e-09,5.65959783454279e-07,4.41450221444484e-06,8.29872894287109
"dadras",1,19,49,5.5,316228,4,13,"smoothed",NA,NA,NA,"sg",316228,"x1;x2;x2 x3",TRUE,3,"x1;x2;x2 x3",TRUE,3,3,0,0,FALSE,0.0076698704432834,0.00437668319521368,0.00317646303737958,0.00557156563331536,0.00440310940577803,0.000711966470067167,6.18443366492055,0.385528137381635,0.78228832223237,0.385528137731868,-2.88201875245432e-06,0.325944387948864,31.7779381482091,90.9001083374023
"dadras",1,19,49,5.5,316228,4,13,"raw",13,4,6,"weak/raw/m=1w/p=4",52701,"x1;x2;x2 x3",FALSE,3,"x1;x2;x2 x3",FALSE,3,3,0,0,TRUE,6.44043073547049e-05,NA,NA,NA,0.000134747279148118,0.000253475763168468,0.53159827773577,0.0559544162806528,0.0739416205961673,0.0559544319590212,-6.37539124621357e-08,0.000421423306022456,0.00347194605657819,14.5663261413574
"dadras",1,19,49,5.5,316228,4,13,"raw",13,8,6,"weak/raw/m=1w/p=8",52701,"x1;x2;x2 x3",FALSE,3,"x1;x2;x2 x3",FALSE,3,3,0,0,TRUE,6.65140582922774e-05,NA,NA,NA,0.000145713374577771,0.000382998548804202,0.38045411668717,0.084591926523076,-0.299527345911148,0.0845919351887913,1.38790411201497e-08,1.08700132614425e-06,9.27200453304522e-06,14.1680023670197
"dadras",1,19,49,5.5,316228,4,13,"raw",26,4,13,"weak/raw/m=2w/p=4",24322,"x1;x2;x2 x3",FALSE,3,"x1;x2;x2 x3",FALSE,3,3,0,0,TRUE,6.58149435098787e-05,NA,NA,NA,0.000143334403559318,0.000151956317200238,0.943260577778028,0.0227189986468046,0.101664039492156,0.0227190308561612,1.01585878743128e-08,1.91011965704994e-05,0.000111485683994772,8.34320569038391
"dadras",1,19,49,5.5,316228,4,13,"raw",26,8,13,"weak/raw/m=2w/p=8",24322,"x1;x2;x2 x3",FALSE,3,"x1;x2;x2 x3",FALSE,3,3,0,0,TRUE,6.74377188912834e-05,NA,NA,NA,0.000140131047991133,0.000218082420135564,0.642560037182388,0.032656604510001,-0.263186685546927,0.0326566241353917,1.38862638906295e-08,5.6344710084838e-07,4.25806368298254e-06,8.1203179359436
"dadras",1,19,49,5.5,316228,4,13,"smoothed",13,4,6,"weak/smoothed/m=1w/p=4",52701,"x1;x2;x2 x3",FALSE,3,"x1;x2;x2 x3",FALSE,3,3,0,0,TRUE,3.64240736631475e-05,NA,NA,NA,0.000167437768945697,0.00025380648776162,0.659706418154911,0.0560274129464826,0.072790722601082,0.0560274292937082,-6.37539124621357e-08,0.000421423306022456,0.00347194605657819,14.7710001468658
"dadras",1,19,49,5.5,316228,4,13,"smoothed",13,8,6,"weak/smoothed/m=1w/p=8",52701,"x1;x2;x2 x3",FALSE,3,"x1;x2;x2 x3",FALSE,3,3,0,0,TRUE,0.000150717694454035,NA,NA,NA,0.000212420981751658,0.000381688749013874,0.556529324745531,0.0843026108199131,-0.297298888599915,0.0843026300208981,1.38790411201497e-08,1.08700132614425e-06,9.27200453304522e-06,14.4388966560364
"dadras",1,19,49,5.5,316228,4,13,"smoothed",26,4,13,"weak/smoothed/m=2w/p=4",24322,"x1;x2;x2 x3",FALSE,3,"x1;x2;x2 x3",FALSE,3,3,0,0,TRUE,6.74715302395601e-05,NA,NA,NA,0.000129737336658003,0.000151987952571247,0.853602765634904,0.0227237255069004,0.101528387889761,0.0227237524677558,1.01585878743128e-08,1.91011965704994e-05,0.000111485683994772,8.65870523452759
"dadras",1,19,49,5.5,316228,4,13,"smoothed",26,8,13,"weak/smoothed/m=2w/p=8",24322,"x1;x2;x2 x3",FALSE,3,"x1;x2;x2 x3",FALSE,3,3,0,0,TRUE,6.75438964199415e-05,NA,NA,NA,0.000130104613540187,0.000218238987558067,0.59615660334554,0.0326800454230161,-0.263520049365199,0.0326800622090877,1.38862638906295e-08,5.6344710084838e-07,4.25806368298254e-06,7.6560800075531
"dadras",1,20,49,5.5,316228,4,13,"smoothed",NA,NA,NA,"sg",316228,"x1;x2;x2 x3",TRUE,3,"x1;x2;x2 x3",TRUE,3,3,0,0,FALSE,0.0107489877066846,0.00554865546360204,0.00400220030557432,0.00716908927584371,0.00556169839965803,0.000965463829954208,5.76064915857264,0.520105265334561,0.762711101141295,0.52010526656207,-8.93767004890775e-08,0.486746542527338,86.652350977096,93.347092628479
"dadras",1,20,49,5.5,316228,4,13,"raw",13,4,6,"weak/raw/m=1w/p=4",52701,"x1;x2;x2 x3",FALSE,3,"x1;x2;x2 x3",FALSE,3,3,0,0,TRUE,4.47115842756585e-05,NA,NA,NA,-1.88423591197778e-05,0.000251366761615081,-0.0749596287063251,0.0552017018645671,0.0678838875543433,0.0552017051962469,1.90652317383429e-08,0.000415156496893271,0.00443756906862802,14.7879211902618
"dadras",1,20,49,5.5,316228,4,13,"raw",13,8,6,"weak/raw/m=1w/p=8",52701,"x1;x2;x2 x3",FALSE,3,"x1;x2;x2 x3",FALSE,3,3,0,0,TRUE,2.47734984606396e-05,NA,NA,NA,-2.49458830924754e-05,0.000381034577461836,-0.06546881718359,0.0837231084955394,-0.304719926006107,0.0837231085617969,4.62679322982782e-09,1.07866321524677e-06,8.98697717133246e-06,14.3554210662842
"dadras",1,20,49,5.5,316228,4,13,"raw",26,4,13,"weak/raw/m=2w/p=4",24322,"x1;x2;x2 x3",FALSE,3,"x1;x2;x2 x3",FALSE,3,3,0,0,TRUE,1.49837042774751e-05,NA,NA,NA,-1.80373871122314e-05,0.00015095155586867,-0.11949123020583,0.0224508440230115,0.11740047344791,0.0224508450601682,5.75004825269333e-09,1.88014258556145e-05,9.97951251218154e-05,7.8774950504303
"dadras",1,20,49,5.5,316228,4,13,"raw",26,8,13,"weak/raw/m=2w/p=8",24322,"x1;x2;x2 x3",FALSE,3,"x1;x2;x2 x3",FALSE,3,3,0,0,TRUE,2.05409226854414e-05,NA,NA,NA,-1.47026161371382e-05,0.000215903863709755,-0.0680979760367015,0.0321629519906126,-0.250516057970309,0.0321629522967211,4.64813516995763e-09,5.66747887481995e-07,4.28794552931322e-06,8.26742815971375
"dadras",1,20,49,5.5,316228,4,13,"smoothed",13,4,6,"weak/smoothed/m=1w/p=4",52701,"x1;x2;x2 x3",FALSE,3,"x1;x2;x2 x3",FALSE,3,3,0,0,TRUE,9.36752517306516e-05,NA,NA,NA,-1.44630941832383e-06,0.000252303160630355,-0.00573242687372751,0.0554073288993043,0.0634025064865748,0.0554073293913891,1.90652317383429e-08,0.000415156496893271,0.00443756906862802,14.4350945949554
"dadras",1,20,49,5.5,316228,4,13,"smoothed",13,8,6,"weak/smoothed/m=1w/p=8",52701,"x1;x2;x2 x3",FALSE,3,"x1;x2;x2 x3",FALSE,3,3,0,0,TRUE,0.000215414007579036,NA,NA,NA,1.95786053129166e-05,0.000381341956920314,0.0513413354015167,0.0837906250848013,-0.305760717209767,0.0837906261654481,4.62679322982782e-09,1.07866321524677e-06,8.98697717133246e-06,14.4349389076233
"dadras",1,20,49,5.5,316228,4,13,"smoothed",26,4,13,"weak/smoothed/m=2w/p=4",24322,"x1;x2;x2 x3",FALSE,3,"x1;x2;x2 x3",FALSE,3,3,0,0,TRUE,2.66961702760267e-05,NA,NA,NA,-3.78465751671594e-05,0.000151003166674665,-0.250634314502155,0.0224585164268374,0.117631423050234,0.0224585217339926,5.75004825269333e-09,1.88014258556145e-05,9.97951251218154e-05,8.10672450065613
"dadras",1,20,49,5.5,316228,4,13,"smoothed",26,8,13,"weak/smoothed/m=2w/p=8",24322,"x1;x2;x2 x3",FALSE,3,"x1;x2;x2 x3",FALSE,3,3,0,0,TRUE,5.52806668728441e-05,NA,NA,NA,-2.57660737704696e-05,0.000216199922209316,-0.119177072346603,0.0322070502453092,-0.25062628328924,0.0322070531384313,4.64813516995763e-09,5.66747887481995e-07,4.28794552931322e-06,7.75044012069702
