"system","eq","trial","snr","log10n","n","sg_order","sg_window","states","m","p","stride","arm","K","selected","selected_intercept","n_selected","kept","kept_intercept","n_kept","n_true_kept","n_spurious_selected","n_spurious_kept","success","max_rel_coef_err","int_mean","int_lo","int_hi","ols_int_true_support","ols_int_se","ols_int_t","sigma_true_support","rho1_true_support","sigma_kept","det_error_mean","det_error_sd","det_error_max","t_stan_s"
"rossler",3,1,61,3.69897000433602,5000,4,13,"smoothed",NA,NA,NA,"sg",5000,"x3;x1 x3",TRUE,2,"x3;x1 x3",TRUE,2,2,0,0,TRUE,9.77749959850028e-05,0.20012025563142,0.19877302479556,0.201420471487696,0.200128059793858,0.000812298379571155,246.372595128792,0.0545639399828838,0.690630800462477,0.0545639436430812,2.42713904077062e-05,0.00178060419489219,0.0563999385442557,5.96014738082886
"rossler",3,1,61,3.69897000433602,5000,4,13,"raw",13,4,6,"weak/raw/m=1w/p=4",829,"x3;x1 x3",TRUE,2,"x3;x1 x3",TRUE,2,2,0,0,TRUE,8.5735372135232e-05,0.200212812344771,0.199413846181175,0.201042788189958,0.2002243250194,0.000499601144193468,400.768347603832,0.0136611836201039,0.145308484012222,0.0136611854852379,1.2465071182338e-05,0.000369178233008221,0.00228298352738393,4.19642019271851
"rossler",3,1,61,3.69897000433602,5000,4,13,"raw",13,8,6,"weak/raw/m=1w/p=8",829,"x3;x1 x3",TRUE,2,"x3;x1 x3",TRUE,2,2,0,0,TRUE,4.7598723122988e-05,0.200220010927498,0.199006029645987,0.201449594694215,0.200221486325226,0.000739421546964714,270.781243996912,0.02022497807692,-0.262942845465939,0.0202249866273659,1.79645773783225e-08,1.05962806955672e-06,9.44694637788901e-06,3.58203458786011
"rossler",3,1,61,3.69897000433602,5000,4,13,"raw",26,4,13,"weak/raw/m=2w/p=4",381,"x3;x1 x3",TRUE,2,"x3;x1 x3",TRUE,2,2,0,0,TRUE,5.10425637433835e-05,0.200184681354321,0.199606084440401,0.200747949783133,0.200174408707609,0.000348267554871233,574.771912880661,0.00643631949677487,0.321096204980131,0.00643633857048501,7.2235762096043e-07,1.89949379544085e-05,0.000106410095493448,5.00317001342773
"rossler",3,1,61,3.69897000433602,5000,4,13,"raw",26,8,13,"weak/raw/m=2w/p=8",381,"x3;x1 x3",TRUE,2,"x3;x1 x3",TRUE,2,2,0,0,TRUE,3.8271794987123e-05,0.200171200436179,0.199396217172724,0.200945938446555,0.200174912847159,0.000463273100506277,432.088357015338,0.00857097301575055,-0.0854479637853862,0.00857097477717737,-8.10885542439722e-10,7.25494736864657e-07,6.22163775360063e-06,4.29790639877319
"rossler",3,1,61,3.69897000433602,5000,4,13,"smoothed",13,4,6,"weak/smoothed/m=1w/p=4",829,"x3;x1 x3",TRUE,2,"x3;x1 x3",TRUE,2,2,0,0,TRUE,8.39656294760684e-05,0.20023130304025,0.199467459830078,0.201005055346959,0.200223439789493,0.000498607898296509,401.564917991783,0.0136340242750298,0.149390378266181,0.0136340346032059,1.2465071182338e-05,0.000369178233008221,0.00228298352738393,4.3302526473999
"rossler",3,1,61,3.69897000433602,5000,4,13,"smoothed",13,8,6,"weak/smoothed/m=1w/p=8",829,"x3;x1 x3",TRUE,2,"x3;x1 x3",TRUE,2,2,0,0,TRUE,4.73765589846739e-05,0.200212375601551,0.199019475903396,0.201354854132072,0.200221857855399,0.00073111489647077,273.858266083632,0.0199977706724274,-0.250068355293206,0.0199977763953114,1.79645773783225e-08,1.05962806955672e-06,9.44694637788901e-06,3.85894322395325
"rossler",3,1,61,3.69897000433602,5000,4,13,"smoothed",26,4,13,"weak/smoothed/m=2w/p=4",381,"x3;x1 x3",TRUE,2,"x3;x1 x3",TRUE,2,2,0,0,TRUE,5.21663459359881e-05,0.200168184509356,0.199602797109724,0.200759115136347,0.200174354016076,0.000348313057592731,574.696669138751,0.00643716042597781,0.321187190377727,0.0064371764671159,7.2235762096043e-07,1.89949379544085e-05,0.000106410095493448,5.31951284408569
"rossler",3,1,61,3.69897000433602,5000,4,13,"smoothed",26,8,13,"weak/smoothed/m=2w/p=8",381,"x3;x1 x3",TRUE,2,"x3;x1 x3",TRUE,2,2,0,0,TRUE,3.96325458372896e-05,0.200185540341834,0.199406131343935,0.200900296366831,0.200174859182187,0.000463218331187519,432.139329782164,0.00856995972716987,-0.0851404670238464,0.0085699790987413,-8.10885542439722e-10,7.25494736864657e-07,6.22163775360063e-06,4.47455501556396
"rossler",3,2,61,3.69897000433602,5000,4,13,"smoothed",NA,NA,NA,"sg",5000,"x3;x1 x3",TRUE,2,"x3;x1 x3",TRUE,2,2,0,0,TRUE,0.00031354156898189,0.199855732560298,0.198522428070089,0.201231732846263,0.199883151121693,0.000812108011708869,246.128776270894,0.054369679805283,0.692025789383369,0.0543696818080601,0.000143996612669947,0.00466057118963823,0.246864037601358,3.99112129211426
"rossler",3,2,61,3.69897000433602,5000,4,13,"raw",13,4,6,"weak/raw/m=1w/p=4",829,"x3;x1 x3",TRUE,2,"x3;x1 x3",TRUE,2,2,0,0,TRUE,0.000191790145008364,0.199810640103426,0.19896644623005,0.200663338818706,0.199815187926613,0.000519050405365223,384.962974426376,0.0141339590171985,0.109074427829522,0.0141339654809171,-3.16015162364844e-06,0.000394115388559622,0.00303477914685574,2.6492817401886
"rossler",3,2,61,3.69897000433602,5000,4,13,"raw",13,8,6,"weak/raw/m=1w/p=8",829,"x3;x1 x3",TRUE,2,"x3;x1 x3",TRUE,2,2,0,0,TRUE,0.000235079122618997,0.199784735468162,0.198612002160755,0.201029844022113,0.199799896605956,0.00075248038963028,265.521732339264,0.0204975206264685,-0.232093042599573,0.0204975324319951,2.98534328800248e-08,1.00481547266416e-06,8.60379485062568e-06,2.77806830406189
"rossler",3,2,61,3.69897000433602,5000,4,13,"raw",26,4,13,"weak/raw/m=2w/p=4",381,"x3;x1 x3",TRUE,2,"x3;x1 x3",TRUE,2,2,0,0,TRUE,0.000213624668698564,0.199759775257993,0.199209620474299,0.200328193684357,0.199773749088029,0.000337759105097573,591.468138306199,0.0062132103144107,0.231842930949328,0.00621321265075237,-1.21476589780672e-07,2.00885475290356e-05,0.000138869045042622,2.99464273452759
"rossler",3,2,61,3.69897000433602,5000,4,13,"raw",26,8,13,"weak/raw/m=2w/p=8",381,"x3;x1 x3",TRUE,2,"x3;x1 x3",TRUE,2,2,0,0,TRUE,0.000230989994715047,0.199773852537346,0.199012204197971,0.200518034002166,0.199770665382266,0.000468640799499184,426.276725363545,0.00863174191097618,-0.161896388571052,0.00863175941394583,3.01370214150834e-08,6.40259221553344e-07,4.61785249744606e-06,5.0348072052002
"rossler",3,2,61,3.69897000433602,5000,4,13,"smoothed",13,4,6,"weak/smoothed/m=1w/p=4",829,"x3;x1 x3",TRUE,2,"x3;x1 x3",TRUE,2,2,0,0,TRUE,0.000191658128577799,0.199824614706688,0.198995534734082,0.200669488199566,0.199811144109472,0.000518124841716475,385.642856743803,0.0141087552689393,0.112211463428845,0.014108756311231,-3.16015162364844e-06,0.000394115388559622,0.00303477914685574,2.50698232650757
"rossler",3,2,61,3.69897000433602,5000,4,13,"smoothed",13,8,6,"weak/smoothed/m=1w/p=8",829,"x3;x1 x3",TRUE,2,"x3;x1 x3",TRUE,2,2,0,0,TRUE,0.000235940480669772,0.199799014916411,0.198609174153677,0.201032474768328,0.199803807895591,0.000744957069874198,268.20848606663,0.0202925858239678,-0.222966481619711,0.0202925887968408,2.98534328800248e-08,1.00481547266416e-06,8.60379485062568e-06,4.15402054786682
"rossler",3,2,61,3.69897000433602,5000,4,13,"smoothed",26,4,13,"weak/smoothed/m=2w/p=4",381,"x3;x1 x3",TRUE,2,"x3;x1 x3",TRUE,2,2,0,0,TRUE,0.000215043468875686,0.199791572734949,0.199235033076038,0.200328757675625,0.199773895433356,0.000337758071411771,591.470381739023,0.00621319126675693,0.231844220418459,0.00621319804535624,-1.21476589780672e-07,2.00885475290356e-05,0.000138869045042622,3.48643159866333
"rossler",3,2,61,3.69897000433602,5000,4,13,"smoothed",26,8,13,"weak/smoothed/m=2w/p=8",381,"x3;x1 x3",TRUE,2,"x3;x1 x3",TRUE,2,2,0,0,TRUE,0.000231961616740328,0.199769527909974,0.199003211174032,0.200551059314133,0.199770600240169,0.00046859086881478,426.322008248805,0.00863082220504345,-0.161648702700371,0.00863082506229223,3.01370214150834e-08,6.40259221553344e-07,4.61785249744606e-06,4.78601574897766
"rossler",3,3,61,3.69897000433602,5000,4,13,"smoothed",NA,NA,NA,"sg",5000,"x3;x1 x3",TRUE,2,"x3;x1 x3",TRUE,2,2,0,0,TRUE,6.81175444356974e-05,0.19978662126311,0.198664073321758,0.200901825747011,0.199780442418102,0.00067099297523902,297.738500685401,0.0459074942288538,0.680999910377025,0.0459074980424598,2.18545662244528e-06,0.00134559573339753,0.0181949349550152,5.56804847717285
"rossler",3,3,61,3.69897000433602,5000,4,13,"raw",13,4,6,"weak/raw/m=1w/p=4",829,"x3;x1 x3",TRUE,2,"x3;x1 x3",TRUE,2,2,0,0,TRUE,9.76221635022711e-05,0.199885823461748,0.199233460577204,0.200513309807201,0.199877742717296,0.000403932218290313,494.829908748801,0.0112476619352577,0.129337054980525,0.0112476741308812,-9.77044014760663e-06,0.00032723408746856,0.00245887305143527,4.40602397918701
"rossler",3,3,61,3.69897000433602,5000,4,13,"raw",13,8,6,"weak/raw/m=1w/p=8",829,"x3;x1 x3",TRUE,2,"x3;x1 x3",TRUE,2,2,0,0,TRUE,4.39470688177355e-05,0.199901761903548,0.198931134803279,0.200848851834513,0.199868377800575,0.000615716189381853,324.611210891227,0.0171480174627579,-0.298262052110912,0.0171480269097046,-3.4616153493442e-10,9.44691715911594e-07,1.16947738028617e-05,3.56920576095581
"rossler",3,3,61,3.69897000433602,5000,4,13,"raw",26,4,13,"weak/raw/m=2w/p=4",381,"x3;x1 x3",TRUE,2,"x3;x1 x3",TRUE,2,2,0,0,TRUE,6.90650456486795e-05,0.199860154501208,0.199419363090782,0.200276772003953,0.19985939801072,0.000268975972854994,743.038108160185,0.00506841862868538,0.185923536172342,0.00506842013906544,-5.40241250534813e-07,1.68793130161217e-05,0.000114733878081086,5.3617889881134
"rossler",3,3,61,3.69897000433602,5000,4,13,"raw",26,8,13,"weak/raw/m=2w/p=8",381,"x3;x1 x3",TRUE,2,"x3;x1 x3",TRUE,2,2,0,0,TRUE,7.10353929993757e-05,0.19986332436047,0.199250908364681,0.200445828188132,0.199866824038316,0.000360777295536575,553.989473592176,0.0068030922962244,-0.127536062469284,0.00680310226986789,8.32087872627268e-09,4.6788850356354e-07,4.79584440710168e-06,4.50904822349548
"rossler",3,3,61,3.69897000433602,5000,4,13,"smoothed",13,4,6,"weak/smoothed/m=1w/p=4",829,"x3;x1 x3",TRUE,2,"x3;x1 x3",TRUE,2,2,0,0,TRUE,9.34214136839448e-05,0.199863415098743,0.199224639433871,0.20054962168572,0.199877922703897,0.00040303634113893,495.930273034604,0.0112227156418516,0.132592295302275,0.0112227297711247,-9.77044014760663e-06,0.00032723408746856,0.00245887305143527,4.55866956710815
"rossler",3,3,61,3.69897000433602,5000,4,13,"smoothed",13,8,6,"weak/smoothed/m=1w/p=8",829,"x3;x1 x3",TRUE,2,"x3;x1 x3",TRUE,2,2,0,0,TRUE,4.77112901610959e-05,0.199880873537819,0.198842765033805,0.200886608276129,0.199868627459447,0.000607787812020163,328.846060264229,0.0169272082148406,-0.285933252452368,0.0169272117765564,-3.4616153493442e-10,9.44691715911594e-07,1.16947738028617e-05,3.62953925132751
"rossler",3,3,61,3.69897000433602,5000,4,13,"smoothed",26,4,13,"weak/smoothed/m=2w/p=4",381,"x3;x1 x3",TRUE,2,"x3;x1 x3",TRUE,2,2,0,0,TRUE,6.9125672420898e-05,0.1998647833638,0.199427205269841,0.200304007877488,0.199859478678793,0.000269002911271014,742.963998919102,0.00506892622771521,0.185934592298475,0.00506892789944338,-5.40241250534813e-07,1.68793130161217e-05,0.000114733878081086,5.67352485656738
"rossler",3,3,61,3.69897000433602,5000,4,13,"smoothed",26,8,13,"weak/smoothed/m=2w/p=8",381,"x3;x1 x3",TRUE,2,"x3;x1 x3",TRUE,2,2,0,0,TRUE,6.9273065781105e-05,0.199852040726191,0.199294748150843,0.200451744631085,0.199866919315135,0.000360744037835037,554.040811082042,0.00680246514793871,-0.127410376215422,0.00680247683184309,8.32087872627268e-09,4.6788850356354e-07,4.79584440710168e-06,4.66468572616577
"rossler",3,4,61,3.69897000433602,5000,4,13,"smoothed",NA,NA,NA,"sg",5000,"x3;x1 x3",TRUE,2,"x3;x1 x3",TRUE,2,2,0,0,TRUE,8.45314443833544e-05,0.1998473966777,0.198493812564031,0.201141578784549,0.199823432308869,0.000802765752423602,248.918730906979,0.0538878908084797,0.675123839677773,0.0538878921307674,1.58321061078535e-05,0.00438942111593283,0.267209569187298,4.14666080474854
"rossler",3,4,61,3.69897000433602,5000,4,13,"raw",13,4,6,"weak/raw/m=1w/p=4",829,"x3;x1 x3",TRUE,2,"x3;x1 x3",TRUE,2,2,0,0,TRUE,5.54824367253737e-05,0.199812129352097,0.198972677267072,0.200653760448035,0.199804925515553,0.000520297385652162,384.020621716385,0.0142040398081814,0.152857056107701,0.0142040464324374,-6.41736949955887e-06,0.000409179578348546,0.00294583252437236,2.74607038497925
"rossler",3,4,61,3.69897000433602,5000,4,13,"raw",13,8,6,"weak/raw/m=1w/p=8",829,"x3;x1 x3",TRUE,2,"x3;x1 x3",TRUE,2,2,0,0,TRUE,4.83981467757214e-05,0.199788772805578,0.198534860782318,0.201018128728686,0.199774419072086,0.000755758965004029,264.336155206602,0.0206390002724553,-0.22220656349875,0.0206390038869093,2.2901791038678e-08,1.11202931585062e-06,9.22181352508433e-06,2.23604822158813
"rossler",3,4,61,3.69897000433602,5000,4,13,"raw",26,4,13,"weak/raw/m=2w/p=4",381,"x3;x1 x3",TRUE,2,"x3;x1 x3",TRUE,2,2,0,0,TRUE,6.3671051078691e-05,0.199836597221102,0.199226752223239,0.200401358825409,0.199825034829495,0.000354764402161673,563.261233686097,0.00654563272806371,0.205006826041689,0.00654564032302633,-2.75491617757734e-07,2.09805351593502e-05,0.000112957055993956,2.85308194160461
"rossler",3,4,61,3.69897000433602,5000,4,13,"raw",26,8,13,"weak/raw/m=2w/p=8",381,"x3;x1 x3",TRUE,2,"x3;x1 x3",TRUE,2,2,0,0,TRUE,6.43830389168904e-05,0.199799352261212,0.199031075240541,0.200520928695861,0.199797474048876,0.000479781229780589,416.434536507914,0.00886283504797392,-0.125514822376699,0.00886283548884334,2.63008234212288e-08,7.58844998125421e-07,6.81796982321403e-06,2.91378355026245
"rossler",3,4,61,3.69897000433602,5000,4,13,"smoothed",13,4,6,"weak/smoothed/m=1w/p=4",829,"x3;x1 x3",TRUE,2,"x3;x1 x3",TRUE,2,2,0,0,TRUE,5.56873875190433e-05,0.199805905702684,0.198909292781657,0.200664344626527,0.199800022042117,0.000518843018257562,385.08761804892,0.0141643359522293,0.155179768334231,0.0141643389550142,-6.41736949955887e-06,0.000409179578348546,0.00294583252437236,2.66205167770386
"rossler",3,4,61,3.69897000433602,5000,4,13,"smoothed",13,8,6,"weak/smoothed/m=1w/p=8",829,"x3;x1 x3",TRUE,2,"x3;x1 x3",TRUE,2,2,0,0,TRUE,4.64854576660918e-05,0.199785379608786,0.198510978914566,0.201039733234261,0.199777329027512,0.000747678129353876,267.196967764932,0.0204183206726668,-0.211337390188451,0.0204183259973207,2.2901791038678e-08,1.11202931585062e-06,9.22181352508433e-06,2.17294383049011
"rossler",3,4,61,3.69897000433602,5000,4,13,"smoothed",26,4,13,"weak/smoothed/m=2w/p=4",381,"x3;x1 x3",TRUE,2,"x3;x1 x3",TRUE,2,2,0,0,TRUE,6.18664740416501e-05,0.199819563983613,0.199255961156424,0.200401883930494,0.199824576091292,0.000354719686824505,563.330944160858,0.00654480767952501,0.205174870240953,0.00654481347062319,-2.75491617757734e-07,2.09805351593502e-05,0.000112957055993956,3.10078907012939
"rossler",3,4,61,3.69897000433602,5000,4,13,"smoothed",26,8,13,"weak/smoothed/m=2w/p=8",381,"x3;x1 x3",TRUE,2,"x3;x1 x3",TRUE,2,2,0,0,TRUE,6.53723046508603e-05,0.199769704826082,0.19897833052401,0.200575547576352,0.199797360420612,0.000479655998950271,416.543024287967,0.00886052166521981,-0.125391494973968,0.0088605233272939,2.63008234212288e-08,7.58844998125421e-07,6.81796982321403e-06,2.37843942642212
"rossler",3,5,61,3.69897000433602,5000,4,13,"smoothed",NA,NA,NA,"sg",5000,"x3;x1 x3",TRUE,2,"x3;x1 x3",TRUE,2,2,0,0,TRUE,0.000169645859391154,0.199732742198968,0.198432111017418,0.201042353403754,0.199759645269586,0.000802576888655911,248.897829096633,0.0544931894350038,0.684714791302084,0.0544932072534788,-5.95053417459978e-06,0.00300687783608624,0.156855612954172,4.15281677246094
"rossler",3,5,61,3.69897000433602,5000,4,13,"raw",13,4,6,"weak/raw/m=1w/p=4",829,"x3;x1 x3",TRUE,2,"x3;x1 x3",TRUE,2,2,0,0,TRUE,5.23776060250558e-05,0.199723074754647,0.198951579498481,0.200531299567282,0.199740384995029,0.000516984785326263,386.356408668728,0.0142811730258401,0.104191457646464,0.0142811879070036,-6.22980055082497e-06,0.000428324617476296,0.00247019510410668,2.67280673980713
"rossler",3,5,61,3.69897000433602,5000,4,13,"raw",13,8,6,"weak/raw/m=1w/p=8",829,"x3;x1 x3",TRUE,2,"x3;x1 x3",TRUE,2,2,0,0,TRUE,8.33882304286635e-05,0.199740412812887,0.198551836832808,0.200947459781706,0.199718074394916,0.000755349272787735,264.404933704146,0.0208714781456599,-0.246599974970189,0.0208714792517928,4.50496066424618e-08,1.16505462704443e-06,1.00994808935329e-05,2.39729619026184
"rossler",3,5,61,3.69897000433602,5000,4,13,"raw",26,4,13,"weak/raw/m=2w/p=4",381,"x3;x1 x3",TRUE,2,"x3;x1 x3",TRUE,2,2,0,0,TRUE,0.000111206417287266,0.199714688082637,0.199183967806301,0.200275657928133,0.199724627397209,0.00032897548549501,607.110973927686,0.00614423375464862,0.194383097388955,0.00614426173225204,-2.39115727697996e-07,2.17276856191356e-05,0.000115334898876551,3.2118284702301
"rossler",3,5,61,3.69897000433602,5000,4,13,"raw",26,8,13,"weak/raw/m=2w/p=8",381,"x3;x1 x3",TRUE,2,"x3;x1 x3",TRUE,2,2,0,0,TRUE,0.000105743669923722,0.199726931372818,0.198932519941879,0.200480950081097,0.199728624846719,0.000470131972917593,424.835230004084,0.0087893006958113,-0.200492354063132,0.00878930252410016,4.74803911077196e-08,7.38798163575725e-07,5.94701725448177e-06,2.86563348770142
"rossler",3,5,61,3.69897000433602,5000,4,13,"smoothed",13,4,6,"weak/smoothed/m=1w/p=4",829,"x3;x1 x3",TRUE,2,"x3;x1 x3",TRUE,2,2,0,0,TRUE,5.03689860298362e-05,0.199704414526637,0.198868539249654,0.200543519154887,0.199735274482183,0.000515544573583916,387.425810912298,0.0142413886621649,0.106326603794938,0.0142414185671758,-6.22980055082497e-06,0.000428324617476296,0.00247019510410668,2.91726446151733
"rossler",3,5,61,3.69897000433602,5000,4,13,"smoothed",13,8,6,"weak/smoothed/m=1w/p=8",829,"x3;x1 x3",TRUE,2,"x3;x1 x3",TRUE,2,2,0,0,TRUE,8.13534022808133e-05,0.199732622412784,0.198494366045924,0.200947778498449,0.199721425552477,0.000747629633760319,267.139525419756,0.0206581724223208,-0.235827675939514,0.0206581761454701,4.50496066424618e-08,1.16505462704443e-06,1.00994808935329e-05,2.42022180557251
"rossler",3,5,61,3.69897000433602,5000,4,13,"smoothed",26,4,13,"weak/smoothed/m=2w/p=4",381,"x3;x1 x3",TRUE,2,"x3;x1 x3",TRUE,2,2,0,0,TRUE,0.000111463491826856,0.19972453988187,0.199201153571448,0.200283250306496,0.199724848097236,0.000328929929189444,607.195728857517,0.00614338288784147,0.194521358689091,0.00614339655917958,-2.39115727697996e-07,2.17276856191356e-05,0.000115334898876551,3.14383149147034
"rossler",3,5,61,3.69897000433602,5000,4,13,"smoothed",26,8,13,"weak/smoothed/m=2w/p=8",381,"x3;x1 x3",TRUE,2,"x3;x1 x3",TRUE,2,2,0,0,TRUE,0.000105249876618218,0.199719027825513,0.198970253378897,0.200453562178279,0.199728665711763,0.000469931621043965,425.016442324229,0.00878555501363358,-0.200291240420432,0.00878556844327627,4.74803911077196e-08,7.38798163575725e-07,5.94701725448177e-06,2.55949020385742
"rossler",3,6,61,3.69897000433602,5000,4,13,"smoothed",NA,NA,NA,"sg",5000,"x3;x1 x3",TRUE,2,"x3;x1 x3",TRUE,2,2,0,0,TRUE,7.83537414368318e-05,0.199770210974323,0.198289607228942,0.201179282347286,0.199757657073275,0.000861568595736643,231.853456662359,0.0581791307706234,0.703313699073095,0.0581791357370096,-1.58246077023492e-06,0.00177549465001949,0.016875911241523,3.91973829269409
"rossler",3,6,61,3.69897000433602,5000,4,13,"raw",13,4,6,"weak/raw/m=1w/p=4",829,"x3;x1 x3",TRUE,2,"x3;x1 x3",TRUE,2,2,0,0,TRUE,0.00010136270232084,0.199803837897401,0.198946801631504,0.200698679583338,0.199816845885581,0.000545714645818317,366.156282256176,0.0149961730058529,0.117268180134689,0.0149961888384094,-3.53781137785089e-06,0.000414071102295881,0.00237562931577601,2.61991548538208
"rossler",3,6,61,3.69897000433602,5000,4,13,"raw",13,8,6,"weak/raw/m=1w/p=8",829,"x3;x1 x3",TRUE,2,"x3;x1 x3",TRUE,2,2,0,0,TRUE,6.1714671634748e-05,0.19978329901024,0.198496845701628,0.201100799573555,0.199788177522708,0.000819615984467181,243.75827376352,0.0225289553296882,-0.265878925598085,0.0225289988953193,6.88947184551669e-10,1.16528713917121e-06,1.13766165796281e-05,2.05470943450928
"rossler",3,6,61,3.69897000433602,5000,4,13,"raw",26,4,13,"weak/raw/m=2w/p=4",381,"x3;x1 x3",TRUE,2,"x3;x1 x3",TRUE,2,2,0,0,TRUE,6.38769137634068e-05,0.199818124755302,0.199209612532324,0.200459158870786,0.199828304392858,0.00036455250535148,548.146841564553,0.00677756484671017,0.263188471151182,0.00677757242879889,1.72506649870297e-08,2.08824890822933e-05,0.000110847977229878,2.85507321357727
"rossler",3,6,61,3.69897000433602,5000,4,13,"raw",26,8,13,"weak/raw/m=2w/p=8",381,"x3;x1 x3",TRUE,2,"x3;x1 x3",TRUE,2,2,0,0,TRUE,5.65987414208616e-05,0.199821608531245,0.199009299971424,0.200644250170211,0.199840306360749,0.000495370727381007,403.41565481128,0.00921862288565031,-0.153166348166124,0.00921864145431046,5.09511890348521e-09,7.65534608925472e-07,6.56121752201644e-06,2.64600038528442
"rossler",3,6,61,3.69897000433602,5000,4,13,"smoothed",13,4,6,"weak/smoothed/m=1w/p=4",829,"x3;x1 x3",TRUE,2,"x3;x1 x3",TRUE,2,2,0,0,TRUE,0.000100747520469961,0.19980094924803,0.19893869259261,0.200726283277648,0.199811372116296,0.000544743769813481,366.798820268675,0.0149694933660074,0.119866768330879,0.0149694937355085,-3.53781137785089e-06,0.000414071102295881,0.00237562931577601,2.53096389770508
"rossler",3,6,61,3.69897000433602,5000,4,13,"smoothed",13,8,6,"weak/smoothed/m=1w/p=8",829,"x3;x1 x3",TRUE,2,"x3;x1 x3",TRUE,2,2,0,0,TRUE,5.82126902259504e-05,0.199793670421127,0.198463714102746,0.201079987584552,0.199791379773808,0.000809373540730057,246.846937439536,0.0222474191688934,-0.255323236733498,0.0222474217420953,6.88947184551669e-10,1.16528713917121e-06,1.13766165796281e-05,2.14227247238159
"rossler",3,6,61,3.69897000433602,5000,4,13,"smoothed",26,4,13,"weak/smoothed/m=2w/p=4",381,"x3;x1 x3",TRUE,2,"x3;x1 x3",TRUE,2,2,0,0,TRUE,6.26852499207156e-05,0.199839902496886,0.199228827005614,0.20042867394854,0.19982831162431,0.00036454083772091,548.164405594791,0.00677734791705768,0.263176683004604,0.00677738138447509,1.72506649870297e-08,2.08824890822933e-05,0.000110847977229878,3.10221242904663
"rossler",3,6,61,3.69897000433602,5000,4,13,"smoothed",26,8,13,"weak/smoothed/m=2w/p=8",381,"x3;x1 x3",TRUE,2,"x3;x1 x3",TRUE,2,2,0,0,TRUE,5.58451067229782e-05,0.199820732691534,0.198958378802142,0.200651653728407,0.19984004908906,0.000495293144390214,403.478326628355,0.0092171790817248,-0.152878445138073,0.00921720135159565,5.09511890348521e-09,7.65534608925472e-07,6.56121752201644e-06,2.96652340888977
"rossler",3,7,61,3.69897000433602,5000,4,13,"smoothed",NA,NA,NA,"sg",5000,"x3;x1 x3",TRUE,2,"x3;x1 x3",TRUE,2,2,0,0,TRUE,0.000264759598720332,0.199811126025078,0.198644645969158,0.200946525039467,0.199791398174481,0.000693481017228779,288.099303673614,0.0468332649823153,0.691020059655787,0.0468332775257579,-1.49593619546963e-05,0.00185579516099558,0.0821737000757963,3.90128946304321
"rossler",3,7,61,3.69897000433602,5000,4,13,"raw",13,4,6,"weak/raw/m=1w/p=4",829,"x3;x1 x3",TRUE,2,"x3;x1 x3",TRUE,2,2,0,0,TRUE,0.000126278978009758,0.199922878934931,0.199158068840838,0.200656151634834,0.199922452022459,0.000449703968370091,444.564571549277,0.0123561968927633,0.14921757190711,0.0123562101983087,-4.7081092070921e-06,0.000342918171397579,0.00247209006589061,2.42892909049988
"rossler",3,7,61,3.69897000433602,5000,4,13,"raw",13,8,6,"weak/raw/m=1w/p=8",829,"x3;x1 x3",TRUE,2,"x3;x1 x3",TRUE,2,2,0,0,TRUE,0.000174630475012624,0.199896751247266,0.198803029706598,0.201006752021325,0.199882449786975,0.000667542033041771,299.430507583434,0.0183467228577549,-0.252887271386323,0.0183467294521678,2.95065782149439e-08,1.02377406647657e-06,1.17104460343742e-05,2.04225015640259
"rossler",3,7,61,3.69897000433602,5000,4,13,"raw",26,4,13,"weak/raw/m=2w/p=4",381,"x3;x1 x3",TRUE,2,"x3;x1 x3",TRUE,2,2,0,0,TRUE,0.000170139866453935,0.199914995540566,0.199437297958036,0.200383435699987,0.199908830651983,0.000308420666697658,648.169374615715,0.00572922935430779,0.249799722712258,0.00572929220294897,-1.81935074593741e-07,1.76621505151231e-05,0.000116832875643513,2.86807489395142
"rossler",3,7,61,3.69897000433602,5000,4,13,"raw",26,8,13,"weak/raw/m=2w/p=8",381,"x3;x1 x3",TRUE,2,"x3;x1 x3",TRUE,2,2,0,0,TRUE,0.000180584901110075,0.199906136104784,0.199248728246842,0.200594152298558,0.199907419671187,0.000417613363785998,478.690188117706,0.00776557774111254,-0.109919785604568,0.00776558713680678,3.12406537609913e-08,6.63684481694726e-07,6.69577774486951e-06,2.60867023468018
"rossler",3,7,61,3.69897000433602,5000,4,13,"smoothed",13,4,6,"weak/smoothed/m=1w/p=4",829,"x3;x1 x3",TRUE,2,"x3;x1 x3",TRUE,2,2,0,0,TRUE,0.000130121928489078,0.199897935447811,0.199150367856961,0.200643906242121,0.19991100947617,0.000448868074052123,445.36695976501,0.0123332296500169,0.152404590862783,0.0123332308726039,-4.7081092070921e-06,0.000342918171397579,0.00247209006589061,2.46931290626526
"rossler",3,7,61,3.69897000433602,5000,4,13,"smoothed",13,8,6,"weak/smoothed/m=1w/p=8",829,"x3;x1 x3",TRUE,2,"x3;x1 x3",TRUE,2,2,0,0,TRUE,0.000175084571684,0.199906528841934,0.198824835828464,0.200929303607932,0.199890242114255,0.000659638823771487,303.02983225181,0.0181295109715674,-0.241861763220482,0.0181295204157914,2.95065782149439e-08,1.02377406647657e-06,1.17104460343742e-05,2.07455682754517
"rossler",3,7,61,3.69897000433602,5000,4,13,"smoothed",26,4,13,"weak/smoothed/m=2w/p=4",381,"x3;x1 x3",TRUE,2,"x3;x1 x3",TRUE,2,2,0,0,TRUE,0.000170288856483761,0.199920430975872,0.19938852059293,0.200442740936209,0.199908725424128,0.00030845575439446,648.095302409176,0.00572988113488349,0.249730651082745,0.00572992456988841,-1.81935074593741e-07,1.76621505151231e-05,0.000116832875643513,2.88265872001648
"rossler",3,7,61,3.69897000433602,5000,4,13,"smoothed",26,8,13,"weak/smoothed/m=2w/p=8",381,"x3;x1 x3",TRUE,2,"x3;x1 x3",TRUE,2,2,0,0,TRUE,0.000183498309324635,0.19991710037759,0.199209744265047,0.200600949982194,0.199907460845083,0.000417588447707652,478.718848527714,0.00776511440659716,-0.109888892581431,0.0077651192528527,3.12406537609913e-08,6.63684481694726e-07,6.69577774486951e-06,2.62539958953857
"rossler",3,8,61,3.69897000433602,5000,4,13,"smoothed",NA,NA,NA,"sg",5000,"x3;x1 x3",TRUE,2,"x3;x1 x3",TRUE,2,2,0,0,TRUE,0.000214296508229017,0.20032336454269,0.199389439381829,0.201304702695583,0.200333178997913,0.000576985547332622,347.206580691742,0.0384937324952705,0.691203919227682,0.0384937339233344,4.28375063955632e-06,0.000707662762627598,0.0249266712934741,4.84715580940247
"rossler",3,8,61,3.69897000433602,5000,4,13,"raw",13,4,6,"weak/raw/m=1w/p=4",829,"x3;x1 x3",TRUE,2,"x3;x1 x3",TRUE,2,2,0,0,TRUE,0.000111636832133666,0.200451502342005,0.199855052625871,0.201044890275041,0.200446129121864,0.00035678161366327,561.817429614084,0.00966911580267319,0.100043253452588,0.00966911958020946,-1.07448345535881e-05,0.000249941577263084,0.00172536785777738,4.20436310768127
"rossler",3,8,61,3.69897000433602,5000,4,13,"raw",13,8,6,"weak/raw/m=1w/p=8",829,"x3;x1 x3",TRUE,2,"x3;x1 x3",TRUE,2,2,0,0,TRUE,0.000153900126752426,0.2004141939598,0.199534465430819,0.201308948717405,0.200425139417591,0.000537935698109079,372.581964948811,0.0145823502624436,-0.286813571510454,0.0145823654255566,2.10881551461254e-08,6.75549226086233e-07,7.54261672958334e-06,3.60787773132324
"rossler",3,8,61,3.69897000433602,5000,4,13,"raw",26,4,13,"weak/raw/m=2w/p=4",381,"x3;x1 x3",TRUE,2,"x3;x1 x3",TRUE,2,2,0,0,TRUE,0.000155834801077281,0.200408364554369,0.200025628869104,0.200797093351313,0.200404365269276,0.000231879221580894,864.261851074753,0.0042462676001302,0.245361134300797,0.00424626833077868,-4.87163030852109e-07,1.31774585578811e-05,8.34238024552403e-05,4.80105686187744
"rossler",3,8,61,3.69897000433602,5000,4,13,"raw",26,8,13,"weak/raw/m=2w/p=8",381,"x3;x1 x3",TRUE,2,"x3;x1 x3",TRUE,2,2,0,0,TRUE,0.000167965344577303,0.200409443306352,0.199898527099334,0.200931604574147,0.200394434999513,0.00032161372831804,623.090426044703,0.00589574058810825,-0.140944772360823,0.00589577346197671,2.88583639981861e-08,4.57679463314856e-07,3.21353851545636e-06,4.31060314178467
"rossler",3,8,61,3.69897000433602,5000,4,13,"smoothed",13,4,6,"weak/smoothed/m=1w/p=4",829,"x3;x1 x3",TRUE,2,"x3;x1 x3",TRUE,2,2,0,0,TRUE,0.000111183925848413,0.200433669755625,0.199848521274974,0.201019390783769,0.200438919963813,0.000356095644022066,562.879449183581,0.00965052549272867,0.103344228333304,0.00965052907111392,-1.07448345535881e-05,0.000249941577263084,0.00172536785777738,3.81797528266907
"rossler",3,8,61,3.69897000433602,5000,4,13,"smoothed",13,8,6,"weak/smoothed/m=1w/p=8",829,"x3;x1 x3",TRUE,2,"x3;x1 x3",TRUE,2,2,0,0,TRUE,0.000154993721038998,0.200421931146843,0.199549074201753,0.20132458718301,0.200430689227607,0.000531501993537879,377.102422313534,0.0144079453886427,-0.276158551366237,0.0144079498017654,2.10881551461254e-08,6.75549226086233e-07,7.54261672958334e-06,3.35298156738281
"rossler",3,8,61,3.69897000433602,5000,4,13,"smoothed",26,4,13,"weak/smoothed/m=2w/p=4",381,"x3;x1 x3",TRUE,2,"x3;x1 x3",TRUE,2,2,0,0,TRUE,0.000156209641526184,0.200395039626741,0.200022380860319,0.200793308428999,0.200404343126291,0.000231917957556134,864.117402714638,0.0042469769419351,0.245362118334804,0.00424698725818218,-4.87163030852109e-07,1.31774585578811e-05,8.34238024552403e-05,4.95883846282959
"rossler",3,8,61,3.69897000433602,5000,4,13,"smoothed",26,8,13,"weak/smoothed/m=2w/p=8",381,"x3;x1 x3",TRUE,2,"x3;x1 x3",TRUE,2,2,0,0,TRUE,0.000169282673608828,0.200390856293159,0.199876455562438,0.200916426440143,0.200394489683392,0.000321548049100892,623.217868196469,0.00589453656101997,-0.140793478173716,0.00589454756766131,2.88583639981861e-08,4.57679463314856e-07,3.21353851545636e-06,4.04981803894043
"rossler",3,9,61,3.69897000433602,5000,4,13,"smoothed",NA,NA,NA,"sg",5000,"x3;x1 x3",TRUE,2,"x3;x1 x3",TRUE,2,2,0,0,TRUE,0.000112192435097747,0.200143912922023,0.199049819496923,0.201216855386565,0.200146683244084,0.000649532896199831,308.139409743626,0.0418120792586753,0.694668330115553,0.0418120864665339,-2.11842303478105e-05,0.0016704806425167,0.101197599099746,5.7254753112793
"rossler",3,9,61,3.69897000433602,5000,4,13,"raw",13,4,6,"weak/raw/m=1w/p=4",829,"x3;x1 x3",TRUE,2,"x3;x1 x3",TRUE,2,2,0,0,TRUE,7.20153333531037e-05,0.200139517559976,0.199464106657743,0.200796246190227,0.200139194407709,0.000424063360863677,471.955874707242,0.0111061589358589,0.132722903261297,0.0111061589533119,-1.78176300941479e-06,0.000277110490781143,0.00229322845660535,4.08282017707825
"rossler",3,9,61,3.69897000433602,5000,4,13,"raw",13,8,6,"weak/raw/m=1w/p=8",829,"x3;x1 x3",TRUE,2,"x3;x1 x3",TRUE,2,2,0,0,TRUE,0.000129469633542323,0.200163650080719,0.199148824261046,0.201193355182158,0.20012955560318,0.000621403436998063,322.060586870884,0.0162810909581149,-0.244297129526803,0.0162811140346523,2.13497738388583e-08,8.78192326950156e-07,7.93571488061362e-06,1.82267475128174
"rossler",3,9,61,3.69897000433602,5000,4,13,"raw",26,4,13,"weak/raw/m=2w/p=4",381,"x3;x1 x3",TRUE,2,"x3;x1 x3",TRUE,2,2,0,0,TRUE,8.24936646459662e-05,0.200140123955847,0.199697423965194,0.200598785540648,0.200141287736014,0.000278565768946419,718.470501573044,0.0049348838276954,0.223529955199146,0.00493489588878568,1.1676516587393e-08,1.47164299971018e-05,8.36512162180614e-05,3.39126706123352
"rossler",3,9,61,3.69897000433602,5000,4,13,"raw",26,8,13,"weak/raw/m=2w/p=8",381,"x3;x1 x3",TRUE,2,"x3;x1 x3",TRUE,2,2,0,0,TRUE,0.000107444983126426,0.200128031416427,0.199497455549534,0.20076162395548,0.200131384771172,0.00037549187499856,532.98459459859,0.0066627320087897,-0.135867231885627,0.00666274385807045,1.93030973091875e-08,6.34548026225444e-07,4.73423052865796e-06,2.40793442726135
"rossler",3,9,61,3.69897000433602,5000,4,13,"smoothed",13,4,6,"weak/smoothed/m=1w/p=4",829,"x3;x1 x3",TRUE,2,"x3;x1 x3",TRUE,2,2,0,0,TRUE,7.4062209647785e-05,0.200137534245778,0.199437297460838,0.200854149325943,0.200140746467524,0.000423182749710607,472.94164661577,0.0110830960067918,0.135613544242018,0.0110831191125605,-1.78176300941479e-06,0.000277110490781143,0.00229322845660535,3.92741823196411
"rossler",3,9,61,3.69897000433602,5000,4,13,"smoothed",13,8,6,"weak/smoothed/m=1w/p=8",829,"x3;x1 x3",TRUE,2,"x3;x1 x3",TRUE,2,2,0,0,TRUE,0.000129638144682254,0.200128554770333,0.199162527059784,0.201194032807433,0.200128990336541,0.000614909791562762,325.460731122728,0.0161109539183361,-0.233344171958042,0.016110954128393,2.13497738388583e-08,8.78192326950156e-07,7.93571488061362e-06,2.09757328033447
"rossler",3,9,61,3.69897000433602,5000,4,13,"smoothed",26,4,13,"weak/smoothed/m=2w/p=4",381,"x3;x1 x3",TRUE,2,"x3;x1 x3",TRUE,2,2,0,0,TRUE,8.44236565560319e-05,0.200141447994488,0.199690741428225,0.200597311643952,0.200141052836039,0.00027855611049332,718.494570022505,0.00493471271330128,0.223615138708472,0.00493473108064488,1.1676516587393e-08,1.47164299971018e-05,8.36512162180614e-05,2.87768697738647
"rossler",3,9,61,3.69897000433602,5000,4,13,"smoothed",26,8,13,"weak/smoothed/m=2w/p=8",381,"x3;x1 x3",TRUE,2,"x3;x1 x3",TRUE,2,2,0,0,TRUE,0.000108065787583045,0.200140386338584,0.199522365897112,0.20076169453016,0.200131450391625,0.000375446164887702,533.049659600292,0.00666192090999188,-0.135720363586681,0.00666192189584018,1.93030973091875e-08,6.34548026225444e-07,4.73423052865796e-06,2.44996404647827
"rossler",3,10,61,3.69897000433602,5000,4,13,"smoothed",NA,NA,NA,"sg",5000,"x3;x1 x3",TRUE,2,"x3;x1 x3",TRUE,2,2,0,0,TRUE,0.000165801558512899,0.199705676854131,0.198460775275811,0.200943248272574,0.199746656671588,0.000731425513162929,273.092274027763,0.0490923867851022,0.686975387963199,0.0490923868146068,-3.4762390602992e-07,0.00135596803645821,0.0181977549262299,3.75630164146423
"rossler",3,10,61,3.69897000433602,5000,4,13,"raw",13,4,6,"weak/raw/m=1w/p=4",829,"x3;x1 x3",TRUE,2,"x3;x1 x3",TRUE,2,2,0,0,TRUE,6.13005169020952e-05,0.199870801728619,0.199050340898786,0.200636015129693,0.199851196124225,0.000491306786152543,406.774752063316,0.0134143540588525,0.162988948102257,0.0134143651009996,-5.79816795755963e-06,0.000346278199045694,0.00244916356134867,2.71942043304443
"rossler",3,10,61,3.69897000433602,5000,4,13,"raw",13,8,6,"weak/raw/m=1w/p=8",829,"x3;x1 x3",TRUE,2,"x3;x1 x3",TRUE,2,2,0,0,TRUE,0.000104460146607864,0.199813465299586,0.198684494061884,0.200914027465664,0.199810027436802,0.000704077702845398,283.789738873007,0.0192290541702903,-0.185667846026679,0.0192290547146966,2.09105035460871e-08,7.55795915724622e-07,7.47377241622216e-06,2.15781378746033
"rossler",3,10,61,3.69897000433602,5000,4,13,"raw",26,4,13,"weak/raw/m=2w/p=4",381,"x3;x1 x3",TRUE,2,"x3;x1 x3",TRUE,2,2,0,0,TRUE,9.61163977107628e-05,0.199873868308565,0.199348235668304,0.200388383280438,0.199864833818224,0.00032018323921322,624.220163145791,0.00591109337962011,0.133013930898472,0.00591109591880924,-3.4021866186664e-07,1.7955740818224e-05,0.000112590417255365,3.04754567146301
"rossler",3,10,61,3.69897000433602,5000,4,13,"raw",26,8,13,"weak/raw/m=2w/p=8",381,"x3;x1 x3",TRUE,2,"x3;x1 x3",TRUE,2,2,0,0,TRUE,9.83937830396592e-05,0.199882444737713,0.19911207395195,0.200647318106426,0.199879659700632,0.000462686380582026,431.998148398486,0.00855107518313813,-0.25333410524239,0.00855109352614591,2.94615234188163e-08,4.78572155914238e-07,3.80371866554041e-06,2.43577408790588
"rossler",3,10,61,3.69897000433602,5000,4,13,"smoothed",13,4,6,"weak/smoothed/m=1w/p=4",829,"x3;x1 x3",TRUE,2,"x3;x1 x3",TRUE,2,2,0,0,TRUE,5.95826764287167e-05,0.199827920153513,0.199009857204221,0.200654633876218,0.199837647088384,0.000490592876592343,407.339072015182,0.0133948618957343,0.165206511324355,0.0133948672348667,-5.79816795755963e-06,0.000346278199045694,0.00244916356134867,2.32872676849365
"rossler",3,10,61,3.69897000433602,5000,4,13,"smoothed",13,8,6,"weak/smoothed/m=1w/p=8",829,"x3;x1 x3",TRUE,2,"x3;x1 x3",TRUE,2,2,0,0,TRUE,0.000103176040913729,0.199803786665537,0.198655562631138,0.200887605697891,0.199819115386651,0.000696252991446531,286.992110398704,0.0190153534083507,-0.176082659433311,0.0190153718413016,2.09105035460871e-08,7.55795915724622e-07,7.47377241622216e-06,2.07567238807678
"rossler",3,10,61,3.69897000433602,5000,4,13,"smoothed",26,4,13,"weak/smoothed/m=2w/p=4",381,"x3;x1 x3",TRUE,2,"x3;x1 x3",TRUE,2,2,0,0,TRUE,9.45250867596826e-05,0.199858888947818,0.199316967268947,0.200406252831685,0.199865165361142,0.000320177435233942,624.232514121764,0.00591098621062335,0.133055883365615,0.00591100445001091,-3.4021866186664e-07,1.7955740818224e-05,0.000112590417255365,2.98061490058899
"rossler",3,10,61,3.69897000433602,5000,4,13,"smoothed",26,8,13,"weak/smoothed/m=2w/p=8",381,"x3;x1 x3",TRUE,2,"x3;x1 x3",TRUE,2,2,0,0,TRUE,9.71201150835268e-05,0.199887863925754,0.199118083722848,0.200683860983907,0.199879885600502,0.000462593619780911,432.085262427888,0.00854936080856801,-0.253259920027517,0.00854936409895497,2.94615234188163e-08,4.78572155914238e-07,3.80371866554041e-06,2.47090411186218
"rossler",3,11,61,3.69897000433602,5000,4,13,"smoothed",NA,NA,NA,"sg",5000,"x3;x1 x3",TRUE,2,"x3;x1 x3",TRUE,2,2,0,0,TRUE,2.52549102524269e-05,0.200427061858573,0.198999983965052,0.201793028867091,0.20041404039328,0.000848757183871231,236.126473155938,0.0580812423651244,0.682793092971942,0.0580812511335081,-1.00105954454302e-05,0.00353303066461043,0.0538578371182041,3.84621024131775
"rossler",3,11,61,3.69897000433602,5000,4,13,"raw",13,4,6,"weak/raw/m=1w/p=4",829,"x3;x1 x3",TRUE,2,"x3;x1 x3",TRUE,2,2,0,0,TRUE,0.00010327873879574,0.200285315559761,0.199379568256916,0.201212503360245,0.200294509675355,0.000541283585178328,370.036179111855,0.0150725640037731,0.146080117130314,0.0150725664786133,-2.45458409019306e-06,0.000469401785289327,0.00380715285362215,2.68704319000244
"rossler",3,11,61,3.69897000433602,5000,4,13,"raw",13,8,6,"weak/raw/m=1w/p=8",829,"x3;x1 x3",TRUE,2,"x3;x1 x3",TRUE,2,2,0,0,TRUE,6.55677837247238e-05,0.200252832146097,0.198974360083536,0.201522086662088,0.200263165740009,0.000795230666097411,251.830285573366,0.0221493526738504,-0.222944187778278,0.0221493670888226,1.34473148483982e-08,1.44737313193031e-06,1.42482793059062e-05,2.65487718582153
"rossler",3,11,61,3.69897000433602,5000,4,13,"raw",26,4,13,"weak/raw/m=2w/p=4",381,"x3;x1 x3",TRUE,2,"x3;x1 x3",TRUE,2,2,0,0,TRUE,5.63055515318087e-05,0.20030829129303,0.199723433471558,0.200927837844333,0.200327813685441,0.000372626229650053,537.610607480789,0.00701585782521479,0.267292915078702,0.00701586143627008,-9.28466617038749e-08,2.30460232211534e-05,0.000167565167754458,3.26685547828674
"rossler",3,11,61,3.69897000433602,5000,4,13,"raw",26,8,13,"weak/raw/m=2w/p=8",381,"x3;x1 x3",TRUE,2,"x3;x1 x3",TRUE,2,2,0,0,TRUE,5.30229571318436e-05,0.200305194070836,0.199501242720454,0.201137999274802,0.200340821737115,0.000496821392472557,403.24515967412,0.00936262687578373,-0.115292733418023,0.00936266984117798,1.86020193038995e-08,8.798395007722e-07,8.86171767006116e-06,3.03067350387573
"rossler",3,11,61,3.69897000433602,5000,4,13,"smoothed",13,4,6,"weak/smoothed/m=1w/p=4",829,"x3;x1 x3",TRUE,2,"x3;x1 x3",TRUE,2,2,0,0,TRUE,0.000102064017646809,0.200277286803733,0.199383720884006,0.201172457849978,0.20028958860244,0.000540258524630019,370.729159229098,0.015044020037148,0.147949880051266,0.0150440224115745,-2.45458409019306e-06,0.000469401785289327,0.00380715285362215,2.87149596214294
"rossler",3,11,61,3.69897000433602,5000,4,13,"smoothed",13,8,6,"weak/smoothed/m=1w/p=8",829,"x3;x1 x3",TRUE,2,"x3;x1 x3",TRUE,2,2,0,0,TRUE,6.67543754377202e-05,0.200244736869636,0.198970752724327,0.201519858536533,0.200265654616129,0.000785477889838838,254.960269673815,0.0218777111212816,-0.213446130732294,0.0218777122488762,1.34473148483982e-08,1.44737313193031e-06,1.42482793059062e-05,2.57142400741577
"rossler",3,11,61,3.69897000433602,5000,4,13,"smoothed",26,4,13,"weak/smoothed/m=2w/p=4",381,"x3;x1 x3",TRUE,2,"x3;x1 x3",TRUE,2,2,0,0,TRUE,5.59498413012592e-05,0.200311301240805,0.199706768750434,0.200915811809318,0.200327676806574,0.000372524642595058,537.756845858745,0.00701394511189899,0.267650746858317,0.00701395612089342,-9.28466617038749e-08,2.30460232211534e-05,0.000167565167754458,3.6232898235321
"rossler",3,11,61,3.69897000433602,5000,4,13,"smoothed",26,8,13,"weak/smoothed/m=2w/p=8",381,"x3;x1 x3",TRUE,2,"x3;x1 x3",TRUE,2,2,0,0,TRUE,5.53995940593366e-05,0.200359870345918,0.19955829087106,0.20116341690918,0.200340737815635,0.000496585725405071,403.436360665048,0.00935818568979746,-0.114868381511444,0.00935819400831159,1.86020193038995e-08,8.798395007722e-07,8.86171767006116e-06,2.9331955909729
"rossler",3,12,61,3.69897000433602,5000,4,13,"smoothed",NA,NA,NA,"sg",5000,"x3;x1 x3",TRUE,2,"x3;x1 x3",TRUE,2,2,0,0,TRUE,0.000203611872744347,0.199397440102918,0.19822494969207,0.200615400236644,0.199414751135286,0.00073655556119275,270.739590659476,0.0488015857014383,0.685685729963492,0.0488015860819527,-6.64855746802384e-07,0.00237937647762038,0.124321945399086,3.64294409751892
"rossler",3,12,61,3.69897000433602,5000,4,13,"raw",13,4,6,"weak/raw/m=1w/p=4",829,"x3;x1 x3",TRUE,2,"x3;x1 x3",TRUE,2,2,0,0,TRUE,0.000103596907889463,0.199567389453559,0.198773142677963,0.200385286739952,0.19956126685251,0.000492516827600021,405.186697528589,0.0132455331435734,0.189552296579361,0.0132455441051248,-1.88981921945528e-05,0.000326965186189982,0.00256699193669335,2.3874089717865
"rossler",3,12,61,3.69897000433602,5000,4,13,"raw",13,8,6,"weak/raw/m=1w/p=8",829,"x3;x1 x3",TRUE,2,"x3;x1 x3",TRUE,2,2,0,0,TRUE,0.000146245596760327,0.199556310426232,0.198434885744101,0.200643912020376,0.199536836986576,0.000697752240240981,285.970901243774,0.0187719307870009,-0.189753034738211,0.0187719512599581,-1.67951506047039e-08,9.26961299528012e-07,1.67860132276876e-05,2.15779137611389
"rossler",3,12,61,3.69897000433602,5000,4,13,"raw",26,4,13,"weak/raw/m=2w/p=4",381,"x3;x1 x3",TRUE,2,"x3;x1 x3",TRUE,2,2,0,0,TRUE,0.000150535662382062,0.199455791667619,0.198887397399551,0.200031881761924,0.199470259868239,0.000346751034237788,575.254981738426,0.00628004119730604,0.241103056895827,0.006280052016342,-9.73894341410262e-07,1.69568264912813e-05,0.000115914472833378,2.81352090835571
"rossler",3,12,61,3.69897000433602,5000,4,13,"raw",26,8,13,"weak/raw/m=2w/p=8",381,"x3;x1 x3",TRUE,2,"x3;x1 x3",TRUE,2,2,0,0,TRUE,0.000169978325581249,0.199435503563767,0.198677826732604,0.200210230284865,0.199438251069309,0.000467059596328833,427.008143365273,0.0084696867428213,-0.110972387880332,0.00846968991918937,1.6971819380757e-08,5.11879467510095e-07,5.59126441251889e-06,2.53597354888916
"rossler",3,12,61,3.69897000433602,5000,4,13,"smoothed",13,4,6,"weak/smoothed/m=1w/p=4",829,"x3;x1 x3",TRUE,2,"x3;x1 x3",TRUE,2,2,0,0,TRUE,0.000101980544089075,0.199549031093039,0.198735103135074,0.200383243520137,0.199559122368505,0.000491687951956267,405.865389978591,0.0132232416219689,0.193434126302682,0.0132232434617231,-1.88981921945528e-05,0.000326965186189982,0.00256699193669335,2.26583504676819
"rossler",3,12,61,3.69897000433602,5000,4,13,"smoothed",13,8,6,"weak/smoothed/m=1w/p=8",829,"x3;x1 x3",TRUE,2,"x3;x1 x3",TRUE,2,2,0,0,TRUE,0.000143732813350676,0.199532151629245,0.198391269813088,0.200668602953223,0.199541571113165,0.000691412499892064,288.599889565658,0.0186013699314291,-0.178643341649203,0.0186013721879806,-1.67951506047039e-08,9.26961299528012e-07,1.67860132276876e-05,1.93585729598999
"rossler",3,12,61,3.69897000433602,5000,4,13,"smoothed",26,4,13,"weak/smoothed/m=2w/p=4",381,"x3;x1 x3",TRUE,2,"x3;x1 x3",TRUE,2,2,0,0,TRUE,0.000149026445000351,0.199478450339,0.198884866504405,0.200065527683923,0.199470021719225,0.000346734863955226,575.281122422643,0.0062797483487715,0.241285542948453,0.00627976415838178,-9.73894341410262e-07,1.69568264912813e-05,0.000115914472833378,2.53805756568909
"rossler",3,12,61,3.69897000433602,5000,4,13,"smoothed",26,8,13,"weak/smoothed/m=2w/p=8",381,"x3;x1 x3",TRUE,2,"x3;x1 x3",TRUE,2,2,0,0,TRUE,0.000168902707584862,0.199436404567155,0.198684617412899,0.200245421600788,0.199437808669964,0.000466940484449281,427.116121458572,0.00846752677924133,-0.110858459012215,0.00846754162791506,1.6971819380757e-08,5.11879467510095e-07,5.59126441251889e-06,2.34332227706909
"rossler",3,13,61,3.69897000433602,5000,4,13,"smoothed",NA,NA,NA,"sg",5000,"x3;x1 x3",TRUE,2,"x3;x1 x3",TRUE,2,2,0,0,TRUE,0.000156042805648544,0.20087349491302,0.199549417390774,0.202149227440105,0.200848450095868,0.000790293654432235,254.144075394559,0.052816171503819,0.685602631644237,0.0528161740683645,-1.44401746842394e-05,0.00619979194042854,0.399241763914529,3.88769865036011
"rossler",3,13,61,3.69897000433602,5000,4,13,"raw",13,4,6,"weak/raw/m=1w/p=4",829,"x3;x1 x3",TRUE,2,"x3;x1 x3",TRUE,2,2,0,0,TRUE,0.000108184907175346,0.200496741384707,0.199698431709804,0.201280667104697,0.200490547360007,0.000498742908934426,401.991775258236,0.0135505947025832,0.152228218689773,0.013550595049462,-7.20674893628672e-06,0.000387033128812454,0.00330455311974448,2.60260510444641
"rossler",3,13,61,3.69897000433602,5000,4,13,"raw",13,8,6,"weak/raw/m=1w/p=8",829,"x3;x1 x3",TRUE,2,"x3;x1 x3",TRUE,2,2,0,0,TRUE,0.000145641178458167,0.200487499170304,0.199199142597413,0.201716120833058,0.20050233989528,0.00073551894956594,272.599829023582,0.0199906188669633,-0.2512168681335,0.0199906279341914,3.80531736370388e-08,1.19012401911145e-06,1.18908172332399e-05,2.27122139930725
"rossler",3,13,61,3.69897000433602,5000,4,13,"raw",26,4,13,"weak/raw/m=2w/p=4",381,"x3;x1 x3",TRUE,2,"x3;x1 x3",TRUE,2,2,0,0,TRUE,0.000155124733793199,0.200478880181793,0.199898676531004,0.201076030304004,0.2004858278733,0.000345018898815342,581.086510222162,0.00633552913261054,0.267635020843991,0.00633553493846899,-2.97812120129172e-07,1.99065823427257e-05,0.000107683702121275,3.00933218002319
"rossler",3,13,61,3.69897000433602,5000,4,13,"raw",26,8,13,"weak/raw/m=2w/p=8",381,"x3;x1 x3",TRUE,2,"x3;x1 x3",TRUE,2,2,0,0,TRUE,0.000155185336230046,0.200497977369294,0.199737983587946,0.201288745648977,0.200495967203983,0.000468417892431584,428.027986213757,0.00861222999508399,-0.121974395486003,0.00861225165820781,4.12289745199194e-08,8.57110796279782e-07,7.73508267998269e-06,2.65182161331177
"rossler",3,13,61,3.69897000433602,5000,4,13,"smoothed",13,4,6,"weak/smoothed/m=1w/p=4",829,"x3;x1 x3",TRUE,2,"x3;x1 x3",TRUE,2,2,0,0,TRUE,0.000108298353731939,0.200490297564462,0.199696558821156,0.201300957052111,0.200498605107679,0.000497670246044738,402.874406700327,0.0135214507869399,0.155161346975702,0.013521475779716,-7.20674893628672e-06,0.000387033128812454,0.00330455311974448,2.81114745140076
"rossler",3,13,61,3.69897000433602,5000,4,13,"smoothed",13,8,6,"weak/smoothed/m=1w/p=8",829,"x3;x1 x3",TRUE,2,"x3;x1 x3",TRUE,2,2,0,0,TRUE,0.0001464150075422,0.200458165833238,0.199302075886831,0.201658563271691,0.200497736563441,0.000727326131203887,275.664145644778,0.0197679468963794,-0.239735767673571,0.0197679488023513,3.80531736370388e-08,1.19012401911145e-06,1.18908172332399e-05,2.26457762718201
"rossler",3,13,61,3.69897000433602,5000,4,13,"smoothed",26,4,13,"weak/smoothed/m=2w/p=4",381,"x3;x1 x3",TRUE,2,"x3;x1 x3",TRUE,2,2,0,0,TRUE,0.000156747975495919,0.200472960708143,0.199906956483574,0.201063666230381,0.200486116092567,0.000345019139707923,581.086939879015,0.00633553353131304,0.267771760713532,0.00633553825161645,-2.97812120129172e-07,1.99065823427257e-05,0.000107683702121275,3.22969770431519
"rossler",3,13,61,3.69897000433602,5000,4,13,"smoothed",26,8,13,"weak/smoothed/m=2w/p=8",381,"x3;x1 x3",TRUE,2,"x3;x1 x3",TRUE,2,2,0,0,TRUE,0.000157671185684771,0.200495529673368,0.19974859666765,0.201253782975868,0.200496220585517,0.000468320676406278,428.117379151508,0.00861044256175435,-0.121738286135238,0.00861044474229516,4.12289745199194e-08,8.57110796279782e-07,7.73508267998269e-06,2.61002016067505
"rossler",3,14,61,3.69897000433602,5000,4,13,"smoothed",NA,NA,NA,"sg",5000,"x3;x1 x3",TRUE,2,"x3;x1 x3",TRUE,2,2,0,0,TRUE,4.36120879414581e-05,0.200122669288855,0.198563270009991,0.201696990945107,0.200139308530358,0.000920765213722949,217.361934994406,0.0623408426893048,0.693098007658951,0.0623408431238719,0.000107358852728471,0.00282315203419343,0.0585147069175889,5.84355020523071
"rossler",3,14,61,3.69897000433602,5000,4,13,"raw",13,4,6,"weak/raw/m=1w/p=4",829,"x3;x1 x3",TRUE,2,"x3;x1 x3",TRUE,2,2,0,0,TRUE,0.000251284670871765,0.200078319699729,0.19914910799174,0.201002780371301,0.200064234994344,0.000576184955315553,347.222247211881,0.0158962481167978,0.113540658094402,0.0158962748180745,8.19119057083696e-06,0.000446412922921219,0.00288276615976885,4.68890428543091
"rossler",3,14,61,3.69897000433602,5000,4,13,"raw",13,8,6,"weak/raw/m=1w/p=8",829,"x3;x1 x3",TRUE,2,"x3;x1 x3",TRUE,2,2,0,0,TRUE,0.000207940008567942,0.199996692090218,0.198679455697914,0.201330790390357,0.200026446480526,0.000852313611603928,234.686439072709,0.0235207696120831,-0.25666380566539,0.0235207969560219,3.11751765283777e-08,1.24305562002609e-06,1.35113740792892e-05,4.01854825019836
"rossler",3,14,61,3.69897000433602,5000,4,13,"raw",26,4,13,"weak/raw/m=2w/p=4",381,"x3;x1 x3",TRUE,2,"x3;x1 x3",TRUE,2,2,0,0,TRUE,0.000185473669164216,0.200022113362391,0.199428440904213,0.200608723943793,0.200021435163084,0.000361596617115308,553.161798798854,0.00674929372516274,0.138513462186778,0.00674929786831054,7.49727109003968e-07,2.20645181324741e-05,0.000120746043333508,5.78518652915955
"rossler",3,14,61,3.69897000433602,5000,4,13,"raw",26,8,13,"weak/raw/m=2w/p=8",381,"x3;x1 x3",TRUE,2,"x3;x1 x3",TRUE,2,2,0,0,TRUE,0.000193116445575292,0.200008055191116,0.19914809557943,0.200854786947045,0.200011159914054,0.0005013126049255,398.974926919656,0.00936638073431114,-0.22158613856558,0.00936639300116972,2.00090396455628e-08,7.10370824903395e-07,5.25762253572593e-06,5.22526979446411
"rossler",3,14,61,3.69897000433602,5000,4,13,"smoothed",13,4,6,"weak/smoothed/m=1w/p=4",829,"x3;x1 x3",TRUE,2,"x3;x1 x3",TRUE,2,2,0,0,TRUE,0.000251658966459178,0.20004704557567,0.199113013601759,0.20100847307851,0.200056671647867,0.00057473645659225,348.084185983348,0.0158562857964137,0.11656856488559,0.0158562897830957,8.19119057083696e-06,0.000446412922921219,0.00288276615976885,4.47676086425781
"rossler",3,14,61,3.69897000433602,5000,4,13,"smoothed",13,8,6,"weak/smoothed/m=1w/p=8",829,"x3;x1 x3",TRUE,2,"x3;x1 x3",TRUE,2,2,0,0,TRUE,0.000209178511443531,0.200003690566454,0.198613966899852,0.201389558193884,0.200032362339243,0.00084234748148256,237.470125733835,0.0232457402461837,-0.247265444973264,0.0232458705907643,3.11751765283777e-08,1.24305562002609e-06,1.35113740792892e-05,3.88814258575439
"rossler",3,14,61,3.69897000433602,5000,4,13,"smoothed",26,4,13,"weak/smoothed/m=2w/p=4",381,"x3;x1 x3",TRUE,2,"x3;x1 x3",TRUE,2,2,0,0,TRUE,0.000184440292229748,0.200038617929601,0.199428886780662,0.200654686143229,0.200021703686841,0.000361438512366101,553.404512367624,0.00674634262736942,0.138751077935254,0.00674634341006452,7.49727109003968e-07,2.20645181324741e-05,0.000120746043333508,5.66198444366455
"rossler",3,14,61,3.69897000433602,5000,4,13,"smoothed",26,8,13,"weak/smoothed/m=2w/p=8",381,"x3;x1 x3",TRUE,2,"x3;x1 x3",TRUE,2,2,0,0,TRUE,0.00019417392293164,0.200025147800217,0.199189786813523,0.200844023027301,0.200011239604953,0.00050105719873829,399.178457287113,0.00936160874867709,-0.221502782191539,0.00936161516185268,2.00090396455628e-08,7.10370824903395e-07,5.25762253572593e-06,5.24833059310913
"rossler",3,15,61,3.69897000433602,5000,4,13,"smoothed",NA,NA,NA,"sg",5000,"x3;x1 x3",TRUE,2,"x3;x1 x3",TRUE,2,2,0,0,TRUE,4.48725977973963e-05,0.200346768639205,0.199035128667302,0.201645027544847,0.200340487228199,0.000749240348662891,267.39148203341,0.0508486028905972,0.675445770310458,0.0508486111657361,1.01891273367517e-05,0.00193348551131852,0.0255300027462823,3.66580247879028
"rossler",3,15,61,3.69897000433602,5000,4,13,"raw",13,4,6,"weak/raw/m=1w/p=4",829,"x3;x1 x3",TRUE,2,"x3;x1 x3",TRUE,2,2,0,0,TRUE,0.000140786971374084,0.200339937606076,0.199556747259559,0.201129749446953,0.200350017730665,0.000479386273113246,417.930234901272,0.0132384430588875,0.137931015629058,0.0132384525875843,-9.48018995175576e-06,0.000394960040965501,0.00283507618112538,2.9503448009491
"rossler",3,15,61,3.69897000433602,5000,4,13,"raw",13,8,6,"weak/raw/m=1w/p=8",829,"x3;x1 x3",TRUE,2,"x3;x1 x3",TRUE,2,2,0,0,TRUE,9.44304970114068e-05,0.2003159828742,0.19920973417094,0.201503034907713,0.200337072249782,0.000689372561900084,290.607841567704,0.0190421334393818,-0.224448137672912,0.0190421592824644,2.14233061236296e-08,1.16129444424215e-06,1.52900230336317e-05,2.19843506813049
"rossler",3,15,61,3.69897000433602,5000,4,13,"raw",26,4,13,"weak/raw/m=2w/p=4",381,"x3;x1 x3",TRUE,2,"x3;x1 x3",TRUE,2,2,0,0,TRUE,9.81061534727115e-05,0.200350755095679,0.199814478589297,0.200883149323975,0.200350834567648,0.000318736865702071,628.577538799417,0.00595332192646095,0.1974332113937,0.00595337225489765,-4.30490000415653e-07,1.99870143203444e-05,0.000127448597827151,3.32934141159058
"rossler",3,15,61,3.69897000433602,5000,4,13,"raw",26,8,13,"weak/raw/m=2w/p=8",381,"x3;x1 x3",TRUE,2,"x3;x1 x3",TRUE,2,2,0,0,TRUE,0.000100617955753734,0.200357227063823,0.199624599172571,0.201093841048615,0.200350954668093,0.00043648087046882,459.014284985498,0.00816052826872493,-0.179397110303749,0.00816054357348392,2.67094978502451e-08,7.59322118903285e-07,9.48851549792407e-06,2.92546463012695
"rossler",3,15,61,3.69897000433602,5000,4,13,"smoothed",13,4,6,"weak/smoothed/m=1w/p=4",829,"x3;x1 x3",TRUE,2,"x3;x1 x3",TRUE,2,2,0,0,TRUE,0.000139922500516146,0.200355095194116,0.199579798098123,0.201120235464603,0.200349509128151,0.000478623940334314,418.594834575572,0.0132173908552856,0.141885046040542,0.0132174064325567,-9.48018995175576e-06,0.000394960040965501,0.00283507618112538,2.80969452857971
"rossler",3,15,61,3.69897000433602,5000,4,13,"smoothed",13,8,6,"weak/smoothed/m=1w/p=8",829,"x3;x1 x3",TRUE,2,"x3;x1 x3",TRUE,2,2,0,0,TRUE,9.45096477854509e-05,0.200343361991949,0.199233218320514,0.20148984411453,0.200337714984413,0.00068292384104857,293.352937681619,0.0188640042378321,-0.213258253178453,0.0188640050115574,2.14233061236296e-08,1.16129444424215e-06,1.52900230336317e-05,2.48526453971863
"rossler",3,15,61,3.69897000433602,5000,4,13,"smoothed",26,4,13,"weak/smoothed/m=2w/p=4",381,"x3;x1 x3",TRUE,2,"x3;x1 x3",TRUE,2,2,0,0,TRUE,9.7543834395172e-05,0.200345726972339,0.199837737609768,0.200851687038269,0.20035077509695,0.0003186992715073,628.651500046999,0.00595261973774083,0.197448016771765,0.00595263031976702,-4.30490000415653e-07,1.99870143203444e-05,0.000127448597827151,3.45396900177002
"rossler",3,15,61,3.69897000433602,5000,4,13,"smoothed",26,8,13,"weak/smoothed/m=2w/p=8",381,"x3;x1 x3",TRUE,2,"x3;x1 x3",TRUE,2,2,0,0,TRUE,0.000100853710244907,0.200349627772712,0.19964582175139,0.201024094363983,0.200350863421592,0.000436370943011919,459.129707488612,0.00815847302619735,-0.179220534725763,0.00815847336016376,2.67094978502451e-08,7.59322118903285e-07,9.48851549792407e-06,2.7842800617218
"rossler",3,16,61,3.69897000433602,5000,4,13,"smoothed",NA,NA,NA,"sg",5000,"x3;x1 x3",TRUE,2,"x3;x1 x3",TRUE,2,2,0,0,TRUE,9.728081123761e-05,0.200583621106352,0.199401640419675,0.201810038993953,0.200583439763555,0.000726377775099344,276.14203881186,0.0490171821395778,0.687583786092865,0.0490171915899767,-5.05868606561504e-05,0.00211216371974961,0.0940330200096014,5.68854928016663
"rossler",3,16,61,3.69897000433602,5000,4,13,"raw",13,4,6,"weak/raw/m=1w/p=4",829,"x3;x1 x3",TRUE,2,"x3;x1 x3",TRUE,2,2,0,0,TRUE,0.000155738802502457,0.200697987325779,0.199910702074764,0.201464622691174,0.20068000746342,0.00047023694181827,426.763594300884,0.0129042445359067,0.192752446110916,0.0129042480682696,-8.90967132065894e-06,0.000365286813518807,0.00269117159924975,4.60880875587463
"rossler",3,16,61,3.69897000433602,5000,4,13,"raw",13,8,6,"weak/raw/m=1w/p=8",829,"x3;x1 x3",TRUE,2,"x3;x1 x3",TRUE,2,2,0,0,TRUE,0.000126599703725373,0.200689658582321,0.199499209222389,0.201836701082509,0.20069364874765,0.000686536253645232,292.327823450032,0.0188452614272177,-0.207750059553027,0.0188452768229481,4.30492378371352e-08,1.1667524317712e-06,1.69299303351411e-05,3.58103823661804
"rossler",3,16,61,3.69897000433602,5000,4,13,"raw",26,4,13,"weak/raw/m=2w/p=4",381,"x3;x1 x3",TRUE,2,"x3;x1 x3",TRUE,2,2,0,0,TRUE,9.95463862665558e-05,0.200688146462396,0.200121323839137,0.2012341872084,0.200678303655512,0.000337655294320373,594.328911855014,0.00626577064204745,0.277224328951344,0.0062657743797794,-3.41419147683183e-07,1.85664799067579e-05,0.000117311571277423,5.12252926826477
"rossler",3,16,61,3.69897000433602,5000,4,13,"raw",26,8,13,"weak/raw/m=2w/p=8",381,"x3;x1 x3",TRUE,2,"x3;x1 x3",TRUE,2,2,0,0,TRUE,0.000104370595420346,0.200702564326241,0.199941188857148,0.201488239759752,0.20069537289432,0.000455490448047248,440.613790595894,0.00846159596485836,-0.0959337285377155,0.00846161583820558,5.47373394826926e-08,7.67909224542696e-07,9.57500521819865e-06,4.54082584381104
"rossler",3,16,61,3.69897000433602,5000,4,13,"smoothed",13,4,6,"weak/smoothed/m=1w/p=4",829,"x3;x1 x3",TRUE,2,"x3;x1 x3",TRUE,2,2,0,0,TRUE,0.000157269701644181,0.200684152786126,0.199938232034465,0.201430998523306,0.200687013222301,0.000469525190070795,427.425444824464,0.0128847126122066,0.1948230117116,0.0128847197775906,-8.90967132065894e-06,0.000365286813518807,0.00269117159924975,4.36657881736755
"rossler",3,16,61,3.69897000433602,5000,4,13,"smoothed",13,8,6,"weak/smoothed/m=1w/p=8",829,"x3;x1 x3",TRUE,2,"x3;x1 x3",TRUE,2,2,0,0,TRUE,0.000130660063766859,0.200689118674703,0.199631200684886,0.201803072985226,0.200687851239223,0.000678169200555448,295.925929804615,0.0186155877126102,-0.195204211956868,0.0186156422068858,4.30492378371352e-08,1.1667524317712e-06,1.69299303351411e-05,4.03208494186401
"rossler",3,16,61,3.69897000433602,5000,4,13,"smoothed",26,4,13,"weak/smoothed/m=2w/p=4",381,"x3;x1 x3",TRUE,2,"x3;x1 x3",TRUE,2,2,0,0,TRUE,9.98564823507271e-05,0.200679952959682,0.200108935956223,0.201234240972604,0.200678463659181,0.00033769132956169,594.265964481983,0.00626643932650141,0.277211180610029,0.00626646481822132,-3.41419147683183e-07,1.85664799067579e-05,0.000117311571277423,5.09526872634888
"rossler",3,16,61,3.69897000433602,5000,4,13,"smoothed",26,8,13,"weak/smoothed/m=2w/p=8",381,"x3;x1 x3",TRUE,2,"x3;x1 x3",TRUE,2,2,0,0,TRUE,0.00010195024209658,0.200696510617564,0.199926130218942,0.201492010508472,0.20069538507935,0.000455461493446361,440.641828051673,0.00846105806449582,-0.0957818293918356,0.00846105896044195,5.47373394826926e-08,7.67909224542696e-07,9.57500521819865e-06,4.10605764389038
"rossler",3,17,61,3.69897000433602,5000,4,13,"smoothed",NA,NA,NA,"sg",5000,"x3;x1 x3",TRUE,2,"x3;x1 x3",TRUE,2,2,0,0,TRUE,8.99256282085821e-06,0.200088142305968,0.198903698605837,0.201234294027056,0.200115151061823,0.000679927564967124,294.318338265193,0.0449417254704908,0.678002025993914,0.0449417304959923,3.03024531882276e-05,0.00192977763046606,0.0883182477931015,5.23031067848206
"rossler",3,17,61,3.69897000433602,5000,4,13,"raw",13,4,6,"weak/raw/m=1w/p=4",829,"x3;x1 x3",TRUE,2,"x3;x1 x3",TRUE,2,2,0,0,TRUE,5.30683821423413e-05,0.200222031246109,0.199503590357412,0.200889626415186,0.200228631135945,0.000436703548564929,458.500123926003,0.0117296289189813,0.157825995662527,0.0117296312846534,1.05073200263794e-05,0.000313897783856872,0.00236512129934424,4.03918170928955
"rossler",3,17,61,3.69897000433602,5000,4,13,"raw",13,8,6,"weak/raw/m=1w/p=8",829,"x3;x1 x3",TRUE,2,"x3;x1 x3",TRUE,2,2,0,0,TRUE,4.55795407388049e-05,0.20026198972853,0.199193980540222,0.201322612365577,0.200241931448577,0.000637133358746105,314.285743635615,0.0171187928066027,-0.226731126616779,0.0171188133186179,7.08850774366365e-08,8.56688002761601e-07,8.20003428997351e-06,3.32278180122375
"rossler",3,17,61,3.69897000433602,5000,4,13,"raw",26,4,13,"weak/raw/m=2w/p=4",381,"x3;x1 x3",TRUE,2,"x3;x1 x3",TRUE,2,2,0,0,TRUE,5.32654523375136e-05,0.200161475320294,0.199635311382171,0.200651096467129,0.20016463946462,0.000302746807599722,661.161850232516,0.00549928942841204,0.252777226658247,0.00549929031000046,4.87687831365085e-07,1.61758680807342e-05,9.87941640985812e-05,4.76058530807495
"rossler",3,17,61,3.69897000433602,5000,4,13,"raw",26,8,13,"weak/raw/m=2w/p=8",381,"x3;x1 x3",TRUE,2,"x3;x1 x3",TRUE,2,2,0,0,TRUE,4.9047340982106e-05,0.200156625599794,0.199489133283993,0.200831028961813,0.200176944835014,0.000400324833577615,500.036290644467,0.00728104032520341,-0.0666739170037354,0.0072810870915324,4.84430950688154e-08,5.35580038497864e-07,3.59817844070021e-06,4.30400204658508
"rossler",3,17,61,3.69897000433602,5000,4,13,"smoothed",13,4,6,"weak/smoothed/m=1w/p=4",829,"x3;x1 x3",TRUE,2,"x3;x1 x3",TRUE,2,2,0,0,TRUE,5.17199451151185e-05,0.200233576075983,0.199539985761192,0.200976558826463,0.200232537807426,0.000435937580416693,459.314697338166,0.0117090553645972,0.160534233202763,0.0117090568875144,1.05073200263794e-05,0.000313897783856872,0.00236512129934424,4.58571100234985
"rossler",3,17,61,3.69897000433602,5000,4,13,"smoothed",13,8,6,"weak/smoothed/m=1w/p=8",829,"x3;x1 x3",TRUE,2,"x3;x1 x3",TRUE,2,2,0,0,TRUE,4.61174745465254e-05,0.200228525314241,0.199133635548791,0.20125342714996,0.200239006216067,0.000630285400274244,317.695771041089,0.0169347986404585,-0.216180437914856,0.0169348045645914,7.08850774366365e-08,8.56688002761601e-07,8.20003428997351e-06,3.38690972328186
"rossler",3,17,61,3.69897000433602,5000,4,13,"smoothed",26,4,13,"weak/smoothed/m=2w/p=4",381,"x3;x1 x3",TRUE,2,"x3;x1 x3",TRUE,2,2,0,0,TRUE,5.36778727389693e-05,0.200178999726111,0.199638705349805,0.200682370104397,0.200165216218175,0.000302766357139195,661.121064141713,0.00549964452642274,0.252830648793925,0.00549964525392689,4.87687831365085e-07,1.61758680807342e-05,9.87941640985812e-05,4.74092888832092
"rossler",3,17,61,3.69897000433602,5000,4,13,"smoothed",26,8,13,"weak/smoothed/m=2w/p=8",381,"x3;x1 x3",TRUE,2,"x3;x1 x3",TRUE,2,2,0,0,TRUE,4.93305835757739e-05,0.200172808606308,0.199527653899665,0.200837538320278,0.200177245325014,0.000400275840659714,500.09824473816,0.00728014923116138,-0.0664672334935691,0.00728016911321324,4.84430950688154e-08,5.35580038497864e-07,3.59817844070021e-06,3.95081853866577
"rossler",3,18,61,3.69897000433602,5000,4,13,"smoothed",NA,NA,NA,"sg",5000,"x3;x1 x3",TRUE,2,"x3;x1 x3",TRUE,2,2,0,0,TRUE,7.7750084807815e-05,0.199677139264005,0.198417379608619,0.200974879523008,0.199656610652147,0.000838002076400705,238.253121650593,0.0560364741483445,0.686779860989446,0.0560364749569102,4.41803280367159e-05,0.00209803306879867,0.0810564344874535,5.0658540725708
"rossler",3,18,61,3.69897000433602,5000,4,13,"raw",13,4,6,"weak/raw/m=1w/p=4",829,"x3;x1 x3",TRUE,2,"x3;x1 x3",TRUE,2,2,0,0,TRUE,8.06920129809946e-05,0.199744092490929,0.198921188524635,0.200556739076348,0.199735472675411,0.000502599929949699,397.404497639705,0.013659978786631,0.134814905982467,0.0136599820886061,1.62770850900809e-05,0.000351672903430805,0.00220515589178233,4.56766200065613
"rossler",3,18,61,3.69897000433602,5000,4,13,"raw",13,8,6,"weak/raw/m=1w/p=8",829,"x3;x1 x3",TRUE,2,"x3;x1 x3",TRUE,2,2,0,0,TRUE,3.66172194918857e-05,0.199709104217324,0.198515074665636,0.200916257747462,0.199704068254666,0.000737816153894722,270.669145966086,0.0200587113992179,-0.230893866031777,0.0200587978188736,3.52892079570988e-08,8.36726886025474e-07,8.04528178405262e-06,3.48003220558167
"rossler",3,18,61,3.69897000433602,5000,4,13,"raw",26,4,13,"weak/raw/m=2w/p=4",381,"x3;x1 x3",TRUE,2,"x3;x1 x3",TRUE,2,2,0,0,TRUE,3.76833330841352e-05,0.199699206265526,0.199146487318023,0.200272527477538,0.19970578684991,0.000342777156965479,582.611130268584,0.00629257794938995,0.296958378224831,0.00629258134812896,8.46930347281382e-07,1.84986755412979e-05,0.000106257894837813,5.40928554534912
"rossler",3,18,61,3.69897000433602,5000,4,13,"raw",26,8,13,"weak/raw/m=2w/p=8",381,"x3;x1 x3",TRUE,2,"x3;x1 x3",TRUE,2,2,0,0,TRUE,2.94729893273795e-05,0.199714833384158,0.19899918112122,0.200442634441203,0.199711426522434,0.000437760011673724,456.212128099277,0.00804479298768601,-0.0614491405198268,0.00804482721021569,2.55213694598802e-08,5.5526055688344e-07,4.15372768997058e-06,4.67016005516052
"rossler",3,18,61,3.69897000433602,5000,4,13,"smoothed",13,4,6,"weak/smoothed/m=1w/p=4",829,"x3;x1 x3",TRUE,2,"x3;x1 x3",TRUE,2,2,0,0,TRUE,7.81317562696403e-05,0.199713544429091,0.198947361324606,0.200514069506208,0.199729298434111,0.000501692646340017,398.110875037118,0.0136353199128772,0.137628776981936,0.0136353202084734,1.62770850900809e-05,0.000351672903430805,0.00220515589178233,4.47673439979553
"rossler",3,18,61,3.69897000433602,5000,4,13,"smoothed",13,8,6,"weak/smoothed/m=1w/p=8",829,"x3;x1 x3",TRUE,2,"x3;x1 x3",TRUE,2,2,0,0,TRUE,3.55902190612989e-05,0.19970912855271,0.198509437034731,0.200903031013106,0.199710770224909,0.0007285830794311,274.108438506216,0.0198076954634299,-0.220743838899305,0.0198077064514044,3.52892079570988e-08,8.36726886025474e-07,8.04528178405262e-06,3.65227913856506
"rossler",3,18,61,3.69897000433602,5000,4,13,"smoothed",26,4,13,"weak/smoothed/m=2w/p=4",381,"x3;x1 x3",TRUE,2,"x3;x1 x3",TRUE,2,2,0,0,TRUE,3.57152861604224e-05,0.199706725042411,0.19913826410679,0.200281982842614,0.199706076486,0.000342755849823131,582.648192843544,0.00629218678851269,0.296909704509098,0.00629219036335881,8.46930347281382e-07,1.84986755412979e-05,0.000106257894837813,5.17942881584167
"rossler",3,18,61,3.69897000433602,5000,4,13,"smoothed",26,8,13,"weak/smoothed/m=2w/p=8",381,"x3;x1 x3",TRUE,2,"x3;x1 x3",TRUE,2,2,0,0,TRUE,3.14253253703867e-05,0.199703336383499,0.199017769072323,0.200419112554342,0.199711617368055,0.000437740468378716,456.232932056151,0.00804443382353059,-0.0613509634956343,0.00804443915920213,2.55213694598802e-08,5.5526055688344e-07,4.15372768997058e-06,4.30960488319397
"rossler",3,19,61,3.69897000433602,5000,4,13,"smoothed",NA,NA,NA,"sg",5000,"x3;x1 x3",TRUE,2,"x3;x1 x3",TRUE,2,2,0,0,TRUE,0.000117686343031633,0.200451670651067,0.199128046425884,0.201672403808872,0.200415978093163,0.000769811724830142,260.344148612941,0.0519983900162173,0.683462007433954,0.0519983906226385,4.7758825337107e-07,0.00150737430963926,0.0182111487498091,5.06892967224121
"rossler",3,19,61,3.69897000433602,5000,4,13,"raw",13,4,6,"weak/raw/m=1w/p=4",829,"x3;x1 x3",TRUE,2,"x3;x1 x3",TRUE,2,2,0,0,TRUE,0.000233205544571821,0.200151962150369,0.199354810906494,0.200931174354391,0.200173955911618,0.000465514084352744,430.006228898406,0.0127854055679289,0.109182718499566,0.012785408478228,-1.56716860854774e-06,0.000370426052939315,0.00246352874128491,4.58559513092041
"rossler",3,19,61,3.69897000433602,5000,4,13,"raw",13,8,6,"weak/raw/m=1w/p=8",829,"x3;x1 x3",TRUE,2,"x3;x1 x3",TRUE,2,2,0,0,TRUE,0.000199626961651938,0.200177323535754,0.199072353218353,0.201241626681647,0.20017769472547,0.000681575172844482,293.698630321362,0.0187244958878165,-0.259519556917964,0.0187245801201768,3.05776494528777e-08,1.0814702191985e-06,1.23195166807366e-05,3.72478890419006
"rossler",3,19,61,3.69897000433602,5000,4,13,"raw",26,4,13,"weak/raw/m=2w/p=4",381,"x3;x1 x3",TRUE,2,"x3;x1 x3",TRUE,2,2,0,0,TRUE,0.000180052316270687,0.200207915670969,0.19971255908131,0.200691944919478,0.200195279009688,0.000304608123653042,657.222389898295,0.00565390218177442,0.199587950868191,0.00565391191940735,-5.02585091315504e-08,1.9131403390984e-05,0.00011282047133393,5.44611167907715
"rossler",3,19,61,3.69897000433602,5000,4,13,"raw",26,8,13,"weak/raw/m=2w/p=8",381,"x3;x1 x3",TRUE,2,"x3;x1 x3",TRUE,2,2,0,0,TRUE,0.000188896936021509,0.200197700591053,0.199513225597104,0.200898370324421,0.200207291479697,0.000419723284833255,476.998295577607,0.00779848163498786,-0.171869331412887,0.00779850792315927,3.1425365923952e-08,7.13039110916968e-07,7.80419573870317e-06,4.71630859375
"rossler",3,19,61,3.69897000433602,5000,4,13,"smoothed",13,4,6,"weak/smoothed/m=1w/p=4",829,"x3;x1 x3",TRUE,2,"x3;x1 x3",TRUE,2,2,0,0,TRUE,0.000232712425112481,0.200177901865131,0.199398639906373,0.200924413435082,0.200181498771059,0.000464379549098844,431.073028860815,0.0127542454950966,0.112231999470504,0.0127542568358716,-1.56716860854774e-06,0.000370426052939315,0.00246352874128491,4.52425479888916
"rossler",3,19,61,3.69897000433602,5000,4,13,"smoothed",13,8,6,"weak/smoothed/m=1w/p=8",829,"x3;x1 x3",TRUE,2,"x3;x1 x3",TRUE,2,2,0,0,TRUE,0.000195604110738731,0.200199319691345,0.199104389166771,0.201313462030397,0.20017344292422,0.000674771439906295,296.653697957367,0.0185375809739202,-0.250272764005929,0.0185375962921475,3.05776494528777e-08,1.0814702191985e-06,1.23195166807366e-05,4.45874786376953
"rossler",3,19,61,3.69897000433602,5000,4,13,"smoothed",26,4,13,"weak/smoothed/m=2w/p=4",381,"x3;x1 x3",TRUE,2,"x3;x1 x3",TRUE,2,2,0,0,TRUE,0.00017746302215574,0.200189213775382,0.199661101231604,0.200713718268904,0.200195267430529,0.000304523293004208,657.405433441714,0.005652327609666,0.199965872725637,0.00565233202272064,-5.02585091315504e-08,1.9131403390984e-05,0.00011282047133393,5.37094521522522
"rossler",3,19,61,3.69897000433602,5000,4,13,"smoothed",26,8,13,"weak/smoothed/m=2w/p=8",381,"x3;x1 x3",TRUE,2,"x3;x1 x3",TRUE,2,2,0,0,TRUE,0.000189793103125075,0.200210110950743,0.199516591495819,0.20089995261516,0.200207096762637,0.000419505516977883,477.245444124141,0.00779443548178342,-0.17153459631246,0.00779445694058732,3.1425365923952e-08,7.13039110916968e-07,7.80419573870317e-06,4.80365204811096
"rossler",3,20,61,3.69897000433602,5000,4,13,"smoothed",NA,NA,NA,"sg",5000,"x3;x1 x3",TRUE,2,"x3;x1 x3",TRUE,2,2,0,0,TRUE,0.000186045326590738,0.200171607320844,0.198792948192909,0.201522550295242,0.20014954250448,0.00083247618953933,240.426747358669,0.0566155764153254,0.69497993663328,0.0566155772815974,2.12402416143743e-05,0.00190268506074047,0.0266746162143249,3.28619432449341
"rossler",3,20,61,3.69897000433602,5000,4,13,"raw",13,4,6,"weak/raw/m=1w/p=4",829,"x3;x1 x3",TRUE,2,"x3;x1 x3",TRUE,2,2,0,0,TRUE,0.000126279025019639,0.200193128509084,0.199366679186785,0.201072369608987,0.200204762059909,0.00053637511518651,373.255127599073,0.014835029751358,0.139608247840213,0.0148350458891129,-1.5981196606965e-06,0.000420074981898001,0.00244663661306249,2.49963712692261
"rossler",3,20,61,3.69897000433602,5000,4,13,"raw",13,8,6,"weak/raw/m=1w/p=8",829,"x3;x1 x3",TRUE,2,"x3;x1 x3",TRUE,2,2,0,0,TRUE,0.000169402517641129,0.200233324960041,0.198913074353025,0.201510334214465,0.200212612090515,0.000793140047841076,252.430340184552,0.0219420180068087,-0.255787331171894,0.0219420299040561,1.64970348245855e-08,1.02265954859272e-06,1.0283246562881e-05,2.27068877220154
"rossler",3,20,61,3.69897000433602,5000,4,13,"raw",26,4,13,"weak/raw/m=2w/p=4",381,"x3;x1 x3",TRUE,2,"x3;x1 x3",TRUE,2,2,0,0,TRUE,0.000162807808623038,0.200234104508762,0.199652855387831,0.20083114013773,0.200236559195391,0.00036615423485395,546.863971886767,0.00684460312242428,0.238711128018354,0.00684460451721868,-5.54226644112431e-08,2.14112506395647e-05,0.000114967584931958,3.16004276275635
"rossler",3,20,61,3.69897000433602,5000,4,13,"raw",26,8,13,"weak/raw/m=2w/p=8",381,"x3;x1 x3",TRUE,2,"x3;x1 x3",TRUE,2,2,0,0,TRUE,0.00016092332083009,0.200241024931369,0.199446715063234,0.20105859753134,0.200234521076947,0.000498728319603054,401.490176528007,0.0093314518056659,-0.119641584102134,0.00933145935635019,1.8139206464593e-08,6.56164278469548e-07,6.33291494694932e-06,2.58757066726685
"rossler",3,20,61,3.69897000433602,5000,4,13,"smoothed",13,4,6,"weak/smoothed/m=1w/p=4",829,"x3;x1 x3",TRUE,2,"x3;x1 x3",TRUE,2,2,0,0,TRUE,0.000127250395226522,0.200214555084167,0.199376370562068,0.201084224931714,0.200217573416509,0.000535218912368457,374.085385978803,0.0148030516940879,0.142752302138171,0.014803058614899,-1.5981196606965e-06,0.000420074981898001,0.00244663661306249,2.58246827125549
"rossler",3,20,61,3.69897000433602,5000,4,13,"smoothed",13,8,6,"weak/smoothed/m=1w/p=8",829,"x3;x1 x3",TRUE,2,"x3;x1 x3",TRUE,2,2,0,0,TRUE,0.000172246007554988,0.200154006193749,0.198886009502876,0.201443229118761,0.200203728523789,0.00078424410779492,255.282413388744,0.0216959138728482,-0.244768865418162,0.0216959182541565,1.64970348245855e-08,1.02265954859272e-06,1.0283246562881e-05,2.27989673614502
"rossler",3,20,61,3.69897000433602,5000,4,13,"smoothed",26,4,13,"weak/smoothed/m=2w/p=4",381,"x3;x1 x3",TRUE,2,"x3;x1 x3",TRUE,2,2,0,0,TRUE,0.000163430821365408,0.200244515672846,0.199617855929974,0.200838099440751,0.200236716650682,0.000366142700665919,546.881629174918,0.00684438750308431,0.238882620458652,0.00684440356035911,-5.54226644112431e-08,2.14112506395647e-05,0.000114967584931958,3.47315979003906
"rossler",3,20,61,3.69897000433602,5000,4,13,"smoothed",26,8,13,"weak/smoothed/m=2w/p=8",381,"x3;x1 x3",TRUE,2,"x3;x1 x3",TRUE,2,2,0,0,TRUE,0.000161191414816866,0.200244365229043,0.199450230353345,0.20108200795899,0.200234477671569,0.000498565554428755,401.621162739559,0.00932840637230452,-0.119351573794545,0.00932840711336713,1.8139206464593e-08,6.56164278469548e-07,6.33291494694932e-06,2.89927697181702
"rossler",3,1,Inf,3.69897000433602,5000,4,13,"smoothed",NA,NA,NA,"sg",5000,"x3;x1 x3",TRUE,2,"x3;x1 x3",TRUE,2,2,0,0,TRUE,5.53730197406067e-05,0.200014411863625,0.199971856920852,0.200057950004038,0.200014873663553,2.52892718890499e-05,7909.07996644055,0.00169874487435219,0.79956496080596,0.00169874517070599,2.42713904077062e-05,0.00178060419489219,0.0563999385442557,6.6822817325592
"rossler",3,1,Inf,3.69897000433602,5000,4,13,"raw",13,4,6,"weak/raw/m=1w/p=4",829,"x3;x1 x3",TRUE,2,"x3;x1 x3",TRUE,2,2,0,0,TRUE,4.32273552327881e-05,0.200008564548023,0.200007017652731,0.200010043090292,0.200008575879506,9.22825568533609e-07,216734.97429999,2.52340192181493e-05,0.834704269564371,2.52340329165619e-05,1.2465071182338e-05,0.000369178233008221,0.00228298352738393,19.7283504009247
"rossler",3,1,Inf,3.69897000433602,5000,4,13,"raw",13,8,6,"weak/raw/m=1w/p=8",829,"x3;x1 x3",TRUE,2,"x3;x1 x3",TRUE,2,2,0,0,TRUE,1.66716813687628e-08,0.199999987865841,0.199999536405092,0.200000469103507,0.200000008307574,3.83301064138e-08,5217830.76071942,1.04842615449686e-06,0.509903504837827,1.04845251021141e-06,1.79645773783225e-08,1.05962806955672e-06,9.44694637788901e-06,2.76719164848328
"rossler",3,1,Inf,3.69897000433602,5000,4,13,"raw",26,4,13,"weak/raw/m=2w/p=4",381,"x3;x1 x3",TRUE,2,"x3;x1 x3",TRUE,2,2,0,0,TRUE,2.34309347861683e-06,0.20000050696013,0.200000063187501,0.200000962284211,0.200000510564923,2.36769808403395e-07,844704.449074744,4.3757547429366e-06,0.463800949780474,4.37575682596832e-06,7.2235762096043e-07,1.89949379544085e-05,0.000106410095493448,37.0951404571533
"rossler",3,1,Inf,3.69897000433602,5000,4,13,"raw",26,8,13,"weak/raw/m=2w/p=8",381,"x3;x1 x3",TRUE,2,"x3;x1 x3",TRUE,2,2,0,0,TRUE,8.95400753542219e-09,0.200000016432263,0.199999822771214,0.200000217032989,0.200000013618158,3.89216785847484e-08,5138524.87586516,7.20089737957825e-07,-0.160787779729126,7.20091385043177e-07,-8.10885542439722e-10,7.25494736864657e-07,6.22163775360063e-06,13.9361462593079
"rossler",3,1,Inf,3.69897000433602,5000,4,13,"smoothed",13,4,6,"weak/smoothed/m=1w/p=4",829,"x3;x1 x3",TRUE,2,"x3;x1 x3",TRUE,2,2,0,0,TRUE,4.29410197855835e-05,0.200008777771037,0.200006786242642,0.20001070757334,0.200008779838524,1.21827409204042e-06,164173.876096749,3.33128521579439e-05,0.742625572756204,3.33129011197294e-05,1.2465071182338e-05,0.000369178233008221,0.00228298352738393,18.4120066165924
"rossler",3,1,Inf,3.69897000433602,5000,4,13,"smoothed",13,8,6,"weak/smoothed/m=1w/p=8",829,"x3;x1 x3",TRUE,2,"x3;x1 x3",TRUE,2,2,0,0,TRUE,3.70475722322183e-07,0.200000285946022,0.199999461672784,0.200001071014537,0.200000271866267,5.010986109593e-07,399123.580652894,1.37063247854242e-05,0.533860558983838,1.37063267782987e-05,1.79645773783225e-08,1.05962806955672e-06,9.44694637788901e-06,16.3251774311066
"rossler",3,1,Inf,3.69897000433602,5000,4,13,"smoothed",26,4,13,"weak/smoothed/m=2w/p=4",381,"x3;x1 x3",TRUE,2,"x3;x1 x3",TRUE,2,2,0,0,TRUE,2.13007992702386e-06,0.200000625744486,0.199999707384916,0.200001534702062,0.200000609956386,5.41128533731036e-07,369599.083192673,1.00006236453594e-05,0.0570902072809748,1.00006370320268e-05,7.2235762096043e-07,1.89949379544085e-05,0.000106410095493448,33.0099728107452
"rossler",3,1,Inf,3.69897000433602,5000,4,13,"smoothed",26,8,13,"weak/smoothed/m=2w/p=8",381,"x3;x1 x3",TRUE,2,"x3;x1 x3",TRUE,2,2,0,0,TRUE,2.90610018605086e-07,0.200000125374525,0.199999262051654,0.200000974850255,0.200000123709285,5.13140214557654e-07,389757.25939097,9.49360396276771e-06,-0.335714960060127,9.49360728033089e-06,-8.10885542439722e-10,7.25494736864657e-07,6.22163775360063e-06,37.1704843044281
"rossler",3,2,Inf,3.69897000433602,5000,4,13,"smoothed",NA,NA,NA,"sg",5000,"x3;x1 x3",TRUE,2,"x3;x1 x3",TRUE,2,2,0,0,TRUE,0.000151751137025725,0.200049280104534,0.199940373257882,0.200157186078735,0.200050109448722,6.59706479925376e-05,3032.41086052923,0.00441662019298581,0.635786299478336,0.00441662082038773,0.000143996612669947,0.00466057118963823,0.246864037601358,8.41370368003845
"rossler",3,2,Inf,3.69897000433602,5000,4,13,"raw",13,4,6,"weak/raw/m=1w/p=4",829,"x3;x1 x3",TRUE,2,"x3;x1 x3",TRUE,2,2,0,0,TRUE,4.27159518125919e-05,0.200007458504972,0.200005476644333,0.200009573499058,0.20000742476102,1.23523156622609e-06,161918.971494622,3.36355736376131e-05,0.78714564820832,3.36355822110886e-05,-3.16015162364844e-06,0.000394115388559622,0.00303477914685574,13.880145072937
"rossler",3,2,Inf,3.69897000433602,5000,4,13,"raw",13,8,6,"weak/raw/m=1w/p=8",829,"x3;x1 x3",TRUE,2,"x3;x1 x3",TRUE,2,2,0,0,TRUE,3.49379223330004e-08,0.200000015359238,0.199999642554579,0.200000256712983,0.200000021648938,3.49025866968421e-08,5730234.93605514,9.50736076933449e-07,0.439038571245581,9.50753883983248e-07,2.98534328800248e-08,1.00481547266416e-06,8.60379485062568e-06,5.60789823532104
"rossler",3,2,Inf,3.69897000433602,5000,4,13,"raw",26,4,13,"weak/raw/m=2w/p=4",381,"x3;x1 x3",TRUE,2,"x3;x1 x3",TRUE,2,2,0,0,TRUE,2.2693981338584e-06,0.200000333527843,0.199999852834846,0.200000786623612,0.200000341130033,2.79944596915798e-07,714428.295217963,5.14964383824656e-06,0.383795904044233,5.1496470489942e-06,-1.21476589780672e-07,2.00885475290356e-05,0.000138869045042622,45.9964880943298
"rossler",3,2,Inf,3.69897000433602,5000,4,13,"raw",26,8,13,"weak/raw/m=2w/p=8",381,"x3;x1 x3",TRUE,2,"x3;x1 x3",TRUE,2,2,0,0,TRUE,8.00955657354052e-09,0.200000004259832,0.199999778349079,0.200000228519546,0.200000016250989,3.44321200419406e-08,5808530.4072876,6.34188404938406e-07,-0.336926535164921,6.34234274870159e-07,3.01370214150834e-08,6.40259221553344e-07,4.61785249744606e-06,8.06627082824707
"rossler",3,2,Inf,3.69897000433602,5000,4,13,"smoothed",13,4,6,"weak/smoothed/m=1w/p=4",829,"x3;x1 x3",TRUE,2,"x3;x1 x3",TRUE,2,2,0,0,TRUE,4.18756077436022e-05,0.200008177362308,0.200005634233432,0.200010839756363,0.200008212529498,1.64916464394732e-06,121278.498944031,4.49070440660841e-05,0.623781244102142,4.49070835838604e-05,-3.16015162364844e-06,0.000394115388559622,0.00303477914685574,23.2205541133881
"rossler",3,2,Inf,3.69897000433602,5000,4,13,"smoothed",13,8,6,"weak/smoothed/m=1w/p=8",829,"x3;x1 x3",TRUE,2,"x3;x1 x3",TRUE,2,2,0,0,TRUE,6.93993040344839e-07,0.200000404070276,0.199998693020394,0.200002127522696,0.200000396446259,1.05730592270835e-06,189160.385987384,2.88006984721992e-05,0.419851708621705,2.88006998110461e-05,2.98534328800248e-08,1.00481547266416e-06,8.60379485062568e-06,16.1140248775482
"rossler",3,2,Inf,3.69897000433602,5000,4,13,"smoothed",26,4,13,"weak/smoothed/m=2w/p=4",381,"x3;x1 x3",TRUE,2,"x3;x1 x3",TRUE,2,2,0,0,TRUE,1.89452042298477e-06,0.200000430494737,0.199999122365648,0.200001687794612,0.200000433671697,7.9092870988779e-07,252867.838999132,1.45493114741867e-05,-0.0712118847110332,1.45493326703842e-05,-1.21476589780672e-07,2.00885475290356e-05,0.000138869045042622,48.1792137622833
"rossler",3,2,Inf,3.69897000433602,5000,4,13,"smoothed",26,8,13,"weak/smoothed/m=2w/p=8",381,"x3;x1 x3",TRUE,2,"x3;x1 x3",TRUE,2,2,0,0,TRUE,4.39911805852296e-07,0.199999958109636,0.199998582611766,0.200001340350522,0.199999956809975,7.93999934510751e-07,251889.135146102,1.46242969812266e-05,-0.343472739415484,1.46243174520895e-05,3.01370214150834e-08,6.40259221553344e-07,4.61785249744606e-06,35.5879917144775
"rossler",3,3,Inf,3.69897000433602,5000,4,13,"smoothed",NA,NA,NA,"sg",5000,"x3;x1 x3",TRUE,2,"x3;x1 x3",TRUE,2,2,0,0,TRUE,6.21303125121209e-05,0.199979974528112,0.199949923674787,0.200008887226559,0.199980035423947,1.83493955964146e-05,10898.453541599,0.00125541249596118,0.989303662761848,0.00125541269766837,2.18545662244528e-06,0.00134559573339753,0.0181949349550152,10.1184074878693
"rossler",3,3,Inf,3.69897000433602,5000,4,13,"raw",13,4,6,"weak/raw/m=1w/p=4",829,"x3;x1 x3",TRUE,2,"x3;x1 x3",TRUE,2,2,0,0,TRUE,4.26949764177596e-05,0.200008238502949,0.200007087409249,0.200009442855497,0.200008222248356,6.97043538764815e-07,286937.918688376,1.94094321640444e-05,0.822898579855407,1.94094352288564e-05,-9.77044014760663e-06,0.00032723408746856,0.00245887305143527,19.9589474201202
"rossler",3,3,Inf,3.69897000433602,5000,4,13,"raw",13,8,6,"weak/raw/m=1w/p=8",829,"x3;x1 x3",TRUE,2,"x3;x1 x3",TRUE,2,2,0,0,TRUE,3.81712008667989e-08,0.199999993902507,0.199999461939163,0.200000395866918,0.199999996851348,3.21767668148964e-08,6215664.79944643,8.96138101779587e-07,0.339720966975852,8.96146163300099e-07,-3.4616153493442e-10,9.44691715911594e-07,1.16947738028617e-05,4.03657293319702
"rossler",3,3,Inf,3.69897000433602,5000,4,13,"raw",26,4,13,"weak/raw/m=2w/p=4",381,"x3;x1 x3",TRUE,2,"x3;x1 x3",TRUE,2,2,0,0,TRUE,2.2952613102932e-06,0.200000385337055,0.20000006642961,0.200000716279174,0.200000385310038,1.924260462476e-07,1039362.33794822,3.62595157603499e-06,0.43484396034604,3.62595487188042e-06,-5.40241250534813e-07,1.68793130161217e-05,0.000114733878081086,60.552746295929
"rossler",3,3,Inf,3.69897000433602,5000,4,13,"raw",26,8,13,"weak/raw/m=2w/p=8",381,"x3;x1 x3",TRUE,2,"x3;x1 x3",TRUE,2,2,0,0,TRUE,1.00567492111736e-08,0.199999993798616,0.199999825712305,0.200000159597477,0.199999992380335,2.41807521661749e-08,8271040.99185565,4.55969884991839e-07,-0.315392191922065,4.55984673208916e-07,8.32087872627268e-09,4.6788850356354e-07,4.79584440710168e-06,18.0099799633026
"rossler",3,3,Inf,3.69897000433602,5000,4,13,"smoothed",13,4,6,"weak/smoothed/m=1w/p=4",829,"x3;x1 x3",TRUE,2,"x3;x1 x3",TRUE,2,2,0,0,TRUE,4.23002926099402e-05,0.200008124064613,0.200006259524462,0.200009781781344,0.200008092089646,1.06279276537765e-06,188191.055307548,2.95938530482444e-05,0.724259518167213,2.95938554461507e-05,-9.77044014760663e-06,0.00032723408746856,0.00245887305143527,20.0009446144104
"rossler",3,3,Inf,3.69897000433602,5000,4,13,"smoothed",13,8,6,"weak/smoothed/m=1w/p=8",829,"x3;x1 x3",TRUE,2,"x3;x1 x3",TRUE,2,2,0,0,TRUE,3.90645108261367e-07,0.19999985794612,0.19999899217786,0.200000748978499,0.199999859131272,5.15575000178296e-07,387916.130654333,1.43590064203254e-05,0.513125794229093,1.43590492868381e-05,-3.4616153493442e-10,9.44691715911594e-07,1.16947738028617e-05,18.7027127742767
"rossler",3,3,Inf,3.69897000433602,5000,4,13,"smoothed",26,4,13,"weak/smoothed/m=2w/p=4",381,"x3;x1 x3",TRUE,2,"x3;x1 x3",TRUE,2,2,0,0,TRUE,2.01963805430071e-06,0.200000288656424,0.199999466073368,0.200001097398482,0.200000293302935,5.21036271407164e-07,383850.999015469,9.81806945837955e-06,0.0113378497238337,9.81808575996093e-06,-5.40241250534813e-07,1.68793130161217e-05,0.000114733878081086,39.9259629249573
"rossler",3,3,Inf,3.69897000433602,5000,4,13,"smoothed",26,8,13,"weak/smoothed/m=2w/p=8",381,"x3;x1 x3",TRUE,2,"x3;x1 x3",TRUE,2,2,0,0,TRUE,3.32528908408847e-07,0.199999871612002,0.199999022388073,0.200000747350901,0.199999882307236,5.04194718868466e-07,396671.910320846,9.5074630482922e-06,-0.319730134418696,9.50747839662503e-06,8.32087872627268e-09,4.6788850356354e-07,4.79584440710168e-06,33.4435267448425
"rossler",3,4,Inf,3.69897000433602,5000,4,13,"smoothed",NA,NA,NA,"sg",5000,"x3;x1 x3",TRUE,2,"x3;x1 x3",TRUE,2,2,0,0,TRUE,3.60379298705339e-05,0.200096136381759,0.19998696467976,0.200206129650386,0.200098473172355,6.51635969305292e-05,3070.70945432432,0.00437428906865718,0.463251859032504,0.00437428972040011,1.58321061078535e-05,0.00438942111593283,0.267209569187298,13.0829384326935
"rossler",3,4,Inf,3.69897000433602,5000,4,13,"raw",13,4,6,"weak/raw/m=1w/p=4",829,"x3;x1 x3",TRUE,2,"x3;x1 x3",TRUE,2,2,0,0,TRUE,4.34936471554138e-05,0.200007135315476,0.20000470649618,0.200009504320462,0.200007119185178,1.4521322179602e-06,137733.407957939,3.96429764828965e-05,0.847236536545868,3.96429878428954e-05,-6.41736949955887e-06,0.000409179578348546,0.00294583252437236,24.7492451667786
"rossler",3,4,Inf,3.69897000433602,5000,4,13,"raw",13,8,6,"weak/raw/m=1w/p=8",829,"x3;x1 x3",TRUE,2,"x3;x1 x3",TRUE,2,2,0,0,TRUE,3.79406523975945e-08,0.200000002640374,0.199999616289669,0.200000371579448,0.200000001707871,3.82564446460125e-08,5227877.38271224,1.04474380548948e-06,0.477561073335833,1.04482900528691e-06,2.2901791038678e-08,1.11202931585062e-06,9.22181352508433e-06,2.6317732334137
"rossler",3,4,Inf,3.69897000433602,5000,4,13,"raw",26,4,13,"weak/raw/m=2w/p=4",381,"x3;x1 x3",TRUE,2,"x3;x1 x3",TRUE,2,2,0,0,TRUE,2.33748102296261e-06,0.200000256269068,0.199999758381505,0.200000752900106,0.2000002462941,3.02525887195766e-07,661101.263590971,5.58179689980194e-06,0.417988724126996,5.58179970043021e-06,-2.75491617757734e-07,2.09805351593502e-05,0.000112957055993956,119.874476194382
"rossler",3,4,Inf,3.69897000433602,5000,4,13,"raw",26,8,13,"weak/raw/m=2w/p=8",381,"x3;x1 x3",TRUE,2,"x3;x1 x3",TRUE,2,2,0,0,TRUE,1.18972733886835e-08,0.19999999715115,0.199999853448512,0.200000142610256,0.199999997538873,4.03348627516858e-08,4958489.60166635,7.45091992144174e-07,-0.138099928089435,7.45093290895879e-07,2.63008234212288e-08,7.58844998125421e-07,6.81796982321403e-06,22.7704050540924
"rossler",3,4,Inf,3.69897000433602,5000,4,13,"smoothed",13,4,6,"weak/smoothed/m=1w/p=4",829,"x3;x1 x3",TRUE,2,"x3;x1 x3",TRUE,2,2,0,0,TRUE,4.31663748658332e-05,0.200007137803057,0.200004114500923,0.200010113299743,0.200007187747646,1.78065237272977e-06,112322.422282251,4.8611523755629e-05,0.678873981375177,4.86115371754795e-05,-6.41736949955887e-06,0.000409179578348546,0.00294583252437236,30.302971124649
"rossler",3,4,Inf,3.69897000433602,5000,4,13,"smoothed",13,8,6,"weak/smoothed/m=1w/p=8",829,"x3;x1 x3",TRUE,2,"x3;x1 x3",TRUE,2,2,0,0,TRUE,6.37628805583839e-07,0.200000366748221,0.199999120806386,0.200001608122702,0.200000364986811,7.39116413782421e-07,270593.862154016,2.0184502204752e-05,0.594333119087867,2.01845223110843e-05,2.2901791038678e-08,1.11202931585062e-06,9.22181352508433e-06,24.9188256263733
"rossler",3,4,Inf,3.69897000433602,5000,4,13,"smoothed",26,4,13,"weak/smoothed/m=2w/p=4",381,"x3;x1 x3",TRUE,2,"x3;x1 x3",TRUE,2,2,0,0,TRUE,2.04713920171073e-06,0.200000333445745,0.199999343449154,0.200001393753633,0.200000345422063,6.12713743468078e-07,326417.266715812,1.1304962006027e-05,0.0361886375194903,1.13049628577237e-05,-2.75491617757734e-07,2.09805351593502e-05,0.000112957055993956,41.6926703453064
"rossler",3,4,Inf,3.69897000433602,5000,4,13,"smoothed",26,8,13,"weak/smoothed/m=2w/p=8",381,"x3;x1 x3",TRUE,2,"x3;x1 x3",TRUE,2,2,0,0,TRUE,3.26703585042864e-07,0.200000069756583,0.199999075664474,0.200001068780157,0.200000080373103,5.93550598333511e-07,336955.401838756,1.09644552025199e-05,-0.269786102293383,1.09644638823768e-05,2.63008234212288e-08,7.58844998125421e-07,6.81796982321403e-06,35.0781047344208
"rossler",3,5,Inf,3.69897000433602,5000,4,13,"smoothed",NA,NA,NA,"sg",5000,"x3;x1 x3",TRUE,2,"x3;x1 x3",TRUE,2,2,0,0,TRUE,2.1544342421409e-05,0.200022248960991,0.199949036608915,0.200095641440824,0.2000229324975,4.41062377378624e-05,4535.02594545244,0.00299471906530221,0.647764234661616,0.00299471936915547,-5.95053417459978e-06,0.00300687783608624,0.156855612954172,12.7736887931824
"rossler",3,5,Inf,3.69897000433602,5000,4,13,"raw",13,4,6,"weak/raw/m=1w/p=4",829,"x3;x1 x3",TRUE,2,"x3;x1 x3",TRUE,2,2,0,0,TRUE,4.29908435149753e-05,0.200007435200896,0.200005311987124,0.200009551225481,0.200007408962081,1.2396633885844e-06,161340.095064414,3.42444574601392e-05,0.834003289074057,3.42445365965252e-05,-6.22980055082497e-06,0.000428324617476296,0.00247019510410668,16.3552889823914
"rossler",3,5,Inf,3.69897000433602,5000,4,13,"raw",13,8,6,"weak/raw/m=1w/p=8",829,"x3;x1 x3",TRUE,2,"x3;x1 x3",TRUE,2,2,0,0,TRUE,2.6362987792794e-08,0.200000005584481,0.199999172077386,0.200000808754132,0.200000003848782,4.05962511390032e-08,4926563.3706909,1.12173873258642e-06,0.425709995394412,1.12178249565664e-06,4.50496066424618e-08,1.16505462704443e-06,1.00994808935329e-05,19.1698744297028
"rossler",3,5,Inf,3.69897000433602,5000,4,13,"raw",26,4,13,"weak/raw/m=2w/p=4",381,"x3;x1 x3",TRUE,2,"x3;x1 x3",TRUE,2,2,0,0,TRUE,2.28559208048651e-06,0.200000274515746,0.199999751553841,0.200000804192488,0.200000283245322,3.04199819541629e-07,657463.517061529,5.68150800142897e-06,0.414861101693145,5.68150863313251e-06,-2.39115727697996e-07,2.17276856191356e-05,0.000115334898876551,43.9049594402313
"rossler",3,5,Inf,3.69897000433602,5000,4,13,"raw",26,8,13,"weak/raw/m=2w/p=8",381,"x3;x1 x3",TRUE,2,"x3;x1 x3",TRUE,2,2,0,0,TRUE,7.51752999032138e-09,0.199999994318545,0.199999822729587,0.200000153823234,0.199999998409349,3.84284943286288e-08,5204471.36697602,7.18436503526701e-07,-0.401474665045849,7.18440735593028e-07,4.74803911077196e-08,7.38798163575725e-07,5.94701725448177e-06,38.3273661136627
"rossler",3,5,Inf,3.69897000433602,5000,4,13,"smoothed",13,4,6,"weak/smoothed/m=1w/p=4",829,"x3;x1 x3",TRUE,2,"x3;x1 x3",TRUE,2,2,0,0,TRUE,4.26489260495625e-05,0.200007251160259,0.200004388585618,0.200010161112195,0.200007270210681,1.7453880820806e-06,114591.861984219,4.82145946361796e-05,0.703970352148159,4.82146633024613e-05,-6.22980055082497e-06,0.000428324617476296,0.00247019510410668,13.0682091712952
"rossler",3,5,Inf,3.69897000433602,5000,4,13,"smoothed",13,8,6,"weak/smoothed/m=1w/p=8",829,"x3;x1 x3",TRUE,2,"x3;x1 x3",TRUE,2,2,0,0,TRUE,5.1703097803113e-07,0.200000061656473,0.199998844973956,0.20000118850366,0.200000044089136,7.16203728692303e-07,279250.213419457,1.97898435995652e-05,0.533103588455028,1.9789851379639e-05,4.50496066424618e-08,1.16505462704443e-06,1.00994808935329e-05,16.8679261207581
"rossler",3,5,Inf,3.69897000433602,5000,4,13,"smoothed",26,4,13,"weak/smoothed/m=2w/p=4",381,"x3;x1 x3",TRUE,2,"x3;x1 x3",TRUE,2,2,0,0,TRUE,1.96832478249753e-06,0.200000261382142,0.199999120050725,0.200001416031747,0.200000258803476,7.22679728763847e-07,276748.12346761,1.34974131753527e-05,0.0111553488075161,1.34974158464031e-05,-2.39115727697996e-07,2.17276856191356e-05,0.000115334898876551,42.2567627429962
"rossler",3,5,Inf,3.69897000433602,5000,4,13,"smoothed",26,8,13,"weak/smoothed/m=2w/p=8",381,"x3;x1 x3",TRUE,2,"x3;x1 x3",TRUE,2,2,0,0,TRUE,3.90549950430434e-07,0.199999952708714,0.199998825191456,0.200001108600679,0.199999974942344,7.09249838493569e-07,281988.044392283,1.32597173421289e-05,-0.316485064594852,1.32597239370537e-05,4.74803911077196e-08,7.38798163575725e-07,5.94701725448177e-06,45.5335416793823
"rossler",3,6,Inf,3.69897000433602,5000,4,13,"smoothed",NA,NA,NA,"sg",5000,"x3;x1 x3",TRUE,2,"x3;x1 x3",TRUE,2,2,0,0,TRUE,6.54330283238469e-05,0.199978732915376,0.199940220116379,0.200019651733345,0.199979259988185,2.44599529016057e-05,8175.78270868447,0.00165169987469856,0.989432591685601,0.00165169988403234,-1.58246077023492e-06,0.00177549465001949,0.016875911241523,14.7940366268158
"rossler",3,6,Inf,3.69897000433602,5000,4,13,"raw",13,4,6,"weak/raw/m=1w/p=4",829,"x3;x1 x3",TRUE,2,"x3;x1 x3",TRUE,2,2,0,0,TRUE,4.25679704773361e-05,0.200008463257944,0.200006928997898,0.20000997062249,0.200008439277862,9.20575521380643e-07,217264.563995681,2.52972118936975e-05,0.819775033382422,2.52972203663608e-05,-3.53781137785089e-06,0.000414071102295881,0.00237562931577601,18.9834222793579
"rossler",3,6,Inf,3.69897000433602,5000,4,13,"raw",13,8,6,"weak/raw/m=1w/p=8",829,"x3;x1 x3",TRUE,2,"x3;x1 x3",TRUE,2,2,0,0,TRUE,2.95997484300869e-08,0.199999975620732,0.199999395740101,0.200000597983224,0.19999999451401,4.11073388967638e-08,4865311.15566215,1.12992191252578e-06,0.428455614636434,1.1300533065631e-06,6.88947184551669e-10,1.16528713917121e-06,1.13766165796281e-05,2.76024270057678
"rossler",3,6,Inf,3.69897000433602,5000,4,13,"raw",26,4,13,"weak/raw/m=2w/p=4",381,"x3;x1 x3",TRUE,2,"x3;x1 x3",TRUE,2,2,0,0,TRUE,2.2516583420007e-06,0.200000477843089,0.200000078599125,0.200000892526553,0.200000484633062,2.51185732097457e-07,796225.498013017,4.66989291355473e-06,0.379155738879004,4.66989473679172e-06,1.72506649870297e-08,2.08824890822933e-05,0.000110847977229878,51.0861549377441
"rossler",3,6,Inf,3.69897000433602,5000,4,13,"raw",26,8,13,"weak/raw/m=2w/p=8",381,"x3;x1 x3",TRUE,2,"x3;x1 x3",TRUE,2,2,0,0,TRUE,2.19129026035603e-09,0.199999991316973,0.199999735736752,0.200000235124831,0.199999991046116,4.10453698371001e-08,4872656.57100596,7.63832839773403e-07,-0.413421529352373,7.63840278343967e-07,5.09511890348521e-09,7.65534608925472e-07,6.56121752201644e-06,29.4400053024292
"rossler",3,6,Inf,3.69897000433602,5000,4,13,"smoothed",13,4,6,"weak/smoothed/m=1w/p=4",829,"x3;x1 x3",TRUE,2,"x3;x1 x3",TRUE,2,2,0,0,TRUE,4.21377338082769e-05,0.200008350512351,0.200006025433576,0.200010699360826,0.200008314686941,1.41038132672261e-06,141811.516429895,3.8756967082651e-05,0.723664191581668,3.87570012797e-05,-3.53781137785089e-06,0.000414071102295881,0.00237562931577601,13.939245223999
"rossler",3,6,Inf,3.69897000433602,5000,4,13,"smoothed",13,8,6,"weak/smoothed/m=1w/p=8",829,"x3;x1 x3",TRUE,2,"x3;x1 x3",TRUE,2,2,0,0,TRUE,4.30476598928545e-07,0.199999874372526,0.199998783419517,0.20000094801959,0.199999864788616,6.87129532262271e-07,291065.73855172,1.88872044246598e-05,0.523963921255042,1.88872121817956e-05,6.88947184551669e-10,1.16528713917121e-06,1.13766165796281e-05,18.6008269786835
"rossler",3,6,Inf,3.69897000433602,5000,4,13,"smoothed",26,4,13,"weak/smoothed/m=2w/p=4",381,"x3;x1 x3",TRUE,2,"x3;x1 x3",TRUE,2,2,0,0,TRUE,1.94495524752369e-06,0.200000410015008,0.199999274714926,0.200001571494853,0.200000408887379,6.96787473439716e-07,287032.153290687,1.29542504295194e-05,-0.0177769491738518,1.29543195054299e-05,1.72506649870297e-08,2.08824890822933e-05,0.000110847977229878,40.896390914917
"rossler",3,6,Inf,3.69897000433602,5000,4,13,"smoothed",26,8,13,"weak/smoothed/m=2w/p=8",381,"x3;x1 x3",TRUE,2,"x3;x1 x3",TRUE,2,2,0,0,TRUE,3.70052392783119e-07,0.199999872795942,0.199998735448074,0.200001037117002,0.199999899558754,6.99367360408363e-07,285972.59592151,1.30148603310975e-05,-0.341376239728373,1.30148645302555e-05,5.09511890348521e-09,7.65534608925472e-07,6.56121752201644e-06,38.5953073501587
"rossler",3,7,Inf,3.69897000433602,5000,4,13,"smoothed",NA,NA,NA,"sg",5000,"x3;x1 x3",TRUE,2,"x3;x1 x3",TRUE,2,2,0,0,TRUE,3.00254906824282e-05,0.199995982961882,0.199949238526728,0.200041618768212,0.199995844124267,2.71919610336425e-05,7354.96214770342,0.00183638211590337,0.76026062731786,0.00183638212303877,-1.49593619546963e-05,0.00185579516099558,0.0821737000757963,7.18130540847778
"rossler",3,7,Inf,3.69897000433602,5000,4,13,"raw",13,4,6,"weak/raw/m=1w/p=4",829,"x3;x1 x3",TRUE,2,"x3;x1 x3",TRUE,2,2,0,0,TRUE,4.30175270333721e-05,0.200007874723885,0.200006422042359,0.200009232753504,0.200007866010622,8.57157551514749e-07,233338.510122407,2.35516566314108e-05,0.836075157327861,2.35517049708098e-05,-4.7081092070921e-06,0.000342918171397579,0.00247209006589061,17.2693290710449
"rossler",3,7,Inf,3.69897000433602,5000,4,13,"raw",13,8,6,"weak/raw/m=1w/p=8",829,"x3;x1 x3",TRUE,2,"x3;x1 x3",TRUE,2,2,0,0,TRUE,3.06213869816219e-08,0.200000000978458,0.199999680054152,0.2000002836799,0.200000013313413,3.61284016388603e-08,5535811.27979626,9.9295899404381e-07,0.480951114695386,9.93011426678593e-07,2.95065782149439e-08,1.02377406647657e-06,1.17104460343742e-05,3.694979429245
"rossler",3,7,Inf,3.69897000433602,5000,4,13,"raw",26,4,13,"weak/raw/m=2w/p=4",381,"x3;x1 x3",TRUE,2,"x3;x1 x3",TRUE,2,2,0,0,TRUE,2.3205239982893e-06,0.200000352837654,0.199999964595778,0.20000071826371,0.200000354317842,2.26980321518776e-07,881135.214628277,4.21641938091804e-06,0.42138102843534,4.2164212538938e-06,-1.81935074593741e-07,1.76621505151231e-05,0.000116832875643513,67.3808352947235
"rossler",3,7,Inf,3.69897000433602,5000,4,13,"raw",26,8,13,"weak/raw/m=2w/p=8",381,"x3;x1 x3",TRUE,2,"x3;x1 x3",TRUE,2,2,0,0,TRUE,4.38793268386917e-09,0.200000006083049,0.199999822130966,0.200000173006158,0.20000000710968,3.53749175301103e-08,5653723.6288804,6.57805716152238e-07,-0.354505828333186,6.57805882471366e-07,3.12406537609913e-08,6.63684481694726e-07,6.69577774486951e-06,26.6454675197601
"rossler",3,7,Inf,3.69897000433602,5000,4,13,"smoothed",13,4,6,"weak/smoothed/m=1w/p=4",829,"x3;x1 x3",TRUE,2,"x3;x1 x3",TRUE,2,2,0,0,TRUE,4.27450395374133e-05,0.200007696218005,0.200005613969614,0.200009756358405,0.200007708455839,1.26580785089716e-06,158007.953824968,3.47799208630185e-05,0.716357107632803,3.47799494495324e-05,-4.7081092070921e-06,0.000342918171397579,0.00247209006589061,14.2888009548187
"rossler",3,7,Inf,3.69897000433602,5000,4,13,"smoothed",13,8,6,"weak/smoothed/m=1w/p=8",829,"x3;x1 x3",TRUE,2,"x3;x1 x3",TRUE,2,2,0,0,TRUE,3.74059072527438e-07,0.199999977734765,0.199999072570586,0.200000847830254,0.199999946878461,5.40297491128011e-07,370166.343843111,1.48496259993846e-05,0.511739959288458,1.48496293107753e-05,2.95065782149439e-08,1.02377406647657e-06,1.17104460343742e-05,23.8424534797668
"rossler",3,7,Inf,3.69897000433602,5000,4,13,"smoothed",26,4,13,"weak/smoothed/m=2w/p=4",381,"x3;x1 x3",TRUE,2,"x3;x1 x3",TRUE,2,2,0,0,TRUE,2.04575560713849e-06,0.200000316817151,0.19999939377364,0.200001236419026,0.200000307605999,5.51203947269088e-07,362842.662134208,1.02392444725364e-05,0.0122078792192402,1.02392660940692e-05,-1.81935074593741e-07,1.76621505151231e-05,0.000116832875643513,34.121903181076
"rossler",3,7,Inf,3.69897000433602,5000,4,13,"smoothed",26,8,13,"weak/smoothed/m=2w/p=8",381,"x3;x1 x3",TRUE,2,"x3;x1 x3",TRUE,2,2,0,0,TRUE,3.35874315806344e-07,0.199999953104305,0.199999099107971,0.200000841450424,0.19999996970147,5.38494714009427e-07,371405.632215674,1.00134480875543e-05,-0.328122663073413,1.00134541107976e-05,3.12406537609913e-08,6.63684481694726e-07,6.69577774486951e-06,31.3077054023743
"rossler",3,8,Inf,3.69897000433602,5000,4,13,"smoothed",NA,NA,NA,"sg",5000,"x3;x1 x3",TRUE,2,"x3;x1 x3",TRUE,2,2,0,0,TRUE,3.47260800294573e-05,0.199982917825607,0.199966326474037,0.200000578389674,0.199982995753981,1.01554557898016e-05,19692.1733394586,0.000677527690896153,0.841662148903709,0.000677527792944349,4.28375063955632e-06,0.000707662762627598,0.0249266712934741,4.01487970352173
"rossler",3,8,Inf,3.69897000433602,5000,4,13,"raw",13,4,6,"weak/raw/m=1w/p=4",829,"x3;x1 x3",TRUE,2,"x3;x1 x3",TRUE,2,2,0,0,TRUE,4.33621916316764e-05,0.200008363065587,0.200007648089647,0.200009072157198,0.200008362530167,4.20426434069968e-07,475727.371835238,1.13940368706877e-05,0.855641869651161,1.13940465808222e-05,-1.07448345535881e-05,0.000249941577263084,0.00172536785777738,16.9575252532959
"rossler",3,8,Inf,3.69897000433602,5000,4,13,"raw",13,8,6,"weak/raw/m=1w/p=8",829,"x3;x1 x3",TRUE,2,"x3;x1 x3",TRUE,2,2,0,0,TRUE,3.91384917808324e-08,0.200000022896374,0.199999598807255,0.200000507406312,0.200000012182514,2.33901209866478e-08,8550618.96843901,6.34063727717329e-07,0.468221589136002,6.34083875079853e-07,2.10881551461254e-08,6.75549226086233e-07,7.54261672958334e-06,3.5957944393158
"rossler",3,8,Inf,3.69897000433602,5000,4,13,"raw",26,4,13,"weak/raw/m=2w/p=4",381,"x3;x1 x3",TRUE,2,"x3;x1 x3",TRUE,2,2,0,0,TRUE,2.4433555132369e-06,0.200000434861231,0.200000226144552,0.200000636071958,0.200000433049708,1.24177053886996e-07,1610607.00660295,2.2740013678233e-06,0.523052123047519,2.27400347979076e-06,-4.87163030852109e-07,1.31774585578811e-05,8.34238024552403e-05,50.2664680480957
"rossler",3,8,Inf,3.69897000433602,5000,4,13,"raw",26,8,13,"weak/raw/m=2w/p=8",381,"x3;x1 x3",TRUE,2,"x3;x1 x3",TRUE,2,2,0,0,TRUE,1.0906356928686e-08,0.200000001330592,0.199999824629258,0.200000170827802,0.200000006551831,2.45024984981189e-08,8162433.1725675,4.49177439895678e-07,-0.139654235088052,4.492304099078e-07,2.88583639981861e-08,4.57679463314856e-07,3.21353851545636e-06,5.05261063575745
"rossler",3,8,Inf,3.69897000433602,5000,4,13,"smoothed",13,4,6,"weak/smoothed/m=1w/p=4",829,"x3;x1 x3",TRUE,2,"x3;x1 x3",TRUE,2,2,0,0,TRUE,4.31332253665317e-05,0.20000825794174,0.200007322755924,0.200009177439672,0.200008250543856,5.64005258880028e-07,354621.251122769,1.52851871085244e-05,0.777616512911153,1.52851963044173e-05,-1.07448345535881e-05,0.000249941577263084,0.00172536785777738,14.069317817688
"rossler",3,8,Inf,3.69897000433602,5000,4,13,"smoothed",13,8,6,"weak/smoothed/m=1w/p=8",829,"x3;x1 x3",TRUE,2,"x3;x1 x3",TRUE,2,2,0,0,TRUE,1.35664731670815e-07,0.199999960742263,0.199999584579788,0.200000314971471,0.199999955583314,1.90732698002766e-07,1048587.67100549,5.17041726662232e-06,0.584273700316857,5.17042079823384e-06,2.10881551461254e-08,6.75549226086233e-07,7.54261672958334e-06,25.4407575130463
"rossler",3,8,Inf,3.69897000433602,5000,4,13,"smoothed",26,4,13,"weak/smoothed/m=2w/p=4",381,"x3;x1 x3",TRUE,2,"x3;x1 x3",TRUE,2,2,0,0,TRUE,2.329640442349e-06,0.200000397935164,0.199999962876776,0.20000081106861,0.200000399447933,2.55196534737256e-07,783711.266510137,4.67330517546548e-06,0.197975358861413,4.67331199001071e-06,-4.87163030852109e-07,1.31774585578811e-05,8.34238024552403e-05,39.6523323059082
"rossler",3,8,Inf,3.69897000433602,5000,4,13,"smoothed",26,8,13,"weak/smoothed/m=2w/p=8",381,"x3;x1 x3",TRUE,2,"x3;x1 x3",TRUE,2,2,0,0,TRUE,1.23575683685928e-07,0.199999965825614,0.199999634500555,0.20000028758678,0.199999970814999,2.05026576833822e-07,975483.149080244,3.75852743385965e-06,-0.183934108758802,3.75853618578107e-06,2.88583639981861e-08,4.57679463314856e-07,3.21353851545636e-06,44.6502072811127
"rossler",3,9,Inf,3.69897000433602,5000,4,13,"smoothed",NA,NA,NA,"sg",5000,"x3;x1 x3",TRUE,2,"x3;x1 x3",TRUE,2,2,0,0,TRUE,3.09861367533727e-05,0.200041976974139,0.199998900060853,0.200083810614881,0.200042174268823,2.5736362882595e-05,7772.74454752531,0.00165671097371506,0.485436308170003,0.00165671156791693,-2.11842303478105e-05,0.0016704806425167,0.101197599099746,9.48691821098328
"rossler",3,9,Inf,3.69897000433602,5000,4,13,"raw",13,4,6,"weak/raw/m=1w/p=4",829,"x3;x1 x3",TRUE,2,"x3;x1 x3",TRUE,2,2,0,0,TRUE,4.42030511529473e-05,0.200008494399925,0.200007365905919,0.200009606958983,0.200008490503811,6.70170785517488e-07,298444.060567889,1.75516369457024e-05,0.892482713596324,1.75516524557623e-05,-1.78176300941479e-06,0.000277110490781143,0.00229322845660535,16.9755299091339
"rossler",3,9,Inf,3.69897000433602,5000,4,13,"raw",13,8,6,"weak/raw/m=1w/p=8",829,"x3;x1 x3",TRUE,2,"x3;x1 x3",TRUE,2,2,0,0,TRUE,3.35482503375891e-08,0.200000030988735,0.19999974709073,0.200000374402227,0.200000030474439,3.25126173860817e-08,6151458.92745186,8.51845394846014e-07,0.612269339865176,8.51853398294735e-07,2.13497738388583e-08,8.78192326950156e-07,7.93571488061362e-06,5.11524343490601
"rossler",3,9,Inf,3.69897000433602,5000,4,13,"raw",26,4,13,"weak/raw/m=2w/p=4",381,"x3;x1 x3",TRUE,2,"x3;x1 x3",TRUE,2,2,0,0,TRUE,2.50548354009258e-06,0.200000439592029,0.200000148850536,0.200000725026683,0.200000434120907,1.75366051729435e-07,1140474.06638019,3.10665968504216e-06,0.497931803494336,3.10667680882908e-06,1.1676516587393e-08,1.47164299971018e-05,8.36512162180614e-05,52.0268487930298
"rossler",3,9,Inf,3.69897000433602,5000,4,13,"raw",26,8,13,"weak/raw/m=2w/p=8",381,"x3;x1 x3",TRUE,2,"x3;x1 x3",TRUE,2,2,0,0,TRUE,9.9575607019157e-09,0.200000027943951,0.199999946058534,0.200000110662086,0.20000002530513,3.56327691800013e-08,5612811.74344931,6.32266741988236e-07,-0.10022387600311,6.32267372635402e-07,1.93030973091875e-08,6.34548026225444e-07,4.73423052865796e-06,39.8852424621582
"rossler",3,9,Inf,3.69897000433602,5000,4,13,"smoothed",13,4,6,"weak/smoothed/m=1w/p=4",829,"x3;x1 x3",TRUE,2,"x3;x1 x3",TRUE,2,2,0,0,TRUE,4.43202908972539e-05,0.20000853518265,0.200007029748368,0.200010009793654,0.200008545681503,9.02681799664241e-07,221571.483723165,2.36410531930468e-05,0.774466512775356,2.36410572616807e-05,-1.78176300941479e-06,0.000277110490781143,0.00229322845660535,17.4724209308624
"rossler",3,9,Inf,3.69897000433602,5000,4,13,"smoothed",13,8,6,"weak/smoothed/m=1w/p=8",829,"x3;x1 x3",TRUE,2,"x3;x1 x3",TRUE,2,2,0,0,TRUE,1.54711852529912e-07,0.200000039290166,0.199999560902097,0.200000517694014,0.200000030833649,2.15153026856822e-07,929571.076714359,5.6371073566447e-06,0.567396371571479,5.63712217586007e-06,2.13497738388583e-08,8.78192326950156e-07,7.93571488061362e-06,16.5867738723755
"rossler",3,9,Inf,3.69897000433602,5000,4,13,"smoothed",26,4,13,"weak/smoothed/m=2w/p=4",381,"x3;x1 x3",TRUE,2,"x3;x1 x3",TRUE,2,2,0,0,TRUE,2.36930150119158e-06,0.20000042319515,0.199999946380674,0.200000894258342,0.2000004206381,2.90538439793432e-07,688378.518106922,5.14697142094056e-06,0.194662826847926,5.14698105742729e-06,1.1676516587393e-08,1.47164299971018e-05,8.36512162180614e-05,63.3362281322479
"rossler",3,9,Inf,3.69897000433602,5000,4,13,"smoothed",26,8,13,"weak/smoothed/m=2w/p=8",381,"x3;x1 x3",TRUE,2,"x3;x1 x3",TRUE,2,2,0,0,TRUE,1.58500914693355e-07,0.200000031377699,0.199999659336007,0.200000418628784,0.200000024072522,2.31848486997541e-07,862632.431475142,4.11391229489208e-06,-0.204216295982146,4.11391497812514e-06,1.93030973091875e-08,6.34548026225444e-07,4.73423052865796e-06,49.5572707653046
"rossler",3,10,Inf,3.69897000433602,5000,4,13,"smoothed",NA,NA,NA,"sg",5000,"x3;x1 x3",TRUE,2,"x3;x1 x3",TRUE,2,2,0,0,TRUE,5.80594588379668e-05,0.199983254380658,0.199952506326252,0.200014231972732,0.19998292950664,1.88945929554079e-05,10584.1353650014,0.00126818005225467,0.989114694312703,0.00126818016550997,-3.4762390602992e-07,0.00135596803645821,0.0181977549262299,23.793505191803
"rossler",3,10,Inf,3.69897000433602,5000,4,13,"raw",13,4,6,"weak/raw/m=1w/p=4",829,"x3;x1 x3",TRUE,2,"x3;x1 x3",TRUE,2,2,0,0,TRUE,4.27574812273956e-05,0.200008335591301,0.20000712864133,0.200009527614773,0.200008315340527,7.31485989472304e-07,273427.404241623,1.99720421572603e-05,0.828586483934221,1.99720507905423e-05,-5.79816795755963e-06,0.000346278199045694,0.00244916356134867,32.3110859394073
"rossler",3,10,Inf,3.69897000433602,5000,4,13,"raw",13,8,6,"weak/raw/m=1w/p=8",829,"x3;x1 x3",TRUE,2,"x3;x1 x3",TRUE,2,2,0,0,TRUE,3.09964169886712e-08,0.199999988506213,0.199999701542535,0.200000276248919,0.199999987100806,2.56569487676566e-08,7795158.68827423,7.00715590301119e-07,0.470475037829159,7.00717972009485e-07,2.09105035460871e-08,7.55795915724622e-07,7.47377241622216e-06,7.32339262962341
"rossler",3,10,Inf,3.69897000433602,5000,4,13,"raw",26,4,13,"weak/raw/m=2w/p=4",381,"x3;x1 x3",TRUE,2,"x3;x1 x3",TRUE,2,2,0,0,TRUE,2.30600307005169e-06,0.200000406932778,0.20000004941848,0.200000762041761,0.200000399928478,2.06584666395356e-07,968128.000099114,3.81387863165228e-06,0.450081371404059,3.81388214122353e-06,-3.4021866186664e-07,1.7955740818224e-05,0.000112590417255365,89.9920897483826
"rossler",3,10,Inf,3.69897000433602,5000,4,13,"raw",26,8,13,"weak/raw/m=2w/p=8",381,"x3;x1 x3",TRUE,2,"x3;x1 x3",TRUE,2,2,0,0,TRUE,5.64477540733247e-09,0.199999985377868,0.199999702329859,0.200000224088426,0.199999984418187,2.4715457542832e-08,8092101.2314494,4.56774930820174e-07,-0.0808952369598015,4.56782680019894e-07,2.94615234188163e-08,4.78572155914238e-07,3.80371866554041e-06,30.328578710556
"rossler",3,10,Inf,3.69897000433602,5000,4,13,"smoothed",13,4,6,"weak/smoothed/m=1w/p=4",829,"x3;x1 x3",TRUE,2,"x3;x1 x3",TRUE,2,2,0,0,TRUE,4.23823099281014e-05,0.200008207756586,0.200006344283591,0.200010008436185,0.200008199227656,1.1003490439436e-06,181767.95838422,3.00432513533666e-05,0.732597995554446,3.00432609885836e-05,-5.79816795755963e-06,0.000346278199045694,0.00244916356134867,44.5342888832092
"rossler",3,10,Inf,3.69897000433602,5000,4,13,"smoothed",13,8,6,"weak/smoothed/m=1w/p=8",829,"x3;x1 x3",TRUE,2,"x3;x1 x3",TRUE,2,2,0,0,TRUE,3.69753222659746e-07,0.199999877184603,0.19999899446312,0.200000738524356,0.199999866764619,5.17492244004036e-07,386478.96481915,1.41332036651756e-05,0.524547911864309,1.41332201855547e-05,2.09105035460871e-08,7.55795915724622e-07,7.47377241622216e-06,38.0210461616516
"rossler",3,10,Inf,3.69897000433602,5000,4,13,"smoothed",26,4,13,"weak/smoothed/m=2w/p=4",381,"x3;x1 x3",TRUE,2,"x3;x1 x3",TRUE,2,2,0,0,TRUE,2.04265950065619e-06,0.200000329186517,0.199999444524058,0.200001248357168,0.200000319252286,5.42228337877425e-07,368848.887601846,1.00103899486814e-05,0.0217786012873396,1.00104287582759e-05,-3.4021866186664e-07,1.7955740818224e-05,0.000112590417255365,68.2920501232147
"rossler",3,10,Inf,3.69897000433602,5000,4,13,"smoothed",26,8,13,"weak/smoothed/m=2w/p=8",381,"x3;x1 x3",TRUE,2,"x3;x1 x3",TRUE,2,2,0,0,TRUE,3.2017883190742e-07,0.199999887809886,0.19999899493466,0.200000808667768,0.199999887714869,5.50608091790682e-07,363234.559565646,1.01759788228475e-05,-0.366143224477955,1.01760015562067e-05,2.94615234188163e-08,4.78572155914238e-07,3.80371866554041e-06,35.7075779438019
"rossler",3,11,Inf,3.69897000433602,5000,4,13,"smoothed",NA,NA,NA,"sg",5000,"x3;x1 x3",TRUE,2,"x3;x1 x3",TRUE,2,2,0,0,TRUE,0.000103401350086685,0.199963615174481,0.199886741859818,0.200044679505804,0.199965591385647,4.85701562308848e-05,4117.0464932228,0.00332371127202675,0.982393153107296,0.00332371131216465,-1.00105954454302e-05,0.00353303066461043,0.0538578371182041,8.90056133270264
"rossler",3,11,Inf,3.69897000433602,5000,4,13,"raw",13,4,6,"weak/raw/m=1w/p=4",829,"x3;x1 x3",TRUE,2,"x3;x1 x3",TRUE,2,2,0,0,TRUE,4.19628578547148e-05,0.200008068092575,0.200005832067898,0.200010378375808,0.200008074307863,1.3381850698191e-06,149462.19235199,3.72631661452712e-05,0.775322303029854,3.7263220772807e-05,-2.45458409019306e-06,0.000469401785289327,0.00380715285362215,21.1787257194519
"rossler",3,11,Inf,3.69897000433602,5000,4,13,"raw",13,8,6,"weak/raw/m=1w/p=8",829,"x3;x1 x3",TRUE,2,"x3;x1 x3",TRUE,2,2,0,0,TRUE,2.57960734254918e-08,0.199999998348879,0.199999549838088,0.20000045594136,0.200000017400834,5.09582232096501e-08,3924783.96623059,1.41933027341981e-06,0.326811636840693,1.41938461470251e-06,1.34473148483982e-08,1.44737313193031e-06,1.42482793059062e-05,4.01254081726074
"rossler",3,11,Inf,3.69897000433602,5000,4,13,"raw",26,4,13,"weak/raw/m=2w/p=4",381,"x3;x1 x3",TRUE,2,"x3;x1 x3",TRUE,2,2,0,0,TRUE,2.15795622060533e-06,0.20000037670607,0.199999825535831,0.200000926077113,0.200000389434501,3.42186034115514e-07,584478.527744315,6.44274607626951e-06,0.345295539435594,6.4427510825869e-06,-9.28466617038749e-08,2.30460232211534e-05,0.000167565167754458,57.6711220741272
"rossler",3,11,Inf,3.69897000433602,5000,4,13,"raw",26,8,13,"weak/raw/m=2w/p=8",381,"x3;x1 x3",TRUE,2,"x3;x1 x3",TRUE,2,2,0,0,TRUE,2.13548897863204e-09,0.200000019564806,0.199999814790028,0.200000264748718,0.200000013295659,4.6670160830917e-08,4285393.70198973,8.79504467530324e-07,-0.464585659306884,8.79510515132356e-07,1.86020193038995e-08,8.798395007722e-07,8.86171767006116e-06,18.9325919151306
"rossler",3,11,Inf,3.69897000433602,5000,4,13,"smoothed",13,4,6,"weak/smoothed/m=1w/p=4",829,"x3;x1 x3",TRUE,2,"x3;x1 x3",TRUE,2,2,0,0,TRUE,4.109045976317e-05,0.20000772746321,0.200003468589735,0.200012119228373,0.200007801625743,2.59659605982221e-06,77026.9217921551,7.23049391671402e-05,0.594393958556942,7.23049697091866e-05,-2.45458409019306e-06,0.000469401785289327,0.00380715285362215,12.4130935668945
"rossler",3,11,Inf,3.69897000433602,5000,4,13,"smoothed",13,8,6,"weak/smoothed/m=1w/p=8",829,"x3;x1 x3",TRUE,2,"x3;x1 x3",TRUE,2,2,0,0,TRUE,9.16002598061071e-07,0.1999996620078,0.199996910011752,0.20000261351124,0.199999760957746,1.72773643792669e-06,115758.258358982,4.81223337023558e-05,0.382853070720716,4.81223681612109e-05,1.34473148483982e-08,1.44737313193031e-06,1.42482793059062e-05,15.5857882499695
"rossler",3,11,Inf,3.69897000433602,5000,4,13,"smoothed",26,4,13,"weak/smoothed/m=2w/p=4",381,"x3;x1 x3",TRUE,2,"x3;x1 x3",TRUE,2,2,0,0,TRUE,1.59824440926215e-06,0.200000295888841,0.19999815114817,0.200002345968091,0.200000255974202,1.27245837690294e-06,157176.265726653,2.39580970013506e-05,-0.184672083193869,2.39581016072855e-05,-9.28466617038749e-08,2.30460232211534e-05,0.000167565167754458,27.9346351623535
"rossler",3,11,Inf,3.69897000433602,5000,4,13,"smoothed",26,8,13,"weak/smoothed/m=2w/p=8",381,"x3;x1 x3",TRUE,2,"x3;x1 x3",TRUE,2,2,0,0,TRUE,7.19108916818936e-07,0.199999820636207,0.199997241599834,0.200002380471482,0.199999839942245,1.53029237388201e-06,130693.874814843,2.88385330537673e-05,-0.492845286893169,2.88385621554912e-05,1.86020193038995e-08,8.798395007722e-07,8.86171767006116e-06,60.3809638023376
"rossler",3,12,Inf,3.69897000433602,5000,4,13,"smoothed",NA,NA,NA,"sg",5000,"x3;x1 x3",TRUE,2,"x3;x1 x3",TRUE,2,2,0,0,TRUE,8.17255287659173e-05,0.199954236455409,0.199899124236755,0.200010612767851,0.199954732340077,3.45099924466053e-05,5794.11115923748,0.00228650375837449,0.616050157755879,0.00228650435230914,-6.64855746802384e-07,0.00237937647762038,0.124321945399086,12.884352684021
"rossler",3,12,Inf,3.69897000433602,5000,4,13,"raw",13,4,6,"weak/raw/m=1w/p=4",829,"x3;x1 x3",TRUE,2,"x3;x1 x3",TRUE,2,2,0,0,TRUE,4.28830007810355e-05,0.200007123502454,0.200005996680564,0.200008277891804,0.200007146591111,6.86266964506551e-07,291442.189316111,1.84561224960484e-05,0.802806418400438,1.84561231436515e-05,-1.88981921945528e-05,0.000326965186189982,0.00256699193669335,45.7905297279358
"rossler",3,12,Inf,3.69897000433602,5000,4,13,"raw",13,8,6,"weak/raw/m=1w/p=8",829,"x3;x1 x3",TRUE,2,"x3;x1 x3",TRUE,2,2,0,0,TRUE,2.19620130268906e-08,0.200000039298179,0.199999526326267,0.200000469382511,0.20000003958763,3.3772004182993e-08,5922066.05518385,9.08580788796244e-07,0.465575237015714,9.08592426972507e-07,-1.67951506047039e-08,9.26961299528012e-07,1.67860132276876e-05,5.85588192939758
"rossler",3,12,Inf,3.69897000433602,5000,4,13,"raw",26,4,13,"weak/raw/m=2w/p=4",381,"x3;x1 x3",TRUE,2,"x3;x1 x3",TRUE,2,2,0,0,TRUE,2.32490695228904e-06,0.200000183866476,0.199999857607943,0.200000499111271,0.200000177299916,1.91856854638837e-07,1042444.78351534,3.47472989331638e-06,0.555267418496431,3.47473035319342e-06,-9.73894341410262e-07,1.69568264912813e-05,0.000115914472833378,81.4438028335571
"rossler",3,12,Inf,3.69897000433602,5000,4,13,"raw",26,8,13,"weak/raw/m=2w/p=8",381,"x3;x1 x3",TRUE,2,"x3;x1 x3",TRUE,2,2,0,0,TRUE,1.12499400828164e-08,0.199999989686553,0.199999780585995,0.200000200060677,0.199999991124491,2.78059084659554e-08,7192715.58306986,5.04232935668206e-07,-0.0486889437094409,5.04259746465905e-07,1.6971819380757e-08,5.11879467510095e-07,5.59126441251889e-06,7.76945519447327
"rossler",3,12,Inf,3.69897000433602,5000,4,13,"smoothed",13,4,6,"weak/smoothed/m=1w/p=4",829,"x3;x1 x3",TRUE,2,"x3;x1 x3",TRUE,2,2,0,0,TRUE,4.24453126965929e-05,0.200007101431061,0.20000521332887,0.200009082021298,0.20000710954081,1.20864682014296e-06,165480.193392767,3.25047464210531e-05,0.439132997072978,3.25047650275713e-05,-1.88981921945528e-05,0.000326965186189982,0.00256699193669335,31.3270299434662
"rossler",3,12,Inf,3.69897000433602,5000,4,13,"smoothed",13,8,6,"weak/smoothed/m=1w/p=8",829,"x3;x1 x3",TRUE,2,"x3;x1 x3",TRUE,2,2,0,0,TRUE,4.79606840012561e-07,0.199999346864781,0.19999840472528,0.200000329755788,0.1999993514929,5.73778951990477e-07,348565.158758594,1.54365884382826e-05,0.235204424834223,1.54365917739142e-05,-1.67951506047039e-08,9.26961299528012e-07,1.67860132276876e-05,25.0177299976349
"rossler",3,12,Inf,3.69897000433602,5000,4,13,"smoothed",26,4,13,"weak/smoothed/m=2w/p=4",381,"x3;x1 x3",TRUE,2,"x3;x1 x3",TRUE,2,2,0,0,TRUE,2.12466338589401e-06,0.199999759448543,0.199998954548284,0.200000588021818,0.199999751580841,4.92948166073682e-07,405721.666790717,8.9278109648943e-06,0.112952888507753,8.92781163436177e-06,-9.73894341410262e-07,1.69568264912813e-05,0.000115914472833378,54.3764843940735
"rossler",3,12,Inf,3.69897000433602,5000,4,13,"smoothed",26,8,13,"weak/smoothed/m=2w/p=8",381,"x3;x1 x3",TRUE,2,"x3;x1 x3",TRUE,2,2,0,0,TRUE,4.30985968317319e-07,0.199999321511035,0.199998468735232,0.200000204798099,0.19999934404524,5.19330593252005e-07,385109.883076328,9.4175520474134e-06,-0.360747317866233,9.41755399513619e-06,1.6971819380757e-08,5.11879467510095e-07,5.59126441251889e-06,36.9540712833405
"rossler",3,13,Inf,3.69897000433602,5000,4,13,"smoothed",NA,NA,NA,"sg",5000,"x3;x1 x3",TRUE,2,"x3;x1 x3",TRUE,2,2,0,0,TRUE,0.000107598848431535,0.200149789839014,0.200002540306859,0.200294013457106,0.200149652244844,9.13081177952127e-05,2192.02472986841,0.00610225196118101,0.361764914232241,0.00610225316477408,-1.44401746842394e-05,0.00619979194042854,0.399241763914529,14.0369341373444
"rossler",3,13,Inf,3.69897000433602,5000,4,13,"raw",13,4,6,"weak/raw/m=1w/p=4",829,"x3;x1 x3",TRUE,2,"x3;x1 x3",TRUE,2,2,0,0,TRUE,4.39763503963787e-05,0.200007194522051,0.200004758240681,0.200009655668747,0.200007188128306,1.48489335408193e-06,134694.648325075,4.03440566760326e-05,0.870880150091523,4.03443466697953e-05,-7.20674893628672e-06,0.000387033128812454,0.00330455311974448,26.6565594673157
"rossler",3,13,Inf,3.69897000433602,5000,4,13,"raw",13,8,6,"weak/raw/m=1w/p=8",829,"x3;x1 x3",TRUE,2,"x3;x1 x3",TRUE,2,2,0,0,TRUE,3.00152451782054e-08,0.200000008781529,0.199999330362903,0.200000570359175,0.20000000100822,4.23536173952501e-08,4722146.85092399,1.15113315948088e-06,0.574298835539061,1.15115271621689e-06,3.80531736370388e-08,1.19012401911145e-06,1.18908172332399e-05,3.53830289840698
"rossler",3,13,Inf,3.69897000433602,5000,4,13,"raw",26,4,13,"weak/raw/m=2w/p=4",381,"x3;x1 x3",TRUE,2,"x3;x1 x3",TRUE,2,2,0,0,TRUE,2.375175824465e-06,0.200000230472866,0.199999734253753,0.200000732711573,0.200000234592098,2.99578050678211e-07,667606.435582713,5.50113911247119e-06,0.423810528278888,5.50115356903605e-06,-2.97812120129172e-07,1.99065823427257e-05,0.000107683702121275,87.2393367290497
"rossler",3,13,Inf,3.69897000433602,5000,4,13,"raw",26,8,13,"weak/raw/m=2w/p=8",381,"x3;x1 x3",TRUE,2,"x3;x1 x3",TRUE,2,2,0,0,TRUE,4.4776395924373e-09,0.199999998997736,0.199999874841943,0.200000135763502,0.19999999784632,4.60492196433048e-08,4343178.87242196,8.46655951483433e-07,-0.00103371425036042,8.46658022943181e-07,4.12289745199194e-08,8.57110796279782e-07,7.73508267998269e-06,40.8750257492065
"rossler",3,13,Inf,3.69897000433602,5000,4,13,"smoothed",13,4,6,"weak/smoothed/m=1w/p=4",829,"x3;x1 x3",TRUE,2,"x3;x1 x3",TRUE,2,2,0,0,TRUE,4.39344462951372e-05,0.200007282082716,0.200003946845422,0.200010670586427,0.200007227740512,1.93077546941502e-06,103589.06610778,5.24585246518813e-05,0.640717110628681,5.24586162714176e-05,-7.20674893628672e-06,0.000387033128812454,0.00330455311974448,38.9874196052551
"rossler",3,13,Inf,3.69897000433602,5000,4,13,"smoothed",13,8,6,"weak/smoothed/m=1w/p=8",829,"x3;x1 x3",TRUE,2,"x3;x1 x3",TRUE,2,2,0,0,TRUE,6.66537654855379e-07,0.200000364406158,0.199999324791339,0.200001432943002,0.200000372576284,6.43143499373969e-07,310973.169706236,1.74800607568148e-05,0.690875565175697,1.74800642664704e-05,3.80531736370388e-08,1.19012401911145e-06,1.18908172332399e-05,20.7485926151276
"rossler",3,13,Inf,3.69897000433602,5000,4,13,"smoothed",26,4,13,"weak/smoothed/m=2w/p=4",381,"x3;x1 x3",TRUE,2,"x3;x1 x3",TRUE,2,2,0,0,TRUE,2.12172208691186e-06,0.200000367916754,0.199999526855739,0.200001147536765,0.200000350160092,5.04367630448029e-07,396536.84750235,9.26168149506819e-06,0.0921507610272942,9.26168718155913e-06,-2.97812120129172e-07,1.99065823427257e-05,0.000107683702121275,40.8935625553131
"rossler",3,13,Inf,3.69897000433602,5000,4,13,"smoothed",26,8,13,"weak/smoothed/m=2w/p=8",381,"x3;x1 x3",TRUE,2,"x3;x1 x3",TRUE,2,2,0,0,TRUE,2.92320545781129e-07,0.200000100024784,0.199999275698147,0.200000932208609,0.200000128364996,4.97369013944935e-07,402116.180858702,9.14457263430142e-06,-0.233356579827725,9.14457890600306e-06,4.12289745199194e-08,8.57110796279782e-07,7.73508267998269e-06,39.7776656150818
"rossler",3,14,Inf,3.69897000433602,5000,4,13,"smoothed",NA,NA,NA,"sg",5000,"x3;x1 x3",TRUE,2,"x3;x1 x3",TRUE,2,2,0,0,TRUE,6.46435793207889e-05,0.200088963989172,0.20001860246156,0.200156089712842,0.200087888701584,3.9875319993241e-05,5017.83781886892,0.00269976622217552,0.898329062976634,0.00269976624397162,0.000107358852728471,0.00282315203419343,0.0585147069175889,16.0071396827698
"rossler",3,14,Inf,3.69897000433602,5000,4,13,"raw",13,4,6,"weak/raw/m=1w/p=4",829,"x3;x1 x3",TRUE,2,"x3;x1 x3",TRUE,2,2,0,0,TRUE,4.29820440589966e-05,0.200007466827417,0.20000482465028,0.200010167002382,0.200007468153474,1.60451948101393e-06,124652.564534203,4.42665705787123e-05,0.81917298916952,4.42667985165311e-05,8.19119057083696e-06,0.000446412922921219,0.00288276615976885,26.307293176651
"rossler",3,14,Inf,3.69897000433602,5000,4,13,"raw",13,8,6,"weak/raw/m=1w/p=8",829,"x3;x1 x3",TRUE,2,"x3;x1 x3",TRUE,2,2,0,0,TRUE,2.71058664402801e-08,0.20000000050256,0.199999619956347,0.200000400574279,0.200000000303482,4.36494099049347e-08,4581963.43865972,1.20456059295108e-06,0.312119403676118,1.20456259935327e-06,3.11751765283777e-08,1.24305562002609e-06,1.35113740792892e-05,15.9776251316071
"rossler",3,14,Inf,3.69897000433602,5000,4,13,"raw",26,4,13,"weak/raw/m=2w/p=4",381,"x3;x1 x3",TRUE,2,"x3;x1 x3",TRUE,2,2,0,0,TRUE,2.30475730851098e-06,0.200000416458053,0.199999858648356,0.200000930655882,0.200000415679336,3.22935131732865e-07,619320.711890766,6.02764055099411e-06,0.399295158785437,6.02767176547894e-06,7.49727109003968e-07,2.20645181324741e-05,0.000120746043333508,84.9230480194092
"rossler",3,14,Inf,3.69897000433602,5000,4,13,"raw",26,8,13,"weak/raw/m=2w/p=8",381,"x3;x1 x3",TRUE,2,"x3;x1 x3",TRUE,2,2,0,0,TRUE,2.56399901310544e-09,0.199999998078212,0.199999885976351,0.20000011488311,0.19999999954557,3.78088509736826e-08,5289766.66560914,7.06406633778705e-07,-0.539251521241883,7.06409766915632e-07,2.00090396455628e-08,7.10370824903395e-07,5.25762253572593e-06,28.9948627948761
"rossler",3,14,Inf,3.69897000433602,5000,4,13,"smoothed",13,4,6,"weak/smoothed/m=1w/p=4",829,"x3;x1 x3",TRUE,2,"x3;x1 x3",TRUE,2,2,0,0,TRUE,4.20938451133335e-05,0.200007959731108,0.200005130597453,0.20001098151849,0.200007960209533,1.75498724130128e-06,113965.478211244,4.84177768070577e-05,0.728369383709753,4.84177946842333e-05,8.19119057083696e-06,0.000446412922921219,0.00288276615976885,23.2454342842102
"rossler",3,14,Inf,3.69897000433602,5000,4,13,"smoothed",13,8,6,"weak/smoothed/m=1w/p=8",829,"x3;x1 x3",TRUE,2,"x3;x1 x3",TRUE,2,2,0,0,TRUE,9.8175253517384e-07,0.200000652581418,0.199998872557599,0.200002345519004,0.200000564286697,1.04610690233902e-06,191185.589005779,2.8868640951161e-05,0.499272706374983,2.88686440933773e-05,3.11751765283777e-08,1.24305562002609e-06,1.35113740792892e-05,17.4575707912445
"rossler",3,14,Inf,3.69897000433602,5000,4,13,"smoothed",26,4,13,"weak/smoothed/m=2w/p=4",381,"x3;x1 x3",TRUE,2,"x3;x1 x3",TRUE,2,2,0,0,TRUE,2.00372933730588e-06,0.200000717293953,0.199999524706569,0.200001889391044,0.20000069552732,7.35541648359609e-07,271909.409852396,1.37290130727127e-05,0.00182412432918885,1.37290763935987e-05,7.49727109003968e-07,2.20645181324741e-05,0.000120746043333508,41.8787350654602
"rossler",3,14,Inf,3.69897000433602,5000,4,13,"smoothed",26,8,13,"weak/smoothed/m=2w/p=8",381,"x3;x1 x3",TRUE,2,"x3;x1 x3",TRUE,2,2,0,0,TRUE,3.73296021871639e-07,0.200000218506388,0.199999015801363,0.200001418301946,0.200000226815971,7.14133542698981e-07,280059.981582849,1.3342607780673e-05,-0.291199392591277,1.33426080522944e-05,2.00090396455628e-08,7.10370824903395e-07,5.25762253572593e-06,39.4654424190521
"rossler",3,15,Inf,3.69897000433602,5000,4,13,"smoothed",NA,NA,NA,"sg",5000,"x3;x1 x3",TRUE,2,"x3;x1 x3",TRUE,2,2,0,0,TRUE,7.27861174318577e-05,0.199974740353373,0.19993144492628,0.200018220857659,0.199974518260862,2.66353441796679e-05,7507.86312021875,0.00180766573051528,0.979853410168008,0.00180766595742033,1.01891273367517e-05,0.00193348551131852,0.0255300027462823,16.3961226940155
"rossler",3,15,Inf,3.69897000433602,5000,4,13,"raw",13,4,6,"weak/raw/m=1w/p=4",829,"x3;x1 x3",TRUE,2,"x3;x1 x3",TRUE,2,2,0,0,TRUE,4.24715516516017e-05,0.200008149098461,0.200006633282377,0.200009689382301,0.200008139211009,9.20508810059727e-07,217279.983662548,2.54203354657156e-05,0.810969160749405,2.54203571045798e-05,-9.48018995175576e-06,0.000394960040965501,0.00283507618112538,26.9292480945587
"rossler",3,15,Inf,3.69897000433602,5000,4,13,"raw",13,8,6,"weak/raw/m=1w/p=8",829,"x3;x1 x3",TRUE,2,"x3;x1 x3",TRUE,2,2,0,0,TRUE,2.32071455386063e-08,0.20000003019967,0.199999512183469,0.200000529316498,0.200000011984054,4.12260230496097e-08,4851305.00566068,1.13876749041482e-06,0.349779916102398,1.13877631515402e-06,2.14233061236296e-08,1.16129444424215e-06,1.52900230336317e-05,4.48202443122864
"rossler",3,15,Inf,3.69897000433602,5000,4,13,"raw",26,4,13,"weak/raw/m=2w/p=4",381,"x3;x1 x3",TRUE,2,"x3;x1 x3",TRUE,2,2,0,0,TRUE,2.25215594618078e-06,0.200000381038585,0.199999937791416,0.200000809146935,0.200000384372738,2.54440279961561e-07,786040.576605844,4.75242285319886e-06,0.411240600555313,4.75243793274251e-06,-4.30490000415653e-07,1.99870143203444e-05,0.000127448597827151,94.488349199295
"rossler",3,15,Inf,3.69897000433602,5000,4,13,"raw",26,8,13,"weak/raw/m=2w/p=8",381,"x3;x1 x3",TRUE,2,"x3;x1 x3",TRUE,2,2,0,0,TRUE,6.69419124421254e-09,0.200000008170747,0.199999834716211,0.200000185639265,0.200000009337166,4.04694104843212e-08,4942004.51510532,7.5662730935616e-07,-0.560504789285087,7.56629074147527e-07,2.67094978502451e-08,7.59322118903285e-07,9.48851549792407e-06,39.7180516719818
"rossler",3,15,Inf,3.69897000433602,5000,4,13,"smoothed",13,4,6,"weak/smoothed/m=1w/p=4",829,"x3;x1 x3",TRUE,2,"x3;x1 x3",TRUE,2,2,0,0,TRUE,4.19527785160412e-05,0.200008018172297,0.200005568490989,0.200010436939203,0.200007963434143,1.49065141303638e-06,134174.872599313,4.1165123542043e-05,0.691835146255953,4.11651758119162e-05,-9.48018995175576e-06,0.000394960040965501,0.00283507618112538,41.5594403743744
"rossler",3,15,Inf,3.69897000433602,5000,4,13,"smoothed",13,8,6,"weak/smoothed/m=1w/p=8",829,"x3;x1 x3",TRUE,2,"x3;x1 x3",TRUE,2,2,0,0,TRUE,5.10196129398647e-07,0.19999984329446,0.199998574589854,0.200001126631783,0.199999824591552,7.95186242955361e-07,251513.184946761,2.19650641251473e-05,0.480632463725595,2.19650692643837e-05,2.14233061236296e-08,1.16129444424215e-06,1.52900230336317e-05,27.2967648506165
"rossler",3,15,Inf,3.69897000433602,5000,4,13,"smoothed",26,4,13,"weak/smoothed/m=2w/p=4",381,"x3;x1 x3",TRUE,2,"x3;x1 x3",TRUE,2,2,0,0,TRUE,1.9206769709182e-06,0.200000247964122,0.199999025001173,0.200001448226353,0.200000263141373,7.40414342506215e-07,270119.380000657,1.38294221213726e-05,-0.0518575593721374,1.38294265857317e-05,-4.30490000415653e-07,1.99870143203444e-05,0.000127448597827151,49.6364886760712
"rossler",3,15,Inf,3.69897000433602,5000,4,13,"smoothed",26,8,13,"weak/smoothed/m=2w/p=8",381,"x3;x1 x3",TRUE,2,"x3;x1 x3",TRUE,2,2,0,0,TRUE,4.10441341580636e-07,0.199999847081439,0.19999851878036,0.200001145576743,0.199999856239377,8.20815403049006e-07,243659.969703854,1.53461921278661e-05,-0.427918444023418,1.53462069980666e-05,2.67094978502451e-08,7.59322118903285e-07,9.48851549792407e-06,29.219206571579
"rossler",3,16,Inf,3.69897000433602,5000,4,13,"smoothed",NA,NA,NA,"sg",5000,"x3;x1 x3",TRUE,2,"x3;x1 x3",TRUE,2,2,0,0,TRUE,9.25766141002065e-06,0.200006579475945,0.199954577324283,0.200056752923005,0.200007312781142,3.11734385725896e-05,6415.95287332226,0.00210364286034325,0.767992599849383,0.00210364288679529,-5.05868606561504e-05,0.00211216371974961,0.0940330200096014,11.0686240196228
"rossler",3,16,Inf,3.69897000433602,5000,4,13,"raw",13,4,6,"weak/raw/m=1w/p=4",829,"x3;x1 x3",TRUE,2,"x3;x1 x3",TRUE,2,2,0,0,TRUE,4.32529809462691e-05,0.200007927637441,0.200006422742211,0.200009261116576,0.200007902987628,8.83973454460818e-07,226260.078261766,2.42581211491817e-05,0.847692180839008,2.42581274729175e-05,-8.90967132065894e-06,0.000365286813518807,0.00269117159924975,18.8800292015076
"rossler",3,16,Inf,3.69897000433602,5000,4,13,"raw",13,8,6,"weak/raw/m=1w/p=8",829,"x3;x1 x3",TRUE,2,"x3;x1 x3",TRUE,2,2,0,0,TRUE,2.28168881566404e-08,0.200000027119563,0.199999640687251,0.200000471807471,0.200000003843702,4.15323291571465e-08,4815525.8301782,1.14005825799669e-06,0.509334795508703,1.14007828529057e-06,4.30492378371352e-08,1.1667524317712e-06,1.69299303351411e-05,3.64059567451477
"rossler",3,16,Inf,3.69897000433602,5000,4,13,"raw",26,4,13,"weak/raw/m=2w/p=4",381,"x3;x1 x3",TRUE,2,"x3;x1 x3",TRUE,2,2,0,0,TRUE,2.34353256134412e-06,0.200000315537222,0.199999878296956,0.200000741875473,0.200000317019674,2.49998861046952e-07,800004.912750833,4.63918029482947e-06,0.439281049255398,4.63919235590669e-06,-3.41419147683183e-07,1.85664799067579e-05,0.000117311571277423,44.9869043827057
"rossler",3,16,Inf,3.69897000433602,5000,4,13,"raw",26,8,13,"weak/raw/m=2w/p=8",381,"x3;x1 x3",TRUE,2,"x3;x1 x3",TRUE,2,2,0,0,TRUE,1.78795743123242e-08,0.200000002276088,0.199999746558594,0.200000248797179,0.199999999894777,4.01955492372143e-08,4975675.2598273,7.46712047597084e-07,-0.272315797773668,7.4671492907191e-07,5.47373394826926e-08,7.67909224542696e-07,9.57500521819865e-06,7.97031664848328
"rossler",3,16,Inf,3.69897000433602,5000,4,13,"smoothed",13,4,6,"weak/smoothed/m=1w/p=4",829,"x3;x1 x3",TRUE,2,"x3;x1 x3",TRUE,2,2,0,0,TRUE,4.32886729984679e-05,0.200007893690255,0.200005755874901,0.200010146807077,0.200007826307383,1.37570214371321e-06,145385.995959514,3.77522074384218e-05,0.735110920710522,3.77522074718654e-05,-8.90967132065894e-06,0.000365286813518807,0.00269117159924975,14.5335872173309
"rossler",3,16,Inf,3.69897000433602,5000,4,13,"smoothed",13,8,6,"weak/smoothed/m=1w/p=8",829,"x3;x1 x3",TRUE,2,"x3;x1 x3",TRUE,2,2,0,0,TRUE,1.89001915673614e-07,0.199999919584089,0.199998944192307,0.200000876682418,0.199999925303294,5.96082377727085e-07,335523.969129755,1.63624012906239e-05,0.486682676543529,1.63624394083103e-05,4.30492378371352e-08,1.1667524317712e-06,1.69299303351411e-05,17.6795330047607
"rossler",3,16,Inf,3.69897000433602,5000,4,13,"smoothed",26,4,13,"weak/smoothed/m=2w/p=4",381,"x3;x1 x3",TRUE,2,"x3;x1 x3",TRUE,2,2,0,0,TRUE,2.09988078547774e-06,0.200000235917145,0.199999262162799,0.20000121550713,0.200000244058587,5.80003390572083e-07,344825.991208979,1.07630102273933e-05,0.027034986776341,1.07630163002291e-05,-3.41419147683183e-07,1.85664799067579e-05,0.000117311571277423,31.5839738845825
"rossler",3,16,Inf,3.69897000433602,5000,4,13,"smoothed",26,8,13,"weak/smoothed/m=2w/p=8",381,"x3;x1 x3",TRUE,2,"x3;x1 x3",TRUE,2,2,0,0,TRUE,3.41596919172179e-07,0.199999942221487,0.199999095441961,0.200000859899013,0.199999949163255,5.34177233796046e-07,374407.474728916,9.92340154895863e-06,-0.293407027652586,9.9234199731752e-06,5.47373394826926e-08,7.67909224542696e-07,9.57500521819865e-06,29.8551769256592
"rossler",3,17,Inf,3.69897000433602,5000,4,13,"smoothed",NA,NA,NA,"sg",5000,"x3;x1 x3",TRUE,2,"x3;x1 x3",TRUE,2,2,0,0,TRUE,5.24007436376595e-05,0.200057699601433,0.200009797090594,0.200105773968213,0.200057983741962,2.84216111852504e-05,7038.93887077677,0.00187861434873749,0.487336354700938,0.00187861438263663,3.03024531882276e-05,0.00192977763046606,0.0883182477931015,11.6662740707397
"rossler",3,17,Inf,3.69897000433602,5000,4,13,"raw",13,4,6,"weak/raw/m=1w/p=4",829,"x3;x1 x3",TRUE,2,"x3;x1 x3",TRUE,2,2,0,0,TRUE,4.36624765218774e-05,0.200008480752593,0.200007418471455,0.200009624525734,0.200008506596588,6.55244832805119e-07,305242.401897847,1.75996186672852e-05,0.8443233064579,1.75996812850945e-05,1.05073200263794e-05,0.000313897783856872,0.00236512129934424,14.7920737266541
"rossler",3,17,Inf,3.69897000433602,5000,4,13,"raw",13,8,6,"weak/raw/m=1w/p=8",829,"x3;x1 x3",TRUE,2,"x3;x1 x3",TRUE,2,2,0,0,TRUE,3.77564726150581e-08,0.199999993177729,0.199999668470661,0.200000286479663,0.199999992206163,2.89887822259185e-08,6899220.21033867,7.7888772528197e-07,0.564496918999597,7.78888952788923e-07,7.08850774366365e-08,8.56688002761601e-07,8.20003428997351e-06,3.71156907081604
"rossler",3,17,Inf,3.69897000433602,5000,4,13,"raw",26,4,13,"weak/raw/m=2w/p=4",381,"x3;x1 x3",TRUE,2,"x3;x1 x3",TRUE,2,2,0,0,TRUE,2.47052461155306e-06,0.200000490619127,0.200000197455853,0.200000774066303,0.200000489353488,1.74106555755354e-07,1148724.63294558,3.16259906786503e-06,0.53690327512555,3.16260010087874e-06,4.87687831365085e-07,1.61758680807342e-05,9.87941640985812e-05,50.1432504653931
"rossler",3,17,Inf,3.69897000433602,5000,4,13,"raw",26,8,13,"weak/raw/m=2w/p=8",381,"x3;x1 x3",TRUE,2,"x3;x1 x3",TRUE,2,2,0,0,TRUE,1.1753616559561e-08,0.199999993212761,0.199999857296425,0.200000114531417,0.199999992098809,2.8303389789808e-08,7066291.12569507,5.14779605920199e-07,-0.0547803163863304,5.14786814228954e-07,4.84430950688154e-08,5.35580038497864e-07,3.59817844070021e-06,10.9154579639435
"rossler",3,17,Inf,3.69897000433602,5000,4,13,"smoothed",13,4,6,"weak/smoothed/m=1w/p=4",829,"x3;x1 x3",TRUE,2,"x3;x1 x3",TRUE,2,2,0,0,TRUE,4.35544465613447e-05,0.200008654324502,0.200007527216599,0.200009698366095,0.200008643413317,6.81564924652457e-07,293455.012397103,1.83065659428578e-05,0.818956331997983,1.83065720496189e-05,1.05073200263794e-05,0.000313897783856872,0.00236512129934424,16.5078024864197
"rossler",3,17,Inf,3.69897000433602,5000,4,13,"smoothed",13,8,6,"weak/smoothed/m=1w/p=8",829,"x3;x1 x3",TRUE,2,"x3;x1 x3",TRUE,2,2,0,0,TRUE,7.73809691566927e-08,0.200000014972839,0.199999407999614,0.20000055928329,0.200000016026058,2.71698361410838e-07,736110.497639827,7.30015205131852e-06,0.59649460330757,7.30015504316879e-06,7.08850774366365e-08,8.56688002761601e-07,8.20003428997351e-06,15.8352494239807
"rossler",3,17,Inf,3.69897000433602,5000,4,13,"smoothed",26,4,13,"weak/smoothed/m=2w/p=4",381,"x3;x1 x3",TRUE,2,"x3;x1 x3",TRUE,2,2,0,0,TRUE,2.37380001877341e-06,0.200000521407584,0.200000036090152,0.200001005827288,0.200000512291528,3.04538831751862e-07,656732.381683556,5.5318665006613e-06,0.260850792093898,5.53186769122173e-06,4.87687831365085e-07,1.61758680807342e-05,9.87941640985812e-05,45.4989097118378
"rossler",3,17,Inf,3.69897000433602,5000,4,13,"smoothed",26,8,13,"weak/smoothed/m=2w/p=8",381,"x3;x1 x3",TRUE,2,"x3;x1 x3",TRUE,2,2,0,0,TRUE,1.40149247528891e-07,0.199999980427386,0.1999996153588,0.200000332915977,0.199999975415497,2.22557439958677e-07,898644.302579285,4.04785546271691e-06,-0.160926738252469,4.04786378413391e-06,4.84430950688154e-08,5.35580038497864e-07,3.59817844070021e-06,47.7236874103546
"rossler",3,18,Inf,3.69897000433602,5000,4,13,"smoothed",NA,NA,NA,"sg",5000,"x3;x1 x3",TRUE,2,"x3;x1 x3",TRUE,2,2,0,0,TRUE,7.21322573856728e-05,0.200040482727011,0.199988820099324,0.200088453847774,0.200039327562685,2.99933393808665e-05,6669.45834281778,0.00200561336252119,0.553719080750658,0.00200561389134383,4.41803280367159e-05,0.00209803306879867,0.0810564344874535,9.07674050331116
"rossler",3,18,Inf,3.69897000433602,5000,4,13,"raw",13,4,6,"weak/raw/m=1w/p=4",829,"x3;x1 x3",TRUE,2,"x3;x1 x3",TRUE,2,2,0,0,TRUE,4.33380004025396e-05,0.200009071090835,0.200007887467008,0.200010274594463,0.200009085170898,7.30486212253065e-07,273802.683494878,1.98534513873973e-05,0.855259935054797,1.98534554299368e-05,1.62770850900809e-05,0.000351672903430805,0.00220515589178233,22.8287100791931
"rossler",3,18,Inf,3.69897000433602,5000,4,13,"raw",13,8,6,"weak/raw/m=1w/p=8",829,"x3;x1 x3",TRUE,2,"x3;x1 x3",TRUE,2,2,0,0,TRUE,3.10960257543513e-08,0.200000011085604,0.199999614968821,0.200000403818382,0.20000001247865,2.92129674704906e-08,6846275.12356213,7.94194661418777e-07,0.511627827538369,7.94210400637059e-07,3.52892079570988e-08,8.36726886025474e-07,8.04528178405262e-06,3.78138256072998
"rossler",3,18,Inf,3.69897000433602,5000,4,13,"raw",26,4,13,"weak/raw/m=2w/p=4",381,"x3;x1 x3",TRUE,2,"x3;x1 x3",TRUE,2,2,0,0,TRUE,2.390442824893e-06,0.200000556033031,0.20000020586437,0.200000906432922,0.200000552489559,1.94814087213938e-07,1026622.63981929,3.57629550084681e-06,0.480879783724508,3.57629893804297e-06,8.46930347281382e-07,1.84986755412979e-05,0.000106257894837813,40.5856027603149
"rossler",3,18,Inf,3.69897000433602,5000,4,13,"raw",26,8,13,"weak/raw/m=2w/p=8",381,"x3;x1 x3",TRUE,2,"x3;x1 x3",TRUE,2,2,0,0,TRUE,4.52669768336023e-09,0.20000000299692,0.199999883077541,0.200000131714347,0.200000001766368,2.9909989215469e-08,6686729.31727207,5.49656618343391e-07,-0.155794149762129,5.49659558827064e-07,2.55213694598802e-08,5.5526055688344e-07,4.15372768997058e-06,20.904417514801
"rossler",3,18,Inf,3.69897000433602,5000,4,13,"smoothed",13,4,6,"weak/smoothed/m=1w/p=4",829,"x3;x1 x3",TRUE,2,"x3;x1 x3",TRUE,2,2,0,0,TRUE,4.31519108565837e-05,0.200009720039614,0.200008261598944,0.200011191089015,0.200009688289804,9.01461756185338e-07,221872.627338261,2.45002941823699e-05,0.814266458721447,2.45002947247772e-05,1.62770850900809e-05,0.000351672903430805,0.00220515589178233,17.7200744152069
"rossler",3,18,Inf,3.69897000433602,5000,4,13,"smoothed",13,8,6,"weak/smoothed/m=1w/p=8",829,"x3;x1 x3",TRUE,2,"x3;x1 x3",TRUE,2,2,0,0,TRUE,2.12332542215421e-07,0.20000051088695,0.199999853496534,0.200001176704048,0.20000050801361,3.74681297331546e-07,533788.340752526,1.01862258691841e-05,0.636547122392371,1.01862260155965e-05,3.52892079570988e-08,8.36726886025474e-07,8.04528178405262e-06,23.2450907230377
"rossler",3,18,Inf,3.69897000433602,5000,4,13,"smoothed",26,4,13,"weak/smoothed/m=2w/p=4",381,"x3;x1 x3",TRUE,2,"x3;x1 x3",TRUE,2,2,0,0,TRUE,2.26661212185251e-06,0.200000632833403,0.200000041930564,0.200001234505296,0.200000610663524,3.69826021648006e-07,540796.479848249,6.78907339114248e-06,0.161741379738563,6.78913894309416e-06,8.46930347281382e-07,1.84986755412979e-05,0.000106257894837813,37.547251701355
"rossler",3,18,Inf,3.69897000433602,5000,4,13,"smoothed",26,8,13,"weak/smoothed/m=2w/p=8",381,"x3;x1 x3",TRUE,2,"x3;x1 x3",TRUE,2,2,0,0,TRUE,1.25587188368046e-07,0.200000010364365,0.199999526976513,0.200000492915595,0.200000003508245,2.73430627276416e-07,731446.968835942,5.02484145678623e-06,-0.153995541611268,5.02485675535757e-06,2.55213694598802e-08,5.5526055688344e-07,4.15372768997058e-06,45.5356168746948
"rossler",3,19,Inf,3.69897000433602,5000,4,13,"smoothed",NA,NA,NA,"sg",5000,"x3;x1 x3",TRUE,2,"x3;x1 x3",TRUE,2,2,0,0,TRUE,6.14583364784149e-05,0.199984998242793,0.199952595308854,0.200018905172721,0.199985200853237,2.08156735962207e-05,9607.43354899388,0.00140602956855119,0.989523787863688,0.00140602965668167,4.7758825337107e-07,0.00150737430963926,0.0182111487498091,4.422030210495
"rossler",3,19,Inf,3.69897000433602,5000,4,13,"raw",13,4,6,"weak/raw/m=1w/p=4",829,"x3;x1 x3",TRUE,2,"x3;x1 x3",TRUE,2,2,0,0,TRUE,4.26768108408027e-05,0.200008402529383,0.200007073669283,0.200009709986145,0.200008390284915,8.02073560978351e-07,249364.148147396,2.20289858101028e-05,0.824200361079183,2.20289884716184e-05,-1.56716860854774e-06,0.000370426052939315,0.00246352874128491,17.2523703575134
"rossler",3,19,Inf,3.69897000433602,5000,4,13,"raw",13,8,6,"weak/raw/m=1w/p=8",829,"x3;x1 x3",TRUE,2,"x3;x1 x3",TRUE,2,2,0,0,TRUE,3.47864101968298e-08,0.200000003684732,0.199999455841149,0.20000060414811,0.199999998799412,3.74936963943055e-08,5334229.96484783,1.03003800769602e-06,0.452615046423425,1.03003886634662e-06,3.05776494528777e-08,1.0814702191985e-06,1.23195166807366e-05,16.6418159008026
"rossler",3,19,Inf,3.69897000433602,5000,4,13,"raw",26,4,13,"weak/raw/m=2w/p=4",381,"x3;x1 x3",TRUE,2,"x3;x1 x3",TRUE,2,2,0,0,TRUE,2.29365434378792e-06,0.200000439020774,0.200000039053087,0.200000894066686,0.200000428875545,2.27274483326686e-07,879995.087649425,4.21848057591688e-06,0.431026513084773,4.21848389125743e-06,-5.02585091315504e-08,1.9131403390984e-05,0.00011282047133393,43.8710820674896
"rossler",3,19,Inf,3.69897000433602,5000,4,13,"raw",26,8,13,"weak/raw/m=2w/p=8",381,"x3;x1 x3",TRUE,2,"x3;x1 x3",TRUE,2,2,0,0,TRUE,7.87980947158928e-09,0.199999990089779,0.19999981097979,0.200000153668175,0.199999994342502,3.76135030214976e-08,5317239.24326309,6.9885867656551e-07,-0.304566271233815,6.98858687382214e-07,3.1425365923952e-08,7.13039110916968e-07,7.80419573870317e-06,12.7501196861267
"rossler",3,19,Inf,3.69897000433602,5000,4,13,"smoothed",13,4,6,"weak/smoothed/m=1w/p=4",829,"x3;x1 x3",TRUE,2,"x3;x1 x3",TRUE,2,2,0,0,TRUE,4.22804072810479e-05,0.200008296596803,0.200006362137412,0.200010244212211,0.200008294784209,1.21368903101515e-06,164793.690700919,3.33340228126451e-05,0.728105751557792,3.33340436441106e-05,-1.56716860854774e-06,0.000370426052939315,0.00246352874128491,13.5829021930695
"rossler",3,19,Inf,3.69897000433602,5000,4,13,"smoothed",13,8,6,"weak/smoothed/m=1w/p=8",829,"x3;x1 x3",TRUE,2,"x3;x1 x3",TRUE,2,2,0,0,TRUE,3.91618988465917e-07,0.199999886500011,0.199998969304171,0.20000082842518,0.199999897695057,5.8329078008945e-07,342881.980175285,1.60243382038659e-05,0.522255991939254,1.60243387603167e-05,3.05776494528777e-08,1.0814702191985e-06,1.23195166807366e-05,17.7146184444427
"rossler",3,19,Inf,3.69897000433602,5000,4,13,"smoothed",26,4,13,"weak/smoothed/m=2w/p=4",381,"x3;x1 x3",TRUE,2,"x3;x1 x3",TRUE,2,2,0,0,TRUE,2.01256537035732e-06,0.200000375408491,0.199999342930196,0.200001347751843,0.200000361430205,6.01966314202314e-07,332245.105268444,1.11731997469293e-05,0.00907975065795574,1.11733605805208e-05,-5.02585091315504e-08,1.9131403390984e-05,0.00011282047133393,30.5031759738922
"rossler",3,19,Inf,3.69897000433602,5000,4,13,"smoothed",26,8,13,"weak/smoothed/m=2w/p=8",381,"x3;x1 x3",TRUE,2,"x3;x1 x3",TRUE,2,2,0,0,TRUE,3.37910833505461e-07,0.199999932521204,0.199998894331523,0.200000994446701,0.199999913144164,6.21801158907938e-07,321646.092611698,1.15530620446887e-05,-0.378464777239817,1.15531023444402e-05,3.1425365923952e-08,7.13039110916968e-07,7.80419573870317e-06,32.3506090641022
"rossler",3,20,Inf,3.69897000433602,5000,4,13,"smoothed",NA,NA,NA,"sg",5000,"x3;x1 x3",TRUE,2,"x3;x1 x3",TRUE,2,2,0,0,TRUE,7.00561445768306e-05,0.200001605079928,0.199957082077609,0.200044677058529,0.200000556363927,2.59537623842096e-05,7706.0332680555,0.00176508879111476,0.967738789693645,0.00176508912095851,2.12402416143743e-05,0.00190268506074047,0.0266746162143249,13.4000277519226
"rossler",3,20,Inf,3.69897000433602,5000,4,13,"raw",13,4,6,"weak/raw/m=1w/p=4",829,"x3;x1 x3",TRUE,2,"x3;x1 x3",TRUE,2,2,0,0,TRUE,4.25581801162256e-05,0.200008062564703,0.200006442421352,0.200009700378967,0.200008079849845,9.71812948688451e-07,205809.23532638,2.68784775501945e-05,0.82067028788796,2.68784883909149e-05,-1.5981196606965e-06,0.000420074981898001,0.00244663661306249,19.2493569850922
"rossler",3,20,Inf,3.69897000433602,5000,4,13,"raw",13,8,6,"weak/raw/m=1w/p=8",829,"x3;x1 x3",TRUE,2,"x3;x1 x3",TRUE,2,2,0,0,TRUE,2.86283450279257e-08,0.199999994215461,0.199999489215998,0.200000514611262,0.200000001849798,3.54564741330918e-08,5640718.84584645,9.80899219445885e-07,0.416730323998634,9.80914118201601e-07,1.64970348245855e-08,1.02265954859272e-06,1.0283246562881e-05,4.87509632110596
"rossler",3,20,Inf,3.69897000433602,5000,4,13,"raw",26,4,13,"weak/raw/m=2w/p=4",381,"x3;x1 x3",TRUE,2,"x3;x1 x3",TRUE,2,2,0,0,TRUE,2.25957266097865e-06,0.200000396901471,0.199999946164003,0.200000851439755,0.20000039990634,2.6859987276604e-07,744603.479691694,5.0210245399717e-06,0.42789704414868,5.02102777545803e-06,-5.54226644112431e-08,2.14112506395647e-05,0.000114967584931958,52.0340933799744
"rossler",3,20,Inf,3.69897000433602,5000,4,13,"raw",26,8,13,"weak/raw/m=2w/p=8",381,"x3;x1 x3",TRUE,2,"x3;x1 x3",TRUE,2,2,0,0,TRUE,2.07441658392726e-09,0.200000003762387,0.199999795038397,0.200000313778406,0.199999998838513,3.48693389331566e-08,5735698.03608572,6.52425835151558e-07,-0.38465158578875,6.52433218583893e-07,1.8139206464593e-08,6.56164278469548e-07,6.33291494694932e-06,13.3589568138123
"rossler",3,20,Inf,3.69897000433602,5000,4,13,"smoothed",13,4,6,"weak/smoothed/m=1w/p=4",829,"x3;x1 x3",TRUE,2,"x3;x1 x3",TRUE,2,2,0,0,TRUE,4.20967046157461e-05,0.200008118738267,0.200005751402356,0.200010591065266,0.200008097431336,1.45355263153724e-06,137599.487690936,4.02024707706659e-05,0.724261789876954,4.02024859215917e-05,-1.5981196606965e-06,0.000420074981898001,0.00244663661306249,19.7090249061584
"rossler",3,20,Inf,3.69897000433602,5000,4,13,"smoothed",13,8,6,"weak/smoothed/m=1w/p=8",829,"x3;x1 x3",TRUE,2,"x3;x1 x3",TRUE,2,2,0,0,TRUE,4.56917909200446e-07,0.199999959274025,0.199998826069038,0.200001101951672,0.19999996385733,7.0789947146218e-07,282525.940363009,1.95839562120108e-05,0.521346656223345,1.95839592757228e-05,1.64970348245855e-08,1.02265954859272e-06,1.0283246562881e-05,16.489021062851
"rossler",3,20,Inf,3.69897000433602,5000,4,13,"smoothed",26,4,13,"weak/smoothed/m=2w/p=4",381,"x3;x1 x3",TRUE,2,"x3;x1 x3",TRUE,2,2,0,0,TRUE,1.94474702852609e-06,0.200000357121513,0.199999199941399,0.200001645265589,0.200000354511324,7.19382216758616e-07,278016.817558381,1.34476450768379e-05,0.00771471877927846,1.34476665806771e-05,-5.54226644112431e-08,2.14112506395647e-05,0.000114967584931958,32.6070668697357
"rossler",3,20,Inf,3.69897000433602,5000,4,13,"smoothed",26,8,13,"weak/smoothed/m=2w/p=8",381,"x3;x1 x3",TRUE,2,"x3;x1 x3",TRUE,2,2,0,0,TRUE,3.81615649178401e-07,0.199999943288071,0.199998733386684,0.20000116052712,0.19999992532006,7.15734549002844e-07,279433.102116837,1.33918142430284e-05,-0.331270809930496,1.33918246109616e-05,1.8139206464593e-08,6.56164278469548e-07,6.33291494694932e-06,50.0367386341095
