"system","eq","trial","snr","log10n","n","sg_order","sg_window","states","m","p","stride","arm","K","selected","selected_intercept","n_selected","kept","kept_intercept","n_kept","n_true_kept","n_spurious_selected","n_spurious_kept","success","max_rel_coef_err","int_mean","int_lo","int_hi","ols_int_true_support","ols_int_se","ols_int_t","sigma_true_support","rho1_true_support","sigma_kept","det_error_mean","det_error_sd","det_error_max","t_stan_s"
"aizawa",3,1,60,3.69897000433602,5000,4,13,"smoothed",NA,NA,NA,"sg",5000,"x3;x1^2;x2^2;x3^2;x1^2 x3;x2^2 x3;x3^3;x1^3 x3;x3^4",TRUE,9,"x3;x1^2;x2^2;x1^2 x3;x2^2 x3;x3^3;x1^3 x3",TRUE,7,7,2,0,TRUE,0.00623143623564709,0.649934683966108,0.649115357765597,0.650732521349425,0.650028294793013,0.000412554298305832,1575.61876694141,0.0131134947624349,0.691994266704896,0.0131132710714801,-2.16821981346982e-08,1.03004197121242e-05,5.88855483675266e-05,7.00077319145203
"aizawa",3,1,60,3.69897000433602,5000,4,13,"raw",13,4,6,"weak/raw/m=1w/p=4",829,"x3;x1^2;x2^2;x3^2;x1^2 x3;x2^2 x3;x3^3;x1^2 x2^2;x1^3 x3;x3^4",TRUE,10,"x3;x1^2;x2^2;x1^2 x3;x2^2 x3;x3^3;x1^3 x3",TRUE,7,7,3,0,TRUE,0.00307856867638973,0.649968030657613,0.649509105375922,0.650430289561382,0.650097501254363,0.000237601997667062,2736.07759041365,0.00306458507561248,0.0053583129627603,0.0030617823511512,5.35474336196584e-07,3.53123369630213e-05,7.45810537040592e-05,6.14582896232605
"aizawa",3,1,60,3.69897000433602,5000,4,13,"raw",13,8,6,"weak/raw/m=1w/p=8",829,"x3;x1^2;x2^2;x3^2;x1^2 x3;x2^2 x3;x3^3;x1^2 x2^2;x1^3 x3;x3^4",TRUE,10,"x3;x1^2;x2^2;x1^2 x3;x2^2 x3;x3^3;x1^3 x3",TRUE,7,7,3,0,TRUE,0.00298477089413213,0.649946442032264,0.649251834832141,0.650649468139669,0.650074561263698,0.000361609484227518,1797.72541821575,0.00466871152120414,-0.331887011983067,0.00466599882625307,-3.75146889628512e-09,2.28998180460398e-07,8.67695462702933e-07,3.07291555404663
"aizawa",3,1,60,3.69897000433602,5000,4,13,"raw",26,4,13,"weak/raw/m=2w/p=4",381,"x3;x1^2;x2^2;x3^2;x1^2 x3;x2^2 x3;x3^3;x1^2 x2^2;x1^3 x3;x3^4",TRUE,10,"x3;x1^2;x2^2;x1^2 x3;x2^2 x3;x3^3;x1^2 x2^2;x1^3 x3",TRUE,8,7,3,1,FALSE,0.00353588642491548,0.649934391866427,0.649694560507739,0.650182770643584,0.650070035879466,0.000120036942152975,5415.58310483299,0.00103897380541446,-0.125757417570991,0.00103274619431771,2.58694640876598e-08,2.20201136708892e-06,4.71491060383133e-06,4.14431238174438
"aizawa",3,1,60,3.69897000433602,5000,4,13,"raw",26,8,13,"weak/raw/m=2w/p=8",381,"x3;x1^2;x2^2;x3^2;x1^2 x3;x2^2 x3;x3^3;x1^2 x2^2;x1^3 x3;x3^4",TRUE,10,"x3;x1^2;x2^2;x1^2 x3;x2^2 x3;x3^3;x1^2 x2^2;x1^3 x3",TRUE,8,7,3,1,FALSE,0.00460734482405595,0.649874192407064,0.649503694673048,0.650256015470942,0.650063763193192,0.000188070234421353,3456.49467175538,0.00163438620230015,-0.453810027310802,0.00162104946446229,-3.59495887039737e-09,1.83453947876233e-07,6.23708570790527e-07,3.55606555938721
"aizawa",3,1,60,3.69897000433602,5000,4,13,"smoothed",13,4,6,"weak/smoothed/m=1w/p=4",829,"x3;x1^2;x2^2;x3^2;x1^2 x3;x2^2 x3;x3^3;x1^2 x2^2;x1^3 x3;x3^4",TRUE,10,"x3;x1^2;x2^2;x1^2 x3;x2^2 x3;x3^3;x1^3 x3",TRUE,7,7,3,0,TRUE,0.00298278749662423,0.649965274005329,0.64948362009652,0.650434974890507,0.650099337061073,0.000236969276141367,2743.39082115121,0.00305642553049034,0.00803564903794326,0.00305263210326741,5.35474336196584e-07,3.53123369630213e-05,7.45810537040592e-05,4.24969506263733
"aizawa",3,1,60,3.69897000433602,5000,4,13,"smoothed",13,8,6,"weak/smoothed/m=1w/p=8",829,"x3;x1^2;x2^2;x3^2;x1^2 x3;x2^2 x3;x3^3;x1^2 x2^2;x1^3 x3;x3^4",TRUE,10,"x3;x1^2;x2^2;x1^2 x3;x2^2 x3;x3^3;x1^3 x3",TRUE,7,7,3,0,TRUE,0.00190797786839253,0.649949427404286,0.649240468366944,0.650667117909043,0.65007333117333,0.000357448883144607,1818.64697814804,0.00461499628456897,-0.321728218105505,0.00461261757456846,-3.75146889628512e-09,2.28998180460398e-07,8.67695462702933e-07,3.05768013000488
"aizawa",3,1,60,3.69897000433602,5000,4,13,"smoothed",26,4,13,"weak/smoothed/m=2w/p=4",381,"x3;x1^2;x2^2;x3^2;x1^2 x3;x2^2 x3;x3^3;x1^2 x2^2;x1^3 x3;x3^4",TRUE,10,"x3;x1^2;x2^2;x1^2 x3;x2^2 x3;x3^3;x1^2 x2^2;x1^3 x3",TRUE,8,7,3,1,FALSE,0.00363430216753452,0.649931436052669,0.649699784973883,0.650160432085479,0.650069415579935,0.000120022491993161,5416.22994810822,0.00103884918596153,-0.125571844817204,0.00103287329541258,2.58694640876598e-08,2.20201136708892e-06,4.71491060383133e-06,4.11347270011902
"aizawa",3,1,60,3.69897000433602,5000,4,13,"smoothed",26,8,13,"weak/smoothed/m=2w/p=8",381,"x3;x1^2;x2^2;x3^2;x1^2 x3;x2^2 x3;x3^3;x1^2 x2^2;x1^3 x3;x3^4",TRUE,10,"x3;x1^2;x2^2;x1^2 x3;x2^2 x3;x3^3;x1^2 x2^2;x1^3 x3",TRUE,8,7,3,1,FALSE,0.00467392831900154,0.649875519217669,0.649501955442991,0.650275797005344,0.650063283110989,0.000188023971106527,3457.34258927384,0.00163398487261079,-0.45375178772504,0.00162040001187064,-3.59495887039737e-09,1.83453947876233e-07,6.23708570790527e-07,3.58543515205383
"aizawa",3,2,60,3.69897000433602,5000,4,13,"smoothed",NA,NA,NA,"sg",5000,"x2;x3;x1^2;x2^2;x2 x3;x1^2 x2;x2^3;x1^2 x3;x1 x2 x3;x2^2 x3;x2 x3^2;x3^3;x1^2 x2^2;x2^4;x1^3 x3;x2^3 x3;x1^2 x3^2;x1 x2 x3^2;x2^2 x3^2",TRUE,19,"x3;x1^2;x2^2;x1^2 x3;x2^2 x3;x3^3;x1^3 x3",TRUE,7,7,12,0,TRUE,0.00876726675673623,0.649873052216009,0.64916718048031,0.650585564354538,0.649916050328331,0.000375397122550766,1731.27605750479,0.0163552776344065,0.689030882135135,0.016350632273618,-1.78250465967533e-07,1.15402868633683e-05,0.000322553652707946,5.92064905166626
"aizawa",3,2,60,3.69897000433602,5000,4,13,"raw",13,4,6,"weak/raw/m=1w/p=4",829,"x3;x1^2;x2^2;x2 x3;x2^3;x1^2 x3;x1 x2 x3;x2^2 x3;x2 x3^2;x3^3;x1^4;x1^3 x2;x1^2 x2^2;x1 x2^3;x2^4;x1^3 x3;x1 x2^2 x3;x2^3 x3;x1^2 x3^2;x1 x2 x3^2;x2^2 x3^2",TRUE,21,"x3;x1^2;x2^2;x1^2 x3;x2^2 x3;x3^3;x1^3 x3",TRUE,7,7,14,0,TRUE,0.00212751266676436,0.650023004617428,0.649577020931789,0.650477578516386,0.650072441719566,0.000227652328967944,2855.54926965453,0.00400800604418289,-0.0261673056301736,0.00400237391199849,6.58140724297698e-07,3.51191875118669e-05,0.000100450293587184,6.36256313323975
"aizawa",3,2,60,3.69897000433602,5000,4,13,"raw",13,8,6,"weak/raw/m=1w/p=8",829,"x2;x3;x1^2;x2^2;x2 x3;x1^2 x2;x2^3;x1^2 x3;x1 x2 x3;x2 x3^2;x3^3;x1^4;x1^3 x2;x1^2 x2^2;x1 x2^3;x2^4;x1^3 x3;x1 x2^2 x3;x2^3 x3;x1^2 x3^2;x1 x2 x3^2;x2^2 x3^2",TRUE,22,"x2;x3;x1^2;x2^2;x2 x3;x1^2 x2;x2^3;x1^2 x3;x1 x2 x3;x2 x3^2;x3^3;x1^4;x1^3 x2;x1^2 x2^2;x1 x2^3;x2^4;x1^3 x3;x1 x2^2 x3;x2^3 x3;x1^2 x3^2;x1 x2 x3^2;x2^2 x3^2",TRUE,22,6,16,16,FALSE,1,0.649176963656115,0.647555841765883,0.650746080093669,0.650048646260207,0.000355924530214497,1826.36652176925,0.00626923146564379,-0.369928605465491,0.0143373787872607,-8.22316300925648e-09,2.13905914358249e-07,9.80076389045514e-07,4.75683331489563
"aizawa",3,2,60,3.69897000433602,5000,4,13,"raw",26,4,13,"weak/raw/m=2w/p=4",381,"x3;x1^2;x2^2;x1^2 x3;x2^2 x3;x3^3;x1^3 x3;x2^2 x3^2",TRUE,8,"x3;x1^2;x2^2;x1^2 x3;x2^2 x3;x3^3;x1^3 x3",TRUE,7,7,1,0,TRUE,0.00254035404415753,0.65004919688862,0.649853358451561,0.650235863359291,0.650057991184995,0.000115083110831927,5648.59592763678,0.00135731488801434,-0.0451408463265431,0.00135705850136249,3.64472953081044e-08,2.18318340774997e-06,5.12061622048865e-06,2.89521861076355
"aizawa",3,2,60,3.69897000433602,5000,4,13,"raw",26,8,13,"weak/raw/m=2w/p=8",381,"x3;x1^2;x2^2;x1^2 x3;x2^2 x3;x3^3;x1^2 x2^2;x2^4;x1^3 x3;x2^2 x3^2",TRUE,10,"x3;x1^2;x2^2;x1^2 x3;x2^2 x3;x3^3;x1^3 x3",TRUE,7,7,3,0,TRUE,0.0024427190055285,0.649984861251417,0.649669082536232,0.650307306425744,0.650069305549201,0.000178385750930089,3644.17730765934,0.00210758697136199,-0.396320907214288,0.00210144524227441,-8.45436679281947e-09,1.68434192755864e-07,7.48562979047129e-07,3.49583196640015
"aizawa",3,2,60,3.69897000433602,5000,4,13,"smoothed",13,4,6,"weak/smoothed/m=1w/p=4",829,"x3;x1^2;x2^2;x2 x3;x2^3;x1^2 x3;x1 x2 x3;x2^2 x3;x2 x3^2;x3^3;x1^4;x1^3 x2;x1^2 x2^2;x1 x2^3;x2^4;x1^3 x3;x1 x2^2 x3;x2^3 x3;x1^2 x3^2;x1 x2 x3^2;x2^2 x3^2",TRUE,21,"x3;x1^2;x2^2;x1^2 x3;x2^2 x3;x3^3;x1^3 x3",TRUE,7,7,14,0,TRUE,0.00180435693816983,0.65002537388764,0.64956854942028,0.650467659176163,0.650073144542131,0.000227020136129253,2863.50433765934,0.00399687702608372,-0.0233755018273101,0.0039911832262489,6.58140724297698e-07,3.51191875118669e-05,0.000100450293587184,6.31729435920715
"aizawa",3,2,60,3.69897000433602,5000,4,13,"smoothed",13,8,6,"weak/smoothed/m=1w/p=8",829,"x2;x3;x1^2;x2^2;x2 x3;x1^2 x2;x2^3;x1^2 x3;x1 x2 x3;x2 x3^2;x3^3;x1^4;x1^3 x2;x1^2 x2^2;x1 x2^3;x2^4;x1^3 x3;x1 x2^2 x3;x2^3 x3;x1^2 x3^2;x1 x2 x3^2;x2^2 x3^2",TRUE,22,"x2;x3;x1^2;x2^2;x2 x3;x1^2 x2;x2^3;x1^2 x3;x1 x2 x3;x2 x3^2;x3^3;x1^4;x1^3 x2;x1^2 x2^2;x1 x2^3;x2^4;x1^3 x3;x1 x2^2 x3;x2^3 x3;x1^2 x3^2;x1 x2 x3^2;x2^2 x3^2",TRUE,22,6,16,16,FALSE,1,0.649155874351506,0.647582382367544,0.650657858849836,0.650047816607174,0.000351842426475696,1847.55381299099,0.00619733176574155,-0.36090655304795,0.0143052944675384,-8.22316300925648e-09,2.13905914358249e-07,9.80076389045514e-07,4.74989748001099
"aizawa",3,2,60,3.69897000433602,5000,4,13,"smoothed",26,4,13,"weak/smoothed/m=2w/p=4",381,"x3;x1^2;x2^2;x1^2 x3;x2^2 x3;x3^3;x1^3 x3;x2^2 x3^2",TRUE,8,"x3;x1^2;x2^2;x1^2 x3;x2^2 x3;x3^3;x1^3 x3",TRUE,7,7,1,0,TRUE,0.00235846716713328,0.650051334894532,0.649865075887741,0.650243999162726,0.65005759903206,0.000115082717956466,5648.61180353742,0.00135731071297887,-0.0450076032388551,0.00135704784444859,3.64472953081044e-08,2.18318340774997e-06,5.12061622048865e-06,2.97974324226379
"aizawa",3,2,60,3.69897000433602,5000,4,13,"smoothed",26,8,13,"weak/smoothed/m=2w/p=8",381,"x3;x1^2;x2^2;x1^2 x3;x2^2 x3;x3^3;x1^2 x2^2;x2^4;x1^3 x3;x2^2 x3^2",TRUE,10,"x3;x1^2;x2^2;x1^2 x3;x2^2 x3;x3^3;x1^3 x3",TRUE,7,7,3,0,TRUE,0.00238965394184742,0.649979257453808,0.649648080701582,0.650299590142511,0.650068858494858,0.000178331570388313,3645.28197155078,0.00210694754880024,-0.396289159389422,0.00210074283447813,-8.45436679281947e-09,1.68434192755864e-07,7.48562979047129e-07,3.28194308280945
"aizawa",3,3,60,3.69897000433602,5000,4,13,"smoothed",NA,NA,NA,"sg",5000,"x1;x2;x3;x1^2;x2^2;x1 x3;x3^2;x1^3;x1^2 x2;x1 x2^2;x1^2 x3;x1 x2 x3;x2^2 x3;x3^3;x1^4;x1^2 x2^2;x2^4;x1 x2^2 x3;x1^2 x3^2;x1 x2 x3^2;x2^2 x3^2;x1 x3^3;x3^4;x1^5;x1^3 x2^2;x1^4 x3;x1^3 x2 x3;x1^2 x2^2 x3;x1 x2^3 x3;x2^3 x3^2;x1^2 x3^3;x1 x3^4",TRUE,32,"x1;x2;x3;x1^2;x2^2;x3^2;x1^3;x1^2 x2;x1 x2^2;x1^2 x3;x1 x2 x3;x2^2 x3;x3^3;x1^4;x1^2 x2^2;x2^4;x1 x2^2 x3;x1^2 x3^2;x1 x2 x3^2;x1 x3^3;x3^4;x1^5;x1^3 x2^2;x1^4 x3;x1^3 x2 x3;x1^2 x2^2 x3;x1 x2^3 x3;x2^3 x3^2;x1^2 x3^3;x1 x3^4",TRUE,30,6,26,24,FALSE,1,0.651530331616187,0.64983435632261,0.653196625934664,0.649994054349763,0.000406090953912229,1600.61200105002,0.0135319026837114,0.6937952657047,0.0156675371628121,-3.7795413901498e-08,1.1082794951678e-05,9.22780040074622e-05,20.6630589962006
"aizawa",3,3,60,3.69897000433602,5000,4,13,"raw",13,4,6,"weak/raw/m=1w/p=4",829,"x1;x2;x3;x1^2;x2^2;x1 x3;x1^3;x1^2 x2;x1 x2^2;x1^2 x3;x1 x2 x3;x2^2 x3;x2 x3^2;x3^3;x1^4;x1^2 x2^2;x2^4;x2^3 x3;x1^2 x3^2;x1 x2 x3^2;x2^2 x3^2;x2 x3^3;x3^4;x1^5;x1^4 x3;x1^3 x2 x3;x1^2 x2^2 x3;x1 x2^3 x3;x1^2 x3^3",TRUE,29,"x1;x2;x3;x1^2;x2^2;x1 x3;x1^3;x1^2 x2;x1^2 x3;x2^2 x3;x3^3;x1^4;x1^2 x2^2;x2^4;x2^3 x3;x2^2 x3^2;x3^4;x1^5;x1^4 x3;x1^3 x2 x3;x1^2 x2^2 x3;x1^2 x3^3",TRUE,22,6,23,16,FALSE,1,0.65317518070964,0.650735445556852,0.655642027582275,0.650047269919211,0.000240626991064231,2701.47279423734,0.00323268485855893,0.0250197923562541,0.0114357827692249,-5.04101686686298e-07,3.70979794297117e-05,7.373056582749e-05,10.6024227142334
"aizawa",3,3,60,3.69897000433602,5000,4,13,"raw",13,8,6,"weak/raw/m=1w/p=8",829,"x2;x3;x1^2;x2^2;x1 x3;x3^2;x1^3;x1^2 x2;x1 x2^2;x2^3;x1^2 x3;x1 x2 x3;x2^2 x3;x2 x3^2;x3^3;x1^4;x1^2 x2^2;x2^4;x1^2 x2 x3;x1 x2^2 x3;x2^3 x3;x1^2 x3^2;x1 x2 x3^2;x2^2 x3^2;x2 x3^3;x3^4;x1^5;x1^4 x3;x1^3 x2 x3;x1^2 x2^2 x3;x1 x2^3 x3;x2^3 x3^2",TRUE,32,"x2;x3;x1^2;x2^2;x1 x3;x3^2;x1^3;x1^2 x2;x1 x2^2;x2^3;x1^2 x3;x2^2 x3;x2 x3^2;x3^3;x1^4;x1^2 x2^2;x2^4;x1 x2^2 x3;x2^3 x3;x1^2 x3^2;x2^2 x3^2;x2 x3^3;x3^4;x1^5;x1^4 x3;x1^3 x2 x3;x1^2 x2^2 x3;x1 x2^3 x3;x2^3 x3^2",TRUE,29,6,26,23,FALSE,1,0.655562613585075,0.652511121832435,0.658667486767058,0.650023345307725,0.0003718439246408,1748.10801584467,0.00500139748920451,-0.350566116559146,0.011849929122847,-1.27275219288869e-08,2.44874490066667e-07,9.6083946721226e-07,16.4844942092896
"aizawa",3,3,60,3.69897000433602,5000,4,13,"raw",26,4,13,"weak/raw/m=2w/p=4",381,"x2;x3;x1^2;x2^2;x1 x3;x1^3;x1 x2^2;x1^2 x3;x2^2 x3;x2 x3^2;x3^3;x1^4;x1^2 x2^2;x2^4;x2^3 x3;x1^2 x3^2;x1 x2 x3^2;x2^2 x3^2;x2 x3^3;x3^4;x1^5;x1^4 x3;x1^2 x2^2 x3;x1 x2^3 x3",TRUE,24,"x3;x1^2;x2^2;x1 x3;x1^3;x1^2 x3;x2^2 x3;x3^3;x1^4;x1^2 x2^2;x2^4;x1 x2 x3^2;x3^4;x1^5;x1^4 x3;x1^2 x2^2 x3;x1 x2^3 x3",TRUE,17,6,18,11,FALSE,1,0.654536692746308,0.651375789151682,0.65795751659165,0.649980231242399,0.000129663138115882,5012.83742385982,0.00116093823532433,-0.0686439759191001,0.010443490230537,-4.23614235526885e-08,2.31572492800984e-06,4.52364976644137e-06,7.26753664016724
"aizawa",3,3,60,3.69897000433602,5000,4,13,"raw",26,8,13,"weak/raw/m=2w/p=8",381,"x1;x2;x3;x1^2;x2^2;x1 x3;x1^3;x1 x2^2;x1^2 x3;x1 x2 x3;x2^2 x3;x2 x3^2;x3^3;x1^4;x1^2 x2^2;x2^4;x2^3 x3;x1^2 x3^2;x1 x2 x3^2;x2^2 x3^2;x3^4;x1^5;x1^4 x3;x1^3 x2 x3;x1^2 x2^2 x3;x1 x2^3 x3",TRUE,26,"x1;x3;x1^2;x2^2;x1 x3;x1^3;x1^2 x3;x2^2 x3;x2 x3^2;x3^3;x1^4;x1^2 x2^2;x2^4;x1 x2 x3^2;x3^4;x1^5;x1^4 x3;x1^3 x2 x3;x1^2 x2^2 x3",TRUE,19,6,20,13,FALSE,1,0.653090657521578,0.64947478004622,0.65667001031254,0.649969623326803,0.000196330875881516,3310.58281285851,0.00176633699496955,-0.391053917472586,0.0110706234166752,-1.22793312753234e-08,1.96420499917812e-07,7.49357525919869e-07,6.91956448554993
"aizawa",3,3,60,3.69897000433602,5000,4,13,"smoothed",13,4,6,"weak/smoothed/m=1w/p=4",829,"x1;x2;x3;x1^2;x2^2;x1 x3;x1^3;x1^2 x2;x1 x2^2;x1^2 x3;x1 x2 x3;x2^2 x3;x2 x3^2;x3^3;x1^4;x1^2 x2^2;x2^4;x2^3 x3;x1^2 x3^2;x1 x2 x3^2;x2^2 x3^2;x2 x3^3;x3^4;x1^5;x1^4 x3;x1^3 x2 x3;x1^2 x2^2 x3;x1 x2^3 x3;x1^2 x3^3",TRUE,29,"x1;x2;x3;x1^2;x2^2;x1 x3;x1^2 x2;x1^2 x3;x2^2 x3;x3^3;x1^4;x1^2 x2^2;x2^4;x2^3 x3;x2^2 x3^2;x3^4;x1^5;x1^4 x3;x1^3 x2 x3;x1^2 x2^2 x3;x1^2 x3^3",TRUE,21,6,23,15,FALSE,1,0.653183972398878,0.650739189872551,0.655586630555826,0.650043244299728,0.00023995282362079,2709.04603034397,0.00322362933942478,0.0280156755410113,0.011432288478594,-5.04101686686298e-07,3.70979794297117e-05,7.373056582749e-05,10.4142990112305
"aizawa",3,3,60,3.69897000433602,5000,4,13,"smoothed",13,8,6,"weak/smoothed/m=1w/p=8",829,"x2;x3;x1^2;x2^2;x1 x3;x3^2;x1^3;x1^2 x2;x1 x2^2;x2^3;x1^2 x3;x1 x2 x3;x2^2 x3;x2 x3^2;x3^3;x1^4;x1^2 x2^2;x2^4;x1^2 x2 x3;x1 x2^2 x3;x2^3 x3;x1^2 x3^2;x1 x2 x3^2;x2^2 x3^2;x2 x3^3;x3^4;x1^5;x1^4 x3;x1^3 x2 x3;x1^2 x2^2 x3;x1 x2^3 x3;x2^3 x3^2",TRUE,32,"x2;x3;x1^2;x2^2;x1 x3;x3^2;x1^3;x1^2 x2;x1 x2^2;x2^3;x1^2 x3;x2^2 x3;x2 x3^2;x3^3;x1^4;x1^2 x2^2;x2^4;x1 x2^2 x3;x2^3 x3;x1^2 x3^2;x2^2 x3^2;x2 x3^3;x3^4;x1^5;x1^4 x3;x1^3 x2 x3;x1^2 x2^2 x3;x1 x2^3 x3;x2^3 x3^2",TRUE,29,6,26,23,FALSE,1,0.655586946773656,0.652500009626569,0.658619914841364,0.650024198790456,0.000367366716533129,1769.41505459392,0.00494117993072978,-0.339516641936401,0.0118263994586617,-1.27275219288869e-08,2.44874490066667e-07,9.6083946721226e-07,14.1204895973206
"aizawa",3,3,60,3.69897000433602,5000,4,13,"smoothed",26,4,13,"weak/smoothed/m=2w/p=4",381,"x2;x3;x1^2;x2^2;x1 x3;x1^3;x1 x2^2;x1^2 x3;x2^2 x3;x2 x3^2;x3^3;x1^4;x1^2 x2^2;x2^4;x2^3 x3;x1^2 x3^2;x1 x2 x3^2;x2^2 x3^2;x2 x3^3;x3^4;x1^5;x1^4 x3;x1^2 x2^2 x3;x1 x2^3 x3",TRUE,24,"x3;x1^2;x2^2;x1 x3;x1^3;x1^2 x3;x2^2 x3;x3^3;x1^4;x1^2 x2^2;x2^4;x1 x2 x3^2;x3^4;x1^5;x1^4 x3;x1^2 x2^2 x3;x1 x2^3 x3",TRUE,17,6,18,11,FALSE,1,0.654590981858179,0.651213221207923,0.657978744192399,0.649979695972362,0.000129661336124818,5012.90296242715,0.00116092264547069,-0.0685541955984305,0.0104423562326262,-4.23614235526885e-08,2.31572492800984e-06,4.52364976644137e-06,6.58988547325134
"aizawa",3,3,60,3.69897000433602,5000,4,13,"smoothed",26,8,13,"weak/smoothed/m=2w/p=8",381,"x1;x2;x3;x1^2;x2^2;x1 x3;x1^3;x1 x2^2;x1^2 x3;x1 x2 x3;x2^2 x3;x2 x3^2;x3^3;x1^4;x1^2 x2^2;x2^4;x2^3 x3;x1^2 x3^2;x1 x2 x3^2;x2^2 x3^2;x3^4;x1^5;x1^4 x3;x1^3 x2 x3;x1^2 x2^2 x3;x1 x2^3 x3",TRUE,26,"x1;x3;x1^2;x2^2;x1 x3;x1^3;x1^2 x3;x1 x2 x3;x2^2 x3;x2 x3^2;x3^3;x1^4;x1^2 x2^2;x2^4;x1 x2 x3^2;x3^4;x1^5;x1^4 x3;x1^3 x2 x3;x1^2 x2^2 x3",TRUE,20,6,20,14,FALSE,1,0.653131945977568,0.649473671677811,0.656829929716322,0.649969105300897,0.000196283397384546,3311.38096222942,0.00176591066338365,-0.390993541002822,0.0110773976798104,-1.22793312753234e-08,1.96420499917812e-07,7.49357525919869e-07,7.58026003837585
"aizawa",3,4,60,3.69897000433602,5000,4,13,"smoothed",NA,NA,NA,"sg",5000,"x1;x2;x3;x1^2;x2^2;x1^2 x3;x2^2 x3;x3^3;x1^3 x3;x1^2 x3^2;x2^2 x3^2;x1^4 x3;x1^2 x2^2 x3;x2^4 x3",TRUE,14,"x3;x1^2;x2^2;x1^2 x3;x2^2 x3;x3^3;x1^3 x3;x1^2 x3^2",TRUE,8,7,7,1,FALSE,0.0184735409147498,0.650081231370677,0.649343844080394,0.650793898745793,0.649883969214881,0.000382572492715423,1698.72110930437,0.0148106636091067,0.683815394193601,0.0148039533103616,1.54135674074851e-07,1.30840492771284e-05,0.000380728707856881,6.879967212677
"aizawa",3,4,60,3.69897000433602,5000,4,13,"raw",13,4,6,"weak/raw/m=1w/p=4",829,"x3;x1^2;x2^2;x1^2 x3;x2^2 x3;x3^3;x1^3 x3",TRUE,7,"x3;x1^2;x2^2;x1^2 x3;x2^2 x3;x3^3;x1^3 x3",TRUE,7,7,0,0,TRUE,0.00135497651949312,0.650011575831827,0.649657204284286,0.650361469371561,0.650009602175123,0.000221693354748615,2932.02113754014,0.00347817536951543,0.00937646081156129,0.0034781929716925,-5.45568867411526e-07,3.81051206577028e-05,0.000114979434434503,2.31689786911011
"aizawa",3,4,60,3.69897000433602,5000,4,13,"raw",13,8,6,"weak/raw/m=1w/p=8",829,"x3;x1^2;x2^2;x1^2 x3;x2^2 x3;x3^3;x1^3 x3",TRUE,7,"x3;x1^2;x2^2;x1^2 x3;x2^2 x3;x3^3;x1^3 x3",TRUE,7,7,0,0,TRUE,0.00114614865561732,0.649987231725583,0.649424929866974,0.650560446040694,0.649982916312097,0.000348092276962012,1867.27186820933,0.00546548255225794,-0.353459910767382,0.0054654939313318,-1.21230200780859e-08,2.37075298917933e-07,1.06468426097628e-06,2.22369599342346
"aizawa",3,4,60,3.69897000433602,5000,4,13,"raw",26,4,13,"weak/raw/m=2w/p=4",381,"x3;x1^2;x2^2;x1^2 x3;x2^2 x3;x3^3;x1^3 x3;x1^2 x3^2;x2^2 x3^2;x1^2 x2^2 x3;x2^4 x3",TRUE,11,"x3;x1^2;x2^2;x1^2 x3;x2^2 x3;x3^3;x1^3 x3",TRUE,7,7,4,0,TRUE,0.00537690142727376,0.650019648122402,0.649792366653795,0.650237248230008,0.649994782860827,0.000122891719264244,5289.16664810586,0.00129409936444941,-0.0918820512805956,0.00128601070502628,-3.97428322048474e-08,2.37114065456293e-06,6.96859306759112e-06,5.16842889785767
"aizawa",3,4,60,3.69897000433602,5000,4,13,"raw",26,8,13,"weak/raw/m=2w/p=8",381,"x3;x1^2;x2^2;x1^2 x3;x2^2 x3;x3^3;x1^3 x3;x1^2 x3^2;x2^2 x3^2;x1^2 x2^2 x3;x2^4 x3",TRUE,11,"x3;x1^2;x2^2;x1^2 x3;x2^2 x3;x3^3;x1^3 x3",TRUE,7,7,4,0,TRUE,0.00515236619821247,0.650013504350981,0.649685327677576,0.650338404591638,0.649990790685451,0.00018691350286887,3477.49510179291,0.00197442949412125,-0.372898943802471,0.00196650087352146,-1.21183052915837e-08,1.89555250962532e-07,8.15835772827178e-07,4.61520195007324
"aizawa",3,4,60,3.69897000433602,5000,4,13,"smoothed",13,4,6,"weak/smoothed/m=1w/p=4",829,"x3;x1^2;x2^2;x1^2 x3;x2^2 x3;x3^3;x1^3 x3",TRUE,7,"x3;x1^2;x2^2;x1^2 x3;x2^2 x3;x3^3;x1^3 x3",TRUE,7,7,0,0,TRUE,0.00135857856301311,0.650011972863263,0.649631399141927,0.650386195444858,0.650009449310524,0.000221182048990567,2938.79838927728,0.0034701548436832,0.0124996695267953,0.00347017015327012,-5.45568867411526e-07,3.81051206577028e-05,0.000114979434434503,2.33997321128845
"aizawa",3,4,60,3.69897000433602,5000,4,13,"smoothed",13,8,6,"weak/smoothed/m=1w/p=8",829,"x3;x1^2;x2^2;x1^2 x3;x2^2 x3;x3^3;x1^3 x3",TRUE,7,"x3;x1^2;x2^2;x1^2 x3;x2^2 x3;x3^3;x1^3 x3",TRUE,7,7,0,0,TRUE,0.00134835125769311,0.649983722340937,0.649416232972468,0.650561481759217,0.649981014402314,0.000343441423305868,1892.55276240642,0.00539246057454475,-0.344893262629205,0.0053924746842639,-1.21230200780859e-08,2.37075298917933e-07,1.06468426097628e-06,2.24061942100525
"aizawa",3,4,60,3.69897000433602,5000,4,13,"smoothed",26,4,13,"weak/smoothed/m=2w/p=4",381,"x3;x1^2;x2^2;x1^2 x3;x2^2 x3;x3^3;x1^3 x3;x1^2 x3^2;x2^2 x3^2;x1^2 x2^2 x3;x2^4 x3",TRUE,11,"x3;x1^2;x2^2;x1^2 x3;x2^2 x3;x3^3;x1^3 x3;x1^2 x2^2 x3",TRUE,8,7,4,1,FALSE,0.00594340662797821,0.650008055406814,0.649788919176964,0.650227825476386,0.64999431385363,0.000122892827940751,5289.1151155461,0.00129411156116714,-0.0917773641422378,0.00128600634067615,-3.97428322048474e-08,2.37114065456293e-06,6.96859306759112e-06,5.70752143859863
"aizawa",3,4,60,3.69897000433602,5000,4,13,"smoothed",26,8,13,"weak/smoothed/m=2w/p=8",381,"x3;x1^2;x2^2;x1^2 x3;x2^2 x3;x3^3;x1^3 x3;x1^2 x3^2;x2^2 x3^2;x1^2 x2^2 x3;x2^4 x3",TRUE,11,"x3;x1^2;x2^2;x1^2 x3;x2^2 x3;x3^3;x1^3 x3",TRUE,7,7,4,0,TRUE,0.00565363256302098,0.650010584634162,0.649659086406217,0.650348141179985,0.649990292435574,0.000186858793301214,3478.51059590113,0.00197385237791798,-0.372864506932833,0.00196608035314839,-1.21183052915837e-08,1.89555250962532e-07,8.15835772827178e-07,4.48248100280762
"aizawa",3,5,60,3.69897000433602,5000,4,13,"smoothed",NA,NA,NA,"sg",5000,"x3;x1^2;x2^2;x1 x3;x3^2;x1 x2^2;x2^3;x1^2 x3;x2^2 x3;x3^3;x1^2 x2^2;x2^4;x1^3 x3;x2^3 x3;x2^2 x3^2;x3^4;x1^2 x2^3;x1^2 x2^2 x3;x2^4 x3;x2^3 x3^2",TRUE,20,"x3;x1^2;x2^2;x1^2 x3;x2^2 x3;x3^3;x1^3 x3",TRUE,7,7,13,0,TRUE,0.00638690223449662,0.649908760184306,0.648885810857376,0.650943130051698,0.649961387494486,0.000400852654739105,1621.44713228234,0.0128000134675317,0.67862833899776,0.0127950527890602,-3.71995561423866e-08,1.11122172409318e-05,5.01449127144893e-05,9.81312775611877
"aizawa",3,5,60,3.69897000433602,5000,4,13,"raw",13,4,6,"weak/raw/m=1w/p=4",829,"x3;x1^2;x2^2;x1 x3;x3^2;x1 x2^2;x2^3;x1^2 x3;x2^2 x3;x3^3;x1^2 x2^2;x2^4;x1^3 x3;x2^3 x3;x2^2 x3^2;x3^4;x1^2 x2^3;x1^2 x2^2 x3;x2^4 x3;x2^3 x3^2",TRUE,20,"x3;x1^2;x2^2;x1^2 x3;x2^2 x3;x3^3;x1^3 x3",TRUE,7,7,13,0,TRUE,0.00700786406122694,0.650013505260474,0.649394344910816,0.650617724047239,0.650014002093471,0.000237154299748145,2740.89064707567,0.00305517487830439,0.0147331653693169,0.00303956408183407,-1.33459395967952e-06,3.70842802694856e-05,7.61490433885958e-05,9.99329471588135
"aizawa",3,5,60,3.69897000433602,5000,4,13,"raw",13,8,6,"weak/raw/m=1w/p=8",829,"x3;x1^2;x2^2;x1 x3;x3^2;x1 x2^2;x2^3;x1^2 x3;x2^2 x3;x3^3;x1^2 x2^2;x2^4;x1^3 x3;x2^3 x3;x2^2 x3^2;x3^4;x1^2 x2^3;x1^2 x2^2 x3;x2^4 x3;x2^3 x3^2",TRUE,20,"x3;x1^2;x2^2;x1^2 x3;x2^2 x3;x3^3;x1^3 x3",TRUE,7,7,13,0,TRUE,0.00788022765051294,0.6500071659125,0.649075004864337,0.650919452048897,0.649988245427094,0.000363584019194841,1787.72501295986,0.00468942413479132,-0.333554818226989,0.00468234225785782,-8.13687362107646e-09,2.61392653798501e-07,1.08488818584274e-06,8.51446270942688
"aizawa",3,5,60,3.69897000433602,5000,4,13,"raw",26,4,13,"weak/raw/m=2w/p=4",381,"x3;x1^2;x2^2;x1 x3;x3^2;x1^3;x1 x2^2;x2^3;x1^2 x3;x2^2 x3;x3^3;x1^2 x2^2;x2^4;x1^3 x3;x2^3 x3;x2^2 x3^2;x3^4;x1^2 x2^3;x2^4 x3;x2^3 x3^2",TRUE,20,"x3;x1^2;x2^2;x1^2 x3;x2^2 x3;x3^3;x1^3 x3",TRUE,7,7,13,0,TRUE,0.00680724517091497,0.649944586231051,0.649612038076256,0.650268565281348,0.650001232820067,0.000128333830691992,5064.9250420967,0.0011039519290652,-0.066213160466606,0.00108875056175972,-8.96932984145916e-08,2.31848631653066e-06,4.72464690448593e-06,10.497260093689
"aizawa",3,5,60,3.69897000433602,5000,4,13,"raw",26,8,13,"weak/raw/m=2w/p=8",381,"x3;x1^2;x2^2;x1 x3;x3^2;x1^3;x1 x2^2;x2^3;x1^2 x3;x2^2 x3;x3^3;x1^2 x2^2;x2^4;x1^3 x3;x2^3 x3;x2^2 x3^2;x3^4;x1^2 x2^3;x2^4 x3;x2^3 x3^2",TRUE,20,"x3;x1^2;x2^2;x1^2 x3;x2^2 x3;x3^3;x1^3 x3",TRUE,7,7,13,0,TRUE,0.00684068623853501,0.649953883274477,0.649483695242569,0.650431661816302,0.650007950365466,0.000189973636045924,3421.56924452577,0.00164197109274945,-0.340132323845882,0.00162446038327981,-7.83511780360844e-09,2.09886996214784e-07,8.17582299306174e-07,9.42030096054077
"aizawa",3,5,60,3.69897000433602,5000,4,13,"smoothed",13,4,6,"weak/smoothed/m=1w/p=4",829,"x3;x1^2;x2^2;x1 x3;x3^2;x1 x2^2;x2^3;x1^2 x3;x2^2 x3;x3^3;x1^2 x2^2;x2^4;x1^3 x3;x2^3 x3;x2^2 x3^2;x3^4;x1^2 x2^3;x1^2 x2^2 x3;x2^4 x3;x2^3 x3^2",TRUE,20,"x3;x1^2;x2^2;x1^2 x3;x2^2 x3;x3^3;x1^3 x3",TRUE,7,7,13,0,TRUE,0.0067253620368754,0.650005035348611,0.649410079554172,0.650605221812442,0.650017082689006,0.000236532655721297,2748.10715123798,0.00304716775173458,0.0180385545018515,0.00303347760091542,-1.33459395967952e-06,3.70842802694856e-05,7.61490433885958e-05,9.58538794517517
"aizawa",3,5,60,3.69897000433602,5000,4,13,"smoothed",13,8,6,"weak/smoothed/m=1w/p=8",829,"x3;x1^2;x2^2;x1 x3;x3^2;x1 x2^2;x2^3;x1^2 x3;x2^2 x3;x3^3;x1^2 x2^2;x2^4;x1^3 x3;x2^3 x3;x2^2 x3^2;x3^4;x1^2 x2^3;x1^2 x2^2 x3;x2^4 x3;x2^3 x3^2",TRUE,20,"x3;x1^2;x2^2;x1^2 x3;x2^2 x3;x3^3;x1^3 x3",TRUE,7,7,13,0,TRUE,0.00642209756326434,0.64996943219122,0.649044721264126,0.650941690703064,0.649984701633481,0.000359228043388916,1809.3929847503,0.00463324405002553,-0.324813587521472,0.0046209113431135,-8.13687362107646e-09,2.61392653798501e-07,1.08488818584274e-06,8.91833066940308
"aizawa",3,5,60,3.69897000433602,5000,4,13,"smoothed",26,4,13,"weak/smoothed/m=2w/p=4",381,"x3;x1^2;x2^2;x1 x3;x3^2;x1^3;x1 x2^2;x2^3;x1^2 x3;x2^2 x3;x3^3;x1^2 x2^2;x2^4;x1^3 x3;x2^3 x3;x2^2 x3^2;x3^4;x1^2 x2^3;x2^4 x3;x2^3 x3^2",TRUE,20,"x3;x1^2;x2^2;x1^2 x3;x2^2 x3;x3^3;x1^3 x3",TRUE,7,7,13,0,TRUE,0.0075539560293621,0.64993730433223,0.649596737874936,0.650272397568181,0.65000085156939,0.000128332951630375,5064.95676528601,0.00110394489102114,-0.0661330479829799,0.00109017622339712,-8.96932984145916e-08,2.31848631653066e-06,4.72464690448593e-06,10.0349659919739
"aizawa",3,5,60,3.69897000433602,5000,4,13,"smoothed",26,8,13,"weak/smoothed/m=2w/p=8",381,"x3;x1^2;x2^2;x1 x3;x3^2;x1^3;x1 x2^2;x2^3;x1^2 x3;x2^2 x3;x3^3;x1^2 x2^2;x2^4;x1^3 x3;x2^3 x3;x2^2 x3^2;x3^4;x1^2 x2^3;x2^4 x3;x2^3 x3^2",TRUE,20,"x3;x1^2;x2^2;x1^2 x3;x2^2 x3;x3^3;x1^3 x3",TRUE,7,7,13,0,TRUE,0.00679708322956757,0.64994262564428,0.64947437998275,0.650439544662761,0.650007391942772,0.000189925376509721,3422.43571600609,0.00164155475262911,-0.340106586075186,0.00162567463633517,-7.83511780360844e-09,2.09886996214784e-07,8.17582299306174e-07,9.16512155532837
"aizawa",3,6,60,3.69897000433602,5000,4,13,"smoothed",NA,NA,NA,"sg",5000,"x1;x2;x3;x1^2;x2^2;x1 x3;x3^2;x1^3;x1^2 x2;x2^3;x1^2 x3;x1 x2 x3;x2^2 x3;x1 x3^2;x2 x3^2;x3^3;x1^4;x1^3 x2;x1^2 x2^2;x1 x2^3;x1 x2^2 x3;x1^2 x3^2;x1 x2 x3^2;x2^2 x3^2;x1 x3^3;x3^4",TRUE,26,"x1;x3;x1^2;x2^2;x1 x3;x3^2;x1^3;x1^2 x2;x1^2 x3;x1 x2 x3;x2^2 x3;x1 x3^2;x2 x3^2;x3^3;x1^4;x1^3 x2;x1^2 x2^2;x1 x2^3;x1 x2^2 x3;x1^2 x3^2;x1 x2 x3^2;x2^2 x3^2;x1 x3^3;x3^4",TRUE,24,6,20,18,FALSE,1,0.647715034151096,0.646232698978349,0.649123143904649,0.649961103982503,0.00038486522598913,1688.80184566444,0.0136947575154944,0.672364653816867,0.0164803512900434,-4.62967414471827e-08,1.13695375943863e-05,0.00010734460553341,11.7882404327393
"aizawa",3,6,60,3.69897000433602,5000,4,13,"raw",13,4,6,"weak/raw/m=1w/p=4",829,"x3;x1^2;x2^2;x3^2;x1^2 x3;x2^2 x3;x1 x3^2;x3^3;x1^4;x1^3 x3;x1 x2^2 x3;x2^2 x3^2;x1 x3^3;x3^4",TRUE,14,"x3;x1^2;x2^2;x1^2 x3;x2^2 x3;x3^3;x1^3 x3",TRUE,7,7,7,0,TRUE,0.00248701452550959,0.650028133861331,0.649511636088225,0.650551485492403,0.650008709558102,0.000225493311704253,2882.6074913061,0.00325018967104272,0.0109469058972265,0.00324901383861921,6.03881973067999e-07,3.76164006230498e-05,7.741869886424e-05,6.71210956573486
"aizawa",3,6,60,3.69897000433602,5000,4,13,"raw",13,8,6,"weak/raw/m=1w/p=8",829,"x3;x1^2;x2^2;x3^2;x1^2 x3;x2^2 x3;x1 x3^2;x3^3;x1^4;x1^3 x3;x1 x2^2 x3;x2^2 x3^2;x1 x3^3;x3^4",TRUE,14,"x3;x1^2;x2^2;x1^2 x3;x2^2 x3;x3^3;x1^3 x3",TRUE,7,7,7,0,TRUE,0.00316785973901945,0.650034861578494,0.649212440295899,0.650860175807208,0.650005718739489,0.000352909623939531,1841.84752879072,0.00509157851507675,-0.342658758992265,0.00509152351693824,-4.01865564200626e-09,2.30464572011756e-07,1.0028960472086e-06,6.08081245422363
"aizawa",3,6,60,3.69897000433602,5000,4,13,"raw",26,4,13,"weak/raw/m=2w/p=4",381,"x3;x1^2;x2^2;x3^2;x1 x2 x3;x2^2 x3;x1 x3^2;x2 x3^2;x3^3;x1^4;x1^2 x2^2;x2^4;x1^3 x3;x1^2 x2 x3;x1^2 x3^2;x2^2 x3^2;x3^4;x1^2 x2^3;x1^4 x3;x1^2 x2^2 x3;x2^4 x3",TRUE,21,"x3;x1^2;x2^2;x3^2;x1 x2 x3;x2^2 x3;x1 x3^2;x3^3;x1^4;x1^2 x2^2;x1^3 x3;x1^2 x2 x3;x1^2 x3^2;x3^4;x1^2 x2^3;x1^4 x3;x1^2 x2^2 x3;x2^4 x3",TRUE,18,6,15,12,FALSE,1,0.645094653693106,0.643595170999312,0.646612395707017,0.649999703098575,0.000115790424677585,5613.58769439253,0.0011192137608022,-0.128963505523031,0.00449070084181021,4.94468098609795e-08,2.33973477792477e-06,4.56790101621696e-06,7.67172026634216
"aizawa",3,6,60,3.69897000433602,5000,4,13,"raw",26,8,13,"weak/raw/m=2w/p=8",381,"x3;x1^2;x2^2;x1^2 x3;x2^2 x3;x1 x3^2;x3^3;x1^4;x1^3 x3;x2^2 x3^2;x1 x3^3",TRUE,11,"x3;x1^2;x2^2;x1^2 x3;x2^2 x3;x3^3;x1^3 x3",TRUE,7,7,4,0,TRUE,0.00196471608555648,0.649967336718255,0.649621447971796,0.650331872974274,0.650005214473101,0.000180600212478451,3599.13870284432,0.00175238062393664,-0.465234391435169,0.00174892383933792,-3.93885421217204e-09,1.8310838544174e-07,7.80404541989022e-07,3.2764675617218
"aizawa",3,6,60,3.69897000433602,5000,4,13,"smoothed",13,4,6,"weak/smoothed/m=1w/p=4",829,"x3;x1^2;x2^2;x3^2;x1^2 x3;x2^2 x3;x1 x3^2;x3^3;x1^4;x1^3 x3;x1 x2^2 x3;x2^2 x3^2;x1 x3^3;x3^4",TRUE,14,"x3;x1^2;x2^2;x1^2 x3;x2^2 x3;x3^3;x1^3 x3",TRUE,7,7,7,0,TRUE,0.00248036719987202,0.650035871617082,0.649526384276471,0.650558056192732,0.650018071554772,0.000225017833433371,2888.74024621362,0.00324333773795934,0.0136404013033226,0.00324263289772842,6.03881973067999e-07,3.76164006230498e-05,7.741869886424e-05,6.63476729393005
"aizawa",3,6,60,3.69897000433602,5000,4,13,"smoothed",13,8,6,"weak/smoothed/m=1w/p=8",829,"x3;x1^2;x2^2;x3^2;x1^2 x3;x2^2 x3;x1 x3^2;x3^3;x1^4;x1^3 x3;x1 x2^2 x3;x2^2 x3^2;x1 x3^3;x3^4",TRUE,14,"x3;x1^2;x2^2;x1^2 x3;x2^2 x3;x3^3;x1^3 x3",TRUE,7,7,7,0,TRUE,0.00236133282157866,0.650021599198875,0.649197823592552,0.65083131537349,0.649998431140183,0.000348038565861313,1867.60461310255,0.00502130335836676,-0.333228863414908,0.0050203421499071,-4.01865564200626e-09,2.30464572011756e-07,1.0028960472086e-06,6.21119499206543
"aizawa",3,6,60,3.69897000433602,5000,4,13,"smoothed",26,4,13,"weak/smoothed/m=2w/p=4",381,"x3;x1^2;x2^2;x3^2;x1 x2 x3;x2^2 x3;x1 x3^2;x2 x3^2;x3^3;x1^4;x1^2 x2^2;x2^4;x1^3 x3;x1^2 x2 x3;x1^2 x3^2;x2^2 x3^2;x3^4;x1^2 x2^3;x1^4 x3;x1^2 x2^2 x3;x2^4 x3",TRUE,21,"x3;x1^2;x2^2;x3^2;x1 x2 x3;x2^2 x3;x1 x3^2;x3^3;x1^4;x1^2 x2^2;x1^3 x3;x1^2 x2 x3;x1^2 x3^2;x3^4;x1^2 x2^3;x1^4 x3;x1^2 x2^2 x3;x2^4 x3",TRUE,18,6,15,12,FALSE,1,0.645092037349126,0.643588764325877,0.646545885050725,0.649999054799647,0.000115783513931448,5613.91715218187,0.00111914741781416,-0.128943755395885,0.0044919150130953,4.94468098609795e-08,2.33973477792477e-06,4.56790101621696e-06,7.79956412315369
"aizawa",3,6,60,3.69897000433602,5000,4,13,"smoothed",26,8,13,"weak/smoothed/m=2w/p=8",381,"x3;x1^2;x2^2;x1^2 x3;x2^2 x3;x1 x3^2;x3^3;x1^4;x1^3 x3;x2^2 x3^2;x1 x3^3",TRUE,11,"x3;x1^2;x2^2;x1^2 x3;x2^2 x3;x3^3;x1^3 x3",TRUE,7,7,4,0,TRUE,0.00166139384767738,0.649966456156573,0.649633126065393,0.65030395411808,0.650004632075875,0.000180556070973612,3600.01537788709,0.00175195302049838,-0.465116816759353,0.00174846347960879,-3.93885421217204e-09,1.8310838544174e-07,7.80404541989022e-07,3.21914076805115
"aizawa",3,7,60,3.69897000433602,5000,4,13,"smoothed",NA,NA,NA,"sg",5000,"x3;x1^2;x2^2;x1^2 x3;x2^2 x3;x3^3;x1^3 x3",TRUE,7,"x3;x1^2;x2^2;x1^2 x3;x2^2 x3;x3^3;x1^3 x3",TRUE,7,7,0,0,TRUE,0.00179184831720614,0.649940875093078,0.649216958980268,0.650692034419049,0.649940054604665,0.000436080514969789,1490.41296800361,0.0107392957032814,0.680322382113208,0.0107393064189133,-1.41598204896898e-08,8.95607443083597e-06,5.56194005877364e-05,2.16258025169373
"aizawa",3,7,60,3.69897000433602,5000,4,13,"raw",13,4,6,"weak/raw/m=1w/p=4",829,"x3;x1^2;x2^2;x1^2 x3;x2^2 x3;x3^3;x1^3 x3",TRUE,7,"x3;x1^2;x2^2;x1^2 x3;x2^2 x3;x3^3;x1^3 x3",TRUE,7,7,0,0,TRUE,0.00157663328617108,0.649931922237073,0.649532173115787,0.65034271073896,0.649934655172889,0.000244430954680949,2658.97032567432,0.00244040171279407,0.027144408219248,0.00244040742882522,9.61146074407462e-07,3.02369812485669e-05,7.4978419845162e-05,1.34857797622681
"aizawa",3,7,60,3.69897000433602,5000,4,13,"raw",13,8,6,"weak/raw/m=1w/p=8",829,"x3;x1^2;x2^2;x1^2 x3;x2^2 x3;x3^3;x1^3 x3",TRUE,7,"x3;x1^2;x2^2;x1^2 x3;x2^2 x3;x3^3;x1^3 x3",TRUE,7,7,0,0,TRUE,0.00164993047302486,0.649898834253031,0.649268347572515,0.650524715705609,0.649910988065616,0.000386181810408044,1682.91455099585,0.00386022753165403,-0.352917427266285,0.00386023986823498,-7.19762969477488e-09,2.39912641696392e-07,9.51652924241486e-07,1.20631313323975
"aizawa",3,7,60,3.69897000433602,5000,4,13,"raw",26,4,13,"weak/raw/m=2w/p=4",381,"x3;x1^2;x2^2;x1 x3;x3^2;x1^3;x1^2 x3;x2^2 x3;x3^3;x1^2 x2^2;x1^3 x3;x1 x3^3;x3^4;x1^2 x2^2 x3;x1^3 x3^2",TRUE,15,"x3;x1^2;x2^2;x1^2 x3;x2^2 x3;x3^3;x1^3 x3",TRUE,7,7,8,0,TRUE,0.00799513478572583,0.649771686646119,0.649510613315838,0.650047301708614,0.649907644600651,0.000134400630444593,4835.59967279005,0.000899080268873085,-0.0326909442085868,0.000893418681515869,5.61174646390206e-08,1.89391985385269e-06,4.53091038832287e-06,6.5756983757019
"aizawa",3,7,60,3.69897000433602,5000,4,13,"raw",26,8,13,"weak/raw/m=2w/p=8",381,"x3;x1^2;x2^2;x1^2 x3;x2^2 x3;x3^3;x1^3 x3;x2^2 x3^2",TRUE,8,"x3;x1^2;x2^2;x1^2 x3;x2^2 x3;x3^3;x1^3 x3",TRUE,7,7,1,0,TRUE,0.00142770654328306,0.649898379853423,0.649565521816084,0.650249347920977,0.649903906150591,0.000195603081564104,3322.56476203624,0.00131476005099619,-0.342440656964606,0.00131476628690891,-6.02532405829571e-09,1.93143662149491e-07,7.255541366602e-07,1.64086365699768
"aizawa",3,7,60,3.69897000433602,5000,4,13,"smoothed",13,4,6,"weak/smoothed/m=1w/p=4",829,"x3;x1^2;x2^2;x1^2 x3;x2^2 x3;x3^3;x1^3 x3",TRUE,7,"x3;x1^2;x2^2;x1^2 x3;x2^2 x3;x3^3;x1^3 x3",TRUE,7,7,0,0,TRUE,0.00156188650195777,0.649931074683562,0.649530597965998,0.650307721379603,0.649936213237483,0.000243906699365279,2664.69192904016,0.00243516879529647,0.0306941575982771,0.00243517426851634,9.61146074407462e-07,3.02369812485669e-05,7.4978419845162e-05,1.34757018089294
"aizawa",3,7,60,3.69897000433602,5000,4,13,"smoothed",13,8,6,"weak/smoothed/m=1w/p=8",829,"x3;x1^2;x2^2;x1^2 x3;x2^2 x3;x3^3;x1^3 x3",TRUE,7,"x3;x1^2;x2^2;x1^2 x3;x2^2 x3;x3^3;x1^3 x3",TRUE,7,7,0,0,TRUE,0.00156174072736981,0.649915358610259,0.649278478401367,0.650550170946493,0.649909097116676,0.00038065550905985,1707.34189220546,0.00380498974805682,-0.34330560611664,0.00380500092561212,-7.19762969477488e-09,2.39912641696392e-07,9.51652924241486e-07,1.20522713661194
"aizawa",3,7,60,3.69897000433602,5000,4,13,"smoothed",26,4,13,"weak/smoothed/m=2w/p=4",381,"x3;x1^2;x2^2;x1 x3;x3^2;x1^3;x1^2 x3;x2^2 x3;x3^3;x1^2 x2^2;x1^3 x3;x1 x3^3;x3^4;x1^2 x2^2 x3;x1^3 x3^2",TRUE,15,"x3;x1^2;x2^2;x1^2 x3;x2^2 x3;x3^3;x1^3 x3",TRUE,7,7,8,0,TRUE,0.00767064062372685,0.649774880164677,0.649503932138776,0.650034535739254,0.649907013370441,0.000134385109309273,4836.15347497133,0.0008989769733011,-0.032709095170504,0.000893122005282772,5.61174646390206e-08,1.89391985385269e-06,4.53091038832287e-06,6.9299840927124
"aizawa",3,7,60,3.69897000433602,5000,4,13,"smoothed",26,8,13,"weak/smoothed/m=2w/p=8",381,"x3;x1^2;x2^2;x1^2 x3;x2^2 x3;x3^3;x1^3 x3;x2^2 x3^2",TRUE,8,"x3;x1^2;x2^2;x1^2 x3;x2^2 x3;x3^3;x1^3 x3",TRUE,7,7,1,0,TRUE,0.00141669319997151,0.649898922684807,0.649548965700195,0.650247339085161,0.649903316457444,0.000195557441834679,3323.33717582,0.0013144540523587,-0.342340216854441,0.00131445352401017,-6.02532405829571e-09,1.93143662149491e-07,7.255541366602e-07,1.66043853759766
"aizawa",3,8,60,3.69897000433602,5000,4,13,"smoothed",NA,NA,NA,"sg",5000,"x3;x1^2;x2^2;x1^2 x3;x2^2 x3;x3^3;x1^4;x1^2 x2^2;x2^4;x1^3 x3;x1^2 x3^2",TRUE,11,"x3;x1^2;x2^2;x1^2 x3;x2^2 x3;x3^3;x1^3 x3",TRUE,7,7,4,0,TRUE,0.0101531881997977,0.649879266457883,0.649064003889984,0.650709138595285,0.650012046125822,0.000389823116875399,1667.45382196918,0.0125625254716853,0.672782743336847,0.0125616808038667,-1.09166776752545e-08,1.08717966830936e-05,5.06309088140755e-05,5.12028217315674
"aizawa",3,8,60,3.69897000433602,5000,4,13,"raw",13,4,6,"weak/raw/m=1w/p=4",829,"x3;x1^2;x2^2;x1^2 x3;x2^2 x3;x3^3;x1^2 x2^2;x1^3 x3;x1^2 x3^2;x2^2 x3^2;x3^4;x1^4 x3;x1^2 x2^2 x3;x2^4 x3",TRUE,14,"x3;x1^2;x2^2;x1^2 x3;x2^2 x3;x3^3;x1^3 x3;x2^4 x3",TRUE,8,7,7,1,FALSE,0.015010444659787,0.65003857582331,0.649592843907251,0.650482617766038,0.650039720227287,0.000222762336134279,2918.08629550127,0.00291208723116642,0.0148194862066928,0.00290351204206575,-1.0279953579171e-06,3.62828738904349e-05,7.44299363840684e-05,7.33303713798523
"aizawa",3,8,60,3.69897000433602,5000,4,13,"raw",13,8,6,"weak/raw/m=1w/p=8",829,"x3;x1^2;x2^2;x1^2 x3;x2^2 x3;x3^3;x1^2 x2^2;x1^3 x3;x1^2 x3^2;x2^2 x3^2;x3^4;x1^4 x3;x1^2 x2^2 x3;x2^4 x3",TRUE,14,"x3;x1^2;x2^2;x1^2 x3;x2^2 x3;x3^3;x1^3 x3",TRUE,7,7,7,0,TRUE,0.0151984029573522,0.650021141939641,0.649332886878392,0.65067029059971,0.650018302538525,0.000344433353687511,1887.21067683897,0.00450692390706211,-0.353960189080146,0.00450106179850624,-1.22282715028711e-08,2.48223574009528e-07,1.06513607034397e-06,6.95222783088684
"aizawa",3,8,60,3.69897000433602,5000,4,13,"raw",26,4,13,"weak/raw/m=2w/p=4",381,"x3;x1^2;x2^2;x1^2 x3;x2^2 x3;x3^3;x1^2 x2^2;x2^4;x1^3 x3;x1^2 x3^2;x2^2 x3^2;x3^4;x1^4 x3;x1^2 x2^2 x3;x2^4 x3",TRUE,15,"x3;x1^2;x2^2;x1^2 x3;x2^2 x3;x3^3;x1^3 x3;x2^4 x3",TRUE,8,7,8,1,FALSE,0.0121787916336302,0.649973651233285,0.649697783533895,0.650249575134995,0.650020307911853,0.000120481931945263,5395.16836605151,0.00105651199649585,-0.05650816404972,0.00104451191800476,-6.84506815105333e-08,2.27099296604606e-06,4.67740417697815e-06,10.9124975204468
"aizawa",3,8,60,3.69897000433602,5000,4,13,"raw",26,8,13,"weak/raw/m=2w/p=8",381,"x3;x1^2;x2^2;x1^2 x3;x2^2 x3;x3^3;x1^2 x2^2;x2^4;x1^3 x3;x1^2 x3^2;x2^2 x3^2;x3^4;x1^4 x3;x1^2 x2^2 x3;x2^4 x3",TRUE,15,"x3;x1^2;x2^2;x1^2 x3;x2^2 x3;x3^3;x1^3 x3;x2^4 x3",TRUE,8,7,8,1,FALSE,0.0119115124019364,0.649955226005747,0.649544511391424,0.650368237132801,0.650020359908437,0.000186966465651805,3476.66816956894,0.0016457846474173,-0.411288344128599,0.00163180825666159,-1.21179534549136e-08,1.97941368433031e-07,7.0916910110963e-07,5.46751999855042
"aizawa",3,8,60,3.69897000433602,5000,4,13,"smoothed",13,4,6,"weak/smoothed/m=1w/p=4",829,"x3;x1^2;x2^2;x1^2 x3;x2^2 x3;x3^3;x1^2 x2^2;x1^3 x3;x1^2 x3^2;x2^2 x3^2;x3^4;x1^4 x3;x1^2 x2^2 x3;x2^4 x3",TRUE,14,"x3;x1^2;x2^2;x1^2 x3;x2^2 x3;x3^3;x1^3 x3",TRUE,7,7,7,0,TRUE,0.014667054039943,0.650040975937621,0.649606712793288,0.650486230476381,0.650041729050966,0.000222087534775814,2926.96179327286,0.00290326692870756,0.0182793223290625,0.00289493029724619,-1.0279953579171e-06,3.62828738904349e-05,7.44299363840684e-05,7.4404399394989
"aizawa",3,8,60,3.69897000433602,5000,4,13,"smoothed",13,8,6,"weak/smoothed/m=1w/p=8",829,"x3;x1^2;x2^2;x1^2 x3;x2^2 x3;x3^3;x1^2 x2^2;x2^4;x1^3 x3;x1^2 x3^2;x2^2 x3^2;x3^4;x1^4 x3;x1^2 x2^2 x3;x2^4 x3",TRUE,15,"x3;x1^2;x2^2;x1^2 x3;x2^2 x3;x3^3;x1^3 x3",TRUE,7,7,8,0,TRUE,0.0146734370188517,0.64997427029524,0.649213169194455,0.650716408567067,0.650016471163211,0.000340265049490289,1910.32394345797,0.00445238356933868,-0.343772585320791,0.00444600234134769,-1.22282715028711e-08,2.48223574009528e-07,1.06513607034397e-06,6.10437536239624
"aizawa",3,8,60,3.69897000433602,5000,4,13,"smoothed",26,4,13,"weak/smoothed/m=2w/p=4",381,"x3;x1^2;x2^2;x1^2 x3;x2^2 x3;x3^3;x1^2 x2^2;x2^4;x1^3 x3;x1^2 x3^2;x2^2 x3^2;x3^4;x1^4 x3;x1^2 x2^2 x3;x2^4 x3",TRUE,15,"x3;x1^2;x2^2;x1^2 x3;x2^2 x3;x3^3;x1^3 x3;x2^4 x3",TRUE,8,7,8,1,FALSE,0.0120606982187756,0.649969780144214,0.649696123453608,0.650237910259851,0.650019776635618,0.000120473482474402,5395.54234911182,0.0010564383764649,-0.0564491312821782,0.00104423887311431,-6.84506815105333e-08,2.27099296604606e-06,4.67740417697815e-06,10.4399645328522
"aizawa",3,8,60,3.69897000433602,5000,4,13,"smoothed",26,8,13,"weak/smoothed/m=2w/p=8",381,"x3;x1^2;x2^2;x1^2 x3;x2^2 x3;x3^3;x1^2 x2^2;x2^4;x1^3 x3;x1^2 x3^2;x2^2 x3^2;x3^4;x1^4 x3;x1^2 x2^2 x3;x2^4 x3",TRUE,15,"x3;x1^2;x2^2;x1^2 x3;x2^2 x3;x3^3;x1^3 x3;x2^4 x3",TRUE,8,7,8,1,FALSE,0.011719795628423,0.649976449230238,0.649554439627751,0.650391413599788,0.650019827399579,0.000186915722083394,3477.60916071879,0.00164533870895193,-0.411240268082127,0.00163154809554601,-1.21179534549136e-08,1.97941368433031e-07,7.0916910110963e-07,5.40071606636047
"aizawa",3,9,60,3.69897000433602,5000,4,13,"smoothed",NA,NA,NA,"sg",5000,"x3;x1^2;x2^2;x1^2 x3;x2^2 x3;x3^3;x1^3 x3;x2^2 x3^2",TRUE,8,"x3;x1^2;x2^2;x1^2 x3;x2^2 x3;x3^3;x1^3 x3",TRUE,7,7,1,0,TRUE,0.00555082521241146,0.650132432693534,0.649403401175021,0.650856161378675,0.650043952162233,0.000402178965978537,1616.30519532671,0.0140066430053143,0.684947348731424,0.0140063975637669,1.14050102425467e-07,1.15530513687985e-05,0.00011248763045979,4.02915811538696
"aizawa",3,9,60,3.69897000433602,5000,4,13,"raw",13,4,6,"weak/raw/m=1w/p=4",829,"x3;x1^2;x2^2;x1^2 x3;x2^2 x3;x3^3;x1^3 x3",TRUE,7,"x3;x1^2;x2^2;x1^2 x3;x2^2 x3;x3^3;x1^3 x3",TRUE,7,7,0,0,TRUE,0.00120174303086484,0.650057195004448,0.649674618198678,0.65044249665929,0.650059368400851,0.000233071205217881,2789.10201624074,0.00329404332768583,-0.0168413193039806,0.00329405547712459,-1.75973518827869e-07,3.79066340694559e-05,7.45245638701375e-05,2.51465106010437
"aizawa",3,9,60,3.69897000433602,5000,4,13,"raw",13,8,6,"weak/raw/m=1w/p=8",829,"x3;x1^2;x2^2;x1^2 x3;x2^2 x3;x3^3;x1^3 x3",TRUE,7,"x3;x1^2;x2^2;x1^2 x3;x2^2 x3;x3^3;x1^3 x3",TRUE,7,7,0,0,TRUE,0.00113455099821813,0.650047998052307,0.649402929649862,0.650634375481185,0.650041350611312,0.000368606469826988,1763.51042052089,0.00521440491864833,-0.373928210006026,0.0052144165567251,-8.8355126552496e-09,2.52092748108473e-07,1.01698488796931e-06,2.07467770576477
"aizawa",3,9,60,3.69897000433602,5000,4,13,"raw",26,4,13,"weak/raw/m=2w/p=4",381,"x3;x1^2;x2^2;x1^2 x3;x2^2 x3;x3^3;x1^3 x3;x2^2 x3^2",TRUE,8,"x3;x1^2;x2^2;x1^2 x3;x2^2 x3;x3^3;x1^3 x3",TRUE,7,7,1,0,TRUE,0.00584251583158424,0.650110275334662,0.649893259069379,0.650328537983853,0.650035623825316,0.000119922276797845,5420.4743370666,0.00113799914016905,-0.0994063609145833,0.00113512837041018,-3.34603693921097e-09,2.35685844100078e-06,4.67215766486451e-06,3.56072402000427
"aizawa",3,9,60,3.69897000433602,5000,4,13,"raw",26,8,13,"weak/raw/m=2w/p=8",381,"x3;x1^2;x2^2;x1^2 x3;x2^2 x3;x3^3;x1^3 x3",TRUE,7,"x3;x1^2;x2^2;x1^2 x3;x2^2 x3;x3^3;x1^3 x3",TRUE,7,7,0,0,TRUE,0.0016387224337544,0.650031894842491,0.64971569264502,0.650348619922147,0.650034506231264,0.000189883567838005,3423.3320641301,0.00180859693879287,-0.429605671043658,0.00180860183935607,-1.01490914205848e-08,2.01031606319713e-07,7.90624650859328e-07,2.33592247962952
"aizawa",3,9,60,3.69897000433602,5000,4,13,"smoothed",13,4,6,"weak/smoothed/m=1w/p=4",829,"x3;x1^2;x2^2;x1^2 x3;x2^2 x3;x3^3;x1^3 x3",TRUE,7,"x3;x1^2;x2^2;x1^2 x3;x2^2 x3;x3^3;x1^3 x3",TRUE,7,7,0,0,TRUE,0.00127397077003177,0.650054151680972,0.649669806908423,0.650462186849954,0.650063637513162,0.000232469538240352,2796.33900610692,0.0032855411367922,-0.01383736287505,0.00328555057083799,-1.75973518827869e-07,3.79066340694559e-05,7.45245638701375e-05,2.53795671463013
"aizawa",3,9,60,3.69897000433602,5000,4,13,"smoothed",13,8,6,"weak/smoothed/m=1w/p=8",829,"x3;x1^2;x2^2;x1^2 x3;x2^2 x3;x3^3;x1^3 x3",TRUE,7,"x3;x1^2;x2^2;x1^2 x3;x2^2 x3;x3^3;x1^3 x3",TRUE,7,7,0,0,TRUE,0.00123884608112212,0.650047088315766,0.649450390875283,0.650659936389811,0.650037313763209,0.000363717834378948,1787.20219995029,0.00514525110158716,-0.365176227825438,0.00514527167194428,-8.8355126552496e-09,2.52092748108473e-07,1.01698488796931e-06,2.10292935371399
"aizawa",3,9,60,3.69897000433602,5000,4,13,"smoothed",26,4,13,"weak/smoothed/m=2w/p=4",381,"x3;x1^2;x2^2;x1^2 x3;x2^2 x3;x3^3;x1^3 x3;x2^2 x3^2",TRUE,8,"x3;x1^2;x2^2;x1^2 x3;x2^2 x3;x3^3;x1^3 x3",TRUE,7,7,1,0,TRUE,0.0058938354830631,0.650114230875544,0.649888366702198,0.65033111007806,0.650035230114835,0.00011991046638145,5421.00493585768,0.00113788753174561,-0.0993243630004787,0.00113500258947571,-3.34603693921097e-09,2.35685844100078e-06,4.67215766486451e-06,3.6959056854248
"aizawa",3,9,60,3.69897000433602,5000,4,13,"smoothed",26,8,13,"weak/smoothed/m=2w/p=8",381,"x3;x1^2;x2^2;x1^2 x3;x2^2 x3;x3^3;x1^3 x3",TRUE,7,"x3;x1^2;x2^2;x1^2 x3;x2^2 x3;x3^3;x1^3 x3",TRUE,7,7,0,0,TRUE,0.00163115720974361,0.650035430409155,0.649715743075127,0.650344681587941,0.650034066509434,0.000189826533992845,3424.35829615862,0.00180805443296983,-0.429540561679056,0.00180806504900277,-1.01490914205848e-08,2.01031606319713e-07,7.90624650859328e-07,2.57419586181641
"aizawa",3,10,60,3.69897000433602,5000,4,13,"smoothed",NA,NA,NA,"sg",5000,"x3;x1^2;x2^2;x1^2 x3;x2^2 x3;x3^3;x1^4;x1^2 x2^2;x1^3 x3;x1^2 x3^2",TRUE,10,"x3;x1^2;x2^2;x1^2 x3;x2^2 x3;x3^3;x1^3 x3",TRUE,7,7,3,0,TRUE,0.0169241341922395,0.649821932774712,0.649155847551591,0.650496904677034,0.649960505572204,0.000375585665362697,1730.5253248804,0.0163417326225142,0.667320581898431,0.0163389210963591,-4.66106019730406e-08,9.91171677241772e-06,0.000130736000576115,2.40484023094177
"aizawa",3,10,60,3.69897000433602,5000,4,13,"raw",13,4,6,"weak/raw/m=1w/p=4",829,"x3;x1^2;x2^2;x1 x3;x3^2;x1^3;x1^2 x2;x1 x2^2;x1^2 x3;x2^2 x3;x1 x3^2;x3^3;x1^4;x1^3 x2;x1^2 x2^2;x1 x2^3;x1 x2^2 x3;x1 x3^3",TRUE,18,"x3;x1^2;x2^2;x1 x3;x3^2;x1^3;x1 x2^2;x1^2 x3;x2^2 x3;x1 x3^2;x3^3;x1^3 x2;x1^2 x2^2;x1 x2^2 x3;x1 x3^3",TRUE,15,6,12,9,FALSE,1,0.645229540474107,0.643357209351392,0.647117987884523,0.650020136700499,0.000225823439948507,2878.44404836238,0.00396958574866683,0.0776213338233707,0.0134934514460772,3.78724096860591e-07,3.36803190725324e-05,7.65276313382524e-05,2.26079082489014
"aizawa",3,10,60,3.69897000433602,5000,4,13,"raw",13,8,6,"weak/raw/m=1w/p=8",829,"x3;x1^2;x2^2;x1 x3;x3^2;x1^3;x1^2 x2;x1 x2^2;x1^2 x3;x2^2 x3;x1 x3^2;x3^3;x1^4;x1^3 x2;x1^2 x2^2;x1 x2^3;x1 x2^2 x3;x1 x3^3",TRUE,18,"x3;x1^2;x2^2;x1 x3;x3^2;x1^3;x1 x2^2;x1^2 x3;x2^2 x3;x1 x3^2;x3^3;x1^3 x2;x1^2 x2^2;x1 x2^2 x3;x1 x3^3",TRUE,15,6,12,9,FALSE,1,0.645095426554203,0.643094021142462,0.647123682343047,0.649986530369139,0.000343918841183366,1889.94161568074,0.0060474913218335,-0.281923688712524,0.0143657792642349,-1.49652745866357e-08,2.26953492152209e-07,1.13855077665814e-06,2.27283549308777
"aizawa",3,10,60,3.69897000433602,5000,4,13,"raw",26,4,13,"weak/raw/m=2w/p=4",381,"x3;x1^2;x2^2;x1^2 x3;x2^2 x3;x3^3;x1^3 x3",TRUE,7,"x3;x1^2;x2^2;x1^2 x3;x2^2 x3;x3^3;x1^3 x3",TRUE,7,7,0,0,TRUE,0.000185844470390606,0.649986319699468,0.64977609030494,0.650202033864873,0.649988085750587,0.000127379359025378,5102.77403437939,0.00150384817189594,-0.109840816966651,0.00150385118329773,1.20939966353001e-08,2.10352400530028e-06,4.71789703782033e-06,1.36394333839417
"aizawa",3,10,60,3.69897000433602,5000,4,13,"raw",26,8,13,"weak/raw/m=2w/p=8",381,"x3;x1^2;x2^2;x1^2 x3;x2^2 x3;x3^3;x1^3 x3",TRUE,7,"x3;x1^2;x2^2;x1^2 x3;x2^2 x3;x3^3;x1^3 x3",TRUE,7,7,0,0,TRUE,0.000295619653477353,0.649987465739393,0.649660032596839,0.650307375895563,0.649989428785573,0.000200474070134456,3242.26184638058,0.00236997655448412,-0.422415403181977,0.00236998982266547,-1.53893116870452e-08,1.81387089223793e-07,8.54570500030682e-07,1.05949473381042
"aizawa",3,10,60,3.69897000433602,5000,4,13,"smoothed",13,4,6,"weak/smoothed/m=1w/p=4",829,"x3;x1^2;x2^2;x1 x3;x3^2;x1^3;x1^2 x2;x1 x2^2;x1^2 x3;x2^2 x3;x1 x3^2;x3^3;x1^4;x1^3 x2;x1^2 x2^2;x1 x2^3;x1 x2^2 x3;x1 x3^3",TRUE,18,"x3;x1^2;x2^2;x1 x3;x3^2;x1^3;x1 x2^2;x1^2 x3;x2^2 x3;x1 x3^2;x3^3;x1^3 x2;x1^2 x2^2;x1 x2^2 x3;x1 x3^3",TRUE,15,6,12,9,FALSE,1,0.645220176817459,0.64337242338939,0.647148544139844,0.65001678711402,0.000225484353620042,2882.75783520371,0.00396362646854274,0.0805936698890215,0.0134882778785661,3.78724096860591e-07,3.36803190725324e-05,7.65276313382524e-05,2.328693151474
"aizawa",3,10,60,3.69897000433602,5000,4,13,"smoothed",13,8,6,"weak/smoothed/m=1w/p=8",829,"x3;x1^2;x2^2;x1 x3;x3^2;x1^3;x1^2 x2;x1 x2^2;x1^2 x3;x2^2 x3;x1 x3^2;x3^3;x1^4;x1^3 x2;x1^2 x2^2;x1 x2^3;x1 x2^2 x3;x1 x3^3",TRUE,18,"x3;x1^2;x2^2;x1 x3;x3^2;x1^3;x1 x2^2;x1^2 x3;x2^2 x3;x1 x3^2;x3^3;x1^3 x2;x1^2 x2^2;x1 x2^2 x3;x1 x3^3",TRUE,15,6,12,9,FALSE,1,0.645135596415042,0.643133892830392,0.647224654007311,0.649987608002761,0.000339124246862225,1916.66509846118,0.00596318502612424,-0.272574746912211,0.0143319862132955,-1.49652745866357e-08,2.26953492152209e-07,1.13855077665814e-06,2.1822202205658
"aizawa",3,10,60,3.69897000433602,5000,4,13,"smoothed",26,4,13,"weak/smoothed/m=2w/p=4",381,"x3;x1^2;x2^2;x1^2 x3;x2^2 x3;x3^3;x1^3 x3",TRUE,7,"x3;x1^2;x2^2;x1^2 x3;x2^2 x3;x3^3;x1^3 x3",TRUE,7,7,0,0,TRUE,0.000159287679557807,0.649988468648639,0.649788005285118,0.650191930924193,0.64998764431539,0.000127377623772678,5102.84008339941,0.00150382820958764,-0.109832950381861,0.00150385177192934,1.20939966353001e-08,2.10352400530028e-06,4.71789703782033e-06,1.27487373352051
"aizawa",3,10,60,3.69897000433602,5000,4,13,"smoothed",26,8,13,"weak/smoothed/m=2w/p=8",381,"x3;x1^2;x2^2;x1^2 x3;x2^2 x3;x3^3;x1^3 x3",TRUE,7,"x3;x1^2;x2^2;x1^2 x3;x2^2 x3;x3^3;x1^3 x3",TRUE,7,7,0,0,TRUE,0.0002670936284348,0.649989518107123,0.649658692014093,0.650323294869537,0.649989029589165,0.00020042066438021,3243.12381459877,0.00236934601980957,-0.422339657503263,0.00236936396089184,-1.53893116870452e-08,1.81387089223793e-07,8.54570500030682e-07,1.08830308914185
"aizawa",3,11,60,3.69897000433602,5000,4,13,"smoothed",NA,NA,NA,"sg",5000,"x3;x1^2;x2^2;x1^2 x3;x2^2 x3;x3^3;x1^2 x2^2;x2^4;x1^3 x3;x2^2 x3^2",TRUE,10,"x3;x1^2;x2^2;x1^2 x3;x2^2 x3;x3^3;x1^2 x2^2;x1^3 x3",TRUE,8,7,3,1,FALSE,0.00908458927637712,0.650099199739907,0.649407482680935,0.650779890745386,0.649943880153381,0.000401048457650708,1620.61184316896,0.0174389122462084,0.690241375729088,0.0174328815961502,-2.48910585227691e-08,9.71442822217363e-06,5.24188508451706e-05,2.4697105884552
"aizawa",3,11,60,3.69897000433602,5000,4,13,"raw",13,4,6,"weak/raw/m=1w/p=4",829,"x3;x1^2;x2^2;x1^2 x3;x2^2 x3;x3^3;x1^2 x2^2;x1^3 x3;x2^2 x3^2;x3^4",TRUE,10,"x3;x1^2;x2^2;x1^2 x3;x2^2 x3;x3^3;x1^2 x2^2;x1^3 x3",TRUE,8,7,3,1,FALSE,0.00264932540979723,0.650134099743926,0.649770705802492,0.650520760298604,0.650039486852929,0.000227933003441529,2851.88839280872,0.00401685249404143,-0.0381442561779567,0.00399487487199501,4.87974160824143e-08,3.36791111203845e-05,8.15845464602338e-05,2.06914615631104
"aizawa",3,11,60,3.69897000433602,5000,4,13,"raw",13,8,6,"weak/raw/m=1w/p=8",829,"x3;x1^2;x2^2;x1^2 x3;x2^2 x3;x3^3;x1^3 x3;x2^2 x3^2",TRUE,8,"x3;x1^2;x2^2;x1^2 x3;x2^2 x3;x3^3;x1^3 x3",TRUE,7,7,1,0,TRUE,0.00475049633391422,0.650026293175697,0.649425016462798,0.650662587779355,0.650018769032387,0.000356568206856338,1822.9857753254,0.00628569142558656,-0.377970378382562,0.0062854765911296,-1.01856165128043e-08,2.03746735306336e-07,1.03665722461788e-06,1.29961061477661
"aizawa",3,11,60,3.69897000433602,5000,4,13,"raw",26,4,13,"weak/raw/m=2w/p=4",381,"x3;x1^2;x2^2;x1^2 x3;x2^2 x3;x3^3;x1^2 x2^2;x1^3 x3;x1^2 x3^2;x2^2 x3^2",TRUE,10,"x3;x1^2;x2^2;x1^2 x3;x2^2 x3;x3^3;x1^2 x2^2;x1^3 x3",TRUE,8,7,3,1,FALSE,0.00307618002464238,0.650074385176829,0.649881006929584,0.65026228409943,0.649995604526602,0.000113054937008103,5749.37832639731,0.00134058222974859,-0.0462389883275826,0.00130929550199536,5.19912959025023e-09,2.10191788120834e-06,4.63558985563939e-06,2.03713059425354
"aizawa",3,11,60,3.69897000433602,5000,4,13,"raw",26,8,13,"weak/raw/m=2w/p=8",381,"x3;x1^2;x2^2;x1^2 x3;x2^2 x3;x3^3;x1^2 x2^2;x1^3 x3;x3^4",TRUE,9,"x3;x1^2;x2^2;x1^2 x3;x2^2 x3;x3^3;x1^2 x2^2;x1^3 x3",TRUE,8,7,2,1,FALSE,0.00246805479535883,0.650077872768674,0.649793367478817,0.650365749069447,0.649991261416357,0.000174950626968058,3715.28397857659,0.00207697781141078,-0.390638788224135,0.0020543669797953,-1.07160087371173e-08,1.61031350771845e-07,7.47394104494425e-07,1.92088389396667
"aizawa",3,11,60,3.69897000433602,5000,4,13,"smoothed",13,4,6,"weak/smoothed/m=1w/p=4",829,"x3;x1^2;x2^2;x1^2 x3;x2^2 x3;x3^3;x1^2 x2^2;x1^3 x3;x2^2 x3^2;x3^4",TRUE,10,"x3;x1^2;x2^2;x1^2 x3;x2^2 x3;x3^3;x1^2 x2^2;x1^3 x3",TRUE,8,7,3,1,FALSE,0.00258177765830037,0.650137360825352,0.649744026152679,0.650532093741293,0.650040639605529,0.000227351602221767,2859.18653421872,0.00400660771279072,-0.0346865585385333,0.00398472375513876,4.87974160824143e-08,3.36791111203845e-05,8.15845464602338e-05,2.23014402389526
"aizawa",3,11,60,3.69897000433602,5000,4,13,"smoothed",13,8,6,"weak/smoothed/m=1w/p=8",829,"x3;x1^2;x2^2;x1^2 x3;x2^2 x3;x3^3;x1^3 x3;x2^2 x3^2",TRUE,8,"x3;x1^2;x2^2;x1^2 x3;x2^2 x3;x3^3;x1^3 x3",TRUE,7,7,1,0,TRUE,0.00528500390815112,0.650038283363761,0.649430004162153,0.65064018943446,0.650018239882939,0.000352237033769013,1845.4000504365,0.00620934207906948,-0.369216315887464,0.00620906730011288,-1.01856165128043e-08,2.03746735306336e-07,1.03665722461788e-06,1.29067969322205
"aizawa",3,11,60,3.69897000433602,5000,4,13,"smoothed",26,4,13,"weak/smoothed/m=2w/p=4",381,"x3;x1^2;x2^2;x1^2 x3;x2^2 x3;x3^3;x1^2 x2^2;x1^3 x3;x1^2 x3^2;x2^2 x3^2",TRUE,10,"x3;x1^2;x2^2;x1^2 x3;x2^2 x3;x3^3;x1^2 x2^2;x1^3 x3",TRUE,8,7,3,1,FALSE,0.003298877459188,0.650072288643845,0.649880769904011,0.650256272394762,0.649995100263549,0.000113058047940296,5749.21566491933,0.00134061953717284,-0.0462614023773423,0.00130938254245227,5.19912959025023e-09,2.10191788120834e-06,4.63558985563939e-06,2.00707769393921
"aizawa",3,11,60,3.69897000433602,5000,4,13,"smoothed",26,8,13,"weak/smoothed/m=2w/p=8",381,"x3;x1^2;x2^2;x1^2 x3;x2^2 x3;x3^3;x1^2 x2^2;x1^3 x3;x3^4",TRUE,9,"x3;x1^2;x2^2;x1^2 x3;x2^2 x3;x3^3;x1^2 x2^2;x1^3 x3",TRUE,8,7,2,1,FALSE,0.00248250340632872,0.650084130963434,0.649787013255393,0.650369572404945,0.649990805068538,0.000174892676865338,3716.51241617745,0.00207629048613855,-0.390558393206943,0.00205351509400167,-1.07160087371173e-08,1.61031350771845e-07,7.47394104494425e-07,2.13582730293274
"aizawa",3,12,60,3.69897000433602,5000,4,13,"smoothed",NA,NA,NA,"sg",5000,"x1;x2;x3;x1^2;x1 x2;x2^2;x1 x3;x2 x3;x3^2;x1^3;x1^2 x2;x1 x2^2;x2^3;x1^2 x3;x1 x2 x3;x2^2 x3;x2 x3^2;x3^3;x1^4;x1^3 x2;x1^2 x2^2;x1 x2^3;x2^4;x1^3 x3;x1^2 x2 x3;x1 x2^2 x3;x2^3 x3;x1^2 x3^2;x2^2 x3^2;x1 x3^3;x2 x3^3;x3^4",TRUE,32,"x3;x1^2;x2^2;x1^2 x3;x2^2 x3;x3^3;x1^3 x3;x1 x3^3",TRUE,8,7,25,1,FALSE,0.0402510488099985,0.649729846005467,0.647801337733601,0.651711793660429,0.650039262538051,0.000544680026625223,1193.43326496773,0.02273651463122,0.669715162560358,0.0226954689081209,6.10290261869384e-07,1.70252208687372e-05,0.000311503713512962,7.43957281112671
"aizawa",3,12,60,3.69897000433602,5000,4,13,"raw",13,4,6,"weak/raw/m=1w/p=4",829,"x3;x1^2;x2^2;x1^2 x3;x2^2 x3;x3^3;x1^3 x3",TRUE,7,"x3;x1^2;x2^2;x1^2 x3;x2^2 x3;x3^3;x1^3 x3",TRUE,7,7,0,0,TRUE,0.00347245667534218,0.650116691085313,0.649628956939548,0.650622831289204,0.650118977672898,0.000300812149091236,2161.21250300871,0.00509318030367329,-0.0248061777319337,0.00509319053090765,-6.5851053689856e-07,2.95380397543e-05,0.000198965034579168,1.11507391929626
"aizawa",3,12,60,3.69897000433602,5000,4,13,"raw",13,8,6,"weak/raw/m=1w/p=8",829,"x3;x1^2;x2^2;x1^2 x3;x2^2 x3;x3^3;x1^3 x3",TRUE,7,"x3;x1^2;x2^2;x1^2 x3;x2^2 x3;x3^3;x1^3 x3",TRUE,7,7,0,0,TRUE,0.00434748933723167,0.650074809961527,0.649316306023587,0.650801980073692,0.650072923148575,0.000461231483401459,1409.4287717622,0.00781398692296554,-0.351949431770816,0.00781405178727963,4.66424641705526e-09,1.73751429546098e-07,8.89631246780986e-07,1.01141905784607
"aizawa",3,12,60,3.69897000433602,5000,4,13,"raw",26,4,13,"weak/raw/m=2w/p=4",381,"x3;x1^2;x2^2;x1^3;x1^2 x2;x1^2 x3;x2^2 x3;x3^3;x1^3 x2;x1^3 x3;x1^4 x3;x1^2 x2^2 x3",TRUE,12,"x3;x1^2;x2^2;x1^2 x3;x2^2 x3;x3^3;x1^3 x3",TRUE,7,7,5,0,TRUE,0.00986497986627644,0.650060278150276,0.649801210150502,0.650332424625307,0.650084323530126,0.000153013917144423,4248.53069356129,0.0017323788074429,-0.0359140428767291,0.00172486412756319,-6.0955619458345e-09,1.75355780317352e-06,1.13783950800306e-05,2.07601046562195
"aizawa",3,12,60,3.69897000433602,5000,4,13,"raw",26,8,13,"weak/raw/m=2w/p=8",381,"x3;x1^2;x2^2;x1^3;x1^2 x2;x1^2 x3;x2^2 x3;x3^3;x1^3 x2;x1^3 x3;x1^4 x3",TRUE,11,"x3;x1^2;x2^2;x1^2 x3;x2^2 x3;x3^3;x1^3 x3",TRUE,7,7,4,0,TRUE,0.0132978360580502,0.65006501632444,0.649649140240238,0.650459148508934,0.650095452463349,0.000240120635718946,2707.37019547236,0.00272131844455605,-0.399669310105559,0.00271434474337586,3.82964286762567e-09,1.37944671354659e-07,6.80308913314498e-07,1.78473353385925
"aizawa",3,12,60,3.69897000433602,5000,4,13,"smoothed",13,4,6,"weak/smoothed/m=1w/p=4",829,"x3;x1^2;x2^2;x1^2 x3;x2^2 x3;x3^3;x1^3 x3",TRUE,7,"x3;x1^2;x2^2;x1^2 x3;x2^2 x3;x3^3;x1^3 x3",TRUE,7,7,0,0,TRUE,0.00352424404642532,0.650107278385468,0.649610746563437,0.650614392460166,0.650116008169852,0.000299915257095685,2167.66567484908,0.00507799473781819,-0.0219461334191019,0.00507800038545377,-6.5851053689856e-07,2.95380397543e-05,0.000198965034579168,1.06306433677673
"aizawa",3,12,60,3.69897000433602,5000,4,13,"smoothed",13,8,6,"weak/smoothed/m=1w/p=8",829,"x3;x1^2;x2^2;x1^2 x3;x2^2 x3;x3^3;x1^3 x3",TRUE,7,"x3;x1^2;x2^2;x1^2 x3;x2^2 x3;x3^3;x1^3 x3",TRUE,7,7,0,0,TRUE,0.00380891621450413,0.650070004147775,0.649329549872809,0.650847045375837,0.650076038963479,0.000456126383205906,1425.21034278786,0.00772749941509097,-0.343233934846483,0.007727512301334,4.66424641705526e-09,1.73751429546098e-07,8.89631246780986e-07,1.02927875518799
"aizawa",3,12,60,3.69897000433602,5000,4,13,"smoothed",26,4,13,"weak/smoothed/m=2w/p=4",381,"x3;x1^2;x2^2;x1^3;x1^2 x2;x1^2 x3;x2^2 x3;x3^3;x1^3 x2;x1^3 x3;x1^4 x3;x1^2 x2^2 x3",TRUE,12,"x3;x1^2;x2^2;x1^2 x3;x2^2 x3;x3^3;x1^3 x3",TRUE,7,7,5,0,TRUE,0.00963266729647444,0.650063806331602,0.649782288866327,0.650328202163873,0.650084400185293,0.00015301633520902,4248.46405645042,0.00173240629249389,-0.0358344288731937,0.00172492778668725,-6.0955619458345e-09,1.75355780317352e-06,1.13783950800306e-05,2.19544720649719
"aizawa",3,12,60,3.69897000433602,5000,4,13,"smoothed",26,8,13,"weak/smoothed/m=2w/p=8",381,"x3;x1^2;x2^2;x1^3;x1^2 x2;x1^2 x3;x2^2 x3;x3^3;x1^3 x2;x1^3 x3;x1^4 x3",TRUE,11,"x3;x1^2;x2^2;x1^2 x3;x2^2 x3;x3^3;x1^3 x3",TRUE,7,7,4,0,TRUE,0.0131509935929736,0.650056065376043,0.649643564004501,0.650468195650477,0.650095287813545,0.000240041644654067,2708.2604301867,0.00272042339075104,-0.399612449430918,0.00271345468131568,3.82964286762567e-09,1.37944671354659e-07,6.80308913314498e-07,1.65488624572754
"aizawa",3,13,60,3.69897000433602,5000,4,13,"smoothed",NA,NA,NA,"sg",5000,"x3;x1^2;x2^2;x2 x3;x3^2;x1^2 x3;x2^2 x3;x1 x3^2;x3^3;x1^2 x2^2;x2^4;x1^3 x3;x1^2 x2 x3;x1 x3^3;x2 x3^3",TRUE,15,"x3;x1^2;x2^2;x1^2 x3;x2^2 x3;x3^3;x1^3 x3",TRUE,7,7,8,0,TRUE,0.000844270567569028,0.650031966482577,0.649145197905573,0.650922360039506,0.650049358580974,0.00038020373049942,1709.73955917554,0.015852778757572,0.686933442405287,0.0158492805226083,3.85635934810979e-07,1.52683060425531e-05,0.000595143909408846,5.61938071250916
"aizawa",3,13,60,3.69897000433602,5000,4,13,"raw",13,4,6,"weak/raw/m=1w/p=4",829,"x2;x3;x1^2;x1 x2;x2^2;x1 x3;x3^2;x1^3;x1^2 x2;x1 x2^2;x2^3;x1 x2 x3;x2^2 x3;x2 x3^2;x3^3;x1^4;x1^2 x2^2;x2^4;x1^3 x3;x1^2 x2 x3;x1 x2^2 x3;x2^3 x3;x1^2 x3^2;x1 x2 x3^2;x2^2 x3^2;x1 x3^3;x2 x3^3;x3^4;x1^4 x2;x1^3 x2^2;x1^2 x2^3;x1^4 x3;x1^3 x2 x3;x1^2 x2^2 x3;x1 x2^3 x3;x2^4 x3;x1^3 x3^2;x1^2 x2 x3^2;x1 x2^2 x3^2;x1^2 x3^3;x2^2 x3^3;x1 x3^4",TRUE,42,"x2;x3;x1^2;x1 x2;x2^2;x1 x3;x1^3;x1^2 x2;x1 x2^2;x1 x2 x3;x2^2 x3;x2 x3^2;x3^3;x1^4;x1^3 x3;x1 x2^2 x3;x2^3 x3;x1^2 x3^2;x1 x2 x3^2;x2 x3^3;x3^4;x1^4 x2;x1^2 x2^3;x1^4 x3;x1^3 x2 x3;x1^2 x2^2 x3;x2^4 x3;x1^3 x3^2;x1^2 x2 x3^2;x1 x2^2 x3^2;x1^2 x3^3;x1 x3^4",TRUE,32,6,36,26,FALSE,1.24137613902856,0.651422374836438,0.64957524754914,0.653351415848869,0.650066872578402,0.000220963827285779,2941.96059401909,0.00374287148019922,0.0253326698574086,0.0102090570266583,-9.52427384509551e-08,3.6749692352275e-05,0.000143186119544336,21.8461894989014
"aizawa",3,13,60,3.69897000433602,5000,4,13,"raw",13,8,6,"weak/raw/m=1w/p=8",829,"x2;x3;x1^2;x1 x2;x2^2;x1 x3;x3^2;x1^3;x1^2 x2;x1 x2^2;x2^3;x1 x2 x3;x2^2 x3;x2 x3^2;x3^3;x1^4;x1^2 x2^2;x2^4;x1^3 x3;x1^2 x2 x3;x1 x2^2 x3;x2^3 x3;x1^2 x3^2;x1 x2 x3^2;x2^2 x3^2;x1 x3^3;x2 x3^3;x3^4;x1^5;x1^4 x2;x1^3 x2^2;x1^2 x2^3;x1^4 x3;x1^3 x2 x3;x1^2 x2^2 x3;x1 x2^3 x3;x2^4 x3;x1^3 x3^2;x1^2 x2 x3^2;x1 x2^2 x3^2;x2^2 x3^3;x1 x3^4",TRUE,42,"x3;x1^2;x1 x2;x2^2;x1 x3;x1^3;x1^2 x2;x1 x2^2;x1 x2 x3;x2^2 x3;x2 x3^2;x3^3;x1^2 x2^2;x1^3 x3;x1 x2^2 x3;x1^2 x3^2;x1 x2 x3^2;x2 x3^3;x3^4;x1^5;x1^4 x2;x1^3 x2^2;x1^2 x2^3;x1^4 x3;x1^3 x2 x3;x1^2 x2^2 x3;x2^4 x3;x1^2 x2 x3^2;x2^2 x3^3;x1 x3^4",TRUE,30,6,36,24,FALSE,1,0.65320572482071,0.650946453895305,0.655364022155604,0.650050760792064,0.00034344824977902,1892.7182223532,0.00582022867228285,-0.353048104127715,0.0113189966012482,-6.89798775129646e-10,2.46276886329341e-07,9.7030956147659e-07,13.5369200706482
"aizawa",3,13,60,3.69897000433602,5000,4,13,"raw",26,4,13,"weak/raw/m=2w/p=4",381,"x3;x1^2;x2^2;x1 x3;x3^2;x1^2 x3;x2^2 x3;x2 x3^2;x3^3;x1^2 x2^2;x1^3 x3;x1^2 x2 x3;x1 x2^2 x3;x2^3 x3;x1^2 x3^2;x2^2 x3^2;x2 x3^3;x3^4;x1^2 x2^2 x3;x2^4 x3;x1^3 x3^2;x1 x2^2 x3^2;x1^2 x3^3;x2^2 x3^3",TRUE,24,"x3;x1^2;x2^2;x1^2 x3;x2^2 x3;x3^3;x1^3 x3;x1^2 x3^2;x1^2 x3^3",TRUE,9,7,17,2,FALSE,0.0139355148946642,0.64996835077952,0.649659411668219,0.650269676848712,0.650049801278179,0.000119685460233476,5431.31805659683,0.00136573542095601,-0.106709480075312,0.00133178925970681,1.24947310966625e-08,2.2674515177386e-06,8.4104713803379e-06,8.88565993309021
"aizawa",3,13,60,3.69897000433602,5000,4,13,"raw",26,8,13,"weak/raw/m=2w/p=8",381,"x3;x1^2;x2^2;x1 x3;x3^2;x1^2 x3;x2^2 x3;x2 x3^2;x3^3;x1^3 x3;x1 x2^2 x3;x2^3 x3;x2^2 x3^2;x2 x3^3;x3^4;x1^2 x2^2 x3;x2^4 x3;x1^2 x3^3;x2^2 x3^3",TRUE,19,"x3;x1^2;x2^2;x1^2 x3;x2^2 x3;x3^3;x1^3 x3",TRUE,7,7,12,0,TRUE,0.0103034671663917,0.649967579981555,0.649568123657218,0.650370210986322,0.650049823723947,0.000179318197506268,3625.11910538931,0.00204988309012556,-0.400159263253571,0.00202832029853482,-1.74308957498314e-09,1.97613577266305e-07,7.62657092701069e-07,6.1989426612854
"aizawa",3,13,60,3.69897000433602,5000,4,13,"smoothed",13,4,6,"weak/smoothed/m=1w/p=4",829,"x2;x3;x1^2;x1 x2;x2^2;x1 x3;x3^2;x1^3;x1^2 x2;x1 x2^2;x2^3;x1 x2 x3;x2^2 x3;x2 x3^2;x3^3;x1^4;x1^2 x2^2;x2^4;x1^3 x3;x1^2 x2 x3;x1 x2^2 x3;x2^3 x3;x1^2 x3^2;x1 x2 x3^2;x2^2 x3^2;x1 x3^3;x2 x3^3;x3^4;x1^5;x1^4 x2;x1^3 x2^2;x1^2 x2^3;x1^4 x3;x1^3 x2 x3;x1^2 x2^2 x3;x1 x2^3 x3;x2^4 x3;x1^3 x3^2;x1^2 x2 x3^2;x1 x2^2 x3^2;x2^2 x3^3;x1 x3^4",TRUE,42,"x3;x1^2;x1 x2;x2^2;x1 x3;x1^3;x1^2 x2;x1 x2^2;x1 x2 x3;x2^2 x3;x2 x3^2;x3^3;x1^2 x2^2;x1^3 x3;x1 x2^2 x3;x1^2 x3^2;x1 x2 x3^2;x2 x3^3;x3^4;x1^5;x1^4 x2;x1^3 x2^2;x1^2 x2^3;x1^4 x3;x1^3 x2 x3;x1^2 x2^2 x3;x2^4 x3;x1^2 x2 x3^2;x2^2 x3^3;x1 x3^4",TRUE,30,6,36,24,FALSE,1,0.653192169635205,0.651078597288894,0.655227286671241,0.650072725688993,0.000220291229727078,2950.96961642267,0.00373147976416486,0.0288915462843816,0.0103235951370128,-9.52427384509551e-08,3.6749692352275e-05,0.000143186119544336,14.1788086891174
"aizawa",3,13,60,3.69897000433602,5000,4,13,"smoothed",13,8,6,"weak/smoothed/m=1w/p=8",829,"x2;x3;x1^2;x1 x2;x2^2;x1 x3;x3^2;x1^3;x1^2 x2;x1 x2^2;x2^3;x1 x2 x3;x2^2 x3;x2 x3^2;x3^3;x1^4;x1^2 x2^2;x2^4;x1^3 x3;x1^2 x2 x3;x1 x2^2 x3;x2^3 x3;x1^2 x3^2;x1 x2 x3^2;x2^2 x3^2;x1 x3^3;x2 x3^3;x3^4;x1^5;x1^4 x2;x1^3 x2^2;x1^2 x2^3;x1^4 x3;x1^3 x2 x3;x1^2 x2^2 x3;x1 x2^3 x3;x2^4 x3;x1^3 x3^2;x1^2 x2 x3^2;x1 x2^2 x3^2;x2^2 x3^3;x1 x3^4",TRUE,42,"x3;x1^2;x1 x2;x2^2;x1 x3;x1^3;x1^2 x2;x1 x2^2;x1 x2 x3;x2^2 x3;x2 x3^2;x3^3;x1^2 x2^2;x1^3 x3;x1 x2^2 x3;x2^3 x3;x1^2 x3^2;x1 x2 x3^2;x2 x3^3;x3^4;x1^5;x1^4 x2;x1^3 x2^2;x1^2 x2^3;x1^4 x3;x1^3 x2 x3;x1^2 x2^2 x3;x2^4 x3;x1^2 x2 x3^2;x2^2 x3^3;x1 x3^4",TRUE,31,6,36,25,FALSE,1,0.65319501431316,0.651013717134332,0.655360427452374,0.650046409877379,0.000339017302018477,1917.44316885028,0.0057451419345436,-0.342798196146481,0.0112818840183301,-6.89798775129646e-10,2.46276886329341e-07,9.7030956147659e-07,13.8774518966675
"aizawa",3,13,60,3.69897000433602,5000,4,13,"smoothed",26,4,13,"weak/smoothed/m=2w/p=4",381,"x3;x1^2;x2^2;x1 x3;x3^2;x1^2 x3;x2^2 x3;x2 x3^2;x3^3;x1^2 x2^2;x1^3 x3;x1^2 x2 x3;x1 x2^2 x3;x2^3 x3;x1^2 x3^2;x2^2 x3^2;x2 x3^3;x3^4;x1^2 x2^2 x3;x2^4 x3;x1^3 x3^2;x1 x2^2 x3^2;x1^2 x3^3;x2^2 x3^3",TRUE,24,"x3;x1^2;x2^2;x1^2 x3;x2^2 x3;x3^3;x1^3 x3;x1^2 x3^2;x1^2 x3^3",TRUE,9,7,17,2,FALSE,0.0135177006567164,0.649972159338239,0.649659441091182,0.650275197774317,0.650049481247158,0.000119687820765172,5431.20826406018,0.00136576285327665,-0.106560659929676,0.00133159835929003,1.24947310966625e-08,2.2674515177386e-06,8.4104713803379e-06,10.1426293849945
"aizawa",3,13,60,3.69897000433602,5000,4,13,"smoothed",26,8,13,"weak/smoothed/m=2w/p=8",381,"x3;x1^2;x2^2;x1 x3;x3^2;x1^2 x3;x2^2 x3;x2 x3^2;x3^3;x1^3 x3;x1 x2^2 x3;x2^3 x3;x2^2 x3^2;x2 x3^3;x3^4;x1^2 x2^2 x3;x2^4 x3;x1^2 x3^3;x2^2 x3^3",TRUE,19,"x3;x1^2;x2^2;x1^2 x3;x2^2 x3;x3^3;x1^3 x3",TRUE,7,7,12,0,TRUE,0.0101199143425932,0.649981548160885,0.649557894719992,0.650403247728597,0.650049390290559,0.000179274949963897,3625.99119632425,0.00204938944641152,-0.400149860412867,0.00202959251761006,-1.74308957498314e-09,1.97613577266305e-07,7.62657092701069e-07,6.35807609558105
"aizawa",3,14,60,3.69897000433602,5000,4,13,"smoothed",NA,NA,NA,"sg",5000,"x3;x1^2;x2^2;x1^2 x3;x2^2 x3;x2 x3^2;x3^3;x1^3 x3;x2^2 x3^2",TRUE,9,"x3;x1^2;x2^2;x1^2 x3;x2^2 x3;x3^3;x1^3 x3",TRUE,7,7,2,0,TRUE,0.00497145080842509,0.650067696572978,0.64940543396722,0.650726069106131,0.650015842691312,0.000397531838385522,1635.12901339221,0.0176299432433822,0.687983868757114,0.0176291640211272,-1.55434189922254e-07,1.05735101643369e-05,0.000131359630474503,2.30593276023865
"aizawa",3,14,60,3.69897000433602,5000,4,13,"raw",13,4,6,"weak/raw/m=1w/p=4",829,"x3;x1^2;x2^2;x1 x2^2;x1^2 x3;x2^2 x3;x2 x3^2;x3^3;x2^4;x1^3 x3;x2^2 x3^2;x2 x3^3;x3^4;x1 x2^4;x1^2 x2^2 x3;x2^4 x3;x1^2 x2 x3^2;x2^2 x3^3",TRUE,18,"x3;x1^2;x2^2;x1^2 x3;x2^2 x3;x3^3;x1^3 x3",TRUE,7,7,11,0,TRUE,0.00577570583380727,0.650083910045774,0.649663439545046,0.650508126844596,0.650029180161388,0.000239541970667318,2713.63376676969,0.00431711271459338,-0.0105766271754087,0.0043052852818801,8.54362021926716e-08,3.45057279200726e-05,0.000138853426999597,4.87248039245605
"aizawa",3,14,60,3.69897000433602,5000,4,13,"raw",13,8,6,"weak/raw/m=1w/p=8",829,"x3;x1^2;x2^2;x1 x2^2;x2^3;x1^2 x3;x2^2 x3;x2 x3^2;x3^3;x1^3 x3;x2^2 x3^2;x2 x3^3;x3^4;x1 x2^4;x1^2 x2^2 x3;x2^4 x3;x1^2 x2 x3^2;x2^3 x3^2;x2^2 x3^3",TRUE,19,"x3;x1^2;x2^2;x1^2 x3;x2^2 x3;x3^3;x1^3 x3",TRUE,7,7,12,0,TRUE,0.00558203425624604,0.650051997651911,0.649415801654473,0.650660860914233,0.650004356119713,0.00036755867213714,1768.43700174537,0.00662643290505903,-0.351248002776764,0.00661700939854342,1.89420827984164e-09,2.14438478352788e-07,8.67539209026269e-07,4.07355690002441
"aizawa",3,14,60,3.69897000433602,5000,4,13,"raw",26,4,13,"weak/raw/m=2w/p=4",381,"x3;x1^2;x2^2;x1^2 x3;x2^2 x3;x2 x3^2;x3^3;x2^4;x1^3 x3;x2^2 x3^2;x2 x3^3;x3^4;x1^2 x2^2 x3;x2^4 x3;x2^2 x3^3",TRUE,15,"x3;x1^2;x2^2;x1^2 x3;x2^2 x3;x3^3;x1^3 x3",TRUE,7,7,8,0,TRUE,0.000577769426204078,0.650033720079165,0.649815647837777,0.650257534805378,0.650004705745566,0.000122414495640883,5309.86712270114,0.0014870121430479,-0.0954755974655147,0.00148057340688719,2.96482608356116e-08,2.12678382675602e-06,8.1408371072067e-06,5.24688649177551
"aizawa",3,14,60,3.69897000433602,5000,4,13,"raw",26,8,13,"weak/raw/m=2w/p=8",381,"x3;x1^2;x2^2;x1^2 x3;x2^2 x3;x2 x3^2;x3^3;x2^4;x1^3 x3;x2^2 x3^2;x2 x3^3;x3^4;x1^2 x2^2 x3;x2^4 x3;x2^2 x3^3",TRUE,15,"x3;x1^2;x2^2;x1^2 x3;x2^2 x3;x3^3;x1^3 x3",TRUE,7,7,8,0,TRUE,0.00459798497473352,0.650071393961649,0.64973045248841,0.650407758632011,0.650003257115085,0.000195390690934146,3326.68487944577,0.00237663959375335,-0.456070446517095,0.00236757288662453,2.66545286892052e-09,1.7009666204012e-07,6.8695277888331e-07,4.28168249130249
"aizawa",3,14,60,3.69897000433602,5000,4,13,"smoothed",13,4,6,"weak/smoothed/m=1w/p=4",829,"x3;x1^2;x2^2;x1 x2^2;x1^2 x3;x2^2 x3;x2 x3^2;x3^3;x2^4;x1^3 x3;x2^2 x3^2;x2 x3^3;x3^4;x1 x2^4;x1^2 x2^2 x3;x2^4 x3;x1^2 x2 x3^2;x2^2 x3^3",TRUE,18,"x3;x1^2;x2^2;x1^2 x3;x2^2 x3;x3^3;x1^3 x3",TRUE,7,7,11,0,TRUE,0.00555748225982911,0.650093889697427,0.649681170668242,0.65049858667794,0.650029874472333,0.00023893573467465,2720.52179786944,0.00430618820939803,-0.0072887998838119,0.00429453999256331,8.54362021926716e-08,3.45057279200726e-05,0.000138853426999597,4.69644498825073
"aizawa",3,14,60,3.69897000433602,5000,4,13,"smoothed",13,8,6,"weak/smoothed/m=1w/p=8",829,"x3;x1^2;x2^2;x1 x2^2;x2^3;x1^2 x3;x2^2 x3;x2 x3^2;x3^3;x1^3 x3;x2^2 x3^2;x2 x3^3;x3^4;x1 x2^4;x1^2 x2^2 x3;x2^4 x3;x1^2 x2 x3^2;x2^3 x3^2;x2^2 x3^3",TRUE,19,"x3;x1^2;x2^2;x1^2 x3;x2^2 x3;x3^3;x1^3 x3",TRUE,7,7,12,0,TRUE,0.00655448935298786,0.650033980935143,0.649395783625836,0.650676214056828,0.65000287712835,0.000363616240706998,1787.60683478966,0.00655535979901801,-0.342586080241138,0.00654580516910083,1.89420827984164e-09,2.14438478352788e-07,8.67539209026269e-07,4.27663850784302
"aizawa",3,14,60,3.69897000433602,5000,4,13,"smoothed",26,4,13,"weak/smoothed/m=2w/p=4",381,"x3;x1^2;x2^2;x1^2 x3;x2^2 x3;x2 x3^2;x3^3;x2^4;x1^3 x3;x2^2 x3^2;x2 x3^3;x3^4;x1^2 x2^2 x3;x2^4 x3;x2^2 x3^3",TRUE,15,"x3;x1^2;x2^2;x1^2 x3;x2^2 x3;x3^3;x1^3 x3",TRUE,7,7,8,0,TRUE,0.000593969317422421,0.650036680799177,0.649817470615915,0.650255973953586,0.650004282843069,0.000122409532006024,5310.07897988763,0.0014869523004489,-0.0954855582416713,0.00148026184485284,2.96482608356116e-08,2.12678382675602e-06,8.1408371072067e-06,5.59580492973328
"aizawa",3,14,60,3.69897000433602,5000,4,13,"smoothed",26,8,13,"weak/smoothed/m=2w/p=8",381,"x3;x1^2;x2^2;x1^2 x3;x2^2 x3;x2 x3^2;x3^3;x2^4;x1^3 x3;x2^2 x3^2;x2 x3^3;x3^4;x1^2 x2^2 x3;x2^4 x3;x2^2 x3^3",TRUE,15,"x3;x1^2;x2^2;x1^2 x3;x2^2 x3;x3^3;x1^3 x3",TRUE,7,7,8,0,TRUE,0.00459208084647766,0.650078367097934,0.649733019342192,0.650410598422132,0.650002810771237,0.000195334271130856,3327.64346475481,0.00237595405020996,-0.456014613517703,0.00236686068597241,2.66545286892052e-09,1.7009666204012e-07,6.8695277888331e-07,4.58393669128418
"aizawa",3,15,60,3.69897000433602,5000,4,13,"smoothed",NA,NA,NA,"sg",5000,"x2;x3;x1^2;x2^2;x1 x3;x2 x3;x3^2;x2^3;x1^2 x3;x2 x3^2;x3^3;x1^2 x2^2;x2^4;x1^3 x3;x1 x2^2 x3;x2^3 x3;x1^2 x3^2;x2^2 x3^2",TRUE,18,"x2;x3;x1^2;x2^2;x1 x3;x2 x3;x3^2;x2^3;x1^2 x3;x2 x3^2;x3^3;x1^2 x2^2;x2^4;x1^3 x3;x1 x2^2 x3;x2^3 x3;x1^2 x3^2;x2^2 x3^2",TRUE,18,6,12,12,FALSE,1,0.644158686226743,0.643099196638594,0.645218958449995,0.649984546338243,0.000372820520563679,1743.4248129784,0.0147269642678018,0.68276881404185,0.0187922642910045,-6.89735291161675e-09,1.12242273908502e-05,0.000303151633846865,6.12686991691589
"aizawa",3,15,60,3.69897000433602,5000,4,13,"raw",13,4,6,"weak/raw/m=1w/p=4",829,"x3;x1^2;x2^2;x1^2 x3;x2^2 x3;x3^3;x1^2 x2^2;x2^4;x1^3 x3;x2^2 x3^2",TRUE,10,"x3;x1^2;x2^2;x1^2 x3;x2^2 x3;x3^3;x1^2 x2^2;x1^3 x3",TRUE,8,7,3,1,FALSE,0.00748505858650073,0.64993115052982,0.649538225075695,0.650318302997298,0.650033124665923,0.000216503502790153,3002.41389302589,0.00346141981234398,0.0171892179843988,0.00345391434665518,-3.18773432787145e-07,3.62888002985375e-05,9.77064566655139e-05,3.58692932128906
"aizawa",3,15,60,3.69897000433602,5000,4,13,"raw",13,8,6,"weak/raw/m=1w/p=8",829,"x3;x1^2;x2^2;x1^2 x3;x2^2 x3;x3^3;x1^2 x2^2;x2^4;x1^3 x3;x2^2 x3^2",TRUE,10,"x3;x1^2;x2^2;x1^2 x3;x2^2 x3;x3^3;x1^3 x3",TRUE,7,7,3,0,TRUE,0.00722472559702902,0.649894436343869,0.649290918643787,0.650475832671241,0.649985285484218,0.000333696703922178,1947.83250132372,0.00533828549234646,-0.353980844388551,0.00533286995431064,-6.62476021406538e-09,2.43688249275158e-07,1.07851508268642e-06,3.06482720375061
"aizawa",3,15,60,3.69897000433602,5000,4,13,"raw",26,4,13,"weak/raw/m=2w/p=4",381,"x3;x1^2;x2^2;x1^2 x3;x2^2 x3;x3^3;x1^2 x2^2;x2^4;x1^3 x3;x2^2 x3^2",TRUE,10,"x3;x1^2;x2^2;x1^2 x3;x2^2 x3;x3^3;x1^2 x2^2;x1^3 x3",TRUE,8,7,3,1,FALSE,0.00575758129064852,0.649933360385606,0.649722243864242,0.650141094320989,0.649985480848791,0.00011527090663507,5638.76436668054,0.00123537569395802,-0.0971297436077868,0.0012278565197907,-1.98604695515255e-08,2.25824025906312e-06,5.46840128901049e-06,4.27137327194214
"aizawa",3,15,60,3.69897000433602,5000,4,13,"raw",26,8,13,"weak/raw/m=2w/p=8",381,"x3;x1^2;x2^2;x1^2 x3;x2^2 x3;x3^3;x1^2 x2^2;x2^4;x1^3 x3;x2^2 x3^2",TRUE,10,"x3;x1^2;x2^2;x1^2 x3;x2^2 x3;x3^3;x1^2 x2^2;x1^3 x3",TRUE,8,7,3,1,FALSE,0.00449649385001671,0.649928131878879,0.649577025550858,0.650265434283489,0.649977000260562,0.0001842762123378,3527.18884339276,0.00197958384579942,-0.45113467573763,0.00196652478347914,-6.62080242220193e-09,1.98052092916016e-07,8.41655144800946e-07,3.60999655723572
"aizawa",3,15,60,3.69897000433602,5000,4,13,"smoothed",13,4,6,"weak/smoothed/m=1w/p=4",829,"x3;x1^2;x2^2;x1^2 x3;x2^2 x3;x3^3;x1^2 x2^2;x2^4;x1^3 x3;x2^2 x3^2",TRUE,10,"x3;x1^2;x2^2;x1^2 x3;x2^2 x3;x3^3;x1^2 x2^2;x1^3 x3",TRUE,8,7,3,1,FALSE,0.00732302071139457,0.649928976628118,0.649537818957434,0.650319776053874,0.650026786868476,0.000215856408778663,3011.38516362054,0.00345107563506995,0.0205427385518571,0.0034436162158487,-3.18773432787145e-07,3.62888002985375e-05,9.77064566655139e-05,3.49091148376465
"aizawa",3,15,60,3.69897000433602,5000,4,13,"smoothed",13,8,6,"weak/smoothed/m=1w/p=8",829,"x3;x1^2;x2^2;x1^2 x3;x2^2 x3;x3^3;x1^2 x2^2;x2^4;x1^3 x3;x2^2 x3^2",TRUE,10,"x3;x1^2;x2^2;x1^2 x3;x2^2 x3;x3^3;x1^3 x3",TRUE,7,7,3,0,TRUE,0.00815979056957583,0.649886707384858,0.649281531909837,0.650470681288095,0.649987922448203,0.000329821547688592,1970.7260699107,0.00527629524324421,-0.344148036224839,0.00527093111280021,-6.62476021406538e-09,2.43688249275158e-07,1.07851508268642e-06,2.99375438690186
"aizawa",3,15,60,3.69897000433602,5000,4,13,"smoothed",26,4,13,"weak/smoothed/m=2w/p=4",381,"x3;x1^2;x2^2;x1^2 x3;x2^2 x3;x3^3;x1^2 x2^2;x2^4;x1^3 x3;x2^2 x3^2",TRUE,10,"x3;x1^2;x2^2;x1^2 x3;x2^2 x3;x3^3;x1^2 x2^2;x1^3 x3",TRUE,8,7,3,1,FALSE,0.00606075626099423,0.649932560104729,0.649715503157863,0.650145738830083,0.649984855509987,0.000115255471092059,5639.51411027438,0.00123521078882944,-0.0970995055517433,0.00122767794260769,-1.98604695515255e-08,2.25824025906312e-06,5.46840128901049e-06,4.29521560668945
"aizawa",3,15,60,3.69897000433602,5000,4,13,"smoothed",26,8,13,"weak/smoothed/m=2w/p=8",381,"x3;x1^2;x2^2;x1^2 x3;x2^2 x3;x3^3;x1^2 x2^2;x2^4;x1^3 x3;x2^2 x3^2",TRUE,10,"x3;x1^2;x2^2;x1^2 x3;x2^2 x3;x3^3;x1^2 x2^2;x1^3 x3",TRUE,8,7,3,1,FALSE,0.00485215627994562,0.64993071901226,0.649586195913324,0.650270220930546,0.649976609395564,0.000184223416824168,3528.1975581635,0.00197901751789748,-0.45107201082641,0.00196599774818758,-6.62080242220193e-09,1.98052092916016e-07,8.41655144800946e-07,3.4295175075531
"aizawa",3,16,60,3.69897000433602,5000,4,13,"smoothed",NA,NA,NA,"sg",5000,"x3;x1^2;x2^2;x1 x3;x1^3;x1^2 x3;x2^2 x3;x3^3;x1^4;x1^2 x2^2;x2^4;x1^3 x3;x1^2 x3^2;x2^2 x3^2",TRUE,14,"x3;x1^2;x2^2;x1^2 x3;x2^2 x3;x3^3;x1^3 x3",TRUE,7,7,7,0,TRUE,0.00489476169621117,0.649854007693181,0.648829099863873,0.650921249504817,0.649956969271448,0.000406360482990114,1599.45909230367,0.013223238853117,0.67583444165189,0.0132217068540654,-4.48677140194142e-08,1.12525638657544e-05,5.99781737263827e-05,4.97922945022583
"aizawa",3,16,60,3.69897000433602,5000,4,13,"raw",13,4,6,"weak/raw/m=1w/p=4",829,"x3;x1^2;x2^2;x1 x3;x1^3;x1^2 x3;x2^2 x3;x3^3;x1^4;x1^2 x2^2;x1^3 x3;x1^2 x3^2;x2^2 x3^2",TRUE,13,"x3;x1^2;x2^2;x1^2 x3;x2^2 x3;x3^3;x1^3 x3",TRUE,7,7,6,0,TRUE,0.00436022176049844,0.649901062025665,0.649385353371737,0.650409261147248,0.650043499843663,0.000229466799474069,2832.84336267182,0.00302775609504467,0.0387012640819549,0.00302268430256416,-1.50861196168119e-06,3.78641474760305e-05,8.2363313968048e-05,3.5091187953949
"aizawa",3,16,60,3.69897000433602,5000,4,13,"raw",13,8,6,"weak/raw/m=1w/p=8",829,"x3;x1^2;x2^2;x1 x3;x1^3;x1^2 x3;x2^2 x3;x3^3;x1^4;x1^2 x2^2;x2^4;x1^3 x3;x1^2 x3^2;x2^2 x3^2",TRUE,14,"x3;x1^2;x2^2;x1^2 x3;x2^2 x3;x3^3;x1^3 x3",TRUE,7,7,7,0,TRUE,0.00531242429195977,0.649988560196593,0.649069134864149,0.650930591392027,0.650021013970905,0.000356427642140208,1823.71100644098,0.00470804406637157,-0.347648336176715,0.00470481817818652,-2.18684482745875e-09,2.53296165541769e-07,9.83514421792897e-07,3.97766876220703
"aizawa",3,16,60,3.69897000433602,5000,4,13,"raw",26,4,13,"weak/raw/m=2w/p=4",381,"x2;x3;x1^2;x2^2;x3^2;x1 x2 x3;x1 x3^2;x2 x3^2;x3^3;x1^3 x2;x1^2 x2^2;x1 x2^3;x2^4;x1^3 x3;x1^2 x3^2;x2^2 x3^2;x3^4;x1^4 x3;x1^2 x2^2 x3;x2^4 x3",TRUE,20,"x2;x3;x1^2;x2^2;x3^2;x1 x2 x3;x1 x3^2;x2 x3^2;x3^3;x1^3 x2;x1^2 x2^2;x1 x2^3;x2^4;x1^3 x3;x1^2 x3^2;x2^2 x3^2;x1^4 x3;x1^2 x2^2 x3;x2^4 x3",TRUE,19,5,15,14,FALSE,1,0.652922558796161,0.650639761056066,0.655172737311334,0.650021972844977,0.000126292428500395,5146.95916899677,0.0011172872881778,-0.0612427226800084,0.00722111504837765,-8.4588144131609e-08,2.36470226238358e-06,4.9908041138691e-06,5.32420182228088
"aizawa",3,16,60,3.69897000433602,5000,4,13,"raw",26,8,13,"weak/raw/m=2w/p=8",381,"x2;x3;x1^2;x2^2;x3^2;x1 x2 x3;x1 x3^2;x2 x3^2;x3^3;x1^3 x2;x1^2 x2^2;x1 x2^3;x2^4;x1^3 x3;x1^2 x3^2;x2^2 x3^2;x3^4;x1^4 x3;x1^2 x2^2 x3;x2^4 x3;x2^3 x3^2",TRUE,21,"x2;x3;x1^2;x2^2;x3^2;x1 x2 x3;x1 x3^2;x2 x3^2;x3^3;x1^3 x2;x1^2 x2^2;x1 x2^3;x2^4;x1^3 x3;x1^2 x3^2;x2^2 x3^2;x3^4;x1^4 x3;x1^2 x2^2 x3;x2^4 x3;x2^3 x3^2",TRUE,21,5,16,16,FALSE,1,0.652481644942417,0.650207235367086,0.654825966898515,0.650013045478745,0.000189747171075935,3425.67977057543,0.00168591370755058,-0.393948256774038,0.00741349318201842,-1.40204432840477e-09,2.0080652427055e-07,6.85488227625264e-07,5.46828389167786
"aizawa",3,16,60,3.69897000433602,5000,4,13,"smoothed",13,4,6,"weak/smoothed/m=1w/p=4",829,"x3;x1^2;x2^2;x1 x3;x1^3;x1^2 x3;x2^2 x3;x3^3;x1^4;x1^2 x2^2;x1^3 x3;x1^2 x3^2;x2^2 x3^2",TRUE,13,"x3;x1^2;x2^2;x1^2 x3;x2^2 x3;x3^3;x1^3 x3",TRUE,7,7,6,0,TRUE,0.00366447138966319,0.649899648006654,0.649389742881264,0.650412410462937,0.650045516336229,0.000228830845261482,2840.72505869317,0.00301936615012809,0.0422146114976811,0.00301429009702354,-1.50861196168119e-06,3.78641474760305e-05,8.2363313968048e-05,3.52239346504211
"aizawa",3,16,60,3.69897000433602,5000,4,13,"smoothed",13,8,6,"weak/smoothed/m=1w/p=8",829,"x3;x1^2;x2^2;x1 x3;x1^3;x1^2 x3;x2^2 x3;x3^3;x1^4;x1^2 x2^2;x2^4;x1^3 x3;x1^2 x3^2;x2^2 x3^2",TRUE,14,"x3;x1^2;x2^2;x1^2 x3;x2^2 x3;x3^3;x1^3 x3",TRUE,7,7,7,0,TRUE,0.00617362595313309,0.649972229002635,0.649064698793829,0.650917505207914,0.650019128557917,0.000351829120934484,1847.54214441209,0.00464730468514451,-0.337037092939887,0.004643703770489,-2.18684482745875e-09,2.53296165541769e-07,9.83514421792897e-07,4.06828284263611
"aizawa",3,16,60,3.69897000433602,5000,4,13,"smoothed",26,4,13,"weak/smoothed/m=2w/p=4",381,"x2;x3;x1^2;x2^2;x3^2;x1 x2 x3;x1 x3^2;x2 x3^2;x3^3;x1^3 x2;x1^2 x2^2;x1 x2^3;x2^4;x1^3 x3;x1^2 x3^2;x2^2 x3^2;x3^4;x1^4 x3;x1^2 x2^2 x3;x2^4 x3",TRUE,20,"x2;x3;x1^2;x2^2;x3^2;x1 x2 x3;x1 x3^2;x2 x3^2;x3^3;x1^3 x2;x1^2 x2^2;x1 x2^3;x2^4;x1^3 x3;x1^2 x3^2;x2^2 x3^2;x1^4 x3;x1^2 x2^2 x3;x2^4 x3",TRUE,19,5,15,14,FALSE,1,0.65291974146728,0.65053399207364,0.655147421179797,0.650021443637433,0.000126290406322257,5147.03739236348,0.00111726993445077,-0.0612546491455665,0.00724433420395446,-8.4588144131609e-08,2.36470226238358e-06,4.9908041138691e-06,5.63319706916809
"aizawa",3,16,60,3.69897000433602,5000,4,13,"smoothed",26,8,13,"weak/smoothed/m=2w/p=8",381,"x2;x3;x1^2;x2^2;x3^2;x1 x2 x3;x1 x3^2;x2 x3^2;x3^3;x1^3 x2;x1^2 x2^2;x1 x2^3;x2^4;x1^3 x3;x1^2 x3^2;x2^2 x3^2;x3^4;x1^4 x3;x1^2 x2^2 x3;x2^4 x3;x2^3 x3^2",TRUE,21,"x2;x3;x1^2;x2^2;x3^2;x1 x2 x3;x1 x3^2;x2 x3^2;x3^3;x1^3 x2;x1^2 x2^2;x1 x2^3;x2^4;x1^3 x3;x1^2 x3^2;x2^2 x3^2;x3^4;x1^4 x3;x1^2 x2^2 x3;x2^4 x3;x2^3 x3^2",TRUE,21,5,16,16,FALSE,1,0.652531938273382,0.650157995826191,0.654889499944518,0.650012553916306,0.000189706426662609,3426.41293366591,0.00168555249432431,-0.393808749379873,0.00744260567476041,-1.40204432840477e-09,2.0080652427055e-07,6.85488227625264e-07,5.68884825706482
"aizawa",3,17,60,3.69897000433602,5000,4,13,"smoothed",NA,NA,NA,"sg",5000,"x3;x1^2;x1 x2;x2^2;x1^2 x2;x1 x2^2;x1^2 x3;x2^2 x3;x3^3;x1^4;x1^3 x2;x1^2 x2^2;x2^4;x1^3 x3;x1^2 x2 x3;x2^3 x3;x1^2 x3^2;x2^2 x3^2;x1^3 x2^2;x1^4 x3;x1^2 x2^2 x3;x2^4 x3",TRUE,22,"x3;x1^2;x2^2;x1^2 x3;x2^2 x3;x3^3;x1^3 x3",TRUE,7,7,15,0,TRUE,0.0265706573436078,0.650192076592635,0.64913911230558,0.651248288629799,0.649904980835611,0.000386493215317454,1681.54305193119,0.014047578390841,0.677222161997661,0.0140386177374366,-9.47347705800405e-08,1.07071208661252e-05,5.45936638108868e-05,7.59355115890503
"aizawa",3,17,60,3.69897000433602,5000,4,13,"raw",13,4,6,"weak/raw/m=1w/p=4",829,"x3;x1^2;x2^2;x1^2 x3;x3^3;x1^4;x1^2 x2^2;x2^4;x1^3 x3;x1^2 x2 x3;x2^3 x3;x1^2 x3^2;x1 x2 x3^2;x2^2 x3^2;x1^4 x3;x1^2 x2^2 x3;x2^4 x3",TRUE,17,"x3;x1^2;x2^2;x1^2 x3;x3^3;x1^2 x2^2;x2^4;x1^3 x3;x1^2 x2 x3;x2^3 x3;x1^2 x3^2;x2^2 x3^2;x1^2 x2^2 x3;x2^4 x3",TRUE,14,6,11,8,FALSE,1,0.648914920497613,0.647681265028146,0.650158817978015,0.649990047993239,0.000229927705192367,2826.9322631191,0.00338439359787726,0.0210356320283489,0.00722811658722506,1.28101406482437e-06,3.69148779220877e-05,7.86659509174337e-05,4.30960321426392
"aizawa",3,17,60,3.69897000433602,5000,4,13,"raw",13,8,6,"weak/raw/m=1w/p=8",829,"x3;x1^2;x2^2;x1^2 x3;x3^3;x1^4;x1^2 x2^2;x2^4;x1^3 x3;x1^2 x2 x3;x2^3 x3;x1^2 x3^2;x1 x2 x3^2;x2^2 x3^2;x1^4 x3;x1^2 x2^2 x3;x2^4 x3",TRUE,17,"x3;x1^2;x2^2;x1^2 x3;x3^3;x1^2 x2^2;x2^4;x1^3 x3;x1^2 x2 x3;x2^3 x3;x1^2 x3^2;x2^2 x3^2;x1^2 x2^2 x3;x2^4 x3",TRUE,14,6,11,8,FALSE,1,0.648880843860606,0.647393750596672,0.650315571047955,0.649977604604447,0.00035606622391551,1825.44021574671,0.00524598996125998,-0.330201358526423,0.00832838464731593,-1.13885694499062e-08,2.37355726280567e-07,1.22541224689687e-06,4.34915852546692
"aizawa",3,17,60,3.69897000433602,5000,4,13,"raw",26,4,13,"weak/raw/m=2w/p=4",381,"x3;x1^2;x2^2;x1^2 x3;x3^3;x1^4;x1^2 x2^2;x2^4;x1^3 x3;x1^2 x2 x3;x2^3 x3;x1^2 x3^2;x1 x2 x3^2;x2^2 x3^2;x1^4 x3;x1^2 x2^2 x3;x2^4 x3",TRUE,17,"x3;x1^2;x2^2;x1^2 x3;x3^3;x1^2 x2^2;x2^4;x1^3 x3;x1^2 x2 x3;x2^3 x3;x1^2 x3^2;x2^2 x3^2;x2^4 x3",TRUE,13,6,11,7,FALSE,1,0.648550522083164,0.646955826252722,0.650069853627688,0.649966498389549,0.000118880365795914,5467.39988591026,0.00117417148067801,-0.0871334828762341,0.0057464323998464,8.2048592536347e-08,2.30263225523274e-06,4.78395276648502e-06,4.54978537559509
"aizawa",3,17,60,3.69897000433602,5000,4,13,"raw",26,8,13,"weak/raw/m=2w/p=8",381,"x3;x1^2;x2^2;x1^2 x3;x3^3;x1^4;x1^2 x2^2;x2^4;x1^3 x3;x1^2 x2 x3;x2^3 x3;x1^2 x3^2;x1 x2 x3^2;x2^2 x3^2;x1^4 x3;x1^2 x2^2 x3;x2^4 x3",TRUE,17,"x3;x1^2;x2^2;x1^2 x3;x3^3;x1^2 x2^2;x2^4;x1^3 x3;x1^2 x2 x3;x2^3 x3;x1^2 x3^2;x2^2 x3^2;x2^4 x3",TRUE,13,6,11,7,FALSE,1,0.648421155750977,0.646800225999401,0.650100199955517,0.649965858934149,0.000185231248134668,3508.94282406177,0.00183646950452711,-0.413168371970835,0.00618601207709249,-1.08936702682732e-08,1.88295067550293e-07,9.13043449846107e-07,4.23834562301636
"aizawa",3,17,60,3.69897000433602,5000,4,13,"smoothed",13,4,6,"weak/smoothed/m=1w/p=4",829,"x3;x1^2;x2^2;x1^2 x3;x3^3;x1^4;x1^2 x2^2;x2^4;x1^3 x3;x1^2 x2 x3;x2^3 x3;x1^2 x3^2;x1 x2 x3^2;x2^2 x3^2;x1^4 x3;x1^2 x2^2 x3;x2^4 x3",TRUE,17,"x3;x1^2;x2^2;x1^2 x3;x3^3;x1^2 x2^2;x2^4;x1^3 x3;x1^2 x2 x3;x2^3 x3;x1^2 x3^2;x2^2 x3^2;x1^2 x2^2 x3;x2^4 x3",TRUE,14,6,11,8,FALSE,1,0.648956297665178,0.647689717140076,0.650176588668464,0.649996717551032,0.000229438104054606,2832.99376199663,0.00337718838725486,0.024060403095645,0.00722578919479787,1.28101406482437e-06,3.69148779220877e-05,7.86659509174337e-05,4.31702637672424
"aizawa",3,17,60,3.69897000433602,5000,4,13,"smoothed",13,8,6,"weak/smoothed/m=1w/p=8",829,"x3;x1^2;x2^2;x1^2 x3;x3^3;x1^4;x1^2 x2^2;x2^4;x1^3 x3;x1^2 x2 x3;x2^3 x3;x1^2 x3^2;x1 x2 x3^2;x2^2 x3^2;x1^4 x3;x1^2 x2^2 x3;x2^4 x3",TRUE,17,"x3;x1^2;x2^2;x1^2 x3;x3^3;x1^2 x2^2;x2^4;x1^3 x3;x1^2 x2 x3;x2^3 x3;x1^2 x3^2;x2^2 x3^2;x1^2 x2^2 x3;x2^4 x3",TRUE,14,6,11,8,FALSE,1,0.648851637309072,0.647442667248753,0.650299694516954,0.64997221525215,0.000351406628534937,1849.62992292426,0.00517734131788739,-0.319877976187067,0.00828390551888918,-1.13885694499062e-08,2.37355726280567e-07,1.22541224689687e-06,4.0521764755249
"aizawa",3,17,60,3.69897000433602,5000,4,13,"smoothed",26,4,13,"weak/smoothed/m=2w/p=4",381,"x3;x1^2;x2^2;x1^2 x3;x3^3;x1^4;x1^2 x2^2;x2^4;x1^3 x3;x1^2 x2 x3;x2^3 x3;x1^2 x3^2;x1 x2 x3^2;x2^2 x3^2;x1^4 x3;x1^2 x2^2 x3;x2^4 x3",TRUE,17,"x3;x1^2;x2^2;x1^2 x3;x3^3;x1^2 x2^2;x2^4;x1^3 x3;x1^2 x2 x3;x2^3 x3;x1^2 x3^2;x2^2 x3^2;x2^4 x3",TRUE,13,6,11,7,FALSE,1,0.648545243103766,0.64702486164828,0.650066694774992,0.649966120530618,0.000118869695712471,5467.887476576,0.0011740665746213,-0.0870572545760666,0.00574735903890069,8.2048592536347e-08,2.30263225523274e-06,4.78395276648502e-06,4.63641905784607
"aizawa",3,17,60,3.69897000433602,5000,4,13,"smoothed",26,8,13,"weak/smoothed/m=2w/p=8",381,"x3;x1^2;x2^2;x1^2 x3;x3^3;x1^4;x1^2 x2^2;x2^4;x1^3 x3;x1^2 x2 x3;x2^3 x3;x1^2 x3^2;x1 x2 x3^2;x2^2 x3^2;x1^4 x3;x1^2 x2^2 x3;x2^4 x3",TRUE,17,"x3;x1^2;x2^2;x1^2 x3;x3^3;x1^2 x2^2;x2^4;x1^3 x3;x1^2 x2 x3;x2^3 x3;x1^2 x3^2;x2^2 x3^2;x2^4 x3",TRUE,13,6,11,7,FALSE,1,0.648440186890443,0.646835667059371,0.649982805969455,0.649965449266984,0.000185180867348564,3509.89526387497,0.00183597075019891,-0.413097802940312,0.00619303322645271,-1.08936702682732e-08,1.88295067550293e-07,9.13043449846107e-07,4.11177253723145
"aizawa",3,18,60,3.69897000433602,5000,4,13,"smoothed",NA,NA,NA,"sg",5000,"x3;x1^2;x2^2;x1^2 x3;x2^2 x3;x3^3;x1^3 x3",TRUE,7,"x3;x1^2;x2^2;x1^2 x3;x2^2 x3;x3^3;x1^3 x3",TRUE,7,7,0,0,TRUE,0.00523401840047688,0.649853400800876,0.649225470304321,0.650485136756584,0.649850714970704,0.000386000882367017,1683.54722659109,0.0174554083515735,0.67118394661402,0.0174554227003342,2.41198213126292e-08,9.11283440755124e-06,0.000106101030252437,3.31377124786377
"aizawa",3,18,60,3.69897000433602,5000,4,13,"raw",13,4,6,"weak/raw/m=1w/p=4",829,"x3;x1^2;x2^2;x1^2 x3;x2^2 x3;x3^3;x1^2 x2^2;x2^4;x1^3 x3;x2^2 x3^2",TRUE,10,"x3;x1^2;x2^2;x1^2 x3;x2^2 x3;x3^3;x1^3 x3",TRUE,7,7,3,0,TRUE,0.00221784660863122,0.650046607226362,0.649644048287567,0.650460729570801,0.650046260551728,0.000231108795664309,2812.72834589963,0.0042275374771442,0.0491373211840724,0.00422545767923931,1.39168833894491e-06,3.21015162850225e-05,7.52301645604581e-05,2.95395827293396
"aizawa",3,18,60,3.69897000433602,5000,4,13,"raw",13,8,6,"weak/raw/m=1w/p=8",829,"x3;x1^2;x2^2;x1^2 x3;x2^2 x3;x3^3;x1^2 x2^2;x1^3 x3;x2^2 x3^2",TRUE,9,"x3;x1^2;x2^2;x1^2 x3;x2^2 x3;x3^3;x1^3 x3",TRUE,7,7,2,0,TRUE,0.00323056649455244,0.649993713058343,0.649413779364696,0.650591371921167,0.650012837760553,0.00035413323632075,1835.50362150085,0.00647961330741624,-0.31179109866808,0.00647825956546817,-9.17094394260627e-09,1.99095565892617e-07,9.27910668191423e-07,2.24730944633484
"aizawa",3,18,60,3.69897000433602,5000,4,13,"raw",26,4,13,"weak/raw/m=2w/p=4",381,"x3;x1^2;x2^2;x1^2 x3;x2^2 x3;x3^3;x1^2 x2^2;x1^3 x3;x2^2 x3^2",TRUE,9,"x3;x1^2;x2^2;x1^2 x3;x2^2 x3;x3^3;x1^3 x3",TRUE,7,7,2,0,TRUE,0.00450352959913491,0.65002351107971,0.649807734402616,0.6502264506504,0.650027091311753,0.000123680081726254,5255.71363019055,0.00152111306206952,-0.141772164891156,0.00151890155791523,7.77229323522621e-08,2.00182541706961e-06,4.94702518671897e-06,2.88767147064209
"aizawa",3,18,60,3.69897000433602,5000,4,13,"raw",26,8,13,"weak/raw/m=2w/p=8",381,"x3;x1^2;x2^2;x1^2 x3;x2^2 x3;x3^3;x1^3 x3;x2^2 x3^2",TRUE,8,"x3;x1^2;x2^2;x1^2 x3;x2^2 x3;x3^3;x1^3 x3",TRUE,7,7,1,0,TRUE,0.00395809465975849,0.650027546017133,0.649695599057872,0.650360073777303,0.650018552413955,0.000196616725551942,3306.01860339817,0.00242064057019655,-0.455247856762944,0.00242016686020876,-1.00238798247542e-08,1.60070565744843e-07,6.79758645927286e-07,2.2509229183197
"aizawa",3,18,60,3.69897000433602,5000,4,13,"smoothed",13,4,6,"weak/smoothed/m=1w/p=4",829,"x3;x1^2;x2^2;x1^2 x3;x2^2 x3;x3^3;x1^2 x2^2;x2^4;x1^3 x3;x2^2 x3^2",TRUE,10,"x3;x1^2;x2^2;x1^2 x3;x2^2 x3;x3^3;x1^3 x3",TRUE,7,7,3,0,TRUE,0.00215479774283855,0.65005414766227,0.649648718831423,0.650472659454626,0.650046542282623,0.000230607201559428,2818.84753766073,0.00421836323191364,0.0524085206788475,0.00421626281570482,1.39168833894491e-06,3.21015162850225e-05,7.52301645604581e-05,2.99096918106079
"aizawa",3,18,60,3.69897000433602,5000,4,13,"smoothed",13,8,6,"weak/smoothed/m=1w/p=8",829,"x3;x1^2;x2^2;x1^2 x3;x2^2 x3;x3^3;x1^2 x2^2;x1^3 x3;x2^2 x3^2",TRUE,9,"x3;x1^2;x2^2;x1^2 x3;x2^2 x3;x3^3;x1^3 x3",TRUE,7,7,2,0,TRUE,0.00371879328131386,0.649998576760827,0.64940775018338,0.650566558463247,0.650012013398256,0.000349581240196504,1859.40187474842,0.00639632685360563,-0.301632159402535,0.00639486136131623,-9.17094394260627e-09,1.99095565892617e-07,9.27910668191423e-07,2.16273522377014
"aizawa",3,18,60,3.69897000433602,5000,4,13,"smoothed",26,4,13,"weak/smoothed/m=2w/p=4",381,"x3;x1^2;x2^2;x1^2 x3;x2^2 x3;x3^3;x1^3 x3;x2^2 x3^2",TRUE,8,"x3;x1^2;x2^2;x1^2 x3;x2^2 x3;x3^3;x1^3 x3",TRUE,7,7,1,0,TRUE,0.00376590178227265,0.650036825317787,0.649834957419411,0.650249951141182,0.650026833220254,0.000123678693660027,5255.77052913473,0.00152109641371698,-0.141699962183186,0.00152002403016269,7.77229323522621e-08,2.00182541706961e-06,4.94702518671897e-06,2.69836044311523
"aizawa",3,18,60,3.69897000433602,5000,4,13,"smoothed",26,8,13,"weak/smoothed/m=2w/p=8",381,"x3;x1^2;x2^2;x1^2 x3;x2^2 x3;x3^3;x1^3 x3;x2^2 x3^2",TRUE,8,"x3;x1^2;x2^2;x1^2 x3;x2^2 x3;x3^3;x1^3 x3",TRUE,7,7,1,0,TRUE,0.00390805165948405,0.65002143121301,0.649700119490039,0.650362123039804,0.650018254180955,0.000196566294870663,3306.86527213963,0.00242002036268621,-0.455202850920882,0.00241953636745343,-1.00238798247542e-08,1.60070565744843e-07,6.79758645927286e-07,2.32272243499756
"aizawa",3,19,60,3.69897000433602,5000,4,13,"smoothed",NA,NA,NA,"sg",5000,"x3;x1^2;x2^2;x1^2 x3;x2^2 x3;x3^3;x1^3 x3",TRUE,7,"x3;x1^2;x2^2;x1^2 x3;x2^2 x3;x3^3;x1^3 x3",TRUE,7,7,0,0,TRUE,0.000726716794822863,0.649938695109829,0.649306758365337,0.650586939120234,0.649954651214118,0.000386754754381104,1680.53435375137,0.0166984213764998,0.67434115164645,0.0166984311697288,-1.90964057811271e-10,9.02921545200113e-06,4.91984797140743e-05,2.18151307106018
"aizawa",3,19,60,3.69897000433602,5000,4,13,"raw",13,4,6,"weak/raw/m=1w/p=4",829,"x3;x1^2;x2^2;x1^2 x3;x2^2 x3;x3^3;x1^3 x3;x1^2 x3^2",TRUE,8,"x3;x1^2;x2^2;x1^2 x3;x2^2 x3;x3^3;x1^3 x3",TRUE,7,7,1,0,TRUE,0.000907943584022908,0.650034532647497,0.649660081423674,0.650405551680511,0.65002864821814,0.00022006278912833,2953.83263473533,0.00385110512936178,0.0363482132524679,0.00385111532998889,5.39789717259262e-07,3.22647928930911e-05,7.52089764753938e-05,1.36377835273743
"aizawa",3,19,60,3.69897000433602,5000,4,13,"raw",13,8,6,"weak/raw/m=1w/p=8",829,"x3;x1^2;x2^2;x1^2 x3;x2^2 x3;x3^3;x1^2 x2^2;x2^4;x1^3 x3;x2^2 x3^2",TRUE,10,"x3;x1^2;x2^2;x1^2 x3;x2^2 x3;x3^3;x1^3 x3",TRUE,7,7,3,0,TRUE,0.0179532139168699,0.650044673246914,0.649429679608338,0.650658598204742,0.650002813990464,0.000330418050478709,1967.2133923941,0.00578406316028908,-0.318270742383571,0.00578128268489997,-1.26162243579419e-09,2.19518942137314e-07,9.40158766282728e-07,1.86126089096069
"aizawa",3,19,60,3.69897000433602,5000,4,13,"raw",26,4,13,"weak/raw/m=2w/p=4",381,"x3;x1^2;x2^2;x1^2 x3;x2^2 x3;x3^3;x1^2 x2^2;x1^3 x3;x1^2 x3^2",TRUE,9,"x3;x1^2;x2^2;x1^2 x3;x2^2 x3;x3^3;x1^3 x3",TRUE,7,7,2,0,TRUE,0.00106472175967331,0.649973854676497,0.649768940118583,0.650180895330969,0.649999739970068,0.000120012955739072,5416.0797554497,0.00141382172348214,-0.0870507329157147,0.00141127645446644,3.32289788301055e-08,2.02003245092817e-06,4.40075221097569e-06,1.75203824043274
"aizawa",3,19,60,3.69897000433602,5000,4,13,"raw",26,8,13,"weak/raw/m=2w/p=8",381,"x3;x1^2;x2^2;x1^2 x3;x2^2 x3;x3^3;x1^2 x2^2;x1^3 x3;x1^2 x3^2",TRUE,9,"x3;x1^2;x2^2;x1^2 x3;x2^2 x3;x3^3;x1^3 x3",TRUE,7,7,2,0,TRUE,0.000762424749088608,0.649985765253251,0.649673287855011,0.650279175160207,0.6499967894156,0.000183755276623071,3537.29591531083,0.00216729123162685,-0.396669790977694,0.00216642015696895,-1.62651190358235e-09,1.76917591435636e-07,6.7711364437617e-07,1.48936247825623
"aizawa",3,19,60,3.69897000433602,5000,4,13,"smoothed",13,4,6,"weak/smoothed/m=1w/p=4",829,"x3;x1^2;x2^2;x1^2 x3;x2^2 x3;x3^3;x1^3 x3;x1^2 x3^2",TRUE,8,"x3;x1^2;x2^2;x1^2 x3;x2^2 x3;x3^3;x1^3 x3",TRUE,7,7,1,0,TRUE,0.00107581312955873,0.650026587344378,0.649661698904212,0.650398828913415,0.650029638834722,0.000219378840208645,2963.04619997306,0.00383913741337997,0.0390320680834902,0.00383913153990695,5.39789717259262e-07,3.22647928930911e-05,7.52089764753938e-05,1.40087389945984
"aizawa",3,19,60,3.69897000433602,5000,4,13,"smoothed",13,8,6,"weak/smoothed/m=1w/p=8",829,"x3;x1^2;x2^2;x1^2 x3;x2^2 x3;x3^3;x1^2 x2^2;x2^4;x1^3 x3;x2^2 x3^2",TRUE,10,"x3;x1^2;x2^2;x1^2 x3;x2^2 x3;x3^3;x1^3 x3",TRUE,7,7,3,0,TRUE,0.0172086924771886,0.650028921951703,0.649401344349315,0.650637230034568,0.650002294710095,0.000326864931810662,1988.59599624046,0.00572186673458621,-0.307302166517531,0.00571911797477664,-1.26162243579419e-09,2.19518942137314e-07,9.40158766282728e-07,1.98784637451172
"aizawa",3,19,60,3.69897000433602,5000,4,13,"smoothed",26,4,13,"weak/smoothed/m=2w/p=4",381,"x3;x1^2;x2^2;x1^2 x3;x2^2 x3;x3^3;x1^2 x2^2;x1^3 x3;x1^2 x3^2",TRUE,9,"x3;x1^2;x2^2;x1^2 x3;x2^2 x3;x3^3;x1^3 x3",TRUE,7,7,2,0,TRUE,0.000953801569720469,0.649971703704607,0.649761910180181,0.650174594171518,0.649999251331019,0.000120008491160725,5416.27717375836,0.00141376962484509,-0.0869694577442807,0.00141122166961864,3.32289788301055e-08,2.02003245092817e-06,4.40075221097569e-06,1.72934937477112
"aizawa",3,19,60,3.69897000433602,5000,4,13,"smoothed",26,8,13,"weak/smoothed/m=2w/p=8",381,"x3;x1^2;x2^2;x1^2 x3;x2^2 x3;x3^3;x1^2 x2^2;x1^3 x3;x1^2 x3^2",TRUE,9,"x3;x1^2;x2^2;x1^2 x3;x2^2 x3;x3^3;x1^3 x3",TRUE,7,7,2,0,TRUE,0.00130399048292018,0.64998289791934,0.649672272798082,0.65029937256072,0.649996326846129,0.00018370489577342,3538.26349651469,0.00216669777583329,-0.396626786930638,0.00216583028713543,-1.62651190358235e-09,1.76917591435636e-07,6.7711364437617e-07,1.41362500190735
"aizawa",3,20,60,3.69897000433602,5000,4,13,"smoothed",NA,NA,NA,"sg",5000,"x3;x1^2;x2^2;x1^2 x3;x2^2 x3;x3^3;x1^3 x3",TRUE,7,"x3;x1^2;x2^2;x1^2 x3;x2^2 x3;x3^3;x1^3 x3",TRUE,7,7,0,0,TRUE,0.00190350832064701,0.650011829956299,0.649395969761118,0.650643302136334,0.650010840471217,0.000375992422213346,1728.787076731,0.014830405407709,0.682042762964527,0.0148304134235773,-2.20165961998919e-08,1.06533661613065e-05,5.40895243569262e-05,3.81102728843689
"aizawa",3,20,60,3.69897000433602,5000,4,13,"raw",13,4,6,"weak/raw/m=1w/p=4",829,"x3;x1^2;x2^2;x1^2 x3;x2^2 x3;x3^3;x1^3 x3",TRUE,7,"x3;x1^2;x2^2;x1^2 x3;x2^2 x3;x3^3;x1^3 x3",TRUE,7,7,0,0,TRUE,0.0013299858982081,0.649969749389136,0.649616296790657,0.650329593096628,0.64996824578261,0.000214250859637833,3033.67859004771,0.00342825641831982,0.042131716807695,0.00342827354283976,1.12259861195932e-06,3.64272705785274e-05,7.78328618730173e-05,2.49410128593445
"aizawa",3,20,60,3.69897000433602,5000,4,13,"raw",13,8,6,"weak/raw/m=1w/p=8",829,"x3;x1^2;x2^2;x1^2 x3;x2^2 x3;x3^3;x1^3 x3",TRUE,7,"x3;x1^2;x2^2;x1^2 x3;x2^2 x3;x3^3;x1^3 x3",TRUE,7,7,0,0,TRUE,0.00164642259162284,0.649934368728137,0.649399330182652,0.650479322937632,0.649938389976142,0.00032826871638455,1979.89743626612,0.00525631184324783,-0.326510052824163,0.00525632668165122,-9.48029377062784e-09,2.3879290799413e-07,1.02866160400783e-06,2.17868733406067
"aizawa",3,20,60,3.69897000433602,5000,4,13,"raw",26,4,13,"weak/raw/m=2w/p=4",381,"x3;x1^2;x2^2;x1 x3;x1^2 x3;x2^2 x3;x3^3;x1^3 x3",TRUE,8,"x3;x1^2;x2^2;x1^2 x3;x2^2 x3;x3^3;x1^3 x3",TRUE,7,7,1,0,TRUE,0.0036792100058694,0.649939727063204,0.649735866431105,0.650134887658781,0.64994358951986,0.000120498345881862,5393.79677590821,0.00129566966733782,-0.0148441581731475,0.00129113623909326,5.68059961315589e-08,2.27869737680448e-06,4.64339523331692e-06,2.83881068229675
"aizawa",3,20,60,3.69897000433602,5000,4,13,"raw",26,8,13,"weak/raw/m=2w/p=8",381,"x3;x1^2;x2^2;x1 x3;x1^2 x3;x2^2 x3;x3^3;x1^3 x3",TRUE,8,"x3;x1^2;x2^2;x1^2 x3;x2^2 x3;x3^3;x1^3 x3",TRUE,7,7,1,0,TRUE,0.00354992897048323,0.64993521724504,0.649642807825071,0.650213533723093,0.649935765081937,0.000176194824468062,3688.73357684662,0.00189983241462585,-0.339250214925846,0.00189663184723631,-1.0259730076885e-08,1.91966510679176e-07,8.51247870303773e-07,2.43213176727295
"aizawa",3,20,60,3.69897000433602,5000,4,13,"smoothed",13,4,6,"weak/smoothed/m=1w/p=4",829,"x3;x1^2;x2^2;x1^2 x3;x2^2 x3;x3^3;x1^3 x3",TRUE,7,"x3;x1^2;x2^2;x1^2 x3;x2^2 x3;x3^3;x1^3 x3",TRUE,7,7,0,0,TRUE,0.00144309889887562,0.6499679365437,0.649619608927379,0.650311962744428,0.649969130351089,0.00021360606283858,3042.84027201168,0.00341794048363007,0.0443725329617797,0.00341795291287188,1.12259861195932e-06,3.64272705785274e-05,7.78328618730173e-05,2.33930015563965
"aizawa",3,20,60,3.69897000433602,5000,4,13,"smoothed",13,8,6,"weak/smoothed/m=1w/p=8",829,"x3;x1^2;x2^2;x1^2 x3;x2^2 x3;x3^3;x1^3 x3",TRUE,7,"x3;x1^2;x2^2;x1^2 x3;x2^2 x3;x3^3;x1^3 x3",TRUE,7,7,0,0,TRUE,0.00153747719896424,0.649932998006273,0.649404274516396,0.65048374099293,0.649936815396732,0.000324157942391852,2005.00043466795,0.00519049108206028,-0.315594894169663,0.00519049225824284,-9.48029377062784e-09,2.3879290799413e-07,1.02866160400783e-06,2.12040138244629
"aizawa",3,20,60,3.69897000433602,5000,4,13,"smoothed",26,4,13,"weak/smoothed/m=2w/p=4",381,"x3;x1^2;x2^2;x1 x3;x1^2 x3;x2^2 x3;x3^3;x1^3 x3",TRUE,8,"x3;x1^2;x2^2;x1^2 x3;x2^2 x3;x3^3;x1^3 x3",TRUE,7,7,1,0,TRUE,0.00366237315839499,0.649937697231304,0.649737773176629,0.650133800881194,0.649943220469995,0.000120475265400834,5394.82704858599,0.00129542201950347,-0.0148268523589885,0.00129088200286098,5.68059961315589e-08,2.27869737680448e-06,4.64339523331692e-06,3.17322254180908
"aizawa",3,20,60,3.69897000433602,5000,4,13,"smoothed",26,8,13,"weak/smoothed/m=2w/p=8",381,"x3;x1^2;x2^2;x1 x3;x1^2 x3;x2^2 x3;x3^3;x1^3 x3",TRUE,8,"x3;x1^2;x2^2;x1^2 x3;x2^2 x3;x3^3;x1^3 x3",TRUE,7,7,1,0,TRUE,0.00366729010598199,0.64993353388577,0.649640636087003,0.650217033719493,0.649935413590776,0.000176156526594765,3689.5335424381,0.00189942022863346,-0.339111107161546,0.00189623541893671,-1.0259730076885e-08,1.91966510679176e-07,8.51247870303773e-07,2.52554631233215
"aizawa",3,1,Inf,3.69897000433602,5000,4,13,"smoothed",NA,NA,NA,"sg",5000,"x3;x1^2;x2^2;x1 x3;x3^2;x2^3;x1^2 x3;x2^2 x3;x3^3;x1^4;x1^2 x2^2;x2^4;x1^3 x3;x2 x3^3;x3^4",TRUE,15,"x3;x1^2;x2^2;x1 x3;x3^2;x1^2 x3;x2^2 x3;x3^3;x1^4;x1^2 x2^2;x1^3 x3;x2 x3^3;x3^4",TRUE,13,7,8,6,FALSE,0.000183443035875891,0.650000153601595,0.649999519234654,0.650000780671864,0.650000356211989,3.01864371916874e-07,2153286.10025891,9.59508536798458e-06,0.988564708759537,8.12952528881058e-06,-2.16821981346982e-08,1.03004197121242e-05,5.88855483675266e-05,5.88662886619568
"aizawa",3,1,Inf,3.69897000433602,5000,4,13,"raw",13,4,6,"weak/raw/m=1w/p=4",829,"x3;x1^2;x2^2;x1 x3;x3^2;x2^3;x1^2 x3;x2^2 x3;x3^3;x1^4;x1^2 x2^2;x2^4;x1^3 x3;x2^2 x3^2;x2 x3^3;x3^4;x2^2 x3^3",TRUE,17,"x3;x1^2;x2^2;x1 x3;x3^2;x2^3;x1^2 x3;x2^2 x3;x3^3;x1^4;x1^3 x3;x2^2 x3^2;x2 x3^3;x3^4;x2^2 x3^3",TRUE,15,7,10,8,FALSE,4.54933542008984e-05,0.650029469268562,0.650029412681776,0.650029523075802,0.65002935693126,2.59630952707873e-08,25036666.4741492,3.34871373223717e-07,0.770899807149153,2.95719964069626e-07,5.35474336196584e-07,3.53123369630213e-05,7.45810537040592e-05,42.8434302806854
"aizawa",3,1,Inf,3.69897000433602,5000,4,13,"raw",13,8,6,"weak/raw/m=1w/p=8",829,"x3;x1^2;x2^2;x1 x3;x3^2;x1^2 x3;x2^2 x3;x3^3;x1^4;x1^2 x2^2;x2^4;x1^3 x3;x3^4",TRUE,13,"x3;x1^2;x2^2;x1 x3;x1^2 x3;x2^2 x3;x3^3;x1^3 x3",TRUE,8,7,6,1,FALSE,2.4430543579812e-06,0.650000015282912,0.649999920319448,0.650000121034049,0.65000001439935,1.74629697923126e-08,37221619.3539709,2.25463012200042e-07,0.706581683895117,2.16848441407591e-07,-3.75146889628512e-09,2.28998180460398e-07,8.67695462702933e-07,7.69573926925659
"aizawa",3,1,Inf,3.69897000433602,5000,4,13,"raw",26,4,13,"weak/raw/m=2w/p=4",381,"x3;x1^2;x2^2;x1 x3;x3^2;x1^2 x3;x2^2 x3;x3^3;x1^4;x1^2 x2^2;x2^4;x1^3 x3;x3^4",TRUE,13,"x3;x1^2;x2^2;x1 x3;x1^2 x3;x2^2 x3;x3^3;x1^3 x3",TRUE,8,7,6,1,FALSE,2.97261716708519e-06,0.650001866255694,0.650001740071073,0.650001988743155,0.65000183508377,1.91167990517531e-08,34001604.2081147,1.65464420877915e-07,0.108195026799674,1.58277754939032e-07,2.58694640876598e-08,2.20201136708892e-06,4.71491060383133e-06,14.3594486713409
"aizawa",3,1,Inf,3.69897000433602,5000,4,13,"raw",26,8,13,"weak/raw/m=2w/p=8",381,"x3;x1^2;x2^2;x1 x3;x3^2;x1^2 x3;x2^2 x3;x3^3;x1^4;x1^2 x2^2;x2^4;x1^3 x3;x3^4",TRUE,13,"x3;x1^2;x2^2;x1 x3;x1^2 x3;x2^2 x3;x3^3;x1^3 x3",TRUE,8,7,6,1,FALSE,1.89447522710995e-06,0.649999992568068,0.649999902906047,0.650000087675229,0.649999993818353,2.08931041764573e-08,31110742.9670879,1.81567192495731e-07,0.0365281296942018,1.75433359245861e-07,-3.59495887039737e-09,1.83453947876233e-07,6.23708570790527e-07,21.4466845989227
"aizawa",3,1,Inf,3.69897000433602,5000,4,13,"smoothed",13,4,6,"weak/smoothed/m=1w/p=4",829,"x3;x1^2;x2^2;x1 x3;x3^2;x1^2 x3;x2^2 x3;x3^3;x1^4;x1^2 x2^2;x2^4;x1^3 x3;x3^4",TRUE,13,"x3;x1^2;x2^2;x1 x3;x3^2;x1^2 x3;x2^2 x3;x3^3;x1^4;x2^4;x1^3 x3;x3^4",TRUE,12,7,6,5,FALSE,4.54721346754283e-05,0.650029460908867,0.650029362599034,0.650029562631621,0.650029366485904,3.0357233465601e-08,21412668.1610325,3.91546859277698e-07,0.756115741115769,3.5428725806284e-07,5.35474336196584e-07,3.53123369630213e-05,7.45810537040592e-05,16.3214826583862
"aizawa",3,1,Inf,3.69897000433602,5000,4,13,"smoothed",13,8,6,"weak/smoothed/m=1w/p=8",829,"x3;x1^2;x2^2;x1 x3;x3^2;x1^2 x3;x2^2 x3;x3^3;x1^4;x1^2 x2^2;x2^4;x1^3 x3;x3^4",TRUE,13,"x3;x1^2;x2^2;x1 x3;x1^2 x3;x2^2 x3;x3^3;x1^3 x3",TRUE,8,7,6,1,FALSE,3.37869067473795e-06,0.650000010603558,0.649999908613304,0.6500001220639,0.650000024032326,2.17242888607332e-08,29920428.152988,2.80480561998817e-07,0.70669808467418,2.66624560084076e-07,-3.75146889628512e-09,2.28998180460398e-07,8.67695462702933e-07,12.371949672699
"aizawa",3,1,Inf,3.69897000433602,5000,4,13,"smoothed",26,4,13,"weak/smoothed/m=2w/p=4",381,"x3;x1^2;x2^2;x1 x3;x3^2;x1^2 x3;x2^2 x3;x3^3;x1^4;x1^2 x2^2;x2^4;x1^3 x3;x3^4",TRUE,13,"x3;x1^2;x2^2;x1 x3;x1^2 x3;x2^2 x3;x3^3;x1^3 x3",TRUE,8,7,6,1,FALSE,3.04763060721136e-06,0.65000186227793,0.650001778229159,0.650001951690982,0.650001843637169,2.31630748554954e-08,28061984.3303299,2.00486741460984e-07,0.0586368488213096,1.89572387864972e-07,2.58694640876598e-08,2.20201136708892e-06,4.71491060383133e-06,20.7281613349915
"aizawa",3,1,Inf,3.69897000433602,5000,4,13,"smoothed",26,8,13,"weak/smoothed/m=2w/p=8",381,"x3;x1^2;x2^2;x1 x3;x3^2;x1^2 x3;x2^2 x3;x3^3;x1^4;x1^2 x2^2;x2^4;x1^3 x3;x3^4",TRUE,13,"x3;x1^2;x2^2;x1 x3;x1^2 x3;x2^2 x3;x3^3;x1^3 x3",TRUE,8,7,6,1,FALSE,2.62647713411557e-06,0.649999988146776,0.649999906222177,0.65000007480077,0.650000002817498,2.58876757906132e-08,25108472.7758058,2.24971481116852e-07,0.00128358234466283,2.13473310313165e-07,-3.59495887039737e-09,1.83453947876233e-07,6.23708570790527e-07,23.7934772968292
"aizawa",3,2,Inf,3.69897000433602,5000,4,13,"smoothed",NA,NA,NA,"sg",5000,"x2;x3;x1^2;x1 x2;x2^2;x1 x3;x2 x3;x3^2;x1^3;x1^2 x2;x1 x2^2;x2^3;x1^2 x3;x1 x2 x3;x2^2 x3;x1 x3^2;x2 x3^2;x3^3;x1^4;x1^3 x2;x1^2 x2^2;x1 x2^3;x2^4;x1^3 x3;x1^2 x2 x3;x1 x2^2 x3;x2^3 x3;x1^2 x3^2;x1 x2 x3^2;x2^2 x3^2;x1 x3^3;x2 x3^3;x3^4;x1^5;x1^4 x2;x1^3 x2^2;x1^2 x2^3;x1 x2^4;x1^4 x3;x1^3 x2 x3;x1^2 x2^2 x3;x1 x2^3 x3;x1^3 x3^2;x1^2 x2 x3^2;x1 x2^2 x3^2;x2^3 x3^2;x1^2 x3^3;x1 x2 x3^3;x2^2 x3^3;x1 x3^4;x3^5",TRUE,51,"x3;x1^2;x1 x2;x2^2;x1 x3;x3^2;x1^3;x1^2 x2;x1 x2^2;x1^2 x3;x2^2 x3;x3^3;x1^2 x2^2;x1 x2^3;x2^4;x1^3 x3;x1^2 x2 x3;x1 x2^2 x3;x2^3 x3;x1 x2 x3^2;x2^2 x3^2;x1 x3^3;x3^4;x1^5;x1^4 x2;x1^3 x2^2;x1^2 x2^3;x1 x2^4;x1^4 x3;x1^3 x2 x3;x1^2 x2^2 x3;x1 x2^3 x3;x1^3 x3^2;x1^2 x2 x3^2;x2^3 x3^2;x1^2 x3^3;x1 x2 x3^3;x2^2 x3^3;x1 x3^4;x3^5",TRUE,40,7,44,33,FALSE,0.000333496968873692,0.650000770030372,0.650000226841061,0.650001276854026,0.650000756037394,2.48310200450593e-07,2617696.55397917,1.08183560266597e-05,0.894753859570488,4.96965811716591e-06,-1.78250465967533e-07,1.15402868633683e-05,0.000322553652707946,92.6089353561401
"aizawa",3,2,Inf,3.69897000433602,5000,4,13,"raw",13,4,6,"weak/raw/m=1w/p=4",829,"x2;x3;x1^2;x2^2;x2 x3;x1^2 x2;x2^3;x1^2 x3;x1 x2 x3;x2^2 x3;x2 x3^2;x3^3;x1^4;x1^3 x2;x1^2 x2^2;x1 x2^3;x2^4;x1^3 x3;x1 x2^2 x3;x2^3 x3;x1^2 x3^2;x1 x2 x3^2;x2^2 x3^2",TRUE,23,"x3;x1^2;x2^2;x1^2 x3;x2^2 x3;x3^3;x1^3 x3;x1 x2^2 x3",TRUE,8,7,16,1,FALSE,4.5278307313712e-05,0.650029383655811,0.650029229018467,0.650029545037587,0.65002936904658,1.8007681225635e-08,36097338.7357183,3.17041179552423e-07,0.773499286615223,1.72239904523662e-07,6.58140724297698e-07,3.51191875118669e-05,0.000100450293587184,5.53223156929016
"aizawa",3,2,Inf,3.69897000433602,5000,4,13,"raw",13,8,6,"weak/raw/m=1w/p=8",829,"x2;x3;x1^2;x2^2;x2 x3;x1^2 x2;x2^3;x1^2 x3;x1 x2 x3;x2 x3^2;x3^3;x1^4;x1^3 x2;x1^2 x2^2;x1 x2^3;x2^4;x1^3 x3;x1 x2^2 x3;x2^3 x3;x1^2 x3^2;x1 x2 x3^2;x2^2 x3^2",TRUE,22,"x2;x3;x1^2;x2^2;x2 x3;x1^2 x2;x2^3;x1^2 x3;x1 x2 x3;x2 x3^2;x3^3;x1^4;x1^3 x2;x1^2 x2^2;x1 x2^3;x2^4;x1^3 x3;x1 x2^2 x3;x2^3 x3;x1^2 x3^2;x1 x2 x3^2;x2^2 x3^2",TRUE,22,6,16,16,FALSE,1,0.649183155452762,0.64780453282126,0.650596626045379,0.650000015127245,1.19361311251963e-08,54456507.5826909,2.10243081894564e-07,0.682863045821473,0.0128698671541641,-8.22316300925648e-09,2.13905914358249e-07,9.80076389045514e-07,2.82206201553345
"aizawa",3,2,Inf,3.69897000433602,5000,4,13,"raw",26,4,13,"weak/raw/m=2w/p=4",381,"x3;x1^2;x2^2;x3^2;x1^2 x3;x2^2 x3;x1 x3^2;x3^3;x1^2 x2^2;x2^4;x1^3 x3;x1 x2^2 x3;x1^2 x3^2;x2^2 x3^2",TRUE,14,"x3;x1^2;x2^2;x1^2 x3;x2^2 x3;x3^3;x1^3 x3;x1 x2^2 x3",TRUE,8,7,7,1,FALSE,2.89659634500339e-06,0.650001871224712,0.650001783628,0.650001959510706,0.650001839056362,1.30362158846123e-08,49861236.1754159,1.53752228728466e-07,0.124679855740143,1.23419237579322e-07,3.64472953081044e-08,2.18318340774997e-06,5.12061622048865e-06,11.6096642017365
"aizawa",3,2,Inf,3.69897000433602,5000,4,13,"raw",26,8,13,"weak/raw/m=2w/p=8",381,"x3;x1^2;x2^2;x2 x3;x1^2 x3;x1 x2 x3;x2^2 x3;x1 x3^2;x3^3;x1^3 x2;x1^2 x2^2;x1 x2^3;x2^4;x1^3 x3;x1 x2^2 x3;x1^2 x3^2;x2^2 x3^2",TRUE,17,"x3;x1^2;x2^2;x1^2 x3;x2^2 x3;x3^3;x1^3 x3",TRUE,7,7,10,0,TRUE,1.03938198980913e-06,0.649999990807709,0.649999868584596,0.650000119566089,0.649999994778781,1.41365219440887e-08,45980192.1115812,1.67020068330735e-07,0.0260267176836774,1.36099846926286e-07,-8.45436679281947e-09,1.68434192755864e-07,7.48562979047129e-07,5.40937471389771
"aizawa",3,2,Inf,3.69897000433602,5000,4,13,"smoothed",13,4,6,"weak/smoothed/m=1w/p=4",829,"x2;x3;x1^2;x2^2;x2 x3;x1^2 x2;x2^3;x1^2 x3;x1 x2 x3;x2^2 x3;x2 x3^2;x3^3;x1^4;x1^3 x2;x1^2 x2^2;x1 x2^3;x2^4;x1^3 x3;x1 x2^2 x3;x2^3 x3;x1^2 x3^2;x1 x2 x3^2;x2^2 x3^2",TRUE,23,"x3;x1^2;x2^2;x1^2 x3;x2^2 x3;x3^3;x1^3 x2;x1 x2^3;x1^3 x3;x1 x2^2 x3",TRUE,10,7,16,3,FALSE,4.52564436383973e-05,0.65002938071589,0.650029253597214,0.650029494101529,0.650029377333482,2.14231704598444e-08,30342351.919941,3.77173892271799e-07,0.747851925048798,1.96715140184466e-07,6.58140724297698e-07,3.51191875118669e-05,0.000100450293587184,7.8539867401123
"aizawa",3,2,Inf,3.69897000433602,5000,4,13,"smoothed",13,8,6,"weak/smoothed/m=1w/p=8",829,"x2;x3;x1^2;x2^2;x2 x3;x1^2 x2;x2^3;x1^2 x3;x1 x2 x3;x2 x3^2;x3^3;x1^4;x1^3 x2;x1^2 x2^2;x1 x2^3;x2^4;x1^3 x3;x1 x2^2 x3;x2^3 x3;x1^2 x3^2;x1 x2 x3^2;x2^2 x3^2",TRUE,22,"x2;x3;x1^2;x2^2;x2 x3;x1^2 x2;x2^3;x1^2 x3;x1 x2 x3;x2 x3^2;x3^3;x1^4;x1^3 x2;x1^2 x2^2;x1 x2^3;x2^4;x1^3 x3;x1 x2^2 x3;x2^3 x3;x1^2 x3^2;x1 x2 x3^2;x2^2 x3^2",TRUE,22,6,16,16,FALSE,1,0.649193356499436,0.647844709142654,0.650604696270111,0.650000020696532,1.51742710367e-08,42835666.973686,2.67279696344306e-07,0.683615288804209,0.0128697833647249,-8.22316300925648e-09,2.13905914358249e-07,9.80076389045514e-07,2.8349597454071
"aizawa",3,2,Inf,3.69897000433602,5000,4,13,"smoothed",26,4,13,"weak/smoothed/m=2w/p=4",381,"x3;x1^2;x2^2;x3^2;x1^2 x3;x2^2 x3;x1 x3^2;x3^3;x1^2 x2^2;x2^4;x1^3 x3;x1 x2^2 x3;x1^2 x3^2;x2^2 x3^2",TRUE,14,"x3;x1^2;x2^2;x1^2 x3;x2^2 x3;x3^3;x1^3 x3;x1 x2^2 x3",TRUE,8,7,7,1,FALSE,2.90793351265251e-06,0.650001867305162,0.650001703967176,0.650002043626957,0.65000184214831,1.58835968760408e-08,40922836.761791,1.87334916564284e-07,0.0525510968276372,1.43050576523807e-07,3.64472953081044e-08,2.18318340774997e-06,5.12061622048865e-06,6.19384837150574
"aizawa",3,2,Inf,3.69897000433602,5000,4,13,"smoothed",26,8,13,"weak/smoothed/m=2w/p=8",381,"x3;x1^2;x2^2;x2 x3;x1^2 x3;x1 x2 x3;x2^2 x3;x1 x3^2;x3^3;x1^3 x2;x1^2 x2^2;x1 x2^3;x2^4;x1^3 x3;x1 x2^2 x3;x1^2 x3^2;x2^2 x3^2",TRUE,17,"x3;x1^2;x2^2;x1^2 x3;x2^2 x3;x3^3;x1 x2^3;x1^3 x3;x1 x2^2 x3",TRUE,9,7,10,2,FALSE,1.44255807049687e-06,0.649999987857824,0.649999875167692,0.650000104822106,0.649999997437862,1.78331913308494e-08,36448888.2207771,2.10695448318489e-07,-0.0225157077816757,1.563994398009e-07,-8.45436679281947e-09,1.68434192755864e-07,7.48562979047129e-07,5.60616040229797
"aizawa",3,3,Inf,3.69897000433602,5000,4,13,"smoothed",NA,NA,NA,"sg",5000,"x2;x3;x1^2;x2^2;x1 x3;x3^2;x1^3;x1 x2^2;x1^2 x3;x1 x2 x3;x2^2 x3;x2 x3^2;x3^3;x1^4;x1^2 x2^2;x2^4;x2^3 x3;x1^2 x3^2;x2^2 x3^2;x1 x3^3;x2 x3^3;x3^4;x1^5;x1^4 x3;x1^3 x2 x3;x1^2 x2^2 x3;x1 x2^3 x3",TRUE,27,"x2;x3;x1^2;x2^2;x1 x3;x3^2;x1^3;x1 x2^2;x1^2 x3;x1 x2 x3;x2^2 x3;x2 x3^2;x3^3;x1^4;x1^2 x2^2;x2^4;x2^3 x3;x1^2 x3^2;x1 x3^3;x2 x3^3;x3^4;x1^5;x1^4 x3;x1^3 x2 x3;x1^2 x2^2 x3;x1 x2^3 x3",TRUE,26,6,21,20,FALSE,1,0.653173334300333,0.652099577577378,0.654211641365878,0.650000819885293,2.99506009288059e-07,2170242.99923189,9.98024109593553e-06,0.983596620118283,0.0112622154636995,-3.7795413901498e-08,1.1082794951678e-05,9.22780040074622e-05,15.2531843185425
"aizawa",3,3,Inf,3.69897000433602,5000,4,13,"raw",13,4,6,"weak/raw/m=1w/p=4",829,"x1;x2;x3;x1^2;x2^2;x1 x3;x1^3;x1 x2^2;x1^2 x3;x1 x2 x3;x2^2 x3;x2 x3^2;x3^3;x1^4;x1^2 x2^2;x2^4;x2^3 x3;x1^2 x3^2;x1 x2 x3^2;x2^2 x3^2;x2 x3^3;x3^4;x1^5;x1^3 x2^2;x1^4 x3;x1^3 x2 x3;x1^2 x2^2 x3;x1 x2^3 x3",TRUE,28,"x1;x3;x1^2;x2^2;x1 x3;x1^3;x1 x2^2;x1^2 x3;x1 x2 x3;x2^2 x3;x3^3;x1^4;x1^2 x2^2;x2^4;x1^2 x3^2;x1 x2 x3^2;x3^4;x1^5;x1^3 x2^2;x1^4 x3;x1^3 x2 x3;x1^2 x2^2 x3",TRUE,22,6,22,16,FALSE,1,0.653801130635689,0.651358848720198,0.656260792312571,0.650029372202841,2.50407982570092e-08,25958811.9169041,3.36408834811183e-07,0.763766024227499,0.011331151979957,-5.04101686686298e-07,3.70979794297117e-05,7.373056582749e-05,8.15961718559265
"aizawa",3,3,Inf,3.69897000433602,5000,4,13,"raw",13,8,6,"weak/raw/m=1w/p=8",829,"x2;x3;x1^2;x2^2;x1 x3;x3^2;x1^3;x1^2 x2;x1 x2^2;x1^2 x3;x1 x2 x3;x2^2 x3;x2 x3^2;x3^3;x1^4;x1^2 x2^2;x2^4;x1^2 x2 x3;x1 x2^2 x3;x2^3 x3;x1^2 x3^2;x1 x2 x3^2;x2^2 x3^2;x2 x3^3;x3^4;x1^5;x1^4 x3;x1^3 x2 x3;x1^2 x2^2 x3;x1 x2^3 x3;x2^3 x3^2",TRUE,31,"x3;x1^2;x2^2;x1 x3;x3^2;x1^3;x1^2 x2;x1^2 x3;x2^2 x3;x2 x3^2;x3^3;x1^4;x1^2 x2^2;x2^4;x1 x2^2 x3;x2^3 x3;x1^2 x3^2;x2^2 x3^2;x2 x3^3;x3^4;x1^5;x1^4 x3;x1^3 x2 x3;x1^2 x2^2 x3;x1 x2^3 x3;x2^3 x3^2",TRUE,26,6,25,20,FALSE,1,0.657300800518761,0.654831218554461,0.659717677306831,0.650000010557932,1.75057939072675e-08,37130564.5434387,2.35457420966277e-07,0.689039781336058,0.0107677032714805,-1.27275219288869e-08,2.44874490066667e-07,9.6083946721226e-07,14.5772514343262
"aizawa",3,3,Inf,3.69897000433602,5000,4,13,"raw",26,4,13,"weak/raw/m=2w/p=4",381,"x2;x3;x1^2;x2^2;x1 x3;x1^3;x1 x2^2;x1^2 x3;x2^2 x3;x2 x3^2;x3^3;x1^4;x1^2 x2^2;x2^4;x2^3 x3;x1^2 x3^2;x1 x2 x3^2;x2^2 x3^2;x2 x3^3;x3^4;x1^5;x1^4 x3;x1^2 x2^2 x3;x1 x2^3 x3",TRUE,24,"x3;x1^2;x2^2;x1 x3;x1^3;x1^2 x3;x2^2 x3;x3^3;x1^4;x1^2 x2^2;x2^4;x1 x2 x3^2;x3^4;x1^5;x1^4 x3;x1^2 x2^2 x3;x1 x2^3 x3",TRUE,17,6,18,11,FALSE,1,0.654800701519498,0.651519333464621,0.658062274344756,0.650001834481996,1.90126660457243e-08,34187832.0967075,1.70230289489271e-07,0.0996268453327545,0.0103077729754625,-4.23614235526885e-08,2.31572492800984e-06,4.52364976644137e-06,6.13908410072327
"aizawa",3,3,Inf,3.69897000433602,5000,4,13,"raw",26,8,13,"weak/raw/m=2w/p=8",381,"x1;x2;x3;x1^2;x2^2;x1 x3;x1^3;x1 x2^2;x1^2 x3;x1 x2 x3;x2^2 x3;x2 x3^2;x3^3;x1^4;x1^2 x2^2;x2^4;x2^3 x3;x1^2 x3^2;x1 x2 x3^2;x2^2 x3^2;x3^4;x1^5;x1^4 x3;x1^3 x2 x3;x1^2 x2^2 x3;x1 x2^3 x3",TRUE,26,"x1;x3;x1^2;x2^2;x1 x3;x1^3;x1^2 x3;x1 x2 x3;x2^2 x3;x2 x3^2;x3^3;x1^4;x1^2 x2^2;x2^4;x1 x2 x3^2;x3^4;x1^5;x1^4 x3;x1^3 x2 x3;x1^2 x2^2 x3",TRUE,20,6,20,14,FALSE,1,0.653258836869266,0.649781804569776,0.65680078204777,0.649999989600297,2.1015567208198e-08,30929452.5891614,1.89071931737147e-07,0.0273822712816001,0.0108360639228346,-1.22793312753234e-08,1.96420499917812e-07,7.49357525919869e-07,6.96740221977234
"aizawa",3,3,Inf,3.69897000433602,5000,4,13,"smoothed",13,4,6,"weak/smoothed/m=1w/p=4",829,"x1;x2;x3;x1^2;x2^2;x1 x3;x1^3;x1 x2^2;x1^2 x3;x1 x2 x3;x2^2 x3;x2 x3^2;x3^3;x1^4;x1^2 x2^2;x2^4;x2^3 x3;x1^2 x3^2;x1 x2 x3^2;x2^2 x3^2;x2 x3^3;x3^4;x1^5;x1^3 x2^2;x1^4 x3;x1^3 x2 x3;x1^2 x2^2 x3;x1 x2^3 x3",TRUE,28,"x3;x1^2;x2^2;x1 x3;x1^3;x1 x2^2;x1^2 x3;x1 x2 x3;x2^2 x3;x3^3;x1^4;x1^2 x2^2;x2^4;x1^2 x3^2;x1 x2 x3^2;x3^4;x1^5;x1^3 x2^2;x1^4 x3;x1^3 x2 x3;x1^2 x2^2 x3",TRUE,21,6,22,15,FALSE,1,0.653721819259046,0.65126443097485,0.656252640785307,0.650029383581639,2.95918618340787e-08,21966491.5721203,3.97549774822523e-07,0.751769793395012,0.0113298108867569,-5.04101686686298e-07,3.70979794297117e-05,7.373056582749e-05,8.49179172515869
"aizawa",3,3,Inf,3.69897000433602,5000,4,13,"smoothed",13,8,6,"weak/smoothed/m=1w/p=8",829,"x2;x3;x1^2;x2^2;x1 x3;x3^2;x1^3;x1^2 x2;x1 x2^2;x1^2 x3;x1 x2 x3;x2^2 x3;x2 x3^2;x3^3;x1^4;x1^2 x2^2;x2^4;x1^2 x2 x3;x1 x2^2 x3;x2^3 x3;x1^2 x3^2;x1 x2 x3^2;x2^2 x3^2;x2 x3^3;x3^4;x1^5;x1^4 x3;x1^3 x2 x3;x1^2 x2^2 x3;x1 x2^3 x3;x2^3 x3^2",TRUE,31,"x3;x1^2;x2^2;x1 x3;x3^2;x1^3;x1^2 x2;x1^2 x3;x2^2 x3;x2 x3^2;x3^3;x1^4;x1^2 x2^2;x2^4;x1 x2^2 x3;x2^3 x3;x1^2 x3^2;x2 x3^3;x3^4;x1^5;x1^4 x3;x1^3 x2 x3;x1^2 x2^2 x3;x1 x2^3 x3;x2^3 x3^2",TRUE,25,6,25,19,FALSE,1,0.657211770931195,0.654714104029947,0.659642789678035,0.650000021772233,2.18588994196873e-08,29736173.3220113,2.94007805836249e-07,0.699104369830408,0.01076672418812,-1.27275219288869e-08,2.44874490066667e-07,9.6083946721226e-07,12.1125044822693
"aizawa",3,3,Inf,3.69897000433602,5000,4,13,"smoothed",26,4,13,"weak/smoothed/m=2w/p=4",381,"x2;x3;x1^2;x2^2;x1 x3;x1^3;x1 x2^2;x1^2 x3;x2^2 x3;x2 x3^2;x3^3;x1^4;x1^2 x2^2;x2^4;x2^3 x3;x1^2 x3^2;x1 x2 x3^2;x2^2 x3^2;x2 x3^3;x3^4;x1^5;x1^4 x3;x1^2 x2^2 x3;x1 x2^3 x3",TRUE,24,"x3;x1^2;x2^2;x1 x3;x1^3;x1^2 x3;x2^2 x3;x3^3;x1^4;x1^2 x2^2;x2^4;x1 x2 x3^2;x3^4;x1^5;x1^4 x3;x1^2 x2^2 x3;x1 x2^3 x3",TRUE,17,6,18,11,FALSE,1,0.654808132068564,0.651572206452428,0.657965817239515,0.650001843208765,2.32440986454307e-08,27964166.4374256,2.08116505679263e-07,0.0497490473759127,0.0103067435026671,-4.23614235526885e-08,2.31572492800984e-06,4.52364976644137e-06,6.45985460281372
"aizawa",3,3,Inf,3.69897000433602,5000,4,13,"smoothed",26,8,13,"weak/smoothed/m=2w/p=8",381,"x1;x2;x3;x1^2;x2^2;x1 x3;x1^3;x1 x2^2;x1^2 x3;x1 x2 x3;x2^2 x3;x2 x3^2;x3^3;x1^4;x1^2 x2^2;x2^4;x2^3 x3;x1^2 x3^2;x1 x2 x3^2;x2^2 x3^2;x3^4;x1^5;x1^4 x3;x1^3 x2 x3;x1^2 x2^2 x3;x1 x2^3 x3",TRUE,26,"x1;x3;x1^2;x2^2;x1 x3;x1^3;x1^2 x3;x1 x2 x3;x2^2 x3;x2 x3^2;x3^3;x1^4;x1^2 x2^2;x2^4;x1 x2 x3^2;x3^4;x1^5;x1^4 x3;x1^3 x2 x3;x1^2 x2^2 x3",TRUE,20,6,20,14,FALSE,1,0.653258733092459,0.649679731839447,0.656886508716441,0.649999999384843,2.62616451160877e-08,24750924.6473922,2.36269613748773e-07,-0.00648632445345121,0.0108398914741834,-1.22793312753234e-08,1.96420499917812e-07,7.49357525919869e-07,7.37234163284302
"aizawa",3,4,Inf,3.69897000433602,5000,4,13,"smoothed",NA,NA,NA,"sg",5000,"x1;x2;x3;x1^2;x2^2;x1 x3;x2 x3;x2^3;x1^2 x3;x2^2 x3;x1 x3^2;x3^3;x1^4;x1^2 x2^2;x1^3 x3;x1 x2^2 x3;x2^3 x3;x1^2 x3^2;x2^2 x3^2;x1 x3^3;x1^4 x2;x1^4 x3;x1^2 x2^2 x3;x2^4 x3;x1^2 x2 x3^2;x2^3 x3^2;x1^2 x3^3;x2^2 x3^3",TRUE,28,"x2;x3;x1^2;x2^2;x1 x3;x2^3;x1^2 x3;x2^2 x3;x1 x3^2;x3^3;x1^4;x1^2 x2^2;x1^3 x3;x1 x2^2 x3;x2^3 x3;x2^2 x3^2;x1 x3^3;x1^4 x2;x1^2 x2^2 x3;x2^4 x3;x1^2 x2 x3^2;x2^3 x3^2;x2^2 x3^3",TRUE,23,7,21,16,FALSE,0.000138924356565678,0.649999691398164,0.649999310990371,0.650000073678807,0.650000663078016,2.99259810188342e-07,2172027.92005025,1.15853407125395e-05,0.87495015001853,6.12809362678817e-06,1.54135674074851e-07,1.30840492771284e-05,0.000380728707856881,22.4768903255463
"aizawa",3,4,Inf,3.69897000433602,5000,4,13,"raw",13,4,6,"weak/raw/m=1w/p=4",829,"x1;x2;x3;x1^2;x2^2;x1 x3;x2^3;x1^2 x3;x2^2 x3;x3^3;x1^4;x1^2 x2^2;x1^3 x3;x1 x2^2 x3;x2^3 x3;x1^2 x3^2;x2^2 x3^2;x1 x3^3;x1^4 x3;x1^2 x2^2 x3;x2^4 x3;x1^2 x2 x3^2",TRUE,22,"x3;x1^2;x2^2;x1^2 x3;x2^2 x3;x3^3;x1^3 x3;x1 x2^2 x3",TRUE,8,7,15,1,FALSE,4.51986676108795e-05,0.650029398865384,0.650029233106422,0.650029560841598,0.650029370266311,2.10126248518768e-08,30935181.8180037,3.29669662235045e-07,0.772957558784092,2.03086931044156e-07,-5.45568867411526e-07,3.81051206577028e-05,0.000114979434434503,8.99964904785156
"aizawa",3,4,Inf,3.69897000433602,5000,4,13,"raw",13,8,6,"weak/raw/m=1w/p=8",829,"x1;x2;x3;x1^2;x2^2;x1 x3;x2^3;x1^2 x3;x2^2 x3;x3^3;x1^4;x1^2 x2^2;x1^3 x3;x1 x2^2 x3;x2^3 x3;x1^2 x3^2;x2^2 x3^2;x1 x3^3;x1^4 x3;x1^2 x2^2 x3;x2^4 x3;x1^2 x2 x3^2",TRUE,22,"x3;x1^2;x2^2;x1^2 x3;x2^2 x3;x3^3;x1^3 x3;x1 x2^2 x3;x1^4 x3",TRUE,9,7,15,2,FALSE,5.49401963090279e-06,0.65000001638284,0.649999929298259,0.650000110143844,0.650000015008634,1.45541230812979e-08,44660884.8487673,2.28517823843865e-07,0.710030255452897,1.84891785050853e-07,-1.21230200780859e-08,2.37075298917933e-07,1.06468426097628e-06,10.3683934211731
"aizawa",3,4,Inf,3.69897000433602,5000,4,13,"raw",26,4,13,"weak/raw/m=2w/p=4",381,"x2;x3;x1^2;x2^2;x1 x3;x2 x3;x3^2;x1 x2^2;x2^3;x1^2 x3;x1 x2 x3;x2^2 x3;x3^3;x1^4;x1^2 x2^2;x1^3 x3;x1 x2^2 x3;x2^3 x3;x1^2 x3^2;x2^2 x3^2;x1 x3^3;x2 x3^3;x1^2 x2^3;x1^2 x2^2 x3;x2^4 x3;x1^3 x3^2;x1^2 x2 x3^2;x1 x2^2 x3^2",TRUE,28,"x3;x1^2;x2^2;x1^2 x3;x2^2 x3;x3^3;x1^3 x3",TRUE,7,7,21,0,TRUE,2.90543665948384e-06,0.650001860743518,0.650001642632147,0.650002083180131,0.650001839362148,1.61793010161508e-08,40174902.4085338,1.70374299601547e-07,0.15690176986164,1.12910110424982e-07,-3.97428322048474e-08,2.37114065456293e-06,6.96859306759112e-06,19.4448544979095
"aizawa",3,4,Inf,3.69897000433602,5000,4,13,"raw",26,8,13,"weak/raw/m=2w/p=8",381,"x3;x1^2;x2^2;x1^2 x3;x2^2 x3;x3^3;x1^3 x3;x1^2 x3^2;x2^2 x3^2;x1^2 x2^2 x3;x2^4 x3",TRUE,11,"x3;x1^2;x2^2;x1^2 x3;x2^2 x3;x3^3;x1^3 x3;x1^2 x2^2 x3",TRUE,8,7,4,1,FALSE,1.00106423717161e-06,0.650000006557513,0.649999904161574,0.650000099747814,0.649999994699402,1.75393501797756e-08,37059525.469131,1.85273780201527e-07,0.0768837773959266,1.70513340342958e-07,-1.21183052915837e-08,1.89555250962532e-07,8.15835772827178e-07,6.14013123512268
"aizawa",3,4,Inf,3.69897000433602,5000,4,13,"smoothed",13,4,6,"weak/smoothed/m=1w/p=4",829,"x1;x2;x3;x1^2;x2^2;x1 x3;x2^3;x1^2 x3;x2^2 x3;x3^3;x1^4;x1^2 x2^2;x1^3 x3;x1 x2^2 x3;x2^3 x3;x1^2 x3^2;x2^2 x3^2;x1^2 x2^2 x3;x2^4 x3;x1^2 x2 x3^2",TRUE,20,"x3;x1^2;x2^2;x1^2 x3;x2^2 x3;x3^3;x1^3 x3;x1 x2^2 x3",TRUE,8,7,13,1,FALSE,4.51764868425464e-05,0.650029383089352,0.650029228770849,0.650029540251461,0.650029381129209,2.52004390322844e-08,25794367.3241745,3.95372793881427e-07,0.753578317849281,2.30445620934109e-07,-5.45568867411526e-07,3.81051206577028e-05,0.000114979434434503,7.34448575973511
"aizawa",3,4,Inf,3.69897000433602,5000,4,13,"smoothed",13,8,6,"weak/smoothed/m=1w/p=8",829,"x1;x2;x3;x1^2;x2^2;x1 x3;x2^3;x1^2 x3;x2^2 x3;x3^3;x1^4;x1^2 x2^2;x1^3 x3;x1 x2^2 x3;x2^3 x3;x1^2 x3^2;x2^2 x3^2;x1 x3^3;x1^4 x3;x1^2 x2^2 x3;x2^4 x3;x1^2 x2 x3^2",TRUE,22,"x3;x1^2;x2^2;x1^2 x3;x2^2 x3;x3^3;x1^3 x3",TRUE,7,7,15,0,TRUE,6.45060829362887e-06,0.650000011838717,0.649999776909081,0.650000267695503,0.650000024732481,1.8526907212229e-08,35084108.6041299,2.90895472025202e-07,0.711077526449423,2.10247955016833e-07,-1.21230200780859e-08,2.37075298917933e-07,1.06468426097628e-06,9.95358657836914
"aizawa",3,4,Inf,3.69897000433602,5000,4,13,"smoothed",26,4,13,"weak/smoothed/m=2w/p=4",381,"x2;x3;x1^2;x2^2;x1 x3;x2 x3;x3^2;x1 x2^2;x2^3;x1^2 x3;x1 x2 x3;x2^2 x3;x3^3;x1^4;x1^2 x2^2;x1^3 x3;x1 x2^2 x3;x2^3 x3;x1^2 x3^2;x2^2 x3^2;x1 x3^3;x2 x3^3;x1^2 x2^3;x1^2 x2^2 x3;x2^4 x3;x1^3 x3^2;x1^2 x2 x3^2;x1 x2^2 x3^2",TRUE,28,"x3;x1^2;x2^2;x1^2 x3;x2^2 x3;x3^3;x1^3 x3",TRUE,7,7,21,0,TRUE,3.56703304538186e-06,0.650001856513192,0.650001609311123,0.650002092200483,0.650001845684914,1.97843129694219e-08,32854405.7450739,2.08336469535307e-07,0.0892717317402186,1.22854073207961e-07,-3.97428322048474e-08,2.37114065456293e-06,6.96859306759112e-06,18.5194556713104
"aizawa",3,4,Inf,3.69897000433602,5000,4,13,"smoothed",26,8,13,"weak/smoothed/m=2w/p=8",381,"x3;x1^2;x2^2;x1^2 x3;x2^2 x3;x3^3;x1^3 x3;x1^2 x3^2;x2^2 x3^2;x1^2 x2^2 x3;x2^4 x3",TRUE,11,"x3;x1^2;x2^2;x1^2 x3;x2^2 x3;x3^3;x1^3 x3;x1^2 x2^2 x3",TRUE,8,7,4,1,FALSE,1.84355867727248e-06,0.65000000909113,0.649999928585911,0.650000094328829,0.650000001652836,2.21328099317883e-08,29368164.4425669,2.33795967686396e-07,0.0276580898154131,1.96011990118969e-07,-1.21183052915837e-08,1.89555250962532e-07,8.15835772827178e-07,12.0694370269775
"aizawa",3,5,Inf,3.69897000433602,5000,4,13,"smoothed",NA,NA,NA,"sg",5000,"x3;x1^2;x2^2;x1 x3;x3^2;x1^3;x1^2 x2;x1 x2^2;x2^3;x1^2 x3;x1 x2 x3;x2^2 x3;x2 x3^2;x3^3;x1^2 x2^2;x2^4;x1^3 x3;x2^3 x3;x2^2 x3^2;x2 x3^3;x3^4;x1^2 x2^3;x2^5;x1^2 x2^2 x3;x2^4 x3;x2^3 x3^2",TRUE,26,"x3;x1^2;x2^2;x1 x3;x1^3;x1^2 x2;x1 x2^2;x2^3;x1^2 x3;x1 x2 x3;x2^2 x3;x2 x3^2;x3^3;x1^2 x2^2;x2^4;x1^3 x3;x2^3 x3;x2^2 x3^2;x2 x3^3;x3^4;x1^2 x2^3;x2^5;x1^2 x2^2 x3;x2^4 x3;x2^3 x3^2",TRUE,25,7,19,18,FALSE,0.000225008828757395,0.64999931055663,0.649998917876626,0.649999712528862,0.650000643536944,3.1467639799097e-07,2065616.13037021,1.00483445100557e-05,0.992215840508741,4.8085324536806e-06,-3.71995561423866e-08,1.11122172409318e-05,5.01449127144893e-05,42.4091720581055
"aizawa",3,5,Inf,3.69897000433602,5000,4,13,"raw",13,4,6,"weak/raw/m=1w/p=4",829,"x3;x1^2;x2^2;x1 x3;x3^2;x1^3;x1^2 x2;x1 x2^2;x2^3;x1^2 x3;x1 x2 x3;x2^2 x3;x2 x3^2;x3^3;x1^2 x2^2;x2^4;x1^3 x3;x2^3 x3;x2^2 x3^2;x2 x3^3;x3^4;x1^2 x2^3;x2^5;x1^2 x2^2 x3;x2^4 x3;x2^3 x3^2",TRUE,26,"x3;x1^2;x2^2;x1 x3;x3^2;x1^2 x2;x1 x2^2;x2^3;x1^2 x3;x1 x2 x3;x2^2 x3;x2 x3^2;x3^3;x1^3 x3;x2^3 x3;x2^2 x3^2;x2 x3^3;x3^4;x1^2 x2^3;x2^5",TRUE,20,7,19,13,FALSE,4.53651949231701e-05,0.650029427322128,0.650029362182236,0.650029493984467,0.650029368052179,2.79561606480283e-08,23251739.6160414,3.60152484088229e-07,0.763028430513625,2.57252989738773e-07,-1.33459395967952e-06,3.70842802694856e-05,7.61490433885958e-05,52.1511042118073
"aizawa",3,5,Inf,3.69897000433602,5000,4,13,"raw",13,8,6,"weak/raw/m=1w/p=8",829,"x3;x1^2;x2^2;x1 x3;x3^2;x1^2 x2;x1 x2^2;x2^3;x1^2 x3;x1 x2 x3;x2^2 x3;x2 x3^2;x3^3;x1^2 x2^2;x2^4;x1^3 x3;x2^3 x3;x2^2 x3^2;x2 x3^3;x3^4;x1^2 x2^3;x2^5;x1^2 x2^2 x3;x2^4 x3;x2^3 x3^2",TRUE,25,"x3;x1^2;x2^2;x1 x3;x1^2 x2;x1 x2^2;x2^3;x1^2 x3;x2^2 x3;x2 x3^2;x3^3;x1^3 x3;x2^3 x3;x2 x3^3;x3^4;x1^2 x2^3;x2^5",TRUE,17,7,18,10,FALSE,4.05284628107738e-06,0.650000010074609,0.649999954280356,0.650000065558616,0.650000014072028,1.97491397535103e-08,32912826.6944637,2.54722163400168e-07,0.703874323399547,2.16078634849584e-07,-8.13687362107646e-09,2.61392653798501e-07,1.08488818584274e-06,62.0252392292023
"aizawa",3,5,Inf,3.69897000433602,5000,4,13,"raw",26,4,13,"weak/raw/m=2w/p=4",381,"x3;x1^2;x2^2;x1 x3;x3^2;x1^3;x1 x2^2;x2^3;x1^2 x3;x2^2 x3;x3^3;x1^2 x2^2;x2^4;x1^3 x3;x2^3 x3;x2^2 x3^2;x3^4;x1^2 x2^3;x2^5;x2^4 x3;x1^2 x2 x3^2;x2^3 x3^2",TRUE,22,"x3;x1^2;x2^2;x1 x3;x1 x2^2;x1^2 x3;x2^2 x3;x3^3;x1^3 x3;x1^2 x2 x3^2",TRUE,10,7,15,3,FALSE,3.11314845591326e-06,0.650001883095993,0.650001809396468,0.650001961709928,0.650001836378339,2.15790052831499e-08,30121955.4770626,1.85628711509251e-07,0.110766889279731,1.54048500664771e-07,-8.96932984145916e-08,2.31848631653066e-06,4.72464690448593e-06,43.0622856616974
"aizawa",3,5,Inf,3.69897000433602,5000,4,13,"raw",26,8,13,"weak/raw/m=2w/p=8",381,"x3;x1^2;x2^2;x1 x3;x3^2;x1^3;x1 x2^2;x2^3;x1^2 x3;x2^2 x3;x3^3;x1^2 x2^2;x2^4;x1^3 x3;x2^3 x3;x2^2 x3^2;x3^4;x1^2 x2^3;x2^4 x3;x2^3 x3^2",TRUE,20,"x3;x1^2;x2^2;x1 x3;x1 x2^2;x1^2 x3;x2^2 x3;x3^3;x1^3 x3;x2^3 x3;x2^3 x3^2",TRUE,11,7,13,4,FALSE,3.42527591568054e-06,0.649999998843956,0.649999908598119,0.650000087425852,0.649999992468403,2.38171552117997e-08,27291252.3216196,2.0585749685073e-07,0.0524463517586184,1.80521104572371e-07,-7.83511780360844e-09,2.09886996214784e-07,8.17582299306174e-07,46.7121455669403
"aizawa",3,5,Inf,3.69897000433602,5000,4,13,"smoothed",13,4,6,"weak/smoothed/m=1w/p=4",829,"x3;x1^2;x2^2;x1 x3;x3^2;x1^3;x1^2 x2;x1 x2^2;x2^3;x1^2 x3;x1 x2 x3;x2^2 x3;x2 x3^2;x3^3;x1^2 x2^2;x2^4;x1^3 x3;x2^3 x3;x2^2 x3^2;x2 x3^3;x3^4;x1^2 x2^3;x2^5;x1^2 x2^2 x3;x2^4 x3;x2^3 x3^2",TRUE,26,"x3;x1^2;x2^2;x1 x3;x1^2 x2;x1 x2^2;x2^3;x1^2 x3;x1 x2 x3;x2^2 x3;x2 x3^2;x3^3;x1^3 x3;x2^2 x3^2;x2 x3^3;x1^2 x2^3;x2^5",TRUE,17,7,19,10,FALSE,4.53442396596808e-05,0.650029427076464,0.650029323304118,0.650029529869269,0.650029378577423,3.28875923667421e-08,19765185.9500293,4.2368292892612e-07,0.751385989347069,2.89634828866678e-07,-1.33459395967952e-06,3.70842802694856e-05,7.61490433885958e-05,42.3474152088165
"aizawa",3,5,Inf,3.69897000433602,5000,4,13,"smoothed",13,8,6,"weak/smoothed/m=1w/p=8",829,"x3;x1^2;x2^2;x1 x3;x3^2;x1^2 x2;x1 x2^2;x2^3;x1^2 x3;x1 x2 x3;x2^2 x3;x2 x3^2;x3^3;x1^2 x2^2;x2^4;x1^3 x3;x2^3 x3;x2^2 x3^2;x2 x3^3;x3^4;x1^2 x2^3;x2^5;x1^2 x2^2 x3;x2^4 x3;x2^3 x3^2",TRUE,25,"x3;x1^2;x2^2;x1 x3;x1^2 x2;x1 x2^2;x2^3;x1^2 x3;x2^2 x3;x2 x3^2;x3^3;x1^3 x3;x2^3 x3;x2^2 x3^2;x2 x3^3;x3^4;x1^2 x2^3;x2^5",TRUE,18,7,18,11,FALSE,5.1818813348592e-06,0.650000003962774,0.649999941646403,0.650000069425849,0.650000024838178,2.4562642361604e-08,26462951.9605045,3.16806172145868e-07,0.707008277432861,2.46706059004356e-07,-8.13687362107646e-09,2.61392653798501e-07,1.08488818584274e-06,55.5378766059875
"aizawa",3,5,Inf,3.69897000433602,5000,4,13,"smoothed",26,4,13,"weak/smoothed/m=2w/p=4",381,"x3;x1^2;x2^2;x1 x3;x3^2;x1^3;x1 x2^2;x2^3;x1^2 x3;x2^2 x3;x3^3;x1^2 x2^2;x2^4;x1^3 x3;x2^3 x3;x2^2 x3^2;x3^4;x1^2 x2^3;x2^5;x2^4 x3;x1^2 x2 x3^2;x2^3 x3^2",TRUE,22,"x3;x1^2;x2^2;x1 x3;x1 x2^2;x1^2 x3;x2^2 x3;x3^3;x1^3 x3;x1^2 x2 x3^2",TRUE,10,7,15,3,FALSE,3.09079471660922e-06,0.650001880262882,0.650001797716451,0.650001964304926,0.650001845378468,2.61564761867481e-08,24850512.7654689,2.25005410754213e-07,0.0591177661194747,1.74883246201309e-07,-8.96932984145916e-08,2.31848631653066e-06,4.72464690448593e-06,56.0526173114777
"aizawa",3,5,Inf,3.69897000433602,5000,4,13,"smoothed",26,8,13,"weak/smoothed/m=2w/p=8",381,"x3;x1^2;x2^2;x1 x3;x3^2;x1^3;x1 x2^2;x2^3;x1^2 x3;x2^2 x3;x3^3;x1^2 x2^2;x2^4;x1^3 x3;x2^3 x3;x2^2 x3^2;x3^4;x1^2 x2^3;x2^4 x3;x2^3 x3^2",TRUE,20,"x3;x1^2;x2^2;x1 x3;x1 x2^2;x1^2 x3;x2^2 x3;x3^3;x1^3 x3;x2^3 x3;x2^3 x3^2",TRUE,11,7,13,4,FALSE,4.46466619979935e-06,0.649999990839765,0.649999896635144,0.650000082848009,0.650000002273964,2.95355601576816e-08,22007370.0584585,2.55283067885242e-07,0.00948360872048515,2.10950364604522e-07,-7.83511780360844e-09,2.09886996214784e-07,8.17582299306174e-07,45.2553741931915
"aizawa",3,6,Inf,3.69897000433602,5000,4,13,"smoothed",NA,NA,NA,"sg",5000,"x3;x1^2;x2^2;x2 x3;x3^2;x1 x2^2;x1 x2 x3;x2^2 x3;x1 x3^2;x3^3;x1^4;x1^2 x2^2;x2^4;x1^3 x3;x1^2 x2 x3;x1 x2^2 x3;x1^2 x3^2;x2^2 x3^2;x3^4;x1^2 x2^3;x1^4 x3;x1^2 x2^2 x3;x2^4 x3;x2^3 x3^2",TRUE,24,"x3;x1^2;x2^2;x3^2;x1 x2^2;x1 x2 x3;x2^2 x3;x1 x3^2;x3^3;x1^4;x1^2 x2^2;x2^4;x1^3 x3;x1^2 x2 x3;x1 x2^2 x3;x1^2 x3^2;x2^2 x3^2;x3^4;x1^2 x2^3;x1^4 x3;x1^2 x2^2 x3;x2^4 x3;x2^3 x3^2",TRUE,23,6,18,17,FALSE,1,0.644620721782773,0.644177962129325,0.645048044000563,0.650000539771395,2.9026638264786e-07,2239324.21605967,1.03287687982867e-05,0.979044125557707,0.00501231416049925,-4.62967414471827e-08,1.13695375943863e-05,0.00010734460553341,11.6190390586853
"aizawa",3,6,Inf,3.69897000433602,5000,4,13,"raw",13,4,6,"weak/raw/m=1w/p=4",829,"x3;x1^2;x2^2;x2 x3;x3^2;x1 x2 x3;x2^2 x3;x1 x3^2;x3^3;x1^4;x1^2 x2^2;x2^4;x1^3 x3;x1^2 x2 x3;x1^2 x3^2;x2^2 x3^2;x3^4;x1^2 x2^3;x1^4 x3;x1^2 x2^2 x3;x2^4 x3",TRUE,21,"x3;x1^2;x2^2;x2 x3;x3^2;x1 x2 x3;x2^2 x3;x1 x3^2;x3^3;x1^4;x1^2 x2^2;x1^3 x3;x1^2 x2 x3;x1^2 x3^2;x2^2 x3^2;x3^4;x1^2 x2^3;x1^4 x3;x1^2 x2^2 x3;x2^4 x3",TRUE,20,6,15,14,FALSE,1,0.644784852693282,0.643725824469872,0.645841261459574,0.650029363363043,2.36646824798084e-08,27468332.3521316,3.41100198911366e-07,0.770775972717522,0.00489397593481034,6.03881973067999e-07,3.76164006230498e-05,7.741869886424e-05,8.9515438079834
"aizawa",3,6,Inf,3.69897000433602,5000,4,13,"raw",13,8,6,"weak/raw/m=1w/p=8",829,"x3;x1^2;x2^2;x2 x3;x3^2;x1 x2 x3;x2^2 x3;x1 x3^2;x3^3;x1^4;x1^2 x2^2;x2^4;x1^3 x3;x1^2 x2 x3;x1^2 x3^2;x2^2 x3^2;x3^4;x1^2 x2^3;x1^4 x3;x1^2 x2^2 x3;x2^4 x3",TRUE,21,"x3;x1^2;x2^2;x2 x3;x3^2;x1 x2 x3;x2^2 x3;x1 x3^2;x3^3;x1^4;x1^2 x2^2;x1^3 x3;x1^2 x2 x3;x1^2 x3^2;x2^2 x3^2;x3^4;x1^2 x2^3;x1^4 x3;x1^2 x2^2 x3;x2^4 x3",TRUE,20,6,15,14,FALSE,1,0.644664135596296,0.643591725500799,0.645749190406357,0.650000012235505,1.57113809760051e-08,41371284.4993197,2.26677996573665e-07,0.691210517845083,0.00495288733519508,-4.01865564200626e-09,2.30464572011756e-07,1.0028960472086e-06,13.8981242179871
"aizawa",3,6,Inf,3.69897000433602,5000,4,13,"raw",26,4,13,"weak/raw/m=2w/p=4",381,"x3;x1^2;x2^2;x3^2;x1 x2 x3;x2^2 x3;x1 x3^2;x2 x3^2;x3^3;x1^4;x1^2 x2^2;x2^4;x1^3 x3;x1^2 x3^2;x2^2 x3^2;x3^4;x1^2 x2^3;x1^4 x3;x1^2 x2^2 x3;x2^4 x3",TRUE,20,"x3;x1^2;x2^2;x3^2;x1 x2 x3;x2^2 x3;x1 x3^2;x3^3;x1^4;x1^2 x2^2;x1^3 x3;x1^2 x3^2;x3^4;x1^2 x2^3;x1^4 x3;x1^2 x2^2 x3;x2^4 x3",TRUE,17,6,14,11,FALSE,1,0.644922865995978,0.643514030007596,0.646373098736114,0.650001834734767,1.7289623840497e-08,37594908.9888402,1.67121312431392e-07,0.123089786866661,0.00443318770243054,4.94468098609795e-08,2.33973477792477e-06,4.56790101621696e-06,15.0731317996979
"aizawa",3,6,Inf,3.69897000433602,5000,4,13,"raw",26,8,13,"weak/raw/m=2w/p=8",381,"x3;x1^2;x2^2;x2 x3;x3^2;x1^2 x2;x1 x2 x3;x2^2 x3;x1 x3^2;x2 x3^2;x3^3;x1^4;x1^2 x2^2;x2^4;x1^3 x3;x1^2 x2 x3;x1^2 x3^2;x2^2 x3^2;x3^4;x1^2 x2^3;x1^4 x3;x1^2 x2^2 x3;x2^4 x3",TRUE,23,"x3;x1^2;x2^2;x2 x3;x3^2;x1^2 x2;x1 x2 x3;x2^2 x3;x1 x3^2;x2 x3^2;x3^3;x1^4;x1^2 x2^2;x1^3 x3;x1^2 x3^2;x3^4;x1^2 x2^3;x1^4 x3;x1^2 x2^2 x3;x2^4 x3",TRUE,20,6,17,14,FALSE,1,0.64499715820543,0.643477871126695,0.646516457207222,0.649999991070482,1.86632926267767e-08,34827723.2784697,1.81094176033428e-07,0.040252825028987,0.00451295455634505,-3.93885421217204e-09,1.8310838544174e-07,7.80404541989022e-07,14.1266391277313
"aizawa",3,6,Inf,3.69897000433602,5000,4,13,"smoothed",13,4,6,"weak/smoothed/m=1w/p=4",829,"x3;x1^2;x2^2;x2 x3;x3^2;x1 x2 x3;x2^2 x3;x1 x3^2;x3^3;x1^4;x1^2 x2^2;x2^4;x1^3 x3;x1^2 x2 x3;x1^2 x3^2;x2^2 x3^2;x3^4;x1^2 x2^3;x1^4 x3;x1^2 x2^2 x3;x2^4 x3",TRUE,21,"x3;x1^2;x2^2;x2 x3;x3^2;x1 x2 x3;x2^2 x3;x1 x3^2;x3^3;x1^4;x1^2 x2^2;x1^3 x3;x1^2 x2 x3;x1^2 x3^2;x2^2 x3^2;x3^4;x1^2 x2^3;x1^4 x3;x1^2 x2^2 x3;x2^4 x3",TRUE,20,6,15,14,FALSE,1,0.644757983236769,0.643681961607548,0.645826981119326,0.650029371686683,2.79422721280391e-08,23263296.8682028,4.0275691624244e-07,0.754620019620107,0.00489310567567968,6.03881973067999e-07,3.76164006230498e-05,7.741869886424e-05,9.00310277938843
"aizawa",3,6,Inf,3.69897000433602,5000,4,13,"smoothed",13,8,6,"weak/smoothed/m=1w/p=8",829,"x3;x1^2;x2^2;x2 x3;x3^2;x1 x2 x3;x2^2 x3;x1 x3^2;x3^3;x1^4;x1^2 x2^2;x2^4;x1^3 x3;x1^2 x2 x3;x1^2 x3^2;x2^2 x3^2;x3^4;x1^2 x2^3;x1^4 x3;x1^2 x2^2 x3;x2^4 x3",TRUE,21,"x3;x1^2;x2^2;x2 x3;x3^2;x1 x2 x3;x2^2 x3;x1 x3^2;x3^3;x1^4;x1^2 x2^2;x1^3 x3;x1^2 x2 x3;x1^2 x3^2;x2^2 x3^2;x3^4;x1^2 x2^3;x1^4 x3;x1^2 x2^2 x3;x2^4 x3",TRUE,20,6,15,14,FALSE,1,0.644668618060811,0.643655283985372,0.645760471589976,0.65000002053179,1.99298084506273e-08,32614464.014647,2.87539907471708e-07,0.696860507461205,0.00495333929037096,-4.01865564200626e-09,2.30464572011756e-07,1.0028960472086e-06,15.0568027496338
"aizawa",3,6,Inf,3.69897000433602,5000,4,13,"smoothed",26,4,13,"weak/smoothed/m=2w/p=4",381,"x3;x1^2;x2^2;x3^2;x1 x2 x3;x2^2 x3;x1 x3^2;x2 x3^2;x3^3;x1^4;x1^2 x2^2;x2^4;x1^3 x3;x1^2 x3^2;x2^2 x3^2;x3^4;x1^2 x2^3;x1^4 x3;x1^2 x2^2 x3;x2^4 x3",TRUE,20,"x3;x1^2;x2^2;x3^2;x1 x2 x3;x2^2 x3;x1 x3^2;x3^3;x1^4;x1^2 x2^2;x1^3 x3;x1^2 x3^2;x3^4;x1^2 x2^3;x1^4 x3;x1^2 x2^2 x3;x2^4 x3",TRUE,17,6,14,11,FALSE,1,0.644938385980978,0.643455006451623,0.646370978415131,0.650001841284706,2.12022012382283e-08,30657281.0049897,2.04940241339423e-07,0.0639193087409855,0.00443598312250475,4.94468098609795e-08,2.33973477792477e-06,4.56790101621696e-06,14.4727299213409
"aizawa",3,6,Inf,3.69897000433602,5000,4,13,"smoothed",26,8,13,"weak/smoothed/m=2w/p=8",381,"x3;x1^2;x2^2;x2 x3;x3^2;x1^2 x2;x1 x2 x3;x2^2 x3;x1 x3^2;x2 x3^2;x3^3;x1^4;x1^2 x2^2;x2^4;x1^3 x3;x1^2 x2 x3;x1^2 x3^2;x2^2 x3^2;x3^4;x1^2 x2^3;x1^4 x3;x1^2 x2^2 x3;x2^4 x3",TRUE,23,"x3;x1^2;x2^2;x2 x3;x3^2;x1^2 x2;x1 x2 x3;x2^2 x3;x1 x3^2;x2 x3^2;x3^3;x1^4;x1^2 x2^2;x1^3 x3;x1^2 x3^2;x3^4;x1^2 x2^3;x1^4 x3;x1^2 x2^2 x3;x2^4 x3",TRUE,20,6,17,14,FALSE,1,0.645002854352985,0.643505607304675,0.646562563500139,0.649999998078528,2.35704958822961e-08,27576848.6723585,2.28709885108463e-07,-3.04262660868687e-05,0.00451052116833568,-3.93885421217204e-09,1.8310838544174e-07,7.80404541989022e-07,15.1020514965057
"aizawa",3,7,Inf,3.69897000433602,5000,4,13,"smoothed",NA,NA,NA,"sg",5000,"x3;x1^2;x2^2;x1 x3;x3^2;x1^3;x1 x2^2;x1^2 x3;x2^2 x3;x1 x3^2;x3^3;x1^4;x1^2 x2^2;x2^4;x1^3 x3;x1^2 x3^2;x2^2 x3^2;x1 x3^3;x2 x3^3;x3^4;x1^5;x1^4 x3;x1^2 x2^2 x3;x2^4 x3;x1^3 x3^2;x3^5",TRUE,26,"x3;x1^2;x2^2;x1 x3;x1^3;x1 x2^2;x1^2 x3;x2^2 x3;x1 x3^2;x3^3;x1^4;x1^2 x2^2;x2^4;x1^3 x3;x1^2 x3^2;x2^2 x3^2;x1 x3^3;x1^5;x1^4 x3;x1^2 x2^2 x3;x2^4 x3;x1^3 x3^2",TRUE,22,7,19,15,FALSE,7.01116079271369e-05,0.650001051105068,0.650000452823248,0.650001626887836,0.649999807625629,3.40240764427953e-07,1910411.31922706,8.37903477163567e-06,0.988285105610368,5.1692694460568e-06,-1.41598204896898e-08,8.95607443083597e-06,5.56194005877364e-05,36.1396226882935
"aizawa",3,7,Inf,3.69897000433602,5000,4,13,"raw",13,4,6,"weak/raw/m=1w/p=4",829,"x3;x1^2;x2^2;x1 x3;x3^2;x1^3;x1 x2^2;x1^2 x3;x2^2 x3;x1 x3^2;x3^3;x1^4;x1^2 x2^2;x2^4;x1^3 x3;x1^2 x3^2;x2^2 x3^2;x1 x3^3;x2 x3^3;x3^4;x1^5;x1^2 x2^2 x3;x2^4 x3;x1^3 x3^2;x3^5",TRUE,25,"x3;x1^2;x2^2;x1 x3;x1^3;x1 x2^2;x1^2 x3;x2^2 x3;x1 x3^2;x3^3;x1^2 x2^2;x2^4;x1^3 x3;x1^2 x3^2;x2^2 x3^2;x1 x3^3;x1^5;x1^2 x2^2 x3",TRUE,18,7,18,11,FALSE,4.56978509841832e-05,0.650029547921207,0.650029479481326,0.650029619099203,0.65002933861106,3.27526673924344e-08,19846607.6311455,3.27003127960428e-07,0.774281514548843,2.36705270076686e-07,9.61146074407462e-07,3.02369812485669e-05,7.4978419845162e-05,66.6266419887543
"aizawa",3,7,Inf,3.69897000433602,5000,4,13,"raw",13,8,6,"weak/raw/m=1w/p=8",829,"x3;x1^2;x2^2;x1 x3;x3^2;x1^3;x1 x2^2;x1^2 x3;x2^2 x3;x1 x3^2;x3^3;x1^4;x1^2 x2^2;x2^4;x1^3 x3;x2^2 x3^2;x1 x3^3;x3^4;x1^5;x1^2 x2^2 x3;x2^4 x3;x1^3 x3^2",TRUE,22,"x3;x1^2;x2^2;x1^3;x1 x2^2;x1^2 x3;x2^2 x3;x1 x3^2;x3^3;x1^2 x2^2;x1^3 x3;x1 x3^3;x1^5;x1^2 x2^2 x3",TRUE,14,7,15,7,FALSE,5.48323914995041e-06,0.650000048821407,0.649999970241848,0.650000127327602,0.650000006736195,2.34919409821371e-08,27669063.4984332,2.34822757614084e-07,0.722690655641453,2.05829047736601e-07,-7.19762969477488e-09,2.39912641696392e-07,9.51652924241486e-07,33.0818898677826
"aizawa",3,7,Inf,3.69897000433602,5000,4,13,"raw",26,4,13,"weak/raw/m=2w/p=4",381,"x3;x1^2;x2^2;x1 x3;x3^2;x1^3;x1^2 x3;x2^2 x3;x3^3;x1^2 x2^2;x2^4;x1^3 x3;x1 x3^3;x3^4;x1^2 x2^2 x3;x1^3 x3^2",TRUE,16,"x3;x1^2;x2^2;x1 x3;x1^2 x3;x2^2 x3;x3^3;x1^3 x3",TRUE,8,7,9,1,FALSE,3.99572902898271e-06,0.650001845268901,0.650001749359464,0.650001937099458,0.650001831439794,2.58506012979051e-08,25144553.658505,1.72929320841238e-07,0.138133509671263,1.62330802285446e-07,5.61174646390206e-08,1.89391985385269e-06,4.53091038832287e-06,26.5085444450378
"aizawa",3,7,Inf,3.69897000433602,5000,4,13,"raw",26,8,13,"weak/raw/m=2w/p=8",381,"x3;x1^2;x2^2;x1 x3;x3^2;x1^3;x1 x2^2;x1^2 x3;x2^2 x3;x1 x3^2;x3^3;x1^4;x1^2 x2^2;x2^4;x1^3 x3;x2^2 x3^2;x1 x3^3;x3^4;x1^2 x2^2 x3;x2^4 x3;x1^3 x3^2",TRUE,21,"x3;x1^2;x2^2;x1 x3;x1 x2^2;x1^2 x3;x2^2 x3;x1 x3^2;x3^3;x1^3 x3;x1 x3^3;x1^3 x3^2",TRUE,12,7,14,5,FALSE,3.67790873284646e-06,0.650000025963567,0.649999935527544,0.650000118772859,0.649999990434144,2.83197315973844e-08,22952194.5926273,1.90353422682459e-07,0.0855341585198341,1.73566019972658e-07,-6.02532405829571e-09,1.93143662149491e-07,7.255541366602e-07,44.8374297618866
"aizawa",3,7,Inf,3.69897000433602,5000,4,13,"smoothed",13,4,6,"weak/smoothed/m=1w/p=4",829,"x3;x1^2;x2^2;x1 x3;x3^2;x1^3;x1 x2^2;x1^2 x3;x2^2 x3;x1 x3^2;x3^3;x1^4;x1^2 x2^2;x2^4;x1^3 x3;x1^2 x3^2;x2^2 x3^2;x1 x3^3;x2 x3^3;x3^4;x1^5;x1^2 x2^2 x3;x2^4 x3;x1^3 x3^2;x3^5",TRUE,25,"x3;x1^2;x2^2;x1^3;x1 x2^2;x1^2 x3;x2^2 x3;x1 x3^2;x3^3;x2^4;x1^3 x3;x1^2 x3^2;x2^2 x3^2;x1 x3^3;x1^5;x1^2 x2^2 x3",TRUE,16,7,18,9,FALSE,4.57409370315798e-05,0.65002955966116,0.650029477591356,0.650029642591172,0.650029346359529,3.74758820764854e-08,17345271.4210401,3.74159773122933e-07,0.765542830456852,2.70817760526265e-07,9.61146074407462e-07,3.02369812485669e-05,7.4978419845162e-05,70.2957799434662
"aizawa",3,7,Inf,3.69897000433602,5000,4,13,"smoothed",13,8,6,"weak/smoothed/m=1w/p=8",829,"x3;x1^2;x2^2;x1 x3;x3^2;x1^3;x1 x2^2;x1^2 x3;x2^2 x3;x1 x3^2;x3^3;x1^4;x1^2 x2^2;x2^4;x1^3 x3;x2^2 x3^2;x1 x3^3;x3^4;x1^5;x1^2 x2^2 x3;x2^4 x3;x1^3 x3^2",TRUE,22,"x3;x1^2;x2^2;x1^3;x1 x2^2;x1^2 x3;x2^2 x3;x1 x3^2;x3^3;x1^2 x2^2;x1^3 x3;x1 x3^3;x1^5;x1^2 x2^2 x3",TRUE,14,7,15,7,FALSE,5.81164013219171e-06,0.650000056416937,0.649999977355811,0.650000134204263,0.650000014422703,2.78517113091684e-08,23337884.2401233,2.78402522210357e-07,0.724834496950491,2.36017490478183e-07,-7.19762969477488e-09,2.39912641696392e-07,9.51652924241486e-07,36.6467826366425
"aizawa",3,7,Inf,3.69897000433602,5000,4,13,"smoothed",26,4,13,"weak/smoothed/m=2w/p=4",381,"x3;x1^2;x2^2;x1 x3;x3^2;x1^3;x1^2 x3;x2^2 x3;x3^3;x1^2 x2^2;x2^4;x1^3 x3;x1 x3^3;x3^4;x1^2 x2^2 x3;x1^3 x3^2",TRUE,16,"x3;x1^2;x2^2;x1 x3;x1^2 x3;x2^2 x3;x3^3;x1^3 x3;x1^2 x2^2 x3",TRUE,9,7,9,2,FALSE,3.89464182021237e-06,0.650001848907826,0.650001774468906,0.650001920006648,0.650001839742002,3.02087435876538e-08,21517010.0622012,2.02083403251807e-07,0.101875987736908,1.86841623139151e-07,5.61174646390206e-08,1.89391985385269e-06,4.53091038832287e-06,41.4668788909912
"aizawa",3,7,Inf,3.69897000433602,5000,4,13,"smoothed",26,8,13,"weak/smoothed/m=2w/p=8",381,"x3;x1^2;x2^2;x1 x3;x3^2;x1^3;x1 x2^2;x1^2 x3;x2^2 x3;x1 x3^2;x3^3;x1^4;x1^2 x2^2;x2^4;x1^3 x3;x2^2 x3^2;x1 x3^3;x3^4;x1^2 x2^2 x3;x2^4 x3;x1^3 x3^2",TRUE,21,"x3;x1^2;x2^2;x1 x3;x1 x2^2;x1^2 x3;x2^2 x3;x1 x3^2;x3^3;x1^3 x3;x1 x3^3;x1^2 x2^2 x3;x1^3 x3^2",TRUE,13,7,14,6,FALSE,3.98086046488055e-06,0.650000035960049,0.649999936563247,0.650000125887099,0.649999998571905,3.35379269206486e-08,19381042.8447119,2.25427953840161e-07,0.0564252989058776,1.97559449683874e-07,-6.02532405829571e-09,1.93143662149491e-07,7.255541366602e-07,48.9155399799347
"aizawa",3,8,Inf,3.69897000433602,5000,4,13,"smoothed",NA,NA,NA,"sg",5000,"x3;x1^2;x2^2;x3^2;x1^2 x3;x2^2 x3;x1 x3^2;x2 x3^2;x3^3;x1^4;x1^2 x2^2;x2^4;x1^3 x3;x1^2 x3^2;x1 x2 x3^2;x2^2 x3^2;x1 x3^3;x3^4;x1^4 x3;x1^2 x2^2 x3;x2^4 x3",TRUE,21,"x3;x1^2;x2^2;x3^2;x1^2 x3;x2^2 x3;x1 x3^2;x2 x3^2;x3^3;x1^4;x2^4;x1^3 x3;x1 x2 x3^2;x1 x3^3;x3^4;x1^4 x3;x2^4 x3",TRUE,17,7,14,10,FALSE,0.000262866746115337,0.650000206249508,0.649999540797295,0.650000879694206,0.649999828795797,3.1725706644506e-07,2048811.19301517,1.02240821791402e-05,0.990279271358212,8.14115013261418e-06,-1.09166776752545e-08,1.08717966830936e-05,5.06309088140755e-05,14.9814355373383
"aizawa",3,8,Inf,3.69897000433602,5000,4,13,"raw",13,4,6,"weak/raw/m=1w/p=4",829,"x3;x1^2;x2^2;x3^2;x1^2 x3;x2^2 x3;x1 x3^2;x3^3;x1^4;x1^2 x2^2;x2^4;x1^3 x3;x1^2 x3^2;x2^2 x3^2;x3^4;x1^4 x3;x1^2 x2^2 x3;x2^4 x3",TRUE,18,"x3;x1^2;x2^2;x3^2;x1^2 x3;x2^2 x3;x1 x3^2;x3^3;x1^3 x3;x1^2 x3^2;x2^2 x3^2;x3^4",TRUE,12,7,11,5,FALSE,4.5548814139762e-05,0.650029497709407,0.650029418060466,0.65002957717422,0.650029336505539,2.79820642245807e-08,23230213.8715886,3.6580177208891e-07,0.769839652661288,3.39511549904956e-07,-1.0279953579171e-06,3.62828738904349e-05,7.44299363840684e-05,40.7608880996704
"aizawa",3,8,Inf,3.69897000433602,5000,4,13,"raw",13,8,6,"weak/raw/m=1w/p=8",829,"x3;x1^2;x2^2;x3^2;x1^2 x3;x2^2 x3;x1 x3^2;x3^3;x1^4;x1^2 x2^2;x2^4;x1^3 x3;x1^2 x3^2;x2^2 x3^2;x3^4;x1^4 x3;x1^2 x2^2 x3;x2^4 x3",TRUE,18,"x3;x1^2;x2^2;x1^2 x3;x2^2 x3;x1 x3^2;x3^3;x1^3 x3",TRUE,8,7,11,1,FALSE,1.21288857402035e-06,0.650000029581095,0.649999965508642,0.650000092978086,0.650000013878313,1.85785696901802e-08,34986547.6577497,2.43103238354632e-07,0.701821765660361,2.39080090331049e-07,-1.22282715028711e-08,2.48223574009528e-07,1.06513607034397e-06,29.8308885097504
"aizawa",3,8,Inf,3.69897000433602,5000,4,13,"raw",26,4,13,"weak/raw/m=2w/p=4",381,"x3;x1^2;x2^2;x1^2 x3;x2^2 x3;x3^3;x1^2 x2^2;x2^4;x1^3 x3;x1^2 x3^2;x2^2 x3^2;x3^4;x1^4 x3;x1^2 x2^2 x3;x2^4 x3",TRUE,15,"x3;x1^2;x2^2;x1^2 x3;x2^2 x3;x3^3;x1^3 x3",TRUE,7,7,8,0,TRUE,2.98782059382496e-06,0.650001878245056,0.650001729482643,0.650002023321741,0.650001833554881,2.03549185518601e-08,31933403.8060045,1.78494739020042e-07,0.0995475510613454,1.75927041451125e-07,-6.84506815105333e-08,2.27099296604606e-06,4.67740417697815e-06,17.3965089321136
"aizawa",3,8,Inf,3.69897000433602,5000,4,13,"raw",26,8,13,"weak/raw/m=2w/p=8",381,"x3;x1^2;x2^2;x1^2 x3;x2^2 x3;x3^3;x1^2 x2^2;x2^4;x1^3 x3;x1^2 x3^2;x2^2 x3^2;x3^4;x1^4 x3;x1^2 x2^2 x3;x2^4 x3",TRUE,15,"x3;x1^2;x2^2;x1^2 x3;x2^2 x3;x3^3;x1^3 x3",TRUE,7,7,8,0,TRUE,9.59497447050595e-07,0.650000016583591,0.649999887951249,0.650000160487703,0.649999995961445,2.21548467086725e-08,29338952.5329915,1.95021135326731e-07,0.0313104185986526,1.94423453533242e-07,-1.21179534549136e-08,1.97941368433031e-07,7.0916910110963e-07,21.1930599212646
"aizawa",3,8,Inf,3.69897000433602,5000,4,13,"smoothed",13,4,6,"weak/smoothed/m=1w/p=4",829,"x3;x1^2;x2^2;x3^2;x1^2 x3;x2^2 x3;x1 x3^2;x3^3;x1^4;x1^2 x2^2;x2^4;x1^3 x3;x1^2 x3^2;x2^2 x3^2;x3^4;x1^4 x3;x1^2 x2^2 x3;x2^4 x3",TRUE,18,"x3;x1^2;x2^2;x3^2;x1^2 x3;x2^2 x3;x1 x3^2;x3^3;x1^3 x3;x1^2 x3^2;x3^4",TRUE,11,7,11,4,FALSE,4.55392203322358e-05,0.650029499449139,0.650029403309451,0.650029599543897,0.650029343870326,3.25836696761012e-08,19949543.7540326,4.25957283129581e-07,0.75649801814215,4.00863637962839e-07,-1.0279953579171e-06,3.62828738904349e-05,7.44299363840684e-05,35.9826996326447
"aizawa",3,8,Inf,3.69897000433602,5000,4,13,"smoothed",13,8,6,"weak/smoothed/m=1w/p=8",829,"x3;x1^2;x2^2;x3^2;x1^2 x3;x2^2 x3;x1 x3^2;x3^3;x1^4;x1^2 x2^2;x2^4;x1^3 x3;x1^2 x3^2;x2^2 x3^2;x3^4;x1^4 x3;x1^2 x2^2 x3;x2^4 x3",TRUE,18,"x3;x1^2;x2^2;x1^2 x3;x2^2 x3;x1 x3^2;x3^3;x1^3 x3",TRUE,8,7,11,1,FALSE,1.6731479299259e-06,0.650000023426183,0.649999876029858,0.650000159141779,0.650000021232141,2.3095157947452e-08,28144428.4863118,3.02203439494319e-07,0.704245235526326,2.96814491058524e-07,-1.22282715028711e-08,2.48223574009528e-07,1.06513607034397e-06,27.8107924461365
"aizawa",3,8,Inf,3.69897000433602,5000,4,13,"smoothed",26,4,13,"weak/smoothed/m=2w/p=4",381,"x3;x1^2;x2^2;x1^2 x3;x2^2 x3;x3^3;x1^2 x2^2;x2^4;x1^3 x3;x1^2 x3^2;x2^2 x3^2;x3^4;x1^4 x3;x1^2 x2^2 x3;x2^4 x3",TRUE,15,"x3;x1^2;x2^2;x1^2 x3;x2^2 x3;x3^3;x1^3 x3",TRUE,7,7,8,0,TRUE,2.96715659864333e-06,0.650001880935388,0.65000179468289,0.65000196433551,0.650001841411283,2.46360183065612e-08,26384208.4107467,2.16036218803843e-07,0.0512063464488596,2.14728488267886e-07,-6.84506815105333e-08,2.27099296604606e-06,4.67740417697815e-06,24.088840007782
"aizawa",3,8,Inf,3.69897000433602,5000,4,13,"smoothed",26,8,13,"weak/smoothed/m=2w/p=8",381,"x3;x1^2;x2^2;x1^2 x3;x2^2 x3;x3^3;x1^2 x2^2;x2^4;x1^3 x3;x1^2 x3^2;x2^2 x3^2;x3^4;x1^4 x3;x1^2 x2^2 x3;x2^4 x3",TRUE,15,"x3;x1^2;x2^2;x1^2 x3;x2^2 x3;x3^3;x1^3 x3",TRUE,7,7,8,0,TRUE,8.60285020665152e-07,0.650000018983543,0.649999937256043,0.65000010175193,0.650000003807137,2.74678767195405e-08,23664006.1568621,2.41789823626491e-07,-0.00559120836561712,2.40976192496913e-07,-1.21179534549136e-08,1.97941368433031e-07,7.0916910110963e-07,32.6360297203064
"aizawa",3,9,Inf,3.69897000433602,5000,4,13,"smoothed",NA,NA,NA,"sg",5000,"x3;x1^2;x2^2;x2 x3;x3^2;x1^2 x3;x1 x3^2;x3^3;x1^4;x1^2 x2^2;x2^4;x1^3 x3;x1^2 x2 x3;x1 x2^2 x3;x1^2 x3^2;x1 x2 x3^2;x2^2 x3^2;x3^4;x1^2 x2^3;x1^4 x3;x1^2 x2^2 x3;x2^4 x3",TRUE,22,"x3;x1^2;x2^2;x2 x3;x3^2;x1^2 x3;x1 x3^2;x3^3;x1^4;x1^2 x2^2;x2^4;x1^3 x3;x1^2 x2 x3;x1 x2^2 x3;x1^2 x3^2;x1 x2 x3^2;x2^2 x3^2;x3^4;x1^2 x2^3;x1^4 x3;x1^2 x2^2 x3;x2^4 x3",TRUE,22,6,16,16,FALSE,1,0.644304498416475,0.643807920126021,0.644791169757699,0.650000122599408,3.0502956160566e-07,2130941.40508166,1.06233975875198e-05,0.979150360275556,0.00552694566515574,1.14050102425467e-07,1.15530513687985e-05,0.00011248763045979,11.2048120498657
"aizawa",3,9,Inf,3.69897000433602,5000,4,13,"raw",13,4,6,"weak/raw/m=1w/p=4",829,"x3;x1^2;x2^2;x2 x3;x3^2;x1^2 x3;x3^3;x1^4;x1^2 x2^2;x2^4;x1^3 x3;x1^2 x2 x3;x1^2 x3^2;x2^2 x3^2;x3^4;x1^2 x2^3;x1^4 x3;x1^2 x2^2 x3;x2^4 x3",TRUE,19,"x3;x1^2;x2^2;x2 x3;x3^2;x1^2 x3;x3^3;x1^2 x2^2;x2^4;x1^3 x3;x1^2 x2 x3;x2^2 x3^2;x3^4;x1^2 x2^3;x1^2 x2^2 x3;x2^4 x3",TRUE,16,6,13,10,FALSE,1,0.644934223314853,0.643735175863659,0.646124193715805,0.650029347383341,2.58465976542603e-08,25149513.1420594,3.65301183918627e-07,0.769522319791005,0.00546253596855826,-1.75973518827869e-07,3.79066340694559e-05,7.45245638701375e-05,8.17135882377625
"aizawa",3,9,Inf,3.69897000433602,5000,4,13,"raw",13,8,6,"weak/raw/m=1w/p=8",829,"x3;x1^2;x2^2;x2 x3;x3^2;x1^2 x3;x1 x3^2;x3^3;x1^4;x1^2 x2^2;x2^4;x1^3 x3;x1^2 x2 x3;x1^2 x3^2;x2^2 x3^2;x3^4;x1^2 x2^3;x1^4 x3;x1^2 x2^2 x3;x2^4 x3",TRUE,20,"x3;x1^2;x2^2;x2 x3;x3^2;x1^2 x3;x1 x3^2;x3^3;x1^2 x2^2;x2^4;x1^3 x3;x1^2 x2 x3;x2^2 x3^2;x3^4;x1^2 x2^3;x1^4 x3;x1^2 x2^2 x3;x2^4 x3",TRUE,18,6,14,12,FALSE,1,0.644822375913647,0.643574526393051,0.646042589041769,0.650000006950018,1.74390764488212e-08,37272616.4058967,2.46701821038266e-07,0.697582534538381,0.00552237342772659,-8.8355126552496e-09,2.52092748108473e-07,1.01698488796931e-06,7.6745240688324
"aizawa",3,9,Inf,3.69897000433602,5000,4,13,"raw",26,4,13,"weak/raw/m=2w/p=4",381,"x3;x1^2;x2^2;x2 x3;x3^2;x1^2 x3;x1 x3^2;x3^3;x1^4;x1^2 x2^2;x2^4;x1^3 x3;x1^2 x2 x3;x1^2 x3^2;x2^2 x3^2;x3^4;x2^5;x1^4 x3;x1^2 x2^2 x3;x2^4 x3",TRUE,20,"x3;x1^2;x2^2;x2 x3;x3^2;x1^2 x3;x1 x3^2;x3^3;x1^2 x2^2;x2^4;x1^3 x3;x1^2 x2 x3;x2^2 x3^2;x3^4;x2^5;x1^2 x2^2 x3;x2^4 x3",TRUE,17,6,14,11,FALSE,1,0.644974762500243,0.643457572881559,0.646414340819523,0.650001829085374,1.90087532545598e-08,34194869.0890315,1.80385803643269e-07,0.119030726704526,0.00434454776333593,-3.34603693921097e-09,2.35685844100078e-06,4.67215766486451e-06,8.00451755523682
"aizawa",3,9,Inf,3.69897000433602,5000,4,13,"raw",26,8,13,"weak/raw/m=2w/p=8",381,"x3;x1^2;x2^2;x2 x3;x3^2;x1^2 x3;x1 x3^2;x3^3;x1^4;x1^2 x2^2;x2^4;x1^3 x3;x1^2 x2 x3;x1^2 x3^2;x2^2 x3^2;x3^4;x2^5;x1^4 x3;x1^2 x2^2 x3;x2^4 x3",TRUE,20,"x3;x1^2;x2^2;x2 x3;x3^2;x1^2 x3;x1 x3^2;x3^3;x1^2 x2^2;x2^4;x1^3 x3;x2^2 x3^2;x3^4;x2^5;x1^2 x2^2 x3;x2^4 x3",TRUE,16,6,14,10,FALSE,1,0.644718354524021,0.643196012689502,0.646255237770384,0.649999987161675,2.07609919842425e-08,31308715.2894727,1.97746712579651e-07,0.0383306078632881,0.00454096065776799,-1.01490914205848e-08,2.01031606319713e-07,7.90624650859328e-07,8.0986475944519
"aizawa",3,9,Inf,3.69897000433602,5000,4,13,"smoothed",13,4,6,"weak/smoothed/m=1w/p=4",829,"x3;x1^2;x2^2;x2 x3;x3^2;x1^2 x3;x3^3;x1^4;x1^2 x2^2;x2^4;x1^3 x3;x1^2 x2 x3;x1^2 x3^2;x2^2 x3^2;x3^4;x1^2 x2^3;x1^4 x3;x1^2 x2^2 x3;x2^4 x3",TRUE,19,"x3;x1^2;x2^2;x2 x3;x3^2;x1^2 x3;x3^3;x1^2 x2^2;x2^4;x1^3 x3;x1^2 x2 x3;x2^2 x3^2;x3^4;x1^2 x2^3;x1^2 x2^2 x3;x2^4 x3",TRUE,16,6,13,10,FALSE,1,0.644946594161403,0.643742914671482,0.646160497112701,0.650029354743772,3.02642122122981e-08,21478482.5781663,4.27737246141621e-07,0.754397984075384,0.00546388772039442,-1.75973518827869e-07,3.79066340694559e-05,7.45245638701375e-05,7.89649391174316
"aizawa",3,9,Inf,3.69897000433602,5000,4,13,"smoothed",13,8,6,"weak/smoothed/m=1w/p=8",829,"x3;x1^2;x2^2;x2 x3;x3^2;x1^2 x3;x1 x3^2;x3^3;x1^4;x1^2 x2^2;x2^4;x1^3 x3;x1^2 x2 x3;x1^2 x3^2;x2^2 x3^2;x3^4;x1^2 x2^3;x1^4 x3;x1^2 x2^2 x3;x2^4 x3",TRUE,20,"x3;x1^2;x2^2;x2 x3;x3^2;x1^2 x3;x1 x3^2;x3^3;x1^2 x2^2;x2^4;x1^3 x3;x1^2 x2 x3;x2^2 x3^2;x3^4;x1^2 x2^3;x1^4 x3;x1^2 x2^2 x3;x2^4 x3",TRUE,18,6,14,12,FALSE,1,0.644846069457388,0.6436175743388,0.646039376099214,0.650000014425668,2.17939371967973e-08,29824809.0079469,3.08307838780205e-07,0.700697440530005,0.00552043943603854,-8.8355126552496e-09,2.52092748108473e-07,1.01698488796931e-06,7.86855053901672
"aizawa",3,9,Inf,3.69897000433602,5000,4,13,"smoothed",26,4,13,"weak/smoothed/m=2w/p=4",381,"x3;x1^2;x2^2;x2 x3;x3^2;x1^2 x3;x1 x3^2;x3^3;x1^4;x1^2 x2^2;x2^4;x1^3 x3;x1^2 x2 x3;x1^2 x3^2;x2^2 x3^2;x3^4;x2^5;x1^4 x3;x1^2 x2^2 x3;x2^4 x3",TRUE,20,"x3;x1^2;x2^2;x2 x3;x3^2;x1^2 x3;x1 x3^2;x3^3;x1^2 x2^2;x2^4;x1^3 x3;x1^2 x2 x3;x2^2 x3^2;x3^4;x2^5;x1^2 x2^2 x3;x2^4 x3",TRUE,17,6,14,11,FALSE,1,0.645014698140985,0.643542790054411,0.646488285911587,0.650001835877085,2.2998693845646e-08,28262554.3971985,2.18248814041547e-07,0.0588634892372837,0.00434010009141302,-3.34603693921097e-09,2.35685844100078e-06,4.67215766486451e-06,8.18325328826904
"aizawa",3,9,Inf,3.69897000433602,5000,4,13,"smoothed",26,8,13,"weak/smoothed/m=2w/p=8",381,"x3;x1^2;x2^2;x2 x3;x3^2;x1^2 x3;x1 x3^2;x3^3;x1^4;x1^2 x2^2;x2^4;x1^3 x3;x1^2 x2 x3;x1^2 x3^2;x2^2 x3^2;x3^4;x2^5;x1^4 x3;x1^2 x2^2 x3;x2^4 x3",TRUE,20,"x3;x1^2;x2^2;x2 x3;x3^2;x1^2 x3;x1 x3^2;x3^3;x1^2 x2^2;x2^4;x1^3 x3;x2^2 x3^2;x3^4;x2^5;x1^2 x2^2 x3;x2^4 x3",TRUE,16,6,14,10,FALSE,1,0.644721711869117,0.643236464029693,0.64618871714554,0.649999994100046,2.57874219397321e-08,25206086.7355862,2.45623036520563e-07,-0.00321150692914851,0.00453051715339009,-1.01490914205848e-08,2.01031606319713e-07,7.90624650859328e-07,7.97517585754395
"aizawa",3,10,Inf,3.69897000433602,5000,4,13,"smoothed",NA,NA,NA,"sg",5000,"x1;x3;x1^2;x2^2;x1 x3;x2 x3;x3^2;x1^3;x2^2 x3;x2 x3^2;x3^3;x1^4;x1^2 x2^2;x2^4;x1^3 x3;x1^2 x2 x3;x1 x2^2 x3;x2^3 x3;x1^2 x3^2;x2^2 x3^2;x2 x3^3;x3^4;x1^4 x2;x1^2 x2^3;x1 x2^4;x1^4 x3;x1^2 x2^2 x3;x2^4 x3;x1^3 x3^2;x1^2 x3^3;x2^2 x3^3;x1 x3^4",TRUE,32,"x1;x3;x1^2;x2^2;x1 x3;x2 x3;x3^2;x1^3;x2^2 x3;x2 x3^2;x3^3;x1^4;x1^2 x2^2;x2^4;x1^3 x3;x1^2 x2 x3;x1 x2^2 x3;x2^3 x3;x1^2 x3^2;x2^2 x3^2;x2 x3^3;x3^4;x1^4 x2;x1 x2^4;x1^4 x3;x1^2 x2^2 x3;x2^4 x3;x1^3 x3^2;x1^2 x3^3;x2^2 x3^3;x1 x3^4",TRUE,31,6,26,25,FALSE,1,0.650627526044817,0.650225869407425,0.651054806164047,0.65000011082513,2.12253621592091e-07,3062374.65325468,9.23495919454979e-06,0.971881093669762,0.00607645791100008,-4.66106019730406e-08,9.91171677241772e-06,0.000130736000576115,11.5404229164124
"aizawa",3,10,Inf,3.69897000433602,5000,4,13,"raw",13,4,6,"weak/raw/m=1w/p=4",829,"x1;x3;x1^2;x2^2;x1 x3;x2 x3;x3^2;x1^2 x3;x2^2 x3;x2 x3^2;x3^3;x1^4;x1^3 x2;x1^2 x2^2;x1 x2^3;x2^4;x1^3 x3;x1^2 x2 x3;x1 x2^2 x3;x2^3 x3;x1^2 x3^2;x2^2 x3^2;x2 x3^3;x3^4;x1^4 x2;x1^3 x2^2;x1^2 x2^3;x1 x2^4;x1^4 x3;x1^2 x2^2 x3;x2^4 x3;x1^3 x3^2;x1^2 x2 x3^2;x1^2 x3^3;x2^2 x3^3;x1 x3^4",TRUE,36,"x1;x3;x1^2;x2^2;x3^2;x1^2 x3;x2^2 x3;x3^3;x1^3 x3;x1^2 x2 x3;x1 x2^2 x3;x1 x2^4;x1^4 x3;x1^2 x2 x3^2;x1^2 x3^3",TRUE,15,7,29,8,FALSE,4.56784961233581e-05,0.650029477359818,0.650029367658707,0.650029583838051,0.650029343131585,1.87301494224351e-08,34704973.7015433,3.29237848145417e-07,0.781918958675687,1.57887664963133e-07,3.78724096860591e-07,3.36803190725324e-05,7.65276313382524e-05,22.988926410675
"aizawa",3,10,Inf,3.69897000433602,5000,4,13,"raw",13,8,6,"weak/raw/m=1w/p=8",829,"x1;x3;x1^2;x2^2;x1 x3;x2 x3;x3^2;x1^3;x1^2 x2;x1^2 x3;x2^2 x3;x2 x3^2;x3^3;x1^4;x1^3 x2;x1^2 x2^2;x1 x2^3;x2^4;x1^3 x3;x1^2 x2 x3;x1 x2^2 x3;x2^3 x3;x1^2 x3^2;x2^2 x3^2;x2 x3^3;x3^4;x1^4 x2;x1^3 x2^2;x1^2 x2^3;x1 x2^4;x2^5;x1^4 x3;x1^2 x2^2 x3;x2^4 x3;x1^3 x3^2;x1^2 x2 x3^2;x2^3 x3^2;x1^2 x3^3;x1 x2 x3^3;x2^2 x3^3;x1 x3^4;x3^5",TRUE,42,"x3;x1^2;x2^2;x1^2 x2;x1^2 x3;x2^2 x3;x3^3;x1^3 x3;x1 x2^2 x3;x2^3 x3;x2^2 x3^2;x1^4 x2;x1^3 x2^2;x1^2 x2^3;x1 x2^4;x2^5;x2^4 x3;x1^3 x3^2;x2^3 x3^2;x1^2 x3^3;x2^2 x3^3",TRUE,21,7,35,14,FALSE,3.42390893459665e-06,0.650000017014348,0.649999934084517,0.650000099609273,0.650000001627574,1.26565538375311e-08,51356791.9017653,2.22549769408002e-07,0.682601294957802,1.37056536411727e-07,-1.49652745866357e-08,2.26953492152209e-07,1.13855077665814e-06,59.8113079071045
"aizawa",3,10,Inf,3.69897000433602,5000,4,13,"raw",26,4,13,"weak/raw/m=2w/p=4",381,"x1;x2;x3;x1^2;x2^2;x1 x3;x2 x3;x3^2;x1^2 x3;x2^2 x3;x2 x3^2;x3^3;x1^4;x1^2 x2^2;x1 x2^3;x2^4;x1^3 x3;x1^2 x2 x3;x1 x2^2 x3;x2^3 x3;x1^2 x3^2;x2^2 x3^2;x2 x3^3;x3^4;x1^4 x2;x1^3 x2^2;x1^2 x2^3;x1^4 x3;x1^2 x2^2 x3;x2^4 x3;x1^2 x2 x3^2;x1^2 x3^3;x2^2 x3^3;x1 x3^4",TRUE,34,"x3;x1^2;x2^2;x1^2 x3;x2^2 x3;x3^3;x1^3 x3;x1 x2^2 x3;x1^2 x2 x3^2",TRUE,9,7,27,2,FALSE,3.0061050200203e-06,0.650001853787771,0.650001754600601,0.650001957979711,0.650001822559371,1.40429801987706e-08,46286601.0888684,1.65789499062681e-07,0.188124347095477,1.11866600628755e-07,1.20939966353001e-08,2.10352400530028e-06,4.71789703782033e-06,49.4649713039398
"aizawa",3,10,Inf,3.69897000433602,5000,4,13,"raw",26,8,13,"weak/raw/m=2w/p=8",381,"x1;x2;x3;x1^2;x2^2;x1 x3;x2 x3;x3^2;x1^2 x3;x2^2 x3;x2 x3^2;x3^3;x1^2 x2^2;x1 x2^3;x2^4;x1^3 x3;x1^2 x2 x3;x1 x2^2 x3;x2^3 x3;x1^2 x3^2;x2^2 x3^2;x2 x3^3;x3^4;x1^5;x1^3 x2^2;x1^4 x3;x1^2 x2^2 x3;x2^4 x3;x1^2 x2 x3^2;x1^2 x3^3;x2^2 x3^3;x1 x3^4;x2 x3^4",TRUE,33,"x3;x1^2;x2^2;x1^2 x3;x2^2 x3;x3^3;x1^3 x3;x1^2 x2 x3;x1 x2^2 x3;x1^2 x2 x3^2",TRUE,10,7,26,3,FALSE,2.89375057971331e-06,0.650000000290947,0.649999874836102,0.65000012263206,0.649999981192642,1.51059667064308e-08,43029353.4882431,1.78577706697736e-07,0.0803535347146143,1.22826383109861e-07,-1.53893116870452e-08,1.81387089223793e-07,8.54570500030682e-07,33.0758106708527
"aizawa",3,10,Inf,3.69897000433602,5000,4,13,"smoothed",13,4,6,"weak/smoothed/m=1w/p=4",829,"x1;x3;x1^2;x2^2;x1 x3;x2 x3;x3^2;x1^2 x3;x2^2 x3;x2 x3^2;x3^3;x1^4;x1^3 x2;x1^2 x2^2;x1 x2^3;x2^4;x1^3 x3;x1^2 x2 x3;x1 x2^2 x3;x2^3 x3;x1^2 x3^2;x2^2 x3^2;x2 x3^3;x3^4;x1^4 x2;x1^3 x2^2;x1^2 x2^3;x1 x2^4;x1^4 x3;x1^2 x2^2 x3;x2^4 x3;x1^3 x3^2;x1^2 x2 x3^2;x1^2 x3^3;x2^2 x3^3;x1 x3^4",TRUE,36,"x3;x1^2;x2^2;x1^2 x3;x2^2 x3;x3^3;x1^3 x3;x1^2 x2 x3;x1 x2^2 x3;x1^2 x3^2;x1 x2^4;x1^4 x3;x1^2 x2 x3^2;x1^2 x3^3",TRUE,14,7,29,7,FALSE,4.56983269181421e-05,0.650029472282749,0.650029337312978,0.650029603535077,0.650029347830274,2.15798074257865e-08,30122110.684525,3.79329026337673e-07,0.762387086718771,1.60989884465317e-07,3.78724096860591e-07,3.36803190725324e-05,7.65276313382524e-05,31.8938565254211
"aizawa",3,10,Inf,3.69897000433602,5000,4,13,"smoothed",13,8,6,"weak/smoothed/m=1w/p=8",829,"x1;x3;x1^2;x2^2;x1 x3;x2 x3;x3^2;x1^3;x1^2 x2;x1^2 x3;x2^2 x3;x2 x3^2;x3^3;x1^4;x1^3 x2;x1^2 x2^2;x1 x2^3;x2^4;x1^3 x3;x1^2 x2 x3;x1 x2^2 x3;x2^3 x3;x1^2 x3^2;x2^2 x3^2;x2 x3^3;x3^4;x1^4 x2;x1^3 x2^2;x1^2 x2^3;x1 x2^4;x2^5;x1^4 x3;x1^2 x2^2 x3;x2^4 x3;x1^3 x3^2;x1^2 x2 x3^2;x2^3 x3^2;x1^2 x3^3;x1 x2 x3^3;x2^2 x3^3;x1 x3^4;x3^5",TRUE,42,"x3;x1^2;x2^2;x1^2 x2;x1^2 x3;x2^2 x3;x3^3;x1^3 x3;x1 x2^2 x3;x2^3 x3;x2^2 x3^2;x1^4 x2;x1^3 x2^2;x1^2 x2^3;x1 x2^4;x2^4 x3;x2^3 x3^2;x2^2 x3^3",TRUE,18,7,35,11,FALSE,3.91932078058765e-06,0.650000017285055,0.649999918440183,0.650000115813295,0.650000007051724,1.54705701863215e-08,42015258.5989641,2.72030748972561e-07,0.690154476122638,1.3466957740317e-07,-1.49652745866357e-08,2.26953492152209e-07,1.13855077665814e-06,54.8957087993622
"aizawa",3,10,Inf,3.69897000433602,5000,4,13,"smoothed",26,4,13,"weak/smoothed/m=2w/p=4",381,"x1;x2;x3;x1^2;x2^2;x1 x3;x2 x3;x3^2;x1^2 x3;x2^2 x3;x2 x3^2;x3^3;x1^4;x1^2 x2^2;x1 x2^3;x2^4;x1^3 x3;x1^2 x2 x3;x1 x2^2 x3;x2^3 x3;x1^2 x3^2;x2^2 x3^2;x2 x3^3;x3^4;x1^4 x2;x1^3 x2^2;x1^2 x2^3;x1^4 x3;x1^2 x2^2 x3;x2^4 x3;x1^2 x2 x3^2;x1^2 x3^3;x2^2 x3^3;x1 x3^4",TRUE,34,"x3;x1^2;x2^2;x2 x3;x1^2 x3;x2^2 x3;x3^3;x1 x2^3;x1^3 x3;x1^2 x2 x3;x1 x2^2 x3;x1^2 x2 x3^2",TRUE,12,7,27,5,FALSE,2.93649337690383e-06,0.650001843840982,0.650001759459089,0.650001928431499,0.650001826968996,1.65818461947895e-08,39199605.3595797,1.95763002494498e-07,0.106325148338528,1.17635510632228e-07,1.20939966353001e-08,2.10352400530028e-06,4.71789703782033e-06,41.9634230136871
"aizawa",3,10,Inf,3.69897000433602,5000,4,13,"smoothed",26,8,13,"weak/smoothed/m=2w/p=8",381,"x1;x2;x3;x1^2;x2^2;x1 x3;x2 x3;x3^2;x1^2 x3;x2^2 x3;x2 x3^2;x3^3;x1^2 x2^2;x1 x2^3;x2^4;x1^3 x3;x1^2 x2 x3;x1 x2^2 x3;x2^3 x3;x1^2 x3^2;x2^2 x3^2;x2 x3^3;x3^4;x1^5;x1^3 x2^2;x1^4 x3;x1^2 x2^2 x3;x2^4 x3;x1^2 x2 x3^2;x1^2 x3^3;x2^2 x3^3;x1 x3^4;x2 x3^4",TRUE,33,"x3;x1^2;x2^2;x2 x3;x1^2 x3;x2^2 x3;x3^3;x1 x2^3;x1^3 x3;x1^2 x2 x3;x1 x2^2 x3;x2 x3^3;x1^5;x1^2 x2^2 x3;x1^2 x2 x3^2;x2 x3^4",TRUE,16,7,26,9,FALSE,3.7949781510338e-06,0.650000000771584,0.649999920390066,0.650000086264831,0.649999985843546,1.84029661093655e-08,35320392.4835113,2.17553734915806e-07,0.0221153296455547,1.20623076663658e-07,-1.53893116870452e-08,1.81387089223793e-07,8.54570500030682e-07,41.9590094089508
"aizawa",3,11,Inf,3.69897000433602,5000,4,13,"smoothed",NA,NA,NA,"sg",5000,"x3;x1^2;x2^2;x3^2;x1^2 x3;x2^2 x3;x3^3;x1^4;x1^2 x2^2;x2^4;x1^3 x3;x1^2 x3^2;x1 x2 x3^2;x2^2 x3^2;x2 x3^3;x3^4;x1^5;x1 x2^4;x1^2 x2^2 x3;x1^2 x3^3;x2^2 x3^3",TRUE,21,"x3;x1^2;x2^2;x3^2;x1^2 x3;x2^2 x3;x3^3;x1^4;x1^2 x2^2;x2^4;x1^3 x3;x1 x2 x3^2;x2^2 x3^2;x2 x3^3;x1^5;x1 x2^4;x1^2 x2^2 x3;x1^2 x3^3",TRUE,18,7,14,11,FALSE,6.76047801750901e-05,0.650000617162891,0.650000146561179,0.65000108008956,0.649999835091023,2.09986134197529e-07,3095441.69463867,9.13099653756951e-06,0.989248133828124,7.20182129038992e-06,-2.48910585227691e-08,9.71442822217363e-06,5.24188508451706e-05,24.8319082260132
"aizawa",3,11,Inf,3.69897000433602,5000,4,13,"raw",13,4,6,"weak/raw/m=1w/p=4",829,"x3;x1^2;x2^2;x3^2;x1^3;x1^2 x3;x2^2 x3;x3^3;x1^4;x1^2 x2^2;x2^4;x1^3 x3;x2^2 x3^2;x2 x3^3;x3^4;x1 x2^4;x1^2 x2^2 x3;x1^3 x3^2;x1 x2^2 x3^2;x1^2 x3^3;x2^2 x3^3",TRUE,21,"x3;x1^2;x2^2;x1^2 x3;x2^2 x3;x3^3;x1^2 x2^2;x1^3 x3;x1^3 x3^2;x1 x2^2 x3^2",TRUE,10,7,14,3,FALSE,4.56772334347377e-05,0.650029444416823,0.650029358731524,0.650029533530747,0.650029339004138,1.77998421769779e-08,36518825.9840235,3.13689474872959e-07,0.781404022533227,1.94289210914875e-07,4.87974160824143e-08,3.36791111203845e-05,8.15845464602338e-05,19.685218334198
"aizawa",3,11,Inf,3.69897000433602,5000,4,13,"raw",13,8,6,"weak/raw/m=1w/p=8",829,"x3;x1^2;x2^2;x1^2 x3;x2^2 x3;x3^3;x1^3 x3",TRUE,7,"x3;x1^2;x2^2;x1^2 x3;x2^2 x3;x3^3;x1^3 x3",TRUE,7,7,0,0,TRUE,3.85054713669675e-07,0.650000006729062,0.64999991372431,0.650000092084043,0.650000003913445,1.14046905636147e-08,56994093.8149773,2.01047698123991e-07,0.687982769413022,2.01072963480318e-07,-1.01856165128043e-08,2.03746735306336e-07,1.03665722461788e-06,1.97291088104248
"aizawa",3,11,Inf,3.69897000433602,5000,4,13,"raw",26,4,13,"weak/raw/m=2w/p=4",381,"x3;x1^2;x2^2;x3^2;x1^3;x1^2 x3;x2^2 x3;x3^3;x1^4;x1^2 x2^2;x1^3 x3;x1 x2^2 x3;x1^2 x3^2;x2^2 x3^2;x2 x3^3;x3^4;x1^5;x1^2 x2^2 x3;x1 x2^2 x3^2;x1^2 x3^3;x2^2 x3^3",TRUE,21,"x3;x1^2;x2^2;x1^2 x3;x2^2 x3;x3^3;x1^3 x3;x1^5;x1 x2^2 x3^2",TRUE,9,7,14,2,FALSE,2.99011931792492e-06,0.65000186122113,0.650001794249484,0.650001927594249,0.650001826382075,1.26006485140966e-08,51584791.5013982,1.49417564630429e-07,0.16199655730874,1.19291875298015e-07,5.19912959025023e-09,2.10191788120834e-06,4.63558985563939e-06,20.2256207466125
"aizawa",3,11,Inf,3.69897000433602,5000,4,13,"raw",26,8,13,"weak/raw/m=2w/p=8",381,"x3;x1^2;x2^2;x1^2 x3;x2^2 x3;x3^3;x1^3 x3",TRUE,7,"x3;x1^2;x2^2;x1^2 x3;x2^2 x3;x3^3;x1^3 x3",TRUE,7,7,0,0,TRUE,2.77823942879118e-07,0.649999984764024,0.649999794545593,0.650000179439565,0.649999985415922,1.34765272292084e-08,48232009.2083619,1.59992291319048e-07,0.0661027049722233,1.60115867408647e-07,-1.07160087371173e-08,1.61031350771845e-07,7.47394104494425e-07,2.13259863853455
"aizawa",3,11,Inf,3.69897000433602,5000,4,13,"smoothed",13,4,6,"weak/smoothed/m=1w/p=4",829,"x3;x1^2;x2^2;x3^2;x1^3;x1^2 x3;x2^2 x3;x3^3;x1^4;x1^2 x2^2;x2^4;x1^3 x3;x2^2 x3^2;x2 x3^3;x3^4;x1 x2^4;x1^2 x2^2 x3;x1^3 x3^2;x1 x2^2 x3^2;x1^2 x3^3;x2^2 x3^3",TRUE,21,"x3;x1^2;x2^2;x1^3;x1^2 x3;x2^2 x3;x3^3;x1^2 x2^2;x1^3 x3;x1^2 x2^2 x3;x1^3 x3^2;x1 x2^2 x3^2",TRUE,12,7,14,5,FALSE,4.57384087502177e-05,0.6500294468893,0.650029362893925,0.6500295376935,0.650029341431069,2.06286479859184e-08,31511000.7148696,3.63541972791278e-07,0.762933809905763,2.29545319549026e-07,4.87974160824143e-08,3.36791111203845e-05,8.15845464602338e-05,20.1673057079315
"aizawa",3,11,Inf,3.69897000433602,5000,4,13,"smoothed",13,8,6,"weak/smoothed/m=1w/p=8",829,"x3;x1^2;x2^2;x3^2;x1^3;x1^2 x3;x2^2 x3;x3^3;x1^4;x1^2 x2^2;x2^4;x1^3 x3;x1^2 x3^2;x2^2 x3^2;x2 x3^3;x3^4;x1 x2^4;x1^2 x2^2 x3;x1^3 x3^2;x1 x2^2 x3^2;x1^2 x3^3;x2^2 x3^3",TRUE,22,"x3;x1^2;x2^2;x1^3;x1^2 x3;x2^2 x3;x3^3;x1^3 x3;x1 x2^4;x1^2 x2^2 x3;x1^3 x3^2;x1 x2^2 x3^2",TRUE,12,7,15,5,FALSE,9.14501599780237e-07,0.650000009509996,0.649999945762998,0.650000073975838,0.650000005779594,1.41510992747897e-08,45932827.7724386,2.4946279020738e-07,0.69233928926426,1.94722963624458e-07,-1.01856165128043e-08,2.03746735306336e-07,1.03665722461788e-06,23.8320748806
"aizawa",3,11,Inf,3.69897000433602,5000,4,13,"smoothed",26,4,13,"weak/smoothed/m=2w/p=4",381,"x3;x1^2;x2^2;x3^2;x1^3;x1^2 x3;x2^2 x3;x3^3;x1^4;x1^2 x2^2;x1^3 x3;x1 x2^2 x3;x1^2 x3^2;x2^2 x3^2;x2 x3^3;x3^4;x1^5;x1^2 x2^2 x3;x1 x2^2 x3^2;x1^2 x3^3;x2^2 x3^3",TRUE,21,"x3;x1^2;x2^2;x1^2 x3;x2^2 x3;x3^3;x1^3 x3;x1^5;x1 x2^2 x3^2",TRUE,9,7,14,2,FALSE,2.94530222211264e-06,0.65000186085803,0.650001797328496,0.650001932077933,0.650001829832494,1.51122803910134e-08,43011498.7953123,1.79200310599675e-07,0.0850971031133552,1.40532120499408e-07,5.19912959025023e-09,2.10191788120834e-06,4.63558985563939e-06,26.3109738826752
"aizawa",3,11,Inf,3.69897000433602,5000,4,13,"smoothed",26,8,13,"weak/smoothed/m=2w/p=8",381,"x3;x1^2;x2^2;x1^2 x3;x2^2 x3;x3^3;x1^3 x3",TRUE,7,"x3;x1^2;x2^2;x1^2 x3;x2^2 x3;x3^3;x1^3 x3",TRUE,7,7,0,0,TRUE,4.50252423817021e-07,0.649999987429893,0.649999877976649,0.650000097148149,0.649999988913761,1.66191356142733e-08,39111540.0945108,1.9730109516058e-07,0.0110928726602245,1.9732971397109e-07,-1.07160087371173e-08,1.61031350771845e-07,7.47394104494425e-07,2.33035707473755
"aizawa",3,12,Inf,3.69897000433602,5000,4,13,"smoothed",NA,NA,NA,"sg",5000,"x1;x3;x1^2;x2^2;x1 x3;x2 x3;x3^2;x1^3;x1^2 x2;x2^3;x1^2 x3;x1 x2 x3;x2^2 x3;x2 x3^2;x3^3;x1^2 x2^2;x1^3 x3;x1 x2^2 x3;x1 x3^3;x3^4",TRUE,20,"x1;x3;x1^2;x2^2;x2 x3;x1^3;x1^2 x2;x2^3;x1^2 x3;x1 x2 x3;x2^2 x3;x2 x3^2;x3^3;x1^2 x2^2;x1^3 x3;x1 x2^2 x3;x1 x3^3;x3^4",TRUE,18,7,13,11,FALSE,0.000264395945691054,0.650000364328796,0.649999797157172,0.650000921256185,0.649997637140851,3.76952673404233e-07,1724348.12909209,1.57355591400598e-05,0.9657562943028,8.16038871627e-06,6.10290261869384e-07,1.70252208687372e-05,0.000311503713512962,7.67530107498169
"aizawa",3,12,Inf,3.69897000433602,5000,4,13,"raw",13,4,6,"weak/raw/m=1w/p=4",829,"x1;x3;x1^2;x2^2;x1 x3;x3^2;x1^3;x1^2 x2;x2^3;x1^2 x3;x1 x2 x3;x2^2 x3;x2 x3^2;x3^3;x1^2 x2^2;x1^3 x3;x1 x2^2 x3;x1 x3^3;x3^4;x1^2 x2^2 x3;x2 x3^4",TRUE,21,"x3;x1^2;x2^2;x1^3;x1^2 x3;x1 x2 x3;x2^2 x3;x3^3;x1^3 x3;x1 x2^2 x3",TRUE,10,7,14,3,FALSE,4.68531730146715e-05,0.650029387553657,0.650029258949753,0.650029510778934,0.650029307011941,1.81094432138039e-08,35894494.3440588,3.06629258376612e-07,0.78713932100485,1.60754819483485e-07,-6.5851053689856e-07,2.95380397543e-05,0.000198965034579168,10.2769601345062
"aizawa",3,12,Inf,3.69897000433602,5000,4,13,"raw",13,8,6,"weak/raw/m=1w/p=8",829,"x1;x3;x1^2;x2^2;x1 x3;x2 x3;x3^2;x1^3;x1^2 x2;x2^3;x1^2 x3;x1 x2 x3;x2^2 x3;x2 x3^2;x3^3;x1^2 x2^2;x1^3 x3;x1 x2^2 x3;x1 x3^3;x3^4;x1^2 x2^2 x3",TRUE,21,"x3;x1^2;x2^2;x1^2 x3;x2^2 x3;x3^3;x1^2 x2^2;x1^3 x3;x1 x2^2 x3",TRUE,9,7,14,2,FALSE,4.22519613810235e-06,0.649999977070228,0.649999856488402,0.650000099980189,0.650000019593792,1.01796398012686e-08,63852948.8551047,1.72465104076241e-07,0.691113368438545,1.49032288543631e-07,4.66424641705526e-09,1.73751429546098e-07,8.89631246780986e-07,11.3495280742645
"aizawa",3,12,Inf,3.69897000433602,5000,4,13,"raw",26,4,13,"weak/raw/m=2w/p=4",381,"x1;x2;x3;x1^2;x1 x2;x2^2;x1 x3;x3^2;x1^3;x1^2 x2;x1^2 x3;x1 x2 x3;x2^2 x3;x3^3;x1^4;x1^3 x2;x1^2 x2^2;x1 x2^3;x1^3 x3;x1 x2^2 x3;x2^3 x3;x1 x2 x3^2;x1 x3^3;x3^4;x1^2 x2^3;x1^4 x3;x1^3 x2 x3;x1^2 x2^2 x3;x1^2 x2 x3^2;x2^2 x3^3",TRUE,30,"x3;x1^2;x2^2;x1^2 x3;x2^2 x3;x3^3;x1^3 x3;x1 x2^2 x3;x1^2 x2 x3^2",TRUE,9,7,23,2,FALSE,5.48522381099703e-06,0.650001889857652,0.650001783616212,0.650002000529276,0.65000183890658,1.15767574515275e-08,56147141.5142084,1.31073564585513e-07,0.213064282677049,8.80505621650947e-08,-6.0955619458345e-09,1.75355780317352e-06,1.13783950800306e-05,21.1554529666901
"aizawa",3,12,Inf,3.69897000433602,5000,4,13,"raw",26,8,13,"weak/raw/m=2w/p=8",381,"x1;x3;x1^2;x2^2;x1 x3;x3^2;x1^3;x1^2 x2;x1^2 x3;x2^2 x3;x3^3;x1^4;x1^3 x2;x1^2 x2^2;x1 x2^3;x1^3 x3;x2^3 x3;x1 x3^3;x3^4;x1^2 x2^3;x1^4 x3;x1^2 x2^2 x3;x1^2 x2 x3^2;x2^2 x3^3",TRUE,24,"x3;x1^2;x2^2;x1^2 x3;x2^2 x3;x3^3;x1^3 x3;x2^3 x3;x1^2 x2 x3^2",TRUE,9,7,17,2,FALSE,7.12812809583463e-06,0.650000030176603,0.649999915930389,0.650000142629161,0.650000004251411,1.20805047387918e-08,53805699.2075996,1.36914844677937e-07,0.125711995295788,1.09489530208819e-07,3.82964286762567e-09,1.37944671354659e-07,6.80308913314498e-07,19.9269239902496
"aizawa",3,12,Inf,3.69897000433602,5000,4,13,"smoothed",13,4,6,"weak/smoothed/m=1w/p=4",829,"x1;x3;x1^2;x2^2;x1 x3;x3^2;x1^3;x1^2 x2;x2^3;x1^2 x3;x1 x2 x3;x2^2 x3;x2 x3^2;x3^3;x1^2 x2^2;x1^3 x3;x1 x2^2 x3;x1 x3^3;x3^4;x1^2 x2^2 x3",TRUE,20,"x3;x1^2;x2^2;x1^3;x1^2 x3;x1 x2 x3;x2^2 x3;x3^3;x1^3 x3;x1 x2^2 x3",TRUE,10,7,13,3,FALSE,4.71823421324125e-05,0.650029375526214,0.650029205278855,0.650029542731029,0.650029299518284,2.37511057756444e-08,27368380.4728308,4.0215393850614e-07,0.713189463260733,2.20192060886284e-07,-6.5851053689856e-07,2.95380397543e-05,0.000198965034579168,8.55729985237122
"aizawa",3,12,Inf,3.69897000433602,5000,4,13,"smoothed",13,8,6,"weak/smoothed/m=1w/p=8",829,"x1;x3;x1^2;x2^2;x1 x3;x2 x3;x3^2;x1^3;x1^2 x2;x2^3;x1^2 x3;x1 x2 x3;x2^2 x3;x2 x3^2;x3^3;x1^2 x2^2;x1^3 x3;x1 x2^2 x3;x1 x3^3;x3^4;x1^2 x2^2 x3",TRUE,21,"x3;x1^2;x2^2;x3^2;x1^3;x2^3;x1^2 x3;x1 x2 x3;x2^2 x3;x2 x3^2;x3^3;x1^3 x3;x1 x2^2 x3;x3^4;x1^2 x2^2 x3",TRUE,15,7,14,8,FALSE,7.07269083854989e-06,0.649999944000713,0.649999828973291,0.650000077102816,0.65000001236847,1.70774772531155e-08,38061828.614053,2.89329380244819e-07,0.583549543167599,2.18567032802177e-07,4.66424641705526e-09,1.73751429546098e-07,8.89631246780986e-07,9.69104671478271
"aizawa",3,12,Inf,3.69897000433602,5000,4,13,"smoothed",26,4,13,"weak/smoothed/m=2w/p=4",381,"x1;x2;x3;x1^2;x1 x2;x2^2;x1 x3;x3^2;x1^3;x1^2 x2;x1^2 x3;x1 x2 x3;x2^2 x3;x3^3;x1^4;x1^3 x2;x1^2 x2^2;x1 x2^3;x1^3 x3;x1 x2^2 x3;x2^3 x3;x1 x2 x3^2;x1 x3^3;x3^4;x1^2 x2^3;x1^4 x3;x1^3 x2 x3;x1^2 x2^2 x3;x1^2 x2 x3^2;x2^2 x3^3",TRUE,30,"x3;x1^2;x2^2;x1^2 x3;x2^2 x3;x3^3;x1^3 x3;x1 x2^2 x3;x1^2 x2 x3^2",TRUE,9,7,23,2,FALSE,5.33537815303187e-06,0.650001902568985,0.650001796658097,0.650002003534752,0.650001850884514,1.31027117481598e-08,49608192.8212915,1.48350618500625e-07,0.101990830483709,9.60881687557838e-08,-6.0955619458345e-09,1.75355780317352e-06,1.13783950800306e-05,19.6540815830231
"aizawa",3,12,Inf,3.69897000433602,5000,4,13,"smoothed",26,8,13,"weak/smoothed/m=2w/p=8",381,"x1;x3;x1^2;x2^2;x1 x3;x3^2;x1^3;x1^2 x2;x1^2 x3;x2^2 x3;x3^3;x1^4;x1^3 x2;x1^2 x2^2;x1 x2^3;x1^3 x3;x2^3 x3;x1 x3^3;x3^4;x1^2 x2^3;x1^4 x3;x1^2 x2^2 x3;x1^2 x2 x3^2;x2^2 x3^3",TRUE,24,"x3;x1^2;x2^2;x1^2 x3;x2^2 x3;x3^3;x1 x2^3;x1^3 x3;x2^3 x3;x1^2 x2 x3^2",TRUE,10,7,17,3,FALSE,6.82400167845154e-06,0.650000037705447,0.649999941849829,0.650000130332092,0.650000021847504,1.53377222944809e-08,42379175.301759,1.73830639008998e-07,0.0486108567011998,1.23379333967612e-07,3.82964286762567e-09,1.37944671354659e-07,6.80308913314498e-07,12.8669455051422
"aizawa",3,13,Inf,3.69897000433602,5000,4,13,"smoothed",NA,NA,NA,"sg",5000,"x2;x3;x1^2;x1 x2;x2^2;x1 x3;x3^2;x1^3;x1^2 x2;x1 x2^2;x2^3;x2^2 x3;x2 x3^2;x3^3;x1^4;x1^3 x2;x1^2 x2^2;x2^4;x1^3 x3;x1^2 x2 x3;x1 x2^2 x3;x2^3 x3;x1^2 x3^2;x1 x2 x3^2;x2^2 x3^2;x1 x3^3;x2 x3^3;x3^4;x1^5;x1^4 x2;x1^3 x2^2;x1^2 x2^3;x2^5;x1^4 x3;x1^2 x2^2 x3;x2^4 x3;x1^3 x3^2;x1^2 x2 x3^2;x1 x2^2 x3^2;x1^2 x3^3;x2^2 x3^3;x1 x3^4",TRUE,42,"x2;x3;x1^2;x1 x2;x2^2;x1 x3;x1^3;x1^2 x2;x1 x2^2;x2^3;x2^2 x3;x2 x3^2;x3^3;x1^4;x1^3 x2;x1^2 x2^2;x2^4;x1^3 x3;x1^2 x2 x3;x1 x2^2 x3;x2^3 x3;x1^2 x3^2;x1 x2 x3^2;x2^2 x3^2;x1 x3^3;x2 x3^3;x3^4;x1^5;x1^4 x2;x1^3 x2^2;x1^2 x2^3;x2^5;x1^4 x3;x1^2 x2^2 x3;x2^4 x3;x1^3 x3^2;x1^2 x2 x3^2;x1 x2^2 x3^2;x1^2 x3^3;x2^2 x3^3;x1 x3^4",TRUE,41,6,36,35,FALSE,1.28438418571522,0.654438582753445,0.653501760992809,0.655350673254095,0.650000251515132,3.31255257065419e-07,1962233.76882669,1.38118128057002e-05,0.779599765629283,0.010725383315788,3.85635934810979e-07,1.52683060425531e-05,0.000595143909408846,38.0269973278046
"aizawa",3,13,Inf,3.69897000433602,5000,4,13,"raw",13,4,6,"weak/raw/m=1w/p=4",829,"x2;x3;x1^2;x1 x2;x2^2;x1 x3;x3^2;x1^3;x1^2 x2;x2^3;x1 x2 x3;x2^2 x3;x2 x3^2;x3^3;x1^4;x1^2 x2^2;x2^4;x1^3 x3;x1^2 x2 x3;x1 x2^2 x3;x2^3 x3;x1^2 x3^2;x1 x2 x3^2;x2^2 x3^2;x1 x3^3;x2 x3^3;x3^4;x1^5;x1^4 x2;x1^3 x2^2;x1^2 x2^3;x1^4 x3;x1^3 x2 x3;x1^2 x2^2 x3;x1 x2^3 x3;x2^4 x3;x1^3 x3^2;x1^2 x2 x3^2;x1 x2^2 x3^2;x2^2 x3^3;x1 x3^4",TRUE,41,"x3;x1^2;x1 x2;x2^2;x1 x3;x1^3;x1^2 x2;x1 x2 x3;x2^2 x3;x2 x3^2;x3^3;x1^3 x3;x1 x2^2 x3;x2^3 x3;x1^2 x3^2;x1 x2 x3^2;x2 x3^3;x3^4;x1^5;x1^4 x2;x1^3 x2^2;x1^2 x2^3;x1^4 x3;x1^2 x2^2 x3;x2^4 x3;x1^2 x2 x3^2;x1 x2^2 x3^2;x1 x3^4",TRUE,28,6,35,22,FALSE,1,0.653101433420545,0.65116865005647,0.655112236047023,0.650029355356946,2.00882616206191e-08,32358666.3511859,3.40271228288285e-07,0.761739291964063,0.0100518418202008,-9.52427384509551e-08,3.6749692352275e-05,0.000143186119544336,24.3212387561798
"aizawa",3,13,Inf,3.69897000433602,5000,4,13,"raw",13,8,6,"weak/raw/m=1w/p=8",829,"x2;x3;x1^2;x1 x2;x2^2;x1 x3;x3^2;x1^3;x1^2 x2;x2^3;x1 x2 x3;x2^2 x3;x2 x3^2;x3^3;x1^4;x1^2 x2^2;x2^4;x1^3 x3;x1^2 x2 x3;x1 x2^2 x3;x2^3 x3;x1^2 x3^2;x1 x2 x3^2;x2^2 x3^2;x1 x3^3;x2 x3^3;x3^4;x1^5;x1^4 x2;x1^3 x2^2;x1^2 x2^3;x1^4 x3;x1^3 x2 x3;x1^2 x2^2 x3;x1 x2^3 x3;x2^4 x3;x1^3 x3^2;x1^2 x2 x3^2;x1 x2^2 x3^2;x2^2 x3^3;x1 x3^4",TRUE,41,"x3;x1^2;x1 x2;x2^2;x1 x3;x1^3;x1^2 x2;x1 x2 x3;x2^2 x3;x2 x3^2;x3^3;x1^3 x3;x1 x2^2 x3;x2^3 x3;x1^2 x3^2;x1 x2 x3^2;x2 x3^3;x3^4;x1^5;x1^4 x2;x1^3 x2^2;x1^2 x2^3;x1^4 x3;x1^2 x2^2 x3;x2^4 x3;x1^2 x2 x3^2;x1 x2^2 x3^2;x1 x3^4",TRUE,28,6,35,22,FALSE,1,0.653106171925785,0.651191356969647,0.654990597021856,0.650000014366787,1.43754641619231e-08,45215932.3027962,2.4361262487178e-07,0.698867291711607,0.0101625969006157,-6.89798775129646e-10,2.46276886329341e-07,9.7030956147659e-07,13.9755616188049
"aizawa",3,13,Inf,3.69897000433602,5000,4,13,"raw",26,4,13,"weak/raw/m=2w/p=4",381,"x2;x3;x1^2;x1 x2;x2^2;x1 x3;x3^2;x1^3;x1^2 x2;x1 x2^2;x1^2 x3;x2^2 x3;x2 x3^2;x3^3;x1^2 x2^2;x1^3 x3;x1^2 x2 x3;x1 x2^2 x3;x2^3 x3;x1^2 x3^2;x1 x2 x3^2;x2^2 x3^2;x1 x3^3;x2 x3^3;x3^4;x1^5;x1^4 x2;x1^3 x2^2;x1 x2^4;x1^4 x3;x1^3 x2 x3;x1^2 x2^2 x3;x1 x2^3 x3;x2^4 x3;x1^3 x3^2;x1^2 x2 x3^2;x1 x2^2 x3^2;x2^3 x3^2;x1^2 x3^3;x2^2 x3^3;x1 x3^4",TRUE,41,"x3;x1^2;x2^2;x1^2 x3;x2^2 x3;x3^3;x1^3 x3;x1^2 x2 x3;x2^3 x3;x1^2 x2 x3^2;x2^3 x3^2",TRUE,11,7,34,4,FALSE,1.09501316210292e-05,0.650001869547173,0.650001773909314,0.65000196723132,0.650001836722051,1.54019195206888e-08,42202651.159742,1.75751492081386e-07,0.154557674321143,1.0200918590322e-07,1.24947310966625e-08,2.2674515177386e-06,8.4104713803379e-06,66.0384318828583
"aizawa",3,13,Inf,3.69897000433602,5000,4,13,"raw",26,8,13,"weak/raw/m=2w/p=8",381,"x2;x3;x1^2;x2^2;x1 x3;x3^2;x1^3;x1^2 x2;x1 x2^2;x1^2 x3;x2^2 x3;x2 x3^2;x3^3;x1^3 x2;x1^2 x2^2;x2^4;x1^3 x3;x1 x2^2 x3;x2^3 x3;x1^2 x3^2;x1 x2 x3^2;x2^2 x3^2;x1 x3^3;x2 x3^3;x3^4;x1^4 x2;x1^2 x2^3;x1^4 x3;x1^3 x2 x3;x1^2 x2^2 x3;x1 x2^3 x3;x2^4 x3;x1^3 x3^2;x1^2 x2 x3^2;x1 x2^2 x3^2;x2^3 x3^2;x1^2 x3^3;x2^2 x3^3",TRUE,38,"x3;x1^2;x2^2;x1^2 x3;x2^2 x3;x3^3;x1^3 x3;x1^2 x2 x3^2",TRUE,8,7,31,1,FALSE,1.08283467725734e-06,0.650000008117676,0.649999869477892,0.650000138644737,0.649999994573754,1.7173441258929e-08,37849140.7035732,1.96318511989079e-07,0.0835219805076548,1.28046094626887e-07,-1.74308957498314e-09,1.97613577266305e-07,7.62657092701069e-07,36.2729575634003
"aizawa",3,13,Inf,3.69897000433602,5000,4,13,"smoothed",13,4,6,"weak/smoothed/m=1w/p=4",829,"x2;x3;x1^2;x1 x2;x2^2;x1 x3;x3^2;x1^3;x1^2 x2;x2^3;x1 x2 x3;x2^2 x3;x2 x3^2;x3^3;x1^4;x1^2 x2^2;x2^4;x1^3 x3;x1^2 x2 x3;x1 x2^2 x3;x2^3 x3;x1^2 x3^2;x1 x2 x3^2;x2^2 x3^2;x1 x3^3;x2 x3^3;x3^4;x1^5;x1^4 x2;x1^3 x2^2;x1^2 x2^3;x1^4 x3;x1^3 x2 x3;x1^2 x2^2 x3;x1 x2^3 x3;x2^4 x3;x1^3 x3^2;x1^2 x2 x3^2;x1 x2^2 x3^2;x2^2 x3^3;x1 x3^4",TRUE,41,"x3;x1^2;x1 x2;x2^2;x1 x3;x1^3;x1^2 x2;x1 x2 x3;x2^2 x3;x2 x3^2;x3^3;x1^3 x3;x1 x2^2 x3;x2^3 x3;x1^2 x3^2;x1 x2 x3^2;x2 x3^3;x3^4;x1^5;x1^4 x2;x1^3 x2^2;x1^2 x2^3;x1^4 x3;x1^2 x2^2 x3;x2^4 x3;x1^2 x2 x3^2;x1 x2^2 x3^2;x1 x3^4",TRUE,28,6,35,22,FALSE,1,0.65303732293955,0.651179657699777,0.654965511279069,0.650029363303341,2.38535819641913e-08,27250807.2070332,4.04051269537737e-07,0.744030906751738,0.0100522328060111,-9.52427384509551e-08,3.6749692352275e-05,0.000143186119544336,22.2252140045166
"aizawa",3,13,Inf,3.69897000433602,5000,4,13,"smoothed",13,8,6,"weak/smoothed/m=1w/p=8",829,"x2;x3;x1^2;x1 x2;x2^2;x1 x3;x3^2;x1^3;x1^2 x2;x2^3;x1 x2 x3;x2^2 x3;x2 x3^2;x3^3;x1^4;x1^2 x2^2;x2^4;x1^3 x3;x1^2 x2 x3;x1 x2^2 x3;x2^3 x3;x1^2 x3^2;x1 x2 x3^2;x2^2 x3^2;x1 x3^3;x2 x3^3;x3^4;x1^5;x1^4 x2;x1^3 x2^2;x1^2 x2^3;x1^4 x3;x1^3 x2 x3;x1^2 x2^2 x3;x1 x2^3 x3;x2^4 x3;x1^3 x3^2;x1^2 x2 x3^2;x1 x2^2 x3^2;x2^2 x3^3;x1 x3^4",TRUE,41,"x3;x1^2;x1 x2;x2^2;x1 x3;x1^3;x1^2 x2;x1 x2 x3;x2^2 x3;x2 x3^2;x3^3;x1^3 x3;x1 x2^2 x3;x2^3 x3;x1^2 x3^2;x1 x2 x3^2;x2 x3^3;x3^4;x1^5;x1^4 x2;x1^3 x2^2;x1^2 x2^3;x1^4 x3;x1^2 x2^2 x3;x2^4 x3;x1^2 x2 x3^2;x1 x2^2 x3^2;x1 x3^4",TRUE,28,6,35,22,FALSE,1,0.653082287759978,0.65114259097155,0.655104339840542,0.650000021621479,1.77872836046063e-08,36542961.5938181,3.01430742472332e-07,0.699840431534078,0.0101618895302378,-6.89798775129646e-10,2.46276886329341e-07,9.7030956147659e-07,14.4666707515717
"aizawa",3,13,Inf,3.69897000433602,5000,4,13,"smoothed",26,4,13,"weak/smoothed/m=2w/p=4",381,"x2;x3;x1^2;x1 x2;x2^2;x1 x3;x3^2;x1^3;x1^2 x2;x1 x2^2;x1^2 x3;x2^2 x3;x2 x3^2;x3^3;x1^2 x2^2;x1^3 x3;x1^2 x2 x3;x1 x2^2 x3;x2^3 x3;x1^2 x3^2;x1 x2 x3^2;x2^2 x3^2;x1 x3^3;x2 x3^3;x3^4;x1^5;x1^4 x2;x1^3 x2^2;x1 x2^4;x1^4 x3;x1^3 x2 x3;x1^2 x2^2 x3;x1 x2^3 x3;x2^4 x3;x1^3 x3^2;x1^2 x2 x3^2;x1 x2^2 x3^2;x2^3 x3^2;x1^2 x3^3;x2^2 x3^3;x1 x3^4",TRUE,41,"x3;x1^2;x2^2;x1^2 x3;x2^2 x3;x3^3;x1^3 x3;x1^2 x2 x3;x2^3 x3;x1^2 x2 x3^2;x2^3 x3^2",TRUE,11,7,34,4,FALSE,9.99203958435002e-06,0.650001869039357,0.650001747669189,0.650001996481965,0.650001842359993,1.83836513962338e-08,35357602.7063458,2.097760703907e-07,0.0961379665972175,1.01987293101688e-07,1.24947310966625e-08,2.2674515177386e-06,8.4104713803379e-06,51.0092060565948
"aizawa",3,13,Inf,3.69897000433602,5000,4,13,"smoothed",26,8,13,"weak/smoothed/m=2w/p=8",381,"x2;x3;x1^2;x2^2;x1 x3;x3^2;x1^3;x1^2 x2;x1 x2^2;x1^2 x3;x2^2 x3;x2 x3^2;x3^3;x1^3 x2;x1^2 x2^2;x2^4;x1^3 x3;x1 x2^2 x3;x2^3 x3;x1^2 x3^2;x1 x2 x3^2;x2^2 x3^2;x1 x3^3;x2 x3^3;x3^4;x1^4 x2;x1^2 x2^3;x1^4 x3;x1^3 x2 x3;x1^2 x2^2 x3;x1 x2^3 x3;x2^4 x3;x1^3 x3^2;x1^2 x2 x3^2;x1 x2^2 x3^2;x2^3 x3^2;x1^2 x3^3;x2^2 x3^3",TRUE,38,"x3;x1^2;x2^2;x1^2 x3;x2^2 x3;x3^3;x1^3 x3;x1^4 x2;x1^2 x2 x3^2",TRUE,9,7,31,2,FALSE,1.33740096996959e-06,0.650000013911833,0.649999847607929,0.650000188451849,0.650000000427178,2.08801300812029e-08,31130074.2811144,2.38691593261699e-07,0.0361555695406832,1.3116804994195e-07,-1.74308957498314e-09,1.97613577266305e-07,7.62657092701069e-07,33.2675030231476
"aizawa",3,14,Inf,3.69897000433602,5000,4,13,"smoothed",NA,NA,NA,"sg",5000,"x2;x3;x1^2;x1 x2;x2^2;x1 x3;x3^2;x1^3;x1^2 x2;x1 x2^2;x2^3;x1^2 x3;x1 x2 x3;x2^2 x3;x2 x3^2;x3^3;x1^2 x2^2;x2^4;x1^3 x3;x1^2 x2 x3;x1 x2^2 x3;x2^3 x3;x1^2 x3^2;x1 x2 x3^2;x2^2 x3^2;x1 x3^3;x2 x3^3;x3^4;x1^5;x1^4 x2;x1^3 x2^2;x1^2 x2^3;x1 x2^4;x2^5;x1^4 x3;x1^3 x2 x3;x1^2 x2^2 x3;x1 x2^3 x3;x2^4 x3;x1^3 x3^2;x1^2 x2 x3^2;x1 x2^2 x3^2;x2^3 x3^2;x1^2 x3^3;x2^2 x3^3",TRUE,45,"x2;x3;x1^2;x2^2;x1 x3;x3^2;x1^3;x1^2 x2;x1 x2^2;x2^3;x1^2 x3;x1 x2 x3;x2^2 x3;x2 x3^2;x3^3;x1^2 x2^2;x2^4;x1^3 x3;x1^2 x2 x3;x1 x2^2 x3;x2^3 x3;x1^2 x3^2;x1 x2 x3^2;x1 x3^3;x2 x3^3;x3^4;x1^5;x1^4 x2;x1^3 x2^2;x1^2 x2^3;x1 x2^4;x1^4 x3;x1^3 x2 x3;x1^2 x2^2 x3;x1 x2^3 x3;x2^4 x3;x1^3 x3^2;x1^2 x2 x3^2;x1 x2^2 x3^2;x2^3 x3^2;x1^2 x3^3;x2^2 x3^3",TRUE,42,7,38,35,FALSE,0.00021916074192968,0.650000692673622,0.650000510387304,0.650000873992624,0.649999910216457,2.3135601352075e-07,2809522.4339529,1.02603806062348e-05,0.967026504287656,2.73168184523263e-06,-1.55434189922254e-07,1.05735101643369e-05,0.000131359630474503,47.1651937961578
"aizawa",3,14,Inf,3.69897000433602,5000,4,13,"raw",13,4,6,"weak/raw/m=1w/p=4",829,"x3;x1^2;x2^2;x1 x3;x3^2;x1^2 x2;x1 x2^2;x2^3;x1^2 x3;x1 x2 x3;x2^2 x3;x1 x3^2;x2 x3^2;x3^3;x1^4;x1^2 x2^2;x2^4;x1^3 x3;x1^2 x2 x3;x1 x2^2 x3;x2^3 x3;x1^2 x3^2;x2^2 x3^2;x1 x3^3;x2 x3^3;x3^4;x1^4 x2;x1^3 x2^2;x1^2 x2^3;x1 x2^4;x2^5;x1^3 x2 x3;x1^2 x2^2 x3;x1 x2^3 x3;x2^4 x3;x1^3 x3^2;x1^2 x2 x3^2;x1 x2^2 x3^2;x2^3 x3^2;x1^2 x3^3;x2^2 x3^3",TRUE,41,"x3;x1^2;x2^2;x1^2 x3;x2^2 x3;x3^3;x1^3 x3;x1^2 x2 x3;x1^2 x3^2;x1^3 x3^2;x1^2 x2 x3^2;x2^3 x3^2;x1^2 x3^3",TRUE,13,7,34,6,FALSE,4.54573220498578e-05,0.650029429570973,0.650029319931225,0.650029539021863,0.650029355177513,1.79756381615494e-08,36161684.4606914,3.23966447827151e-07,0.771584587269067,1.35837823890267e-07,8.54362021926716e-08,3.45057279200726e-05,0.000138853426999597,30.4818866252899
"aizawa",3,14,Inf,3.69897000433602,5000,4,13,"raw",13,8,6,"weak/raw/m=1w/p=8",829,"x3;x1^2;x2^2;x1 x3;x3^2;x1^2 x2;x1 x2^2;x2^3;x1^2 x3;x1 x2 x3;x2^2 x3;x1 x3^2;x2 x3^2;x3^3;x1^4;x1^2 x2^2;x2^4;x1^3 x3;x1^2 x2 x3;x1 x2^2 x3;x2^3 x3;x1^2 x3^2;x2^2 x3^2;x1 x3^3;x2 x3^3;x3^4;x1^4 x2;x1^3 x2^2;x1^2 x2^3;x1 x2^4;x2^5;x1^3 x2 x3;x1^2 x2^2 x3;x1 x2^3 x3;x2^4 x3;x1^3 x3^2;x1^2 x2 x3^2;x1 x2^2 x3^2;x2^3 x3^2;x1^2 x3^3;x2^2 x3^3",TRUE,41,"x3;x1^2;x2^2;x1^2 x3;x2^2 x3;x3^3;x1^3 x3;x1^2 x2 x3;x2^3 x3;x1^2 x3^2;x1^3 x3^2;x1^2 x2 x3^2;x1 x2^2 x3^2;x2^3 x3^2;x1^2 x3^3",TRUE,15,7,34,8,FALSE,2.7637615168663e-06,0.650000000251248,0.649999919132061,0.650000076515448,0.650000019343482,1.17115220106197e-08,55500900.6305141,2.11139954500568e-07,0.688727664272102,1.33439233611989e-07,1.89420827984164e-09,2.14438478352788e-07,8.67539209026269e-07,31.8938426971436
"aizawa",3,14,Inf,3.69897000433602,5000,4,13,"raw",26,4,13,"weak/raw/m=2w/p=4",381,"x1;x2;x3;x1^2;x2^2;x1 x3;x3^2;x1 x2^2;x1^2 x3;x1 x2 x3;x2^2 x3;x1 x3^2;x2 x3^2;x3^3;x1^4;x1^2 x2^2;x2^4;x1^3 x3;x1 x2^2 x3;x2^2 x3^2;x2 x3^3;x3^4;x1^2 x2^3;x1 x2^4;x2^5;x1^2 x2^2 x3;x2^4 x3;x1^3 x3^2;x1^2 x2 x3^2;x1 x2^2 x3^2;x2^3 x3^2;x1^2 x3^3;x2^2 x3^3",TRUE,33,"x3;x1^2;x2^2;x1^2 x3;x2^2 x3;x3^3;x1^3 x3",TRUE,7,7,26,0,TRUE,3.04468501388655e-06,0.650001856612456,0.650001704812339,0.650002006945053,0.650001840528451,1.26309409677091e-08,51461078.1722579,1.53433885126816e-07,0.1342003851427,1.12184526283821e-07,2.96482608356116e-08,2.12678382675602e-06,8.1408371072067e-06,20.5602352619171
"aizawa",3,14,Inf,3.69897000433602,5000,4,13,"raw",26,8,13,"weak/raw/m=2w/p=8",381,"x3;x1^2;x2^2;x1 x3;x3^2;x1 x2^2;x2^3;x1^2 x3;x1 x2 x3;x2^2 x3;x1 x3^2;x2 x3^2;x3^3;x1^4;x1^2 x2^2;x2^4;x1^3 x3;x1 x2^2 x3;x2^2 x3^2;x2 x3^3;x3^4;x1^2 x2^3;x1 x2^4;x2^5;x1^2 x2^2 x3;x2^4 x3;x1^3 x3^2;x1^2 x2 x3^2;x1 x2^2 x3^2;x2^3 x3^2;x1^2 x3^3;x1 x2 x3^3;x2^2 x3^3",TRUE,33,"x3;x1^2;x2^2;x1^2 x3;x2^2 x3;x3^3;x1^3 x3;x1^2 x2 x3^2",TRUE,8,7,26,1,FALSE,1.3390958359949e-06,0.649999990408588,0.649999897627385,0.650000080524886,0.650000000091391,1.38296905913072e-08,47000328.4455227,1.68219321282882e-07,0.045704205911405,1.2765580895425e-07,2.66545286892052e-09,1.7009666204012e-07,6.8695277888331e-07,28.3281819820404
"aizawa",3,14,Inf,3.69897000433602,5000,4,13,"smoothed",13,4,6,"weak/smoothed/m=1w/p=4",829,"x3;x1^2;x2^2;x1 x3;x3^2;x1^2 x2;x1 x2^2;x2^3;x1^2 x3;x1 x2 x3;x2^2 x3;x1 x3^2;x2 x3^2;x3^3;x1^4;x1^2 x2^2;x2^4;x1^3 x3;x1^2 x2 x3;x1 x2^2 x3;x2^3 x3;x1^2 x3^2;x2^2 x3^2;x1 x3^3;x2 x3^3;x3^4;x1^4 x2;x1^3 x2^2;x1^2 x2^3;x1 x2^4;x2^5;x1^3 x2 x3;x1^2 x2^2 x3;x1 x2^3 x3;x2^4 x3;x1^3 x3^2;x1^2 x2 x3^2;x1 x2^2 x3^2;x2^3 x3^2;x1^2 x3^3;x2^2 x3^3",TRUE,41,"x3;x1^2;x2^2;x1^2 x3;x2^2 x3;x3^3;x1^3 x3;x1^2 x2 x3;x2^3 x3;x1^2 x3^2;x1^3 x3^2;x1^2 x2 x3^2;x2^3 x3^2;x1^2 x3^3",TRUE,14,7,34,7,FALSE,4.54702798209361e-05,0.650029432600604,0.650029313261068,0.650029548631691,0.650029360935505,2.13346713714419e-08,30468215.3110462,3.84504717887958e-07,0.747979954868522,1.39374646765953e-07,8.54362021926716e-08,3.45057279200726e-05,0.000138853426999597,24.1234443187714
"aizawa",3,14,Inf,3.69897000433602,5000,4,13,"smoothed",13,8,6,"weak/smoothed/m=1w/p=8",829,"x3;x1^2;x2^2;x1 x3;x3^2;x1^2 x2;x1 x2^2;x2^3;x1^2 x3;x1 x2 x3;x2^2 x3;x1 x3^2;x2 x3^2;x3^3;x1^4;x1^2 x2^2;x2^4;x1^3 x3;x1^2 x2 x3;x1 x2^2 x3;x2^3 x3;x1^2 x3^2;x2^2 x3^2;x1 x3^3;x2 x3^3;x3^4;x1^4 x2;x1^3 x2^2;x1^2 x2^3;x1 x2^4;x2^5;x1^3 x2 x3;x1^2 x2^2 x3;x1 x2^3 x3;x2^4 x3;x1^3 x3^2;x1^2 x2 x3^2;x1 x2^2 x3^2;x2^3 x3^2;x1^2 x3^3;x2^2 x3^3",TRUE,41,"x3;x1^2;x2^2;x1^2 x3;x2^2 x3;x3^3;x1^3 x3;x1^2 x2 x3;x2^3 x3;x1^2 x3^2;x1^3 x3^2;x1^2 x2 x3^2;x2^3 x3^2;x1^2 x3^3",TRUE,14,7,34,7,FALSE,2.33422032258623e-06,0.649999998604055,0.649999913025101,0.650000086148875,0.650000025380793,1.48722814425854e-08,43705468.3163526,2.68123375877699e-07,0.686195466307593,1.32845032460271e-07,1.89420827984164e-09,2.14438478352788e-07,8.67539209026269e-07,30.7168853282928
"aizawa",3,14,Inf,3.69897000433602,5000,4,13,"smoothed",26,4,13,"weak/smoothed/m=2w/p=4",381,"x1;x2;x3;x1^2;x2^2;x1 x3;x3^2;x1 x2^2;x1^2 x3;x1 x2 x3;x2^2 x3;x1 x3^2;x2 x3^2;x3^3;x1^4;x1^2 x2^2;x2^4;x1^3 x3;x1 x2^2 x3;x2^2 x3^2;x2 x3^3;x3^4;x1^2 x2^3;x1 x2^4;x2^5;x1^2 x2^2 x3;x2^4 x3;x1^3 x3^2;x1^2 x2 x3^2;x1 x2^2 x3^2;x2^3 x3^2;x1^2 x3^3;x2^2 x3^3",TRUE,33,"x3;x1^2;x2^2;x1^2 x3;x2^2 x3;x3^3;x1^3 x3;x1^2 x2^3;x2^5;x1^2 x2 x3^2",TRUE,10,7,26,3,FALSE,3.07191206028179e-06,0.650001856308979,0.650001775702429,0.650001935211493,0.650001844967083,1.5134582000879e-08,42948120.0689474,1.83846770852615e-07,0.0662218122811986,1.18995812702227e-07,2.96482608356116e-08,2.12678382675602e-06,8.1408371072067e-06,32.7665886878967
"aizawa",3,14,Inf,3.69897000433602,5000,4,13,"smoothed",26,8,13,"weak/smoothed/m=2w/p=8",381,"x3;x1^2;x2^2;x1 x3;x3^2;x1 x2^2;x2^3;x1^2 x3;x1 x2 x3;x2^2 x3;x1 x3^2;x2 x3^2;x3^3;x1^4;x1^2 x2^2;x2^4;x1^3 x3;x1 x2^2 x3;x2^2 x3^2;x2 x3^3;x3^4;x1^2 x2^3;x1 x2^4;x2^5;x1^2 x2^2 x3;x2^4 x3;x1^3 x3^2;x1^2 x2 x3^2;x1 x2^2 x3^2;x2^3 x3^2;x1^2 x3^3;x1 x2 x3^3;x2^2 x3^3",TRUE,33,"x3;x1^2;x2^2;x1^2 x3;x2^2 x3;x3^3;x1^3 x3;x1^2 x2^3;x1^2 x2 x3^2",TRUE,9,7,26,2,FALSE,1.47673074479826e-06,0.649999992452889,0.649999869253139,0.650000115118559,0.650000004322918,1.70132291418951e-08,38205563.3825735,2.06942724580622e-07,0.00130384503621059,1.40372218066044e-07,2.66545286892052e-09,1.7009666204012e-07,6.8695277888331e-07,28.7797181606293
"aizawa",3,15,Inf,3.69897000433602,5000,4,13,"smoothed",NA,NA,NA,"sg",5000,"x3;x1^2;x2^2;x1 x3;x3^2;x1^3;x1^2 x2;x1^2 x3;x3^3;x1^4;x1^2 x2^2;x2^4;x1^3 x3;x1^2 x2 x3;x1 x2^2 x3;x2^3 x3;x1^2 x3^2;x2^2 x3^2;x1 x3^3;x2 x3^3;x1^4 x2;x1^2 x2^3;x2^5;x1^4 x3;x1^2 x2^2 x3;x1 x2^3 x3;x2^4 x3;x1^2 x3^3;x2^2 x3^3",TRUE,29,"x3;x1^2;x2^2;x1 x3;x3^2;x1^3;x1^2 x2;x1^2 x3;x3^3;x1^2 x2^2;x2^4;x1^3 x3;x1^2 x2 x3;x1 x2^2 x3;x2^3 x3;x1^2 x3^2;x2^2 x3^2;x1 x3^3;x1^4 x2;x1^2 x2^3;x2^5;x1^4 x3;x1^2 x2^2 x3;x1 x2^3 x3;x2^4 x3;x1^2 x3^3;x2^2 x3^3",TRUE,27,6,23,21,FALSE,1,0.651778613416138,0.651292198450837,0.652287390046293,0.649999917396147,2.70391842544145e-07,2403918.37002267,1.06808092854521e-05,0.904359074577049,0.00728651390650503,-6.89735291161675e-09,1.12242273908502e-05,0.000303151633846865,9.33153319358826
"aizawa",3,15,Inf,3.69897000433602,5000,4,13,"raw",13,4,6,"weak/raw/m=1w/p=4",829,"x3;x1^2;x2^2;x1 x3;x3^2;x1^3;x1 x2^2;x1^2 x3;x3^3;x1^4;x1^2 x2^2;x2^4;x1^3 x3;x1^2 x2 x3;x1 x2^2 x3;x2^3 x3;x1^2 x3^2;x2^2 x3^2;x1 x3^3;x2 x3^3;x1^3 x2^2;x1^2 x2^3;x2^5;x1^4 x3;x1^2 x2^2 x3;x2^4 x3;x1^2 x3^3;x2^2 x3^3",TRUE,28,"x3;x1^2;x2^2;x1 x3;x3^2;x1 x2^2;x1^2 x3;x3^3;x1^2 x2^2;x2^4;x1^3 x3;x1 x2^2 x3;x2^3 x3;x1^2 x3^2;x2^2 x3^2;x1 x3^3;x2^5;x1^2 x2^2 x3;x2^4 x3;x2^2 x3^3",TRUE,20,6,22,14,FALSE,1,0.651776076850015,0.650515788949834,0.653049072478898,0.650029338767732,2.22000795698152e-08,29280495.8974813,3.54928188877557e-07,0.777785057010129,0.00708345270412091,-3.18773432787145e-07,3.62888002985375e-05,9.77064566655139e-05,7.44479393959045
"aizawa",3,15,Inf,3.69897000433602,5000,4,13,"raw",13,8,6,"weak/raw/m=1w/p=8",829,"x3;x1^2;x2^2;x1 x3;x3^2;x1^3;x1 x2^2;x1^2 x3;x3^3;x1^4;x1^2 x2^2;x2^4;x1^3 x3;x1^2 x2 x3;x1 x2^2 x3;x2^3 x3;x1^2 x3^2;x2^2 x3^2;x1 x3^3;x2 x3^3;x1^3 x2^2;x1^2 x2^3;x2^5;x1^4 x3;x1^2 x2^2 x3;x2^4 x3;x1^2 x3^3;x2^2 x3^3",TRUE,28,"x3;x1^2;x2^2;x1 x3;x3^2;x1 x2^2;x1^2 x3;x3^3;x1^2 x2^2;x2^4;x1^3 x3;x1 x2^2 x3;x2^3 x3;x1^2 x3^2;x2^2 x3^2;x1 x3^3;x2^5;x1^2 x2^2 x3;x2^4 x3;x1^2 x3^3;x2^2 x3^3",TRUE,21,6,22,15,FALSE,1,0.651762293232242,0.650514650560865,0.653011385928582,0.65000000966426,1.50684068686272e-08,43136611.2775715,2.41053730064321e-07,0.721985839530927,0.0071567466381719,-6.62476021406538e-09,2.43688249275158e-07,1.07851508268642e-06,7.37480497360229
"aizawa",3,15,Inf,3.69897000433602,5000,4,13,"raw",26,4,13,"weak/raw/m=2w/p=4",381,"x3;x1^2;x2^2;x1 x3;x2^3;x1^2 x3;x2^2 x3;x3^3;x1^2 x2^2;x2^4;x1^3 x3;x2^2 x3^2",TRUE,12,"x3;x1^2;x2^2;x1^2 x3;x2^2 x3;x3^3;x1^3 x3",TRUE,7,7,5,0,TRUE,2.91866049151324e-06,0.650001836213191,0.650001744885558,0.650001941818191,0.65000183112531,1.6855425061189e-08,38563360.3878666,1.80640274556625e-07,0.154732441822864,1.66501016990702e-07,-1.98604695515255e-08,2.25824025906312e-06,5.46840128901049e-06,7.19232702255249
"aizawa",3,15,Inf,3.69897000433602,5000,4,13,"raw",26,8,13,"weak/raw/m=2w/p=8",381,"x3;x1^2;x2^2;x1 x3;x2^3;x1^2 x3;x2^2 x3;x3^3;x1^2 x2^2;x2^4;x1^3 x3;x2^2 x3^2",TRUE,12,"x3;x1^2;x2^2;x1^2 x3;x2^2 x3;x3^3;x1^3 x3",TRUE,7,7,5,0,TRUE,1.49811351490836e-06,0.649999986533178,0.649999804112262,0.650000170144645,0.649999990988579,1.83333889135921e-08,35454437.477551,1.96944125583197e-07,0.0759124335129047,1.83106825373771e-07,-6.62080242220193e-09,1.98052092916016e-07,8.41655144800946e-07,11.7739541530609
"aizawa",3,15,Inf,3.69897000433602,5000,4,13,"smoothed",13,4,6,"weak/smoothed/m=1w/p=4",829,"x3;x1^2;x2^2;x1 x3;x3^2;x1^3;x1 x2^2;x1^2 x3;x3^3;x1^4;x1^2 x2^2;x2^4;x1^3 x3;x1^2 x2 x3;x1 x2^2 x3;x2^3 x3;x1^2 x3^2;x2^2 x3^2;x1 x3^3;x2 x3^3;x1^3 x2^2;x1^2 x2^3;x2^5;x1^4 x3;x1^2 x2^2 x3;x2^4 x3;x1^2 x3^3;x2^2 x3^3",TRUE,28,"x3;x1^2;x2^2;x1 x3;x3^2;x1 x2^2;x1^2 x3;x3^3;x1^2 x2^2;x2^4;x1^3 x3;x1 x2^2 x3;x2^3 x3;x1^2 x3^2;x2^2 x3^2;x1 x3^3;x2^5;x1^2 x2^2 x3;x2^4 x3;x2^2 x3^3",TRUE,20,6,22,14,FALSE,1,0.651749611181164,0.650551193650966,0.652991679049709,0.650029343818991,2.57601532025011e-08,25233908.3043916,4.11845572925751e-07,0.751667076204845,0.00708727612602182,-3.18773432787145e-07,3.62888002985375e-05,9.77064566655139e-05,7.58281326293945
"aizawa",3,15,Inf,3.69897000433602,5000,4,13,"smoothed",13,8,6,"weak/smoothed/m=1w/p=8",829,"x3;x1^2;x2^2;x1 x3;x3^2;x1^3;x1 x2^2;x1^2 x3;x3^3;x1^4;x1^2 x2^2;x2^4;x1^3 x3;x1^2 x2 x3;x1 x2^2 x3;x2^3 x3;x1^2 x3^2;x2^2 x3^2;x1 x3^3;x2 x3^3;x1^3 x2^2;x1^2 x2^3;x2^5;x1^4 x3;x1^2 x2^2 x3;x2^4 x3;x1^2 x3^3;x2^2 x3^3",TRUE,28,"x3;x1^2;x2^2;x1 x3;x3^2;x1 x2^2;x1^2 x3;x3^3;x1^2 x2^2;x2^4;x1^3 x3;x1 x2^2 x3;x2^3 x3;x1^2 x3^2;x2^2 x3^2;x1 x3^3;x2^5;x1^2 x2^2 x3;x2^4 x3;x1^2 x3^3;x2^2 x3^3",TRUE,21,6,22,15,FALSE,1,0.651761141391259,0.650537865786527,0.653042310353027,0.650000016418493,1.86362906777696e-08,34878186.2043958,2.98130214145936e-07,0.71263154517048,0.00715673949007573,-6.62476021406538e-09,2.43688249275158e-07,1.07851508268642e-06,7.3213164806366
"aizawa",3,15,Inf,3.69897000433602,5000,4,13,"smoothed",26,4,13,"weak/smoothed/m=2w/p=4",381,"x3;x1^2;x2^2;x1 x3;x2^3;x1^2 x3;x2^2 x3;x3^3;x1^2 x2^2;x2^4;x1^3 x3;x2^2 x3^2",TRUE,12,"x3;x1^2;x2^2;x1^2 x3;x2^2 x3;x3^3;x1^3 x3",TRUE,7,7,5,0,TRUE,2.92228404052963e-06,0.650001834186632,0.650001702724016,0.650001982270456,0.650001836513284,1.99892195931786e-08,32517619.4840093,2.14225277064378e-07,0.0844389301214665,1.96822923127892e-07,-1.98604695515255e-08,2.25824025906312e-06,5.46840128901049e-06,6.40501356124878
"aizawa",3,15,Inf,3.69897000433602,5000,4,13,"smoothed",26,8,13,"weak/smoothed/m=2w/p=8",381,"x3;x1^2;x2^2;x1 x3;x2^3;x1^2 x3;x2^2 x3;x3^3;x1^2 x2^2;x2^4;x1^3 x3;x2^2 x3^2",TRUE,12,"x3;x1^2;x2^2;x1^2 x3;x2^2 x3;x3^3;x1^3 x3",TRUE,7,7,5,0,TRUE,2.20905993469911e-06,0.649999983279524,0.649999853567935,0.650000115773908,0.649999996528206,2.23910437471725e-08,29029463.9172543,2.40532971739525e-07,0.0188662700641891,2.20798510415732e-07,-6.62080242220193e-09,1.98052092916016e-07,8.41655144800946e-07,5.96435141563416
"aizawa",3,16,Inf,3.69897000433602,5000,4,13,"smoothed",NA,NA,NA,"sg",5000,"x2;x3;x1^2;x2^2;x3^2;x1 x2 x3;x1 x3^2;x2 x3^2;x3^3;x1^4;x1^3 x2;x1^2 x2^2;x2^4;x1^3 x3;x1^2 x3^2;x2^2 x3^2;x3^4;x1^4 x3;x1^2 x2^2 x3;x2^4 x3;x2^2 x3^3",TRUE,21,"x2;x3;x1^2;x2^2;x3^2;x1 x2 x3;x1 x3^2;x2 x3^2;x3^3;x1^4;x1^3 x2;x1^2 x2^2;x2^4;x1^3 x3;x1^2 x3^2;x2^2 x3^2;x3^4;x1^4 x3;x1^2 x2^2 x3;x2^4 x3;x2^2 x3^3",TRUE,21,5,16,16,FALSE,1,0.64613566600208,0.645327504332364,0.646930907064475,0.649999604170425,3.16249611145166e-07,2055337.24394703,1.02913426369924e-05,0.991398508839239,0.00750965406004018,-4.48677140194142e-08,1.12525638657544e-05,5.99781737263827e-05,23.7370455265045
"aizawa",3,16,Inf,3.69897000433602,5000,4,13,"raw",13,4,6,"weak/raw/m=1w/p=4",829,"x2;x3;x1^2;x2^2;x3^2;x1 x2 x3;x1 x3^2;x2 x3^2;x3^3;x1^4;x1^3 x2;x1^2 x2^2;x2^4;x1^3 x3;x1^2 x3^2;x2^2 x3^2;x3^4;x1^4 x3;x1^2 x2^2 x3;x2^4 x3",TRUE,20,"x2;x3;x1^2;x2^2;x3^2;x1 x3^2;x3^3;x1^4;x1^3 x2;x1^2 x2^2;x2^4;x1^3 x3;x1^2 x3^2;x2^2 x3^2;x3^4;x1^4 x3;x1^2 x2^2 x3;x2^4 x3",TRUE,18,5,15,13,FALSE,1,0.64867771073735,0.646798601608887,0.650664900354837,0.650029332534605,2.74043883983577e-08,23719899.2761889,3.61606836289445e-07,0.762020025836529,0.00751877917629701,-1.50861196168119e-06,3.78641474760305e-05,8.2363313968048e-05,11.7274491786957
"aizawa",3,16,Inf,3.69897000433602,5000,4,13,"raw",13,8,6,"weak/raw/m=1w/p=8",829,"x2;x3;x1^2;x2^2;x3^2;x1 x2 x3;x1 x3^2;x2 x3^2;x3^3;x1^4;x1^3 x2;x1^2 x2^2;x2^4;x1^3 x3;x1^2 x3^2;x2^2 x3^2;x3^4;x1^4 x3;x1^2 x2^2 x3;x2^4 x3",TRUE,20,"x2;x3;x1^2;x2^2;x3^2;x1 x3^2;x3^3;x1^4;x1^3 x2;x1^2 x2^2;x2^4;x1^3 x3;x1^2 x3^2;x2^2 x3^2;x3^4;x1^4 x3;x1^2 x2^2 x3;x2^4 x3",TRUE,18,5,15,13,FALSE,1,0.648496461214438,0.646576844107075,0.650384143432808,0.649999997118907,1.86616269305802e-08,34830832.2493455,2.46509799685594e-07,0.691378031649575,0.00755620318973935,-2.18684482745875e-09,2.53296165541769e-07,9.83514421792897e-07,12.5490620136261
"aizawa",3,16,Inf,3.69897000433602,5000,4,13,"raw",26,4,13,"weak/raw/m=2w/p=4",381,"x2;x3;x1^2;x2^2;x3^2;x1 x2 x3;x1 x3^2;x2 x3^2;x3^3;x1^3 x2;x1^2 x2^2;x2^4;x1^3 x3;x1^2 x3^2;x2^2 x3^2;x3^4;x1^4 x3;x1^2 x2^2 x3;x2^4 x3",TRUE,19,"x2;x3;x1^2;x2^2;x3^2;x1 x3^2;x2 x3^2;x3^3;x1^3 x2;x1^2 x2^2;x2^4;x1^3 x3;x1^2 x3^2;x2^2 x3^2;x1^4 x3;x1^2 x2^2 x3;x2^4 x3",TRUE,17,5,14,12,FALSE,1,0.65275546150927,0.650452377915711,0.655039609592291,0.650001824182375,2.02044866926446e-08,32171162.4784314,1.78751949104323e-07,0.0847449665210406,0.00720839114255262,-8.4588144131609e-08,2.36470226238358e-06,4.9908041138691e-06,10.3607378005981
"aizawa",3,16,Inf,3.69897000433602,5000,4,13,"raw",26,8,13,"weak/raw/m=2w/p=8",381,"x2;x3;x1^2;x2^2;x3^2;x1 x2 x3;x1 x3^2;x2 x3^2;x3^3;x1^3 x2;x1^2 x2^2;x2^4;x1^3 x3;x1^2 x3^2;x2^2 x3^2;x3^4;x1^4 x3;x1^2 x2^2 x3;x2^4 x3;x2^3 x3^2",TRUE,20,"x2;x3;x1^2;x2^2;x3^2;x1 x2 x3;x1 x3^2;x2 x3^2;x3^3;x1^3 x2;x1^2 x2^2;x2^4;x1^3 x3;x1^2 x3^2;x2^2 x3^2;x3^4;x1^4 x3;x1^2 x2^2 x3;x2^4 x3;x2^3 x3^2",TRUE,20,5,15,15,FALSE,1,0.652089006799756,0.6498040239005,0.65441119084476,0.649999980292053,2.21454310932557e-08,29351425.9241496,1.96770362786019e-07,0.0229614521534286,0.00730578538783494,-1.40204432840477e-09,2.0080652427055e-07,6.85488227625264e-07,10.3353002071381
"aizawa",3,16,Inf,3.69897000433602,5000,4,13,"smoothed",13,4,6,"weak/smoothed/m=1w/p=4",829,"x2;x3;x1^2;x2^2;x3^2;x1 x2 x3;x1 x3^2;x2 x3^2;x3^3;x1^4;x1^3 x2;x1^2 x2^2;x2^4;x1^3 x3;x1^2 x3^2;x2^2 x3^2;x3^4;x1^4 x3;x1^2 x2^2 x3;x2^4 x3",TRUE,20,"x2;x3;x1^2;x2^2;x3^2;x1 x3^2;x3^3;x1^4;x1^3 x2;x1^2 x2^2;x2^4;x1^3 x3;x1^2 x3^2;x2^2 x3^2;x3^4;x1^4 x3;x1^2 x2^2 x3;x2^4 x3",TRUE,18,5,15,13,FALSE,1,0.648658936403794,0.646627328462153,0.650597221973736,0.650029337290466,3.21756158661809e-08,20202545.3061708,4.24564213467027e-07,0.751303337908463,0.0075187932750317,-1.50861196168119e-06,3.78641474760305e-05,8.2363313968048e-05,11.7869865894318
"aizawa",3,16,Inf,3.69897000433602,5000,4,13,"smoothed",13,8,6,"weak/smoothed/m=1w/p=8",829,"x2;x3;x1^2;x2^2;x3^2;x1 x2 x3;x1 x3^2;x2 x3^2;x3^3;x1^4;x1^3 x2;x1^2 x2^2;x2^4;x1^3 x3;x1^2 x3^2;x2^2 x3^2;x3^4;x1^4 x3;x1^2 x2^2 x3;x2^4 x3",TRUE,20,"x2;x3;x1^2;x2^2;x3^2;x1 x3^2;x3^3;x1^4;x1^3 x2;x1^2 x2^2;x2^4;x1^3 x3;x1^2 x3^2;x2^2 x3^2;x3^4;x1^4 x3;x1^2 x2^2 x3;x2^4 x3",TRUE,18,5,15,13,FALSE,1,0.64845092476408,0.646603765240174,0.650409849779352,0.650000001682406,2.32144627691879e-08,27999786.5186498,3.066502487699e-07,0.698046932916017,0.00755752811031625,-2.18684482745875e-09,2.53296165541769e-07,9.83514421792897e-07,12.530727148056
"aizawa",3,16,Inf,3.69897000433602,5000,4,13,"smoothed",26,4,13,"weak/smoothed/m=2w/p=4",381,"x2;x3;x1^2;x2^2;x3^2;x1 x2 x3;x1 x3^2;x2 x3^2;x3^3;x1^3 x2;x1^2 x2^2;x2^4;x1^3 x3;x1^2 x3^2;x2^2 x3^2;x3^4;x1^4 x3;x1^2 x2^2 x3;x2^4 x3",TRUE,19,"x2;x3;x1^2;x2^2;x3^2;x1 x3^2;x2 x3^2;x3^3;x1^3 x2;x1^2 x2^2;x2^4;x1^3 x3;x1^2 x3^2;x2^2 x3^2;x1^4 x3;x1^2 x2^2 x3;x2^4 x3",TRUE,17,5,14,12,FALSE,1,0.652719839232852,0.650480794561013,0.654989886912125,0.650001830788836,2.4540141812255e-08,26487289.102145,2.17110101699781e-07,0.0357513996451994,0.00720965289597382,-8.4588144131609e-08,2.36470226238358e-06,4.9908041138691e-06,9.92137575149536
"aizawa",3,16,Inf,3.69897000433602,5000,4,13,"smoothed",26,8,13,"weak/smoothed/m=2w/p=8",381,"x2;x3;x1^2;x2^2;x3^2;x1 x2 x3;x1 x3^2;x2 x3^2;x3^3;x1^3 x2;x1^2 x2^2;x2^4;x1^3 x3;x1^2 x3^2;x2^2 x3^2;x3^4;x1^4 x3;x1^2 x2^2 x3;x2^4 x3;x2^3 x3^2",TRUE,20,"x2;x3;x1^2;x2^2;x3^2;x1 x2 x3;x1 x3^2;x2 x3^2;x3^3;x1^3 x2;x1^2 x2^2;x2^4;x1^3 x3;x1^2 x3^2;x2^2 x3^2;x3^4;x1^4 x3;x1^2 x2^2 x3;x2^4 x3;x2^3 x3^2",TRUE,20,5,15,15,FALSE,1,0.652102548515188,0.649884914349482,0.654449876067127,0.649999986359642,2.75190061783911e-08,23620038.5343147,2.44516567855092e-07,-0.014336537761789,0.00730626537391317,-1.40204432840477e-09,2.0080652427055e-07,6.85488227625264e-07,10.3026208877563
"aizawa",3,17,Inf,3.69897000433602,5000,4,13,"smoothed",NA,NA,NA,"sg",5000,"x3;x1^2;x1 x2;x2^2;x1^2 x3;x3^3;x1^4;x1^2 x2^2;x1 x2^3;x2^4;x1^3 x3;x1^2 x2 x3;x2^3 x3;x1^2 x3^2;x2^2 x3^2;x1^3 x2^2;x1^4 x3;x1^2 x2^2 x3;x2^4 x3",TRUE,19,"x3;x1^2;x1 x2;x2^2;x1^2 x3;x3^3;x1^4;x1^2 x2^2;x1 x2^3;x2^4;x1^3 x3;x1^2 x2 x3;x2^3 x3;x1^2 x3^2;x2^2 x3^2;x1^3 x2^2;x1^2 x2^2 x3;x2^4 x3",TRUE,18,6,13,12,FALSE,1,0.648811694361155,0.648367288714235,0.649281994452106,0.650000531306526,2.6090632309267e-07,2491317.66375649,9.4832073926215e-06,0.992297744267943,0.00648328511399069,-9.47347705800405e-08,1.07071208661252e-05,5.45936638108868e-05,6.2567195892334
"aizawa",3,17,Inf,3.69897000433602,5000,4,13,"raw",13,4,6,"weak/raw/m=1w/p=4",829,"x3;x1^2;x2^2;x1^2 x3;x3^3;x1^4;x1^2 x2^2;x2^4;x1^3 x3;x1^2 x2 x3;x2^3 x3;x1^2 x3^2;x1 x2 x3^2;x2^2 x3^2;x1^4 x3;x1^2 x2^2 x3;x2^4 x3",TRUE,17,"x3;x1^2;x2^2;x1^2 x3;x3^3;x1^2 x2^2;x2^4;x1^3 x3;x1^2 x2 x3;x2^3 x3;x1^2 x3^2;x2^2 x3^2;x1^2 x2^2 x3;x2^4 x3",TRUE,14,6,11,8,FALSE,1,0.649110216095156,0.64798242890891,0.650196267191081,0.650029381335872,2.15688961873371e-08,30137350.3627644,3.17488434665047e-07,0.764010743732025,0.00639056849262513,1.28101406482437e-06,3.69148779220877e-05,7.86659509174337e-05,4.54437971115112
"aizawa",3,17,Inf,3.69897000433602,5000,4,13,"raw",13,8,6,"weak/raw/m=1w/p=8",829,"x3;x1^2;x2^2;x1^2 x3;x3^3;x1^4;x1^2 x2^2;x2^4;x1^3 x3;x1^2 x2 x3;x2^3 x3;x1^2 x3^2;x1 x2 x3^2;x2^2 x3^2;x1^4 x3;x1^2 x2^2 x3;x2^4 x3",TRUE,17,"x3;x1^2;x2^2;x1^2 x3;x3^3;x1^2 x2^2;x2^4;x1^3 x3;x1^2 x2 x3;x2^3 x3;x1^2 x3^2;x2^2 x3^2;x1^2 x2^2 x3;x2^4 x3",TRUE,14,6,11,8,FALSE,1,0.649033090955244,0.647920314374695,0.650142335068031,0.650000021806656,1.56281236018301e-08,41591686.7800136,2.30257429320081e-07,0.711739132623395,0.00646603365223947,-1.13885694499062e-08,2.37355726280567e-07,1.22541224689687e-06,4.15733504295349
"aizawa",3,17,Inf,3.69897000433602,5000,4,13,"raw",26,4,13,"weak/raw/m=2w/p=4",381,"x3;x1^2;x2^2;x1^2 x3;x3^3;x1^4;x1^2 x2^2;x2^4;x1^3 x3;x1^2 x2 x3;x2^3 x3;x1^2 x3^2;x1 x2 x3^2;x2^2 x3^2;x1^4 x3;x1^2 x2^2 x3;x2^4 x3",TRUE,17,"x3;x1^2;x2^2;x1^2 x3;x3^3;x1^2 x2^2;x2^4;x1^3 x3;x1^2 x2 x3;x2^3 x3;x1^2 x3^2;x2^2 x3^2;x2^4 x3",TRUE,13,6,11,7,FALSE,1,0.648650575463894,0.647131353541735,0.650106728755372,0.650001847056888,1.67003754751253e-08,38921391.2001586,1.64952665801551e-07,0.113222684391733,0.00559246728597889,8.2048592536347e-08,2.30263225523274e-06,4.78395276648502e-06,4.21379613876343
"aizawa",3,17,Inf,3.69897000433602,5000,4,13,"raw",26,8,13,"weak/raw/m=2w/p=8",381,"x3;x1^2;x2^2;x1^2 x3;x3^3;x1^4;x1^2 x2^2;x2^4;x1^3 x3;x1^2 x2 x3;x2^3 x3;x1^2 x3^2;x1 x2 x3^2;x2^2 x3^2;x1^4 x3;x1^2 x2^2 x3;x2^4 x3",TRUE,17,"x3;x1^2;x2^2;x1^2 x3;x3^3;x1^2 x2^2;x2^4;x1^3 x3;x1^2 x2 x3;x2^3 x3;x1^2 x3^2;x2^2 x3^2;x2^4 x3",TRUE,13,6,11,7,FALSE,1,0.648542011382766,0.64695132798663,0.650084759777338,0.650000002004099,1.85901801499531e-08,34964696.2407591,1.84316483131109e-07,0.0569113893405538,0.00586120285230996,-1.08936702682732e-08,1.88295067550293e-07,9.13043449846107e-07,4.15948796272278
"aizawa",3,17,Inf,3.69897000433602,5000,4,13,"smoothed",13,4,6,"weak/smoothed/m=1w/p=4",829,"x3;x1^2;x2^2;x1^2 x3;x3^3;x1^4;x1^2 x2^2;x2^4;x1^3 x3;x1^2 x2 x3;x2^3 x3;x1^2 x3^2;x1 x2 x3^2;x2^2 x3^2;x1^4 x3;x1^2 x2^2 x3;x2^4 x3",TRUE,17,"x3;x1^2;x2^2;x1^2 x3;x3^3;x1^2 x2^2;x2^4;x1^3 x3;x1^2 x2 x3;x2^3 x3;x1^2 x3^2;x1 x2 x3^2;x2^2 x3^2;x1^2 x2^2 x3;x2^4 x3",TRUE,15,6,11,9,FALSE,1,0.649102284130743,0.64801018764694,0.650207550487037,0.650029389689293,2.55783919665997e-08,25413223.4167848,3.76507148176068e-07,0.751796736788046,0.00639113679960707,1.28101406482437e-06,3.69148779220877e-05,7.86659509174337e-05,4.37006115913391
"aizawa",3,17,Inf,3.69897000433602,5000,4,13,"smoothed",13,8,6,"weak/smoothed/m=1w/p=8",829,"x3;x1^2;x2^2;x1^2 x3;x3^3;x1^4;x1^2 x2^2;x2^4;x1^3 x3;x1^2 x2 x3;x2^3 x3;x1^2 x3^2;x1 x2 x3^2;x2^2 x3^2;x1^4 x3;x1^2 x2^2 x3;x2^4 x3",TRUE,17,"x3;x1^2;x2^2;x1^2 x3;x3^3;x1^2 x2^2;x2^4;x1^3 x3;x1^2 x2 x3;x2^3 x3;x1^2 x3^2;x2^2 x3^2;x1^2 x2^2 x3;x2^4 x3",TRUE,14,6,11,8,FALSE,1,0.649024276463443,0.647965073925968,0.650132600787396,0.650000030374134,1.94565801956495e-08,33407722.4177079,2.86664108550417e-07,0.712095091466775,0.00646589652463767,-1.13885694499062e-08,2.37355726280567e-07,1.22541224689687e-06,4.23863458633423
"aizawa",3,17,Inf,3.69897000433602,5000,4,13,"smoothed",26,4,13,"weak/smoothed/m=2w/p=4",381,"x3;x1^2;x2^2;x1^2 x3;x3^3;x1^4;x1^2 x2^2;x2^4;x1^3 x3;x1^2 x2 x3;x2^3 x3;x1^2 x3^2;x1 x2 x3^2;x2^2 x3^2;x1^4 x3;x1^2 x2^2 x3;x2^4 x3",TRUE,17,"x3;x1^2;x2^2;x1^2 x3;x3^3;x1^2 x2^2;x2^4;x1^3 x3;x1^2 x2 x3;x2^3 x3;x1^2 x3^2;x2^2 x3^2;x2^4 x3",TRUE,13,6,11,7,FALSE,1,0.648628041835718,0.647223706007465,0.65010384841823,0.650001854170447,2.03005825560055e-08,32018876.9153404,2.00512569386897e-07,0.063621755510683,0.00559219872851423,8.2048592536347e-08,2.30263225523274e-06,4.78395276648502e-06,4.09449005126953
"aizawa",3,17,Inf,3.69897000433602,5000,4,13,"smoothed",26,8,13,"weak/smoothed/m=2w/p=8",381,"x3;x1^2;x2^2;x1^2 x3;x3^3;x1^4;x1^2 x2^2;x2^4;x1^3 x3;x1^2 x2 x3;x2^3 x3;x1^2 x3^2;x1 x2 x3^2;x2^2 x3^2;x1^4 x3;x1^2 x2^2 x3;x2^4 x3",TRUE,17,"x3;x1^2;x2^2;x1^2 x3;x3^3;x1^2 x2^2;x2^4;x1^3 x3;x1^2 x2 x3;x2^3 x3;x1^2 x3^2;x2^2 x3^2;x2^4 x3",TRUE,13,6,11,7,FALSE,1,0.648482464404996,0.646934755344265,0.650011467284761,0.650000010004228,2.30433733013413e-08,28207676.0856187,2.28468657891001e-07,0.0196329729829608,0.00586218878497235,-1.08936702682732e-08,1.88295067550293e-07,9.13043449846107e-07,4.04745745658875
"aizawa",3,18,Inf,3.69897000433602,5000,4,13,"smoothed",NA,NA,NA,"sg",5000,"x3;x1^2;x2^2;x1 x3;x2 x3;x1^3;x1 x2^2;x2^3;x1^2 x3;x1 x2 x3;x2^2 x3;x1 x3^2;x2 x3^2;x3^3;x1^4;x1^2 x2^2;x2^4;x1^3 x3;x1^2 x2 x3;x1 x2^2 x3;x2^3 x3;x1^2 x3^2;x2^2 x3^2;x1 x3^3;x2 x3^3;x3^4;x1^4 x3;x1^3 x3^2;x2^3 x3^2;x1^2 x3^3",TRUE,30,"x3;x1^2;x2^2;x1 x3;x2 x3;x1^3;x1 x2^2;x2^3;x1^2 x3;x1 x2 x3;x2^2 x3;x1 x3^2;x2 x3^2;x3^3;x1^4;x1^2 x2^2;x2^4;x1^3 x3;x1^2 x2 x3;x1 x2^2 x3;x2^3 x3;x2^2 x3^2;x2 x3^3;x3^4;x1^4 x3;x1^3 x3^2;x2^3 x3^2;x1^2 x3^3",TRUE,28,7,23,21,FALSE,0.000234653618315372,0.650000697134255,0.650000486647723,0.650000919216466,0.649999833791386,1.89937511615279e-07,3422177.26379383,8.58916117024948e-06,0.977604402034894,4.58948434229831e-06,2.41198213126292e-08,9.11283440755124e-06,0.000106101030252437,20.2280025482178
"aizawa",3,18,Inf,3.69897000433602,5000,4,13,"raw",13,4,6,"weak/raw/m=1w/p=4",829,"x3;x1^2;x2^2;x2 x3;x1^3;x1 x2^2;x2^3;x1^2 x3;x1 x2 x3;x2^2 x3;x1 x3^2;x2 x3^2;x3^3;x1^4;x1^2 x2^2;x2^4;x1^3 x3;x1^2 x2 x3;x1 x2^2 x3;x1^2 x3^2;x2^2 x3^2;x1 x3^3;x2 x3^3;x3^4;x1^4 x3;x2^3 x3^2;x1^2 x3^3",TRUE,27,"x3;x1^2;x2^2;x1^3;x1 x2^2;x1^2 x3;x2^2 x3;x3^3;x1^3 x3;x1^2 x2 x3;x1 x2^2 x3;x2^2 x3^2",TRUE,12,7,20,5,FALSE,4.53310591086442e-05,0.650029393014641,0.650029334627557,0.650029447329891,0.650029348566993,1.62999370858188e-08,39879255.0636609,2.98164176162796e-07,0.781856521389896,1.88238561334779e-07,1.39168833894491e-06,3.21015162850225e-05,7.52301645604581e-05,24.5522894859314
"aizawa",3,18,Inf,3.69897000433602,5000,4,13,"raw",13,8,6,"weak/raw/m=1w/p=8",829,"x3;x1^2;x2^2;x3^2;x1^3;x1^2 x3;x2^2 x3;x1 x3^2;x3^3;x1^2 x2^2;x2^4;x1^3 x3;x2^2 x3^2",TRUE,13,"x3;x1^2;x2^2;x1^2 x3;x2^2 x3;x3^3;x1^3 x3",TRUE,7,7,6,0,TRUE,2.23078000211041e-06,0.649999985298406,0.649999603643199,0.650000323849915,0.6500000108669,1.07505203752143e-08,60462190.4968894,1.96702760054877e-07,0.69305452162053,1.90897220174421e-07,-9.17094394260627e-09,1.99095565892617e-07,9.27910668191423e-07,3.5065495967865
"aizawa",3,18,Inf,3.69897000433602,5000,4,13,"raw",26,4,13,"weak/raw/m=2w/p=4",381,"x3;x1^2;x2^2;x1 x3;x2 x3;x3^2;x1^3;x1^2 x2;x1^2 x3;x2^2 x3;x1 x3^2;x2 x3^2;x3^3;x1^4;x1^2 x2^2;x2^4;x1^3 x3;x1^2 x2 x3;x1 x2^2 x3;x2^3 x3;x1^2 x3^2;x2^2 x3^2;x1 x3^3;x3^4;x1^4 x3;x2^3 x3^2;x1^2 x3^3",TRUE,27,"x3;x1^2;x2^2;x1^2 x2;x1^2 x3;x2^2 x3;x3^3;x1^3 x3;x1 x2^2 x3;x2^3 x3;x2^3 x3^2",TRUE,11,7,20,4,FALSE,3.77781320493042e-06,0.650001854162004,0.650001771092238,0.650001942744469,0.650001833091018,1.1956411243913e-08,54364292.0798608,1.47048702831305e-07,0.198735726152398,1.18587435897602e-07,7.77229323522621e-08,2.00182541706961e-06,4.94702518671897e-06,21.6719725131989
"aizawa",3,18,Inf,3.69897000433602,5000,4,13,"raw",26,8,13,"weak/raw/m=2w/p=8",381,"x3;x1^2;x2^2;x1^2 x3;x2^2 x3;x3^3;x1^3 x3;x2^2 x3^2",TRUE,8,"x3;x1^2;x2^2;x1^2 x3;x2^2 x3;x3^3;x1^3 x3",TRUE,7,7,1,0,TRUE,2.24860503966751e-07,0.649999991916668,0.64999985920247,0.650000117852309,0.649999991983619,1.29377717547318e-08,50240489.962724,1.59282468965688e-07,0.103693738723446,1.59144257987833e-07,-1.00238798247542e-08,1.60070565744843e-07,6.79758645927286e-07,2.61863541603088
"aizawa",3,18,Inf,3.69897000433602,5000,4,13,"smoothed",13,4,6,"weak/smoothed/m=1w/p=4",829,"x3;x1^2;x2^2;x2 x3;x1^3;x1 x2^2;x2^3;x1^2 x3;x1 x2 x3;x2^2 x3;x1 x3^2;x2 x3^2;x3^3;x1^4;x1^2 x2^2;x2^4;x1^3 x3;x1^2 x2 x3;x1 x2^2 x3;x1^2 x3^2;x2^2 x3^2;x1 x3^3;x2 x3^3;x3^4;x1^4 x3;x2^3 x3^2;x1^2 x3^3",TRUE,27,"x3;x1^2;x2^2;x1^3;x1 x2^2;x1^2 x3;x2^2 x3;x2 x3^2;x3^3;x1^3 x3;x1^2 x2 x3;x1 x2^2 x3;x2^2 x3^2;x2^3 x3^2",TRUE,14,7,20,7,FALSE,4.54268097263011e-05,0.65002939497164,0.650029333425915,0.650029459529968,0.650029351263312,1.88882327508202e-08,34414514.0436754,3.45510189157434e-07,0.761679296319581,2.16966153186504e-07,1.39168833894491e-06,3.21015162850225e-05,7.52301645604581e-05,18.7599611282349
"aizawa",3,18,Inf,3.69897000433602,5000,4,13,"smoothed",13,8,6,"weak/smoothed/m=1w/p=8",829,"x3;x1^2;x2^2;x3^2;x1^3;x1^2 x3;x2^2 x3;x1 x3^2;x3^3;x1^2 x2^2;x2^4;x1^3 x3;x2^2 x3^2",TRUE,13,"x3;x1^2;x2^2;x1^2 x3;x2^2 x3;x3^3;x1^3 x3",TRUE,7,7,6,0,TRUE,3.02850519440234e-06,0.649999994466296,0.649999831153638,0.650000176505934,0.650000013964706,1.33177772674394e-08,48806944.3505326,2.43675975647479e-07,0.696113035842566,2.34439039493719e-07,-9.17094394260627e-09,1.99095565892617e-07,9.27910668191423e-07,3.78190350532532
"aizawa",3,18,Inf,3.69897000433602,5000,4,13,"smoothed",26,4,13,"weak/smoothed/m=2w/p=4",381,"x3;x1^2;x2^2;x3^2;x1^3;x1^2 x3;x2^2 x3;x1 x3^2;x3^3;x1^2 x2^2;x2^4;x1^3 x3;x1^2 x3^2;x2^2 x3^2;x1 x3^3",TRUE,15,"x3;x1^2;x2^2;x1^2 x3;x2^2 x3;x1 x3^2;x3^3;x1^3 x3",TRUE,8,7,8,1,FALSE,2.85798990384833e-06,0.650001838039378,0.650001742729399,0.650001931777824,0.650001836705872,1.42707454341053e-08,45547854.5046742,1.75512079457614e-07,0.113924347597681,1.63530817670653e-07,7.77229323522621e-08,2.00182541706961e-06,4.94702518671897e-06,14.0994758605957
"aizawa",3,18,Inf,3.69897000433602,5000,4,13,"smoothed",26,8,13,"weak/smoothed/m=2w/p=8",381,"x3;x1^2;x2^2;x3^2;x1^3;x1^2 x3;x2^2 x3;x1 x3^2;x3^3;x1^2 x2^2;x2^4;x1^3 x3;x2^2 x3^2;x1 x3^3",TRUE,14,"x3;x1^2;x2^2;x1^2 x3;x2^2 x3;x1 x3^2;x3^3;x1^3 x3;x1 x3^3",TRUE,9,7,7,2,FALSE,2.90377242750939e-06,0.649999971270941,0.649999891580123,0.650000051031699,0.6499999958001,1.58931048479011e-08,40898238.7029265,1.95666844536031e-07,0.0400684031485038,1.85575790665515e-07,-1.00238798247542e-08,1.60070565744843e-07,6.79758645927286e-07,17.7105021476746
"aizawa",3,19,Inf,3.69897000433602,5000,4,13,"smoothed",NA,NA,NA,"sg",5000,"x3;x1^2;x2^2;x1^2 x3;x2^2 x3;x1 x3^2;x3^3;x1^4;x1^2 x2^2;x2^4;x1^3 x3;x1^2 x3^2;x2^2 x3^2",TRUE,13,"x3;x1^2;x2^2;x1^2 x3;x2^2 x3;x1 x3^2;x3^3;x1^2 x2^2;x2^4;x1^3 x3;x1^2 x3^2;x2^2 x3^2",TRUE,12,7,6,5,FALSE,0.000114631644305974,0.649999866675678,0.649999517889546,0.650000207834402,0.64999984558533,1.94989908813456e-07,3333505.04926475,8.41881332683394e-06,0.991765823857952,7.53275611282851e-06,-1.90964057811271e-10,9.02921545200113e-06,4.91984797140743e-05,11.6399402618408
"aizawa",3,19,Inf,3.69897000433602,5000,4,13,"raw",13,4,6,"weak/raw/m=1w/p=4",829,"x3;x1^2;x2^2;x1^2 x3;x2^2 x3;x1 x3^2;x3^3;x1^4;x1^2 x2^2;x2^4;x1^3 x3;x1^2 x3^2;x2^2 x3^2",TRUE,13,"x3;x1^2;x2^2;x1^2 x3;x2^2 x3;x1 x3^2;x3^3;x1^3 x3;x1^2 x3^2",TRUE,9,7,6,2,FALSE,4.52437309985676e-05,0.65002936781775,0.650029287527638,0.650029442772067,0.650029340524821,1.7723535071549e-08,36676054.630224,3.10162027521397e-07,0.769054800982991,2.79873874657094e-07,5.39789717259262e-07,3.22647928930911e-05,7.52089764753938e-05,14.9821865558624
"aizawa",3,19,Inf,3.69897000433602,5000,4,13,"raw",13,8,6,"weak/raw/m=1w/p=8",829,"x3;x1^2;x2^2;x1^2 x3;x2^2 x3;x3^3;x1^2 x2^2;x2^4;x1^3 x3;x2^2 x3^2",TRUE,10,"x3;x1^2;x2^2;x1^2 x3;x2^2 x3;x3^3;x1^3 x3",TRUE,7,7,3,0,TRUE,1.39217029504479e-06,0.650000014955146,0.649999905096275,0.650000129121455,0.650000010395599,1.23296990896747e-08,52718237.9446659,2.15834677275526e-07,0.707467516066175,2.11853767772591e-07,-1.26162243579419e-09,2.19518942137314e-07,9.40158766282728e-07,3.9038519859314
"aizawa",3,19,Inf,3.69897000433602,5000,4,13,"raw",26,4,13,"weak/raw/m=2w/p=4",381,"x3;x1^2;x2^2;x1 x3;x3^2;x1^3;x1^2 x3;x1 x2 x3;x2^2 x3;x2 x3^2;x3^3;x1^3 x3;x1^2 x3^2;x2^2 x3^2;x3^4;x1^2 x2^2 x3;x2^4 x3;x1^3 x3^2;x1^2 x2 x3^2;x1^2 x3^3;x2^2 x3^3",TRUE,21,"x3;x1^2;x2^2;x1 x3;x1^2 x3;x2^2 x3;x3^3;x1^3 x3",TRUE,8,7,14,1,FALSE,2.91127255702683e-06,0.65000185397743,0.650001778610499,0.650001931324313,0.650001831722049,1.34247907763391e-08,48418023.2341248,1.58151694788717e-07,0.128171172419725,1.34944851862001e-07,3.32289788301055e-08,2.02003245092817e-06,4.40075221097569e-06,28.386866569519
"aizawa",3,19,Inf,3.69897000433602,5000,4,13,"raw",26,8,13,"weak/raw/m=2w/p=8",381,"x3;x1^2;x2^2;x1^2 x3;x2^2 x3;x3^3;x1^2 x2^2;x1^3 x3;x1^2 x3^2",TRUE,9,"x3;x1^2;x2^2;x1^2 x3;x2^2 x3;x3^3;x1^3 x3",TRUE,7,7,2,0,TRUE,6.18562735033024e-07,0.64999998936987,0.649999697735772,0.650000289627275,0.649999991726348,1.48133046706709e-08,43879472.2836756,1.74714608383561e-07,0.0629263106345702,1.71023646246621e-07,-1.62651190358235e-09,1.76917591435636e-07,6.7711364437617e-07,3.14975762367249
"aizawa",3,19,Inf,3.69897000433602,5000,4,13,"smoothed",13,4,6,"weak/smoothed/m=1w/p=4",829,"x3;x1^2;x2^2;x1^2 x3;x2^2 x3;x1 x3^2;x3^3;x1^4;x1^2 x2^2;x2^4;x1^3 x3;x1^2 x3^2;x2^2 x3^2",TRUE,13,"x3;x1^2;x2^2;x1^2 x3;x2^2 x3;x1 x3^2;x3^3;x1^2 x2^2;x1^3 x3;x1^2 x3^2",TRUE,10,7,6,3,FALSE,4.52642879187337e-05,0.650029365409184,0.650029300665415,0.65002943018576,0.650029343971978,2.04958983195943e-08,31715094.1049772,3.58678409094236e-07,0.756269295835191,3.25430014652582e-07,5.39789717259262e-07,3.22647928930911e-05,7.52089764753938e-05,14.4315674304962
"aizawa",3,19,Inf,3.69897000433602,5000,4,13,"smoothed",13,8,6,"weak/smoothed/m=1w/p=8",829,"x3;x1^2;x2^2;x1^2 x3;x2^2 x3;x1 x3^2;x3^3;x1^4;x1^2 x2^2;x2^4;x1^3 x3;x1^2 x3^2;x2^2 x3^2",TRUE,13,"x3;x1^2;x2^2;x1^2 x3;x2^2 x3;x1 x3^2;x3^3;x1^3 x3",TRUE,8,7,6,1,FALSE,2.48066687569271e-06,0.650000019369907,0.649999975497337,0.650000063779929,0.650000013814509,1.49694517641378e-08,43421764.8084954,2.62044252579895e-07,0.709427997663688,2.4984104995093e-07,-1.26162243579419e-09,2.19518942137314e-07,9.40158766282728e-07,14.5912311077118
"aizawa",3,19,Inf,3.69897000433602,5000,4,13,"smoothed",26,4,13,"weak/smoothed/m=2w/p=4",381,"x3;x1^2;x2^2;x1 x3;x3^2;x1^3;x1^2 x3;x1 x2 x3;x2^2 x3;x2 x3^2;x3^3;x1^3 x3;x1^2 x3^2;x2^2 x3^2;x3^4;x1^2 x2^2 x3;x2^4 x3;x1^3 x3^2;x1^2 x2 x3^2;x1^2 x3^3;x2^2 x3^3",TRUE,21,"x3;x1^2;x2^2;x1 x3;x1^2 x3;x2^2 x3;x3^3;x1^3 x3;x2^2 x3^2;x1^3 x3^2;x1^2 x3^3",TRUE,11,7,14,4,FALSE,3.02165451504521e-06,0.650001856297322,0.650001773226709,0.650001939048021,0.650001835512308,1.59272738279725e-08,40810614.7061234,1.87632372462178e-07,0.0715762525031142,1.54997515432733e-07,3.32289788301055e-08,2.02003245092817e-06,4.40075221097569e-06,26.2315392494202
"aizawa",3,19,Inf,3.69897000433602,5000,4,13,"smoothed",26,8,13,"weak/smoothed/m=2w/p=8",381,"x3;x1^2;x2^2;x1^2 x3;x2^2 x3;x3^3;x1^2 x2^2;x1^3 x3;x1^2 x3^2",TRUE,9,"x3;x1^2;x2^2;x1^2 x3;x2^2 x3;x3^3;x1^3 x3",TRUE,7,7,2,0,TRUE,6.44026710849843e-07,0.649999982683445,0.649999799823689,0.650000158027738,0.649999995350681,1.79100542539458e-08,36292463.7823181,2.11239029848668e-07,0.0206526366729337,2.047621588474e-07,-1.62651190358235e-09,1.76917591435636e-07,6.7711364437617e-07,2.24370956420898
"aizawa",3,20,Inf,3.69897000433602,5000,4,13,"smoothed",NA,NA,NA,"sg",5000,"x3;x1^2;x2^2;x2 x3;x1^3;x1^2 x3;x1 x2 x3;x2^2 x3;x1 x3^2;x3^3;x1^4;x1^3 x2;x1^2 x2^2;x2^4;x1^3 x3;x1^2 x2 x3;x1 x2^2 x3;x1^2 x3^2;x2^2 x3^2;x2 x3^3;x1^4 x3;x1^2 x2^2 x3;x1^3 x3^2;x2^3 x3^2;x1^2 x3^3",TRUE,25,"x3;x1^2;x2^2;x2 x3;x1^3;x1^2 x3;x2^2 x3;x1 x3^2;x3^3;x1^3 x2;x2^4;x1^3 x3;x1^2 x2 x3;x1 x2^2 x3;x1^2 x3^2;x2 x3^3;x1^4 x3;x1^2 x2^2 x3;x1^3 x3^2;x2^3 x3^2;x1^2 x3^3",TRUE,21,7,18,14,FALSE,0.000124890733353561,0.650000732516829,0.650000466457852,0.650000996981323,0.650000317704176,2.47340223979268e-07,2627960.41519983,9.75596233020881e-06,0.989125415427772,4.19956302371601e-06,-2.20165961998919e-08,1.06533661613065e-05,5.40895243569262e-05,15.212473154068
"aizawa",3,20,Inf,3.69897000433602,5000,4,13,"raw",13,4,6,"weak/raw/m=1w/p=4",829,"x3;x1^2;x2^2;x2 x3;x1^3;x1^2 x3;x1 x2 x3;x2^2 x3;x1 x3^2;x3^3;x1^4;x1^2 x2^2;x2^4;x1^3 x3;x1^2 x2 x3;x1 x2^2 x3;x1^2 x3^2;x1 x2 x3^2;x2^2 x3^2;x2 x3^3;x1^3 x2^2;x1^4 x3;x1^2 x2^2 x3;x2^4 x3;x2^3 x3^2",TRUE,25,"x3;x1^2;x2^2;x1^2 x3;x2^2 x3;x3^3;x1^3 x3;x1^2 x2 x3;x1 x2^2 x3;x1^3 x2^2;x2^3 x3^2",TRUE,11,7,18,4,FALSE,4.58704922829956e-05,0.650029442285849,0.650029346931814,0.650029534923265,0.650029354626143,2.1377481276238e-08,30407200.2789533,3.42065546736405e-07,0.769769547647858,1.98784244197809e-07,1.12259861195932e-06,3.64272705785274e-05,7.78328618730173e-05,19.3418221473694
"aizawa",3,20,Inf,3.69897000433602,5000,4,13,"raw",13,8,6,"weak/raw/m=1w/p=8",829,"x3;x1^2;x2^2;x1 x3;x1^3;x1^2 x3;x2^2 x3;x3^3;x1^4;x1^2 x2^2;x1^3 x3;x2^2 x3^2",TRUE,12,"x3;x1^2;x2^2;x1^2 x3;x2^2 x3;x3^3;x1^3 x3",TRUE,7,7,5,0,TRUE,2.90957320736585e-06,0.650000025796531,0.649999835731573,0.650000199126697,0.650000005249038,1.46258779668044e-08,44441776.8782367,2.34193871771004e-07,0.698762857025308,2.20665783842979e-07,-9.48029377062784e-09,2.3879290799413e-07,1.02866160400783e-06,3.01239943504333
"aizawa",3,20,Inf,3.69897000433602,5000,4,13,"raw",26,4,13,"weak/raw/m=2w/p=4",381,"x3;x1^2;x2^2;x2 x3;x1^3;x1^2 x3;x1 x2 x3;x2^2 x3;x1 x3^2;x3^3;x1^4;x1^2 x2^2;x2^4;x1^3 x3;x1^2 x2 x3;x1 x2^2 x3;x1^2 x3^2;x2^2 x3^2;x2 x3^3;x1^3 x2^2;x1^4 x3;x1^2 x2^2 x3;x2^3 x3^2",TRUE,23,"x3;x1^2;x2^2;x1^2 x3;x2^2 x3;x3^3;x1^3 x3;x1 x2^2 x3",TRUE,8,7,16,1,FALSE,3.14857248762124e-06,0.650001870940419,0.65000170203639,0.650002032042998,0.650001829149992,1.59916455555696e-08,40646337.9200902,1.71952618344903e-07,0.117385201419171,1.30189954729785e-07,5.68059961315589e-08,2.27869737680448e-06,4.64339523331692e-06,20.5383405685425
"aizawa",3,20,Inf,3.69897000433602,5000,4,13,"raw",26,8,13,"weak/raw/m=2w/p=8",381,"x3;x1^2;x2^2;x2 x3;x1^2 x3;x1 x2 x3;x2^2 x3;x1 x3^2;x3^3;x1^4;x1^2 x2^2;x2^4;x1^3 x3;x1^2 x2 x3;x1 x2^2 x3;x1^2 x3^2;x2^2 x3^2;x2 x3^3;x1^3 x2^2;x1^4 x3;x1^2 x2^2 x3;x2^3 x3^2",TRUE,22,"x3;x1^2;x2^2;x1^2 x3;x2^2 x3;x3^3;x1^3 x3;x1 x2^2 x3",TRUE,8,7,15,1,FALSE,8.00744536011422e-07,0.650000003264164,0.649999894916137,0.650000109365,0.64999998536408,1.7543982800687e-08,37049739.0899532,1.89170118951387e-07,0.0401100217022124,1.55983405172182e-07,-1.0259730076885e-08,1.91966510679176e-07,8.51247870303773e-07,28.6374433040619
"aizawa",3,20,Inf,3.69897000433602,5000,4,13,"smoothed",13,4,6,"weak/smoothed/m=1w/p=4",829,"x3;x1^2;x2^2;x1 x3;x1^3;x1^2 x3;x2^2 x3;x3^3;x1^4;x1^2 x2^2;x1^3 x3;x1^2 x3^2;x2^2 x3^2",TRUE,13,"x3;x1^2;x2^2;x1 x3;x1^3;x1^2 x3;x2^2 x3;x3^3;x1^3 x3",TRUE,9,7,6,2,FALSE,4.64437053375732e-05,0.650029442949015,0.650029287325361,0.650029589662964,0.650029361078581,2.50817466249013e-08,25916431.2119009,4.01338269570525e-07,0.753738325968797,3.35927588239076e-07,1.12259861195932e-06,3.64272705785274e-05,7.78328618730173e-05,9.00324869155884
"aizawa",3,20,Inf,3.69897000433602,5000,4,13,"smoothed",13,8,6,"weak/smoothed/m=1w/p=8",829,"x3;x1^2;x2^2;x1 x3;x1^3;x1^2 x3;x2^2 x3;x3^3;x1^4;x1^2 x2^2;x1^3 x3;x2^2 x3^2",TRUE,12,"x3;x1^2;x2^2;x1^2 x3;x2^2 x3;x3^3;x1^3 x3",TRUE,7,7,5,0,TRUE,4.08481650615578e-06,0.650000024896063,0.649999740411919,0.650000311753596,0.650000011810104,1.82990881799908e-08,35520896.2007654,2.93010396086344e-07,0.700652903081203,2.66127632832414e-07,-9.48029377062784e-09,2.3879290799413e-07,1.02866160400783e-06,2.98122787475586
"aizawa",3,20,Inf,3.69897000433602,5000,4,13,"smoothed",26,4,13,"weak/smoothed/m=2w/p=4",381,"x3;x1^2;x2^2;x2 x3;x1^3;x1^2 x3;x1 x2 x3;x2^2 x3;x1 x3^2;x3^3;x1^4;x1^2 x2^2;x2^4;x1^3 x3;x1^2 x2 x3;x1 x2^2 x3;x1^2 x3^2;x2^2 x3^2;x2 x3^3;x1^3 x2^2;x1^4 x3;x1^2 x2^2 x3;x2^3 x3^2",TRUE,23,"x3;x1^2;x2^2;x1^2 x3;x2^2 x3;x3^3;x1^3 x3;x1 x2^2 x3;x2^3 x3^2",TRUE,9,7,16,2,FALSE,3.43716516626458e-06,0.650001873327112,0.650001794635591,0.650001954357379,0.65000183470246,1.93558762065761e-08,33581628.0164896,2.08127023039642e-07,0.0549666858712922,1.49474068944203e-07,5.68059961315589e-08,2.27869737680448e-06,4.64339523331692e-06,18.1669907569885
"aizawa",3,20,Inf,3.69897000433602,5000,4,13,"smoothed",26,8,13,"weak/smoothed/m=2w/p=8",381,"x3;x1^2;x2^2;x2 x3;x1^2 x3;x1 x2 x3;x2^2 x3;x1 x3^2;x3^3;x1^4;x1^2 x2^2;x2^4;x1^3 x3;x1^2 x2 x3;x1 x2^2 x3;x1^2 x3^2;x2^2 x3^2;x2 x3^3;x1^3 x2^2;x1^4 x3;x1^2 x2^2 x3;x2^3 x3^2",TRUE,22,"x3;x1^2;x2^2;x1^2 x3;x2^2 x3;x3^3;x1^3 x3;x1 x2^2 x3;x2^3 x3^2",TRUE,9,7,15,2,FALSE,1.45592174177755e-06,0.650000007896023,0.649999930249195,0.650000084026972,0.649999991359818,2.18111417614043e-08,29801282.2286093,2.35181276363771e-07,-0.00717558491080995,1.80165669224771e-07,-1.0259730076885e-08,1.91966510679176e-07,8.51247870303773e-07,24.1528840065002
"dadras",1,1,49,4,10000,4,13,"smoothed",NA,NA,NA,"sg",10000,"x1;x2;x2 x3",FALSE,3,"x1;x2;x2 x3",FALSE,3,3,0,0,TRUE,0.00424047654881971,NA,NA,NA,0.00174285014235067,0.00294904086626737,0.59098880666127,0.279996906968289,0.748925888730087,0.279997433444335,4.43403540971573e-06,0.172394862734522,3.84169665494422,3.02114582061768
"dadras",1,1,49,4,10000,4,13,"raw",13,4,6,"weak/raw/m=1w/p=4",1663,"x1;x2;x2 x3",FALSE,3,"x1;x2;x2 x3",FALSE,3,3,0,0,TRUE,0.00036541844807747,NA,NA,NA,-0.00011588729564479,0.00145459445329875,-0.0796698319466153,0.056186795683274,0.0338318175917922,0.0561868043280506,9.01427926521872e-07,0.000423224606123465,0.00225845536239433,1.30885171890259
"dadras",1,1,49,4,10000,4,13,"raw",13,8,6,"weak/raw/m=1w/p=8",1663,"x1;x2;x2 x3",FALSE,3,"x1;x2;x2 x3",FALSE,3,3,0,0,TRUE,0.000294084051019716,NA,NA,NA,-5.21982916299012e-05,0.00222976179788905,-0.0234098062310145,0.0861780294322017,-0.329245208837006,0.0861780798775247,3.84771600285004e-08,1.13595589998792e-06,8.59803989783359e-06,1.10404658317566
"dadras",1,1,49,4,10000,4,13,"raw",26,4,13,"weak/raw/m=2w/p=4",766,"x1;x2;x2 x3",FALSE,3,"x1;x2;x2 x3",FALSE,3,3,0,0,TRUE,0.000379151396928012,NA,NA,NA,1.7306116614186e-05,0.000848336430234568,0.0204000629908122,0.0221400721736242,0.0954419066612758,0.0221400889811966,9.89217775971833e-08,1.92968891470321e-05,7.03180881522769e-05,1.27277278900146
"dadras",1,1,49,4,10000,4,13,"raw",26,8,13,"weak/raw/m=2w/p=8",766,"x1;x2;x2 x3",FALSE,3,"x1;x2;x2 x3",FALSE,3,3,0,0,TRUE,0.000374917495124194,NA,NA,NA,-1.24814064367446e-05,0.00124400793964361,-0.0100332208814682,0.0325223990008859,-0.279840866045968,0.0325224117394221,3.77757290232872e-08,5.6739701861422e-07,2.90514203449277e-06,1.45893335342407
"dadras",1,1,49,4,10000,4,13,"smoothed",13,4,6,"weak/smoothed/m=1w/p=4",1663,"x1;x2;x2 x3",FALSE,3,"x1;x2;x2 x3",FALSE,3,3,0,0,TRUE,0.000395403034033404,NA,NA,NA,-6.36388422397438e-05,0.00145043830588874,-0.0438755940058753,0.0560262480689601,0.0359763007864173,0.0560262745820981,9.01427926521872e-07,0.000423224606123465,0.00225845536239433,1.24705481529236
"dadras",1,1,49,4,10000,4,13,"smoothed",13,8,6,"weak/smoothed/m=1w/p=8",1663,"x1;x2;x2 x3",FALSE,3,"x1;x2;x2 x3",FALSE,3,3,0,0,TRUE,0.000330953544288359,NA,NA,NA,-6.23473885189497e-05,0.00220130466347549,-0.028322925741916,0.0850781694362097,-0.320532419196731,0.0850781855614965,3.84771600285004e-08,1.13595589998792e-06,8.59803989783359e-06,1.15629482269287
"dadras",1,1,49,4,10000,4,13,"smoothed",26,4,13,"weak/smoothed/m=2w/p=4",766,"x1;x2;x2 x3",FALSE,3,"x1;x2;x2 x3",FALSE,3,3,0,0,TRUE,0.000372821971743598,NA,NA,NA,1.2634951541787e-05,0.00084811391894164,0.0148977056732593,0.0221342639763674,0.0966115586841343,0.0221342906302414,9.89217775971833e-08,1.92968891470321e-05,7.03180881522769e-05,1.20303225517273
"dadras",1,1,49,4,10000,4,13,"smoothed",26,8,13,"weak/smoothed/m=2w/p=8",766,"x1;x2;x2 x3",FALSE,3,"x1;x2;x2 x3",FALSE,3,3,0,0,TRUE,0.000394997057044932,NA,NA,NA,-1.13044805618899e-05,0.00124110168061924,-0.00910842418346384,0.0324464172004819,-0.278292077695566,0.0324464618333797,3.77757290232872e-08,5.6739701861422e-07,2.90514203449277e-06,1.87007164955139
"dadras",1,2,49,4,10000,4,13,"smoothed",NA,NA,NA,"sg",10000,"x1;x2;x2 x3",FALSE,3,"x1;x2;x2 x3",FALSE,3,3,0,0,TRUE,0.00316949573762624,NA,NA,NA,0.00201343700223643,0.00270287363310422,0.744924578632269,0.249661675556843,0.736586745940871,0.24966263333071,5.6404981939773e-06,0.134080292748625,2.86458640058756,2.92994093894958
"dadras",1,2,49,4,10000,4,13,"raw",13,4,6,"weak/raw/m=1w/p=4",1663,"x1;x2;x2 x3",FALSE,3,"x1;x2;x2 x3",FALSE,3,3,0,0,TRUE,0.000451754632672108,NA,NA,NA,0.000735882278530389,0.00144552446951217,0.509076320775624,0.0542707708428658,0.0886939427236577,0.0542711112344712,6.3150731760423e-07,0.000421571281804624,0.00202768118400343,1.25299000740051
"dadras",1,2,49,4,10000,4,13,"raw",13,8,6,"weak/raw/m=1w/p=8",1663,"x1;x2;x2 x3",FALSE,3,"x1;x2;x2 x3",FALSE,3,3,0,0,TRUE,0.000541681794534288,NA,NA,NA,0.000676988858945846,0.00217641347748467,0.311057097352777,0.081770010373199,-0.284789419987933,0.0817703611284315,-2.25453749149982e-09,1.16980516964553e-06,7.48482259638195e-06,1.08004307746887
"dadras",1,2,49,4,10000,4,13,"raw",26,4,13,"weak/raw/m=2w/p=4",766,"x1;x2;x2 x3",FALSE,3,"x1;x2;x2 x3",FALSE,3,3,0,0,TRUE,0.000422924558847848,NA,NA,NA,0.000595964162746223,0.000907818468644544,0.656479443116036,0.0229998404309948,0.133149082821857,0.0230009077064821,3.77398504543897e-08,1.91459855930933e-05,6.76234614758187e-05,1.38113451004028
"dadras",1,2,49,4,10000,4,13,"raw",26,8,13,"weak/raw/m=2w/p=8",766,"x1;x2;x2 x3",FALSE,3,"x1;x2;x2 x3",FALSE,3,3,0,0,TRUE,0.00047158044832285,NA,NA,NA,0.000573534660778759,0.00127450462347992,0.450005947575754,0.032362663182644,-0.22830352910735,0.0323635881508317,-2.68525792500938e-09,5.88153905685083e-07,2.48225657628609e-06,1.08896327018738
"dadras",1,2,49,4,10000,4,13,"smoothed",13,4,6,"weak/smoothed/m=1w/p=4",1663,"x1;x2;x2 x3",FALSE,3,"x1;x2;x2 x3",FALSE,3,3,0,0,TRUE,0.00043706050636283,NA,NA,NA,0.00070322210451751,0.00144373967752706,0.487083728087352,0.054203755716464,0.0905377079828473,0.05420445645633,6.3150731760423e-07,0.000421571281804624,0.00202768118400343,1.22445106506348
"dadras",1,2,49,4,10000,4,13,"smoothed",13,8,6,"weak/smoothed/m=1w/p=8",1663,"x1;x2;x2 x3",FALSE,3,"x1;x2;x2 x3",FALSE,3,3,0,0,TRUE,0.000498903171451848,NA,NA,NA,0.00070070032303338,0.00215323488411869,0.325417504704869,0.0808991456466883,-0.27728772265248,0.0808994160696045,-2.25453749149982e-09,1.16980516964553e-06,7.48482259638195e-06,1.13361883163452
"dadras",1,2,49,4,10000,4,13,"smoothed",26,4,13,"weak/smoothed/m=2w/p=4",766,"x1;x2;x2 x3",FALSE,3,"x1;x2;x2 x3",FALSE,3,3,0,0,TRUE,0.000423606267995869,NA,NA,NA,0.000590781054406537,0.000907368716685482,0.651092597246018,0.0229884449568909,0.133414174518053,0.0229897329423539,3.77398504543897e-08,1.91459855930933e-05,6.76234614758187e-05,1.30376982688904
"dadras",1,2,49,4,10000,4,13,"smoothed",26,8,13,"weak/smoothed/m=2w/p=8",766,"x1;x2;x2 x3",FALSE,3,"x1;x2;x2 x3",FALSE,3,3,0,0,TRUE,0.0004917737983966,NA,NA,NA,0.00057253845880021,0.00127444723652446,0.449244537075994,0.0323612026286098,-0.2287708294936,0.0323619591113567,-2.68525792500938e-09,5.88153905685083e-07,2.48225657628609e-06,1.17479872703552
"dadras",1,3,49,4,10000,4,13,"smoothed",NA,NA,NA,"sg",10000,"x1;x2;x2 x3",FALSE,3,"x1;x2;x2 x3",FALSE,3,3,0,0,TRUE,0.0121445943205778,NA,NA,NA,0.00904265462312856,0.00491238600645476,1.84078665871264,0.478402537017664,0.787909876442773,0.478406814822012,-1.36469331371211e-05,0.441354070800217,17.6746876539545,2.87801122665405
"dadras",1,3,49,4,10000,4,13,"raw",13,4,6,"weak/raw/m=1w/p=4",1663,"x1;x2;x2 x3",FALSE,3,"x1;x2;x2 x3",FALSE,3,3,0,0,TRUE,0.000141930298173665,NA,NA,NA,-0.00038083836440064,0.00132598389790828,-0.287211907325125,0.0525519290337532,0.0738411317666953,0.0525519490575549,1.44311023578759e-06,0.000397764519085041,0.00273313423826949,1.32611751556396
"dadras",1,3,49,4,10000,4,13,"raw",13,8,6,"weak/raw/m=1w/p=8",1663,"x1;x2;x2 x3",FALSE,3,"x1;x2;x2 x3",FALSE,3,3,0,0,TRUE,0.000226515799107995,NA,NA,NA,-0.000356557482005853,0.0019752103424661,-0.180516208496905,0.0783322442575059,-0.279564085769154,0.0783322988779304,2.72792366117466e-08,1.02093516983463e-06,7.50784758452028e-06,1.15415549278259
"dadras",1,3,49,4,10000,4,13,"raw",26,4,13,"weak/raw/m=2w/p=4",766,"x1;x2;x2 x3",FALSE,3,"x1;x2;x2 x3",FALSE,3,3,0,0,TRUE,0.000239901291864797,NA,NA,NA,-0.000470208105193214,0.000800649238990864,-0.587283522289814,0.0214477068067088,0.106905494181608,0.0214479711886637,1.496714250581e-07,1.79126066466805e-05,6.81426723723177e-05,1.21565461158752
"dadras",1,3,49,4,10000,4,13,"raw",26,8,13,"weak/raw/m=2w/p=8",766,"x1;x2;x2 x3",FALSE,3,"x1;x2;x2 x3",FALSE,3,3,0,0,TRUE,0.000248242272284149,NA,NA,NA,-0.000457235711100836,0.00114207128040623,-0.400356544241441,0.0306470731763724,-0.265330568666246,0.0306472763126432,2.64596012902202e-08,5.38754313444592e-07,3.19115872571274e-06,1.09979867935181
"dadras",1,3,49,4,10000,4,13,"smoothed",13,4,6,"weak/smoothed/m=1w/p=4",1663,"x1;x2;x2 x3",FALSE,3,"x1;x2;x2 x3",FALSE,3,3,0,0,TRUE,0.000243614315709266,NA,NA,NA,-0.000344564555239281,0.00133680868382321,-0.257751583610186,0.0529809355232067,0.0658213692381123,0.0529809493686438,1.44311023578759e-06,0.000397764519085041,0.00273313423826949,1.2714204788208
"dadras",1,3,49,4,10000,4,13,"smoothed",13,8,6,"weak/smoothed/m=1w/p=8",1663,"x1;x2;x2 x3",FALSE,3,"x1;x2;x2 x3",FALSE,3,3,0,0,TRUE,0.000645347303277354,NA,NA,NA,-7.22665238551452e-05,0.00202115946575576,-0.0357549837504399,0.0801544692546663,-0.296380531097731,0.0801545034288086,2.72792366117466e-08,1.02093516983463e-06,7.50784758452028e-06,1.10074186325073
"dadras",1,3,49,4,10000,4,13,"smoothed",26,4,13,"weak/smoothed/m=2w/p=4",766,"x1;x2;x2 x3",FALSE,3,"x1;x2;x2 x3",FALSE,3,3,0,0,TRUE,0.000249912837429145,NA,NA,NA,-0.000491191875382822,0.000801904117858713,-0.612531927999607,0.0214813145295358,0.107852622627748,0.0214815690406169,1.496714250581e-07,1.79126066466805e-05,6.81426723723177e-05,1.29579591751099
"dadras",1,3,49,4,10000,4,13,"smoothed",26,8,13,"weak/smoothed/m=2w/p=8",766,"x1;x2;x2 x3",FALSE,3,"x1;x2;x2 x3",FALSE,3,3,0,0,TRUE,0.000270549815501786,NA,NA,NA,-0.000450941071040711,0.00114594912064187,-0.393508806733171,0.0307511285741554,-0.268599820394427,0.030751226305254,2.64596012902202e-08,5.38754313444592e-07,3.19115872571274e-06,1.11497116088867
"dadras",1,4,49,4,10000,4,13,"smoothed",NA,NA,NA,"sg",10000,"x1;x2;x2 x3",FALSE,3,"x1;x2;x2 x3",FALSE,3,3,0,0,TRUE,0.00662826490827479,NA,NA,NA,0.00629088835782681,0.00366517519887971,1.71639499245484,0.349098894931098,0.787770136942445,0.34910349843103,1.74701902057174e-05,0.282204853814865,6.88790055224946,2.9936466217041
"dadras",1,4,49,4,10000,4,13,"raw",13,4,6,"weak/raw/m=1w/p=4",1663,"x1;x2;x2 x3",FALSE,3,"x1;x2;x2 x3",FALSE,3,3,0,0,TRUE,0.000594708360945884,NA,NA,NA,0.00100187542588122,0.00145087325319148,0.690532700687254,0.056196572472617,0.0850116344810099,0.0561972114370271,2.09763677448446e-06,0.000425631498508378,0.0024380836583191,1.32658123970032
"dadras",1,4,49,4,10000,4,13,"raw",13,8,6,"weak/raw/m=1w/p=8",1663,"x1;x2;x2 x3",FALSE,3,"x1;x2;x2 x3",FALSE,3,3,0,0,TRUE,0.000564142065516915,NA,NA,NA,0.00100692638127229,0.00220537485609154,0.456578335647123,0.0854881045722656,-0.3113590556798,0.0854886199975338,9.38645054090182e-09,1.08070128154851e-06,8.39251428885746e-06,1.09892749786377
"dadras",1,4,49,4,10000,4,13,"raw",26,4,13,"weak/raw/m=2w/p=4",766,"x1;x2;x2 x3",FALSE,3,"x1;x2;x2 x3",FALSE,3,3,0,0,TRUE,0.000482162908303163,NA,NA,NA,0.00086041729666357,0.0008823526844189,0.9751398866432,0.0230671574410404,0.0872626342606432,0.0230683771020598,1.72382295766903e-07,1.93013597302732e-05,7.70388583912762e-05,1.30386829376221
"dadras",1,4,49,4,10000,4,13,"raw",26,8,13,"weak/raw/m=2w/p=8",766,"x1;x2;x2 x3",FALSE,3,"x1;x2;x2 x3",FALSE,3,3,0,0,TRUE,0.000491263087784466,NA,NA,NA,0.000909234484418041,0.00128540542851126,0.70735229854374,0.0336847290025854,-0.287158231488816,0.0336858583775899,7.81613347492528e-09,5.70224168869824e-07,2.85659553256323e-06,1.10566282272339
"dadras",1,4,49,4,10000,4,13,"smoothed",13,4,6,"weak/smoothed/m=1w/p=4",1663,"x1;x2;x2 x3",FALSE,3,"x1;x2;x2 x3",FALSE,3,3,0,0,TRUE,0.000592710057355061,NA,NA,NA,0.00103223962690549,0.00144975695253942,0.712008744015611,0.0561533236115965,0.0866721239574388,0.0561543061679096,2.09763677448446e-06,0.000425631498508378,0.0024380836583191,1.25677442550659
"dadras",1,4,49,4,10000,4,13,"smoothed",13,8,6,"weak/smoothed/m=1w/p=8",1663,"x1;x2;x2 x3",FALSE,3,"x1;x2;x2 x3",FALSE,3,3,0,0,TRUE,0.000599089997244562,NA,NA,NA,0.00111469310150837,0.00218680638665055,0.509735616428164,0.0847682968986904,-0.302630191209051,0.0847688653848469,9.38645054090182e-09,1.08070128154851e-06,8.39251428885746e-06,1.18185663223267
"dadras",1,4,49,4,10000,4,13,"smoothed",26,4,13,"weak/smoothed/m=2w/p=4",766,"x1;x2;x2 x3",FALSE,3,"x1;x2;x2 x3",FALSE,3,3,0,0,TRUE,0.000459251413836625,NA,NA,NA,0.000850532051243098,0.000882065159386156,0.964250817745706,0.0230596379233835,0.0861679194041907,0.0230612041307692,1.72382295766903e-07,1.93013597302732e-05,7.70388583912762e-05,1.25621366500854
"dadras",1,4,49,4,10000,4,13,"smoothed",26,8,13,"weak/smoothed/m=2w/p=8",766,"x1;x2;x2 x3",FALSE,3,"x1;x2;x2 x3",FALSE,3,3,0,0,TRUE,0.000508994017334174,NA,NA,NA,0.000942536084927364,0.0012865156611717,0.73262698105746,0.0337138190952615,-0.288318748761689,0.0337150742819332,7.81613347492528e-09,5.70224168869824e-07,2.85659553256323e-06,1.07387614250183
"dadras",1,5,49,4,10000,4,13,"smoothed",NA,NA,NA,"sg",10000,"x1;x2;x2 x3",FALSE,3,"x1;x2;x2 x3",FALSE,3,3,0,0,TRUE,0.00851324125777165,NA,NA,NA,0.00636508924810855,0.00405465418443655,1.56982296358106,0.392944856900684,0.797009961117862,0.392947866551924,-1.3353315177776e-06,0.348195300438865,7.74358864599206,2.9326491355896
"dadras",1,5,49,4,10000,4,13,"raw",13,4,6,"weak/raw/m=1w/p=4",1663,"x1;x2;x2 x3",FALSE,3,"x1;x2;x2 x3",FALSE,3,3,0,0,TRUE,0.000414388401082766,NA,NA,NA,-0.000110860372032643,0.00138926333269131,-0.0797979543718914,0.0547490287694406,0.0863029499935791,0.0547490613319141,1.03200769654112e-06,0.000418846536125989,0.0026143250758679,1.32307386398315
"dadras",1,5,49,4,10000,4,13,"raw",13,8,6,"weak/raw/m=1w/p=8",1663,"x1;x2;x2 x3",FALSE,3,"x1;x2;x2 x3",FALSE,3,3,0,0,TRUE,0.000469477066945112,NA,NA,NA,-4.25334137639214e-05,0.00210669773866038,-0.0201896138128329,0.0830825026777771,-0.307274512563856,0.0830825225144938,3.55414577456121e-08,1.02663060458519e-06,7.2178472834139e-06,1.13092041015625
"dadras",1,5,49,4,10000,4,13,"raw",26,4,13,"weak/raw/m=2w/p=4",766,"x1;x2;x2 x3",FALSE,3,"x1;x2;x2 x3",FALSE,3,3,0,0,TRUE,0.000354661621105423,NA,NA,NA,7.8761514937075e-05,0.000839650921138621,0.0938026898490973,0.0223389291541884,0.0594140313663137,0.0223389360526574,9.12879894587284e-08,1.91100935708506e-05,8.27455986982528e-05,1.28558588027954
"dadras",1,5,49,4,10000,4,13,"raw",26,8,13,"weak/raw/m=2w/p=8",766,"x1;x2;x2 x3",FALSE,3,"x1;x2;x2 x3",FALSE,3,3,0,0,TRUE,0.000390483868963121,NA,NA,NA,1.47466743844285e-05,0.00121230417506222,0.0121641702534528,0.0323188679345792,-0.26866316890578,0.0323189154998853,3.50447609130838e-08,5.56918548854351e-07,3.17104890967812e-06,1.98188638687134
"dadras",1,5,49,4,10000,4,13,"smoothed",13,4,6,"weak/smoothed/m=1w/p=4",1663,"x1;x2;x2 x3",FALSE,3,"x1;x2;x2 x3",FALSE,3,3,0,0,TRUE,0.000383470807703734,NA,NA,NA,-1.91734186710733e-05,0.0013877986271701,-0.0138157066131203,0.054691296776488,0.0870998767129,0.0546913064609422,1.03200769654112e-06,0.000418846536125989,0.0026143250758679,1.39337086677551
"dadras",1,5,49,4,10000,4,13,"smoothed",13,8,6,"weak/smoothed/m=1w/p=8",1663,"x1;x2;x2 x3",FALSE,3,"x1;x2;x2 x3",FALSE,3,3,0,0,TRUE,0.000436529039087308,NA,NA,NA,6.86078067201091e-05,0.00209238548368603,0.0327892767633079,0.0825180447952977,-0.301900407367827,0.082518104749531,3.55414577456121e-08,1.02663060458519e-06,7.2178472834139e-06,1.50835537910461
"dadras",1,5,49,4,10000,4,13,"smoothed",26,4,13,"weak/smoothed/m=2w/p=4",766,"x1;x2;x2 x3",FALSE,3,"x1;x2;x2 x3",FALSE,3,3,0,0,TRUE,0.000374055840546617,NA,NA,NA,6.0695091329972e-05,0.000839893563317037,0.0722652178572075,0.0223453798780396,0.058877786844537,0.022345379998676,9.12879894587284e-08,1.91100935708506e-05,8.27455986982528e-05,1.29395866394043
"dadras",1,5,49,4,10000,4,13,"smoothed",26,8,13,"weak/smoothed/m=2w/p=8",766,"x1;x2;x2 x3",FALSE,3,"x1;x2;x2 x3",FALSE,3,3,0,0,TRUE,0.000385995190426591,NA,NA,NA,1.16704068631349e-05,0.00121217769831115,0.00962763700354701,0.0323154913408732,-0.267601423883868,0.0323155556887857,3.50447609130838e-08,5.56918548854351e-07,3.17104890967812e-06,1.8997266292572
"dadras",1,6,49,4,10000,4,13,"smoothed",NA,NA,NA,"sg",10000,"x1;x2;x2 x3",FALSE,3,"x1;x2;x2 x3",FALSE,3,3,0,0,TRUE,0.0190599804917738,NA,NA,NA,0.0101487110488011,0.00803623521131986,1.26286884118395,0.766094441355069,0.781253548627842,0.766099529287747,2.05100073579729e-05,0.788241933419193,31.7990259036313,2.91622281074524
"dadras",1,6,49,4,10000,4,13,"raw",13,4,6,"weak/raw/m=1w/p=4",1663,"x1;x2;x2 x3",FALSE,3,"x1;x2;x2 x3",FALSE,3,3,0,0,TRUE,0.000991851446388026,NA,NA,NA,0.000330899178671745,0.00141329635908818,0.234132902518218,0.054787679632297,0.0687523361821512,0.0547877630659291,-2.83717254698855e-06,0.000432917238759411,0.00336308522507522,1.38377857208252
"dadras",1,6,49,4,10000,4,13,"raw",13,8,6,"weak/raw/m=1w/p=8",1663,"x1;x2;x2 x3",FALSE,3,"x1;x2;x2 x3",FALSE,3,3,0,0,TRUE,0.000981169223348122,NA,NA,NA,0.000399797376497665,0.00214205358006592,0.186642099067083,0.0830950972573605,-0.318583083083289,0.0830952093351946,-2.85302565120339e-09,1.07798648331185e-06,8.76139820604749e-06,1.09096503257751
"dadras",1,6,49,4,10000,4,13,"raw",26,4,13,"weak/raw/m=2w/p=4",766,"x1;x2;x2 x3",FALSE,3,"x1;x2;x2 x3",FALSE,3,3,0,0,TRUE,0.000924370818648379,NA,NA,NA,0.000545999343075234,0.000855157072517891,0.638478427673662,0.0223952218465582,0.129219133043994,0.0223958832043933,-1.49085330949526e-07,1.91732892072701e-05,8.1101218118107e-05,1.31116080284119
"dadras",1,6,49,4,10000,4,13,"raw",26,8,13,"weak/raw/m=2w/p=8",766,"x1;x2;x2 x3",FALSE,3,"x1;x2;x2 x3",FALSE,3,3,0,0,TRUE,0.000842687436256373,NA,NA,NA,0.000462070873762373,0.00120363811437479,0.38389518264997,0.0315815345274192,-0.232855158677334,0.031581952157867,-4.94973212199913e-10,5.24713743136568e-07,2.43303866476197e-06,1.09856367111206
"dadras",1,6,49,4,10000,4,13,"smoothed",13,4,6,"weak/smoothed/m=1w/p=4",1663,"x1;x2;x2 x3",FALSE,3,"x1;x2;x2 x3",FALSE,3,3,0,0,TRUE,0.0010408479524826,NA,NA,NA,0.000443881101467404,0.00142738180438053,0.310975732004686,0.0553336930686286,0.0523679564740154,0.0553339221984841,-2.83717254698855e-06,0.000432917238759411,0.00336308522507522,1.32358860969543
"dadras",1,6,49,4,10000,4,13,"smoothed",13,8,6,"weak/smoothed/m=1w/p=8",1663,"x1;x2;x2 x3",FALSE,3,"x1;x2;x2 x3",FALSE,3,3,0,0,TRUE,0.000970853203977162,NA,NA,NA,0.000404496681994185,0.00217301582760686,0.186145299475179,0.0842961644797815,-0.327213945740914,0.0842963497076441,-2.85302565120339e-09,1.07798648331185e-06,8.76139820604749e-06,1.11584281921387
"dadras",1,6,49,4,10000,4,13,"smoothed",26,4,13,"weak/smoothed/m=2w/p=4",766,"x1;x2;x2 x3",FALSE,3,"x1;x2;x2 x3",FALSE,3,3,0,0,TRUE,0.0009333192808616,NA,NA,NA,0.000518636435049379,0.000855194337470377,0.606454477450681,0.022396193965897,0.128562845116387,0.0223968132964006,-1.49085330949526e-07,1.91732892072701e-05,8.1101218118107e-05,1.34717154502869
"dadras",1,6,49,4,10000,4,13,"smoothed",26,8,13,"weak/smoothed/m=2w/p=8",766,"x1;x2;x2 x3",FALSE,3,"x1;x2;x2 x3",FALSE,3,3,0,0,TRUE,0.000922649296139166,NA,NA,NA,0.000498309672599028,0.00119895377965159,0.415620419282414,0.0314586208357328,-0.234910082467005,0.0314588416103662,-4.94973212199913e-10,5.24713743136568e-07,2.43303866476197e-06,1.12642097473145
"dadras",1,7,49,4,10000,4,13,"smoothed",NA,NA,NA,"sg",10000,"x1;x2;x2 x3",FALSE,3,"x1;x2;x2 x3",FALSE,3,3,0,0,TRUE,0.00845655635868708,NA,NA,NA,0.00323344028545398,0.00409754085858023,0.789117277179351,0.38792310807802,0.782786085579322,0.387924536441067,-8.47520136616174e-06,0.331915092219773,11.5650788013996,3.0099663734436
"dadras",1,7,49,4,10000,4,13,"raw",13,4,6,"weak/raw/m=1w/p=4",1663,"x1;x2;x2 x3",FALSE,3,"x1;x2;x2 x3",FALSE,3,3,0,0,TRUE,0.00016074207511189,NA,NA,NA,0.000336933453155991,0.0014341460918898,0.234936632370562,0.0552543932249053,0.0489028901401399,0.0552545031137165,1.17677548427235e-06,0.000416998823282894,0.00284980058067674,1.1808705329895
"dadras",1,7,49,4,10000,4,13,"raw",13,8,6,"weak/raw/m=1w/p=8",1663,"x1;x2;x2 x3",FALSE,3,"x1;x2;x2 x3",FALSE,3,3,0,0,TRUE,0.000242873356879003,NA,NA,NA,0.000300008673614086,0.00218512512160193,0.137295878688241,0.0842352183680449,-0.310632950543988,0.0842353132049759,-5.87928381076272e-09,1.07719399776427e-06,6.84515804039165e-06,1.16252875328064
"dadras",1,7,49,4,10000,4,13,"raw",26,4,13,"weak/raw/m=2w/p=4",766,"x1;x2;x2 x3",FALSE,3,"x1;x2;x2 x3",FALSE,3,3,0,0,TRUE,0.000214256784407526,NA,NA,NA,0.000289989221486915,0.000856632990042722,0.338522126578913,0.0223050335529484,0.114555539833336,0.0223053140787128,5.76204455877278e-08,1.8811276130264e-05,7.74340538889362e-05,1.28392601013184
"dadras",1,7,49,4,10000,4,13,"raw",26,8,13,"weak/raw/m=2w/p=8",766,"x1;x2;x2 x3",FALSE,3,"x1;x2;x2 x3",FALSE,3,3,0,0,TRUE,0.000196123998876511,NA,NA,NA,0.000368104283034306,0.00122492257161099,0.300512286707382,0.03194863303019,-0.263223212870759,0.0319489308780029,-6.2570735658033e-09,5.61144041451687e-07,2.47646457296469e-06,1.02040362358093
"dadras",1,7,49,4,10000,4,13,"smoothed",13,4,6,"weak/smoothed/m=1w/p=4",1663,"x1;x2;x2 x3",FALSE,3,"x1;x2;x2 x3",FALSE,3,3,0,0,TRUE,0.000263049620242632,NA,NA,NA,0.000345118601592207,0.00143119819696798,0.241139628545751,0.05514080475971,0.0529494593340982,0.0551409573683981,1.17677548427235e-06,0.000416998823282894,0.00284980058067674,1.25433349609375
"dadras",1,7,49,4,10000,4,13,"smoothed",13,8,6,"weak/smoothed/m=1w/p=8",1663,"x1;x2;x2 x3",FALSE,3,"x1;x2;x2 x3",FALSE,3,3,0,0,TRUE,0.000285642344540094,NA,NA,NA,0.000331628648646859,0.00215666491318269,0.153769204766011,0.0831380617486727,-0.299394540568777,0.0831381523037296,-5.87928381076272e-09,1.07719399776427e-06,6.84515804039165e-06,1.15167999267578
"dadras",1,7,49,4,10000,4,13,"smoothed",26,4,13,"weak/smoothed/m=2w/p=4",766,"x1;x2;x2 x3",FALSE,3,"x1;x2;x2 x3",FALSE,3,3,0,0,TRUE,0.000226024292260041,NA,NA,NA,0.000265646369182993,0.000856044365807816,0.310318459875982,0.0222897036813117,0.113198800248843,0.0222901171912324,5.76204455877278e-08,1.8811276130264e-05,7.74340538889362e-05,1.35740351676941
"dadras",1,7,49,4,10000,4,13,"smoothed",26,8,13,"weak/smoothed/m=2w/p=8",766,"x1;x2;x2 x3",FALSE,3,"x1;x2;x2 x3",FALSE,3,3,0,0,TRUE,0.000227216207171033,NA,NA,NA,0.00033112134006933,0.00122385752289555,0.270555464075526,0.0319208485453098,-0.265857885578164,0.0319210108962094,-6.2570735658033e-09,5.61144041451687e-07,2.47646457296469e-06,1.0433304309845
"dadras",1,8,49,4,10000,4,13,"smoothed",NA,NA,NA,"sg",10000,"x1;x2;x2 x3",FALSE,3,"x1;x2;x2 x3",FALSE,3,3,0,0,TRUE,0.00582852246528723,NA,NA,NA,0.00227215409091537,0.0037417533233575,0.607243154360735,0.343319042391584,0.782258724486704,0.343319875926204,-8.33023194078866e-07,0.273394109463008,9.34576444552313,2.93504524230957
"dadras",1,8,49,4,10000,4,13,"raw",13,4,6,"weak/raw/m=1w/p=4",1663,"x1;x2;x2 x3",FALSE,3,"x1;x2;x2 x3",FALSE,3,3,0,0,TRUE,0.000529773830939106,NA,NA,NA,0.000708575315852431,0.00146819716309138,0.482615914037379,0.0547698506057227,0.0607649222070434,0.0547703869770937,-8.55096464900141e-07,0.000430240053488494,0.00268812271301044,1.34044122695923
"dadras",1,8,49,4,10000,4,13,"raw",13,8,6,"weak/raw/m=1w/p=8",1663,"x1;x2;x2 x3",FALSE,3,"x1;x2;x2 x3",FALSE,3,3,0,0,TRUE,0.000533217683489795,NA,NA,NA,0.000728209025091427,0.00223806357266778,0.325374593458666,0.0835575607971677,-0.315931148187499,0.0835582145776505,5.57081759773603e-09,1.09590870494591e-06,7.99754808866737e-06,1.95474123954773
"dadras",1,8,49,4,10000,4,13,"raw",26,4,13,"weak/raw/m=2w/p=4",766,"x1;x2;x2 x3",FALSE,3,"x1;x2;x2 x3",FALSE,3,3,0,0,TRUE,0.000431518827205712,NA,NA,NA,0.000553601398948885,0.00087376089201343,0.633584546995697,0.0219889491366773,0.137316339286887,0.0219901619311645,-4.88712618791924e-08,1.95544814677394e-05,8.67445719716642e-05,1.40883708000183
"dadras",1,8,49,4,10000,4,13,"raw",26,8,13,"weak/raw/m=2w/p=8",766,"x1;x2;x2 x3",FALSE,3,"x1;x2;x2 x3",FALSE,3,3,0,0,TRUE,0.000478869562597684,NA,NA,NA,0.000592545092015634,0.00124998310017938,0.474042482598846,0.0315356503177233,-0.237184628349267,0.0315364076990933,5.92357738874757e-09,5.90485076437295e-07,2.74418657397746e-06,2.01296067237854
"dadras",1,8,49,4,10000,4,13,"smoothed",13,4,6,"weak/smoothed/m=1w/p=4",1663,"x1;x2;x2 x3",FALSE,3,"x1;x2;x2 x3",FALSE,3,3,0,0,TRUE,0.000548922162382448,NA,NA,NA,0.000673966490176569,0.0014670863217444,0.459391162051872,0.0547283939687791,0.0602578685789842,0.0547287774629589,-8.55096464900141e-07,0.000430240053488494,0.00268812271301044,1.34317350387573
"dadras",1,8,49,4,10000,4,13,"smoothed",13,8,6,"weak/smoothed/m=1w/p=8",1663,"x1;x2;x2 x3",FALSE,3,"x1;x2;x2 x3",FALSE,3,3,0,0,TRUE,0.000555045223458617,NA,NA,NA,0.000718299224879514,0.00221613997477152,0.324121776176872,0.0827390134374413,-0.307355187706456,0.082739325177326,5.57081759773603e-09,1.09590870494591e-06,7.99754808866737e-06,1.93409824371338
"dadras",1,8,49,4,10000,4,13,"smoothed",26,4,13,"weak/smoothed/m=2w/p=4",766,"x1;x2;x2 x3",FALSE,3,"x1;x2;x2 x3",FALSE,3,3,0,0,TRUE,0.000427323474739394,NA,NA,NA,0.000534178501039289,0.000873412536362437,0.611599305940834,0.0219801801953804,0.137387344030037,0.0219811794714851,-4.88712618791924e-08,1.95544814677394e-05,8.67445719716642e-05,1.65399527549744
"dadras",1,8,49,4,10000,4,13,"smoothed",26,8,13,"weak/smoothed/m=2w/p=8",766,"x1;x2;x2 x3",FALSE,3,"x1;x2;x2 x3",FALSE,3,3,0,0,TRUE,0.000482413530778825,NA,NA,NA,0.000575972655453186,0.00124838458067634,0.461374374826978,0.0314953151122993,-0.236766813202525,0.0314960291834503,5.92357738874757e-09,5.90485076437295e-07,2.74418657397746e-06,2.07762765884399
"dadras",1,9,49,4,10000,4,13,"smoothed",NA,NA,NA,"sg",10000,"x1;x2;x2 x3",FALSE,3,"x1;x2;x2 x3",FALSE,3,3,0,0,TRUE,0.00983176544659086,NA,NA,NA,0.00685615051592932,0.00447216212473867,1.53307289062781,0.432825002585991,0.789580188044511,0.432828180669385,-0.0006549754559932,0.393059505548546,13.0309909930594,2.98657965660095
"dadras",1,9,49,4,10000,4,13,"raw",13,4,6,"weak/raw/m=1w/p=4",1663,"x1;x2;x2 x3",FALSE,3,"x1;x2;x2 x3",FALSE,3,3,0,0,TRUE,0.000275882100038927,NA,NA,NA,0.000174694848601677,0.00141297302332764,0.123636365109264,0.0556707087597232,0.0681502302447929,0.0556707140360875,4.15449853578854e-06,0.000414235873154177,0.00251244495646574,1.25382232666016
"dadras",1,9,49,4,10000,4,13,"raw",13,8,6,"weak/raw/m=1w/p=8",1663,"x1;x2;x2 x3",FALSE,3,"x1;x2;x2 x3",FALSE,3,3,0,0,TRUE,0.000370948937545412,NA,NA,NA,8.48716034597358e-05,0.00215095302849284,0.0394576740335444,0.0847966517379181,-0.305914103991167,0.0847966836311106,1.20354982301046e-08,1.10387677797939e-06,7.46790294670063e-06,1.11524963378906
"dadras",1,9,49,4,10000,4,13,"raw",26,4,13,"weak/raw/m=2w/p=4",766,"x1;x2;x2 x3",FALSE,3,"x1;x2;x2 x3",FALSE,3,3,0,0,TRUE,0.000429955198216314,NA,NA,NA,0.000182607738318513,0.000842052313237138,0.216860325003451,0.0224346658349721,0.117047219598474,0.0224347733977573,2.11269301630637e-07,1.87522601663178e-05,9.45976802455561e-05,1.19837522506714
"dadras",1,9,49,4,10000,4,13,"raw",26,8,13,"weak/raw/m=2w/p=8",766,"x1;x2;x2 x3",FALSE,3,"x1;x2;x2 x3",FALSE,3,3,0,0,TRUE,0.000511057372105661,NA,NA,NA,0.000144319558674765,0.0011918422126708,0.121089484111625,0.0318020861599277,-0.262234011186727,0.031802213100451,9.34334089608131e-09,6.17289275314785e-07,4.76354203726714e-06,1.05585026741028
"dadras",1,9,49,4,10000,4,13,"smoothed",13,4,6,"weak/smoothed/m=1w/p=4",1663,"x1;x2;x2 x3",FALSE,3,"x1;x2;x2 x3",FALSE,3,3,0,0,TRUE,0.000289825858425334,NA,NA,NA,0.000209914891714882,0.00141907298521488,0.147923957331269,0.0559110372129374,0.0635281581765668,0.0559111132867179,4.15449853578854e-06,0.000414235873154177,0.00251244495646574,1.1995587348938
"dadras",1,9,49,4,10000,4,13,"smoothed",13,8,6,"weak/smoothed/m=1w/p=8",1663,"x1;x2;x2 x3",FALSE,3,"x1;x2;x2 x3",FALSE,3,3,0,0,TRUE,0.000431250053928818,NA,NA,NA,0.00026574706010158,0.00214283676299717,0.124016474185314,0.0844766620043405,-0.300510910826803,0.0844767028355502,1.20354982301046e-08,1.10387677797939e-06,7.46790294670063e-06,1.09092497825623
"dadras",1,9,49,4,10000,4,13,"smoothed",26,4,13,"weak/smoothed/m=2w/p=4",766,"x1;x2;x2 x3",FALSE,3,"x1;x2;x2 x3",FALSE,3,3,0,0,TRUE,0.000430376264701771,NA,NA,NA,0.000176812106683043,0.000842342737739289,0.209905183200816,0.0224424002452172,0.119246266920577,0.0224425722829422,2.11269301630637e-07,1.87522601663178e-05,9.45976802455561e-05,1.18741917610168
"dadras",1,9,49,4,10000,4,13,"smoothed",26,8,13,"weak/smoothed/m=2w/p=8",766,"x1;x2;x2 x3",FALSE,3,"x1;x2;x2 x3",FALSE,3,3,0,0,TRUE,0.000561323411808701,NA,NA,NA,0.00013138125072213,0.00118783367828537,0.110605763352137,0.0316951230166796,-0.260283940429739,0.0316954012315504,9.34334089608131e-09,6.17289275314785e-07,4.76354203726714e-06,1.07495307922363
"dadras",1,10,49,4,10000,4,13,"smoothed",NA,NA,NA,"sg",10000,"x1;x2;x2 x3",FALSE,3,"x1;x2;x2 x3",FALSE,3,3,0,0,TRUE,0.0104996704639806,NA,NA,NA,0.0045668923340182,0.00430948394511516,1.05973067591882,0.419440367946571,0.791705056177436,0.419441615140633,7.92903722146457e-07,0.368706320083677,12.8804071613391,2.9376528263092
"dadras",1,10,49,4,10000,4,13,"raw",13,4,6,"weak/raw/m=1w/p=4",1663,"x1;x2;x2 x3",FALSE,3,"x1;x2;x2 x3",FALSE,3,3,0,0,TRUE,7.09022963875465e-05,NA,NA,NA,-0.000597198738735774,0.00141594512963712,-0.421766865280173,0.0560999540190226,0.0880928868948112,0.056100110973725,-1.2425710176728e-06,0.000435435102587465,0.00288289052645041,1.297776222229
"dadras",1,10,49,4,10000,4,13,"raw",13,8,6,"weak/raw/m=1w/p=8",1663,"x1;x2;x2 x3",FALSE,3,"x1;x2;x2 x3",FALSE,3,3,0,0,TRUE,0.000108015592233575,NA,NA,NA,-0.000555627306446094,0.00212910040163561,-0.26096810935701,0.0843917797178164,-0.291114606604773,0.0843918380064756,2.05831800913385e-08,1.07012273654939e-06,7.79503170633689e-06,1.15756630897522
"dadras",1,10,49,4,10000,4,13,"raw",26,4,13,"weak/raw/m=2w/p=4",766,"x1;x2;x2 x3",FALSE,3,"x1;x2;x2 x3",FALSE,3,3,0,0,TRUE,0.000112555735760411,NA,NA,NA,-0.00047103900302543,0.000893881652492812,-0.526959023839252,0.0239554376939386,0.152728134938113,0.023955691986419,-5.199390643801e-08,1.96084467658624e-05,8.14667859820872e-05,1.30260515213013
"dadras",1,10,49,4,10000,4,13,"raw",26,8,13,"weak/raw/m=2w/p=8",766,"x1;x2;x2 x3",FALSE,3,"x1;x2;x2 x3",FALSE,3,3,0,0,TRUE,8.19386047721249e-05,NA,NA,NA,-0.000470182744855071,0.00124370814432447,-0.37804910018536,0.033373007465157,-0.221090237755296,0.033373170409663,2.10920205097462e-08,5.71014023574837e-07,4.44372103913793e-06,1.14843654632568
"dadras",1,10,49,4,10000,4,13,"smoothed",13,4,6,"weak/smoothed/m=1w/p=4",1663,"x1;x2;x2 x3",FALSE,3,"x1;x2;x2 x3",FALSE,3,3,0,0,TRUE,0.000194227121787183,NA,NA,NA,-0.000521111922294761,0.00141856712135298,-0.367350909555652,0.0562038315380599,0.085770029549625,0.0562039829327063,-1.2425710176728e-06,0.000435435102587465,0.00288289052645041,1.30578637123108
"dadras",1,10,49,4,10000,4,13,"smoothed",13,8,6,"weak/smoothed/m=1w/p=8",1663,"x1;x2;x2 x3",FALSE,3,"x1;x2;x2 x3",FALSE,3,3,0,0,TRUE,0.000318315164956839,NA,NA,NA,-0.000456509452336468,0.00212207533482364,-0.21512405560965,0.0841132982514966,-0.290782491952951,0.0841133402406163,2.05831800913385e-08,1.07012273654939e-06,7.79503170633689e-06,1.16015362739563
"dadras",1,10,49,4,10000,4,13,"smoothed",26,4,13,"weak/smoothed/m=2w/p=4",766,"x1;x2;x2 x3",FALSE,3,"x1;x2;x2 x3",FALSE,3,3,0,0,TRUE,0.000121109706227474,NA,NA,NA,-0.000482491384435729,0.000895177535313166,-0.538989603070117,0.023990164314982,0.152007974677907,0.0239904503227313,-5.199390643801e-08,1.96084467658624e-05,8.14667859820872e-05,1.30344915390015
"dadras",1,10,49,4,10000,4,13,"smoothed",26,8,13,"weak/smoothed/m=2w/p=8",766,"x1;x2;x2 x3",FALSE,3,"x1;x2;x2 x3",FALSE,3,3,0,0,TRUE,0.000119572488759119,NA,NA,NA,-0.000446494258429894,0.00124341235529055,-0.359087841237963,0.0333650675057204,-0.221203711275148,0.0333653040755335,2.10920205097462e-08,5.71014023574837e-07,4.44372103913793e-06,1.13546562194824
"dadras",1,11,49,4,10000,4,13,"smoothed",NA,NA,NA,"sg",10000,"x1;x2;x2 x3",FALSE,3,"x1;x2;x2 x3",FALSE,3,3,0,0,TRUE,0.0043865849618958,NA,NA,NA,0.00146381866900237,0.00283293315393018,0.516714863875834,0.272512436366135,0.753199099565486,0.272512650948712,1.76452478015102e-05,0.182552628472943,5.20863115942924,2.99630975723267
"dadras",1,11,49,4,10000,4,13,"raw",13,4,6,"weak/raw/m=1w/p=4",1663,"x1;x2;x2 x3",FALSE,3,"x1;x2;x2 x3",FALSE,3,3,0,0,TRUE,0.000234502612056116,NA,NA,NA,-0.000115799312965393,0.00139355095096365,-0.0830965763292089,0.0545757039413027,0.0700947314287221,0.0545757503496445,3.28784724128102e-06,0.000410629953482525,0.00237113482908313,1.29918575286865
"dadras",1,11,49,4,10000,4,13,"raw",13,8,6,"weak/raw/m=1w/p=8",1663,"x1;x2;x2 x3",FALSE,3,"x1;x2;x2 x3",FALSE,3,3,0,0,TRUE,0.000250372701117237,NA,NA,NA,-0.000140476954075282,0.00207870468206365,-0.0675790819578194,0.0814420781576837,-0.281770195895151,0.0814420805897181,3.82663442421406e-08,1.05257350451429e-06,8.92433235577528e-06,1.10212779045105
"dadras",1,11,49,4,10000,4,13,"raw",26,4,13,"weak/raw/m=2w/p=4",766,"x1;x2;x2 x3",FALSE,3,"x1;x2;x2 x3",FALSE,3,3,0,0,TRUE,0.000144032591940106,NA,NA,NA,-4.49533722440072e-05,0.000818588368082299,-0.0549157232093575,0.0216848066863107,0.0680140930262377,0.0216848310985501,2.12918587494716e-07,1.85414570330738e-05,6.41866425077353e-05,1.25557684898376
"dadras",1,11,49,4,10000,4,13,"raw",26,8,13,"weak/raw/m=2w/p=8",766,"x1;x2;x2 x3",FALSE,3,"x1;x2;x2 x3",FALSE,3,3,0,0,TRUE,0.000220143125537457,NA,NA,NA,-6.57274050386413e-05,0.00118136496930121,-0.0556368326017993,0.0313351699298268,-0.292913791753421,0.0313352008968593,3.66193481246041e-08,5.37153005137397e-07,2.27748131464978e-06,1.07937908172607
"dadras",1,11,49,4,10000,4,13,"smoothed",13,4,6,"weak/smoothed/m=1w/p=4",1663,"x1;x2;x2 x3",FALSE,3,"x1;x2;x2 x3",FALSE,3,3,0,0,TRUE,0.000303280963360149,NA,NA,NA,-0.000105837594934875,0.00139077750968748,-0.0760995876030942,0.0544670810275249,0.0754299958446994,0.0544670942872549,3.28784724128102e-06,0.000410629953482525,0.00237113482908313,1.31808400154114
"dadras",1,11,49,4,10000,4,13,"smoothed",13,8,6,"weak/smoothed/m=1w/p=8",1663,"x1;x2;x2 x3",FALSE,3,"x1;x2;x2 x3",FALSE,3,3,0,0,TRUE,0.000363768831835939,NA,NA,NA,-0.00011558051111519,0.0020542683455615,-0.0562635895962256,0.0804846644776211,-0.270214705802235,0.080484674876033,3.82663442421406e-08,1.05257350451429e-06,8.92433235577528e-06,1.09896779060364
"dadras",1,11,49,4,10000,4,13,"smoothed",26,4,13,"weak/smoothed/m=2w/p=4",766,"x1;x2;x2 x3",FALSE,3,"x1;x2;x2 x3",FALSE,3,3,0,0,TRUE,0.000152018976411779,NA,NA,NA,-5.14767183395897e-05,0.000818993317587449,-0.0628536487833959,0.0216955328838391,0.0673697415473013,0.0216955577122178,2.12918587494716e-07,1.85414570330738e-05,6.41866425077353e-05,1.13155579566956
"dadras",1,11,49,4,10000,4,13,"smoothed",26,8,13,"weak/smoothed/m=2w/p=8",766,"x1;x2;x2 x3",FALSE,3,"x1;x2;x2 x3",FALSE,3,3,0,0,TRUE,0.000264067236004954,NA,NA,NA,-6.07384505078756e-05,0.0011845468466838,-0.0512756846028642,0.0314195658149523,-0.294921729570946,0.0314195955936232,3.66193481246041e-08,5.37153005137397e-07,2.27748131464978e-06,1.08168959617615
"dadras",1,12,49,4,10000,4,13,"smoothed",NA,NA,NA,"sg",10000,"x1;x2;x2 x3",FALSE,3,"x1;x2;x2 x3",FALSE,3,3,0,0,TRUE,0.00761260806597047,NA,NA,NA,0.00534454747142464,0.00360934253935233,1.48075374203294,0.352300710741943,0.779733309139223,0.352302735316673,-1.05771733972299e-05,0.29948459852723,9.73128360577734,4.66201663017273
"dadras",1,12,49,4,10000,4,13,"raw",13,4,6,"weak/raw/m=1w/p=4",1663,"x1;x2;x2 x3",FALSE,3,"x1;x2;x2 x3",FALSE,3,3,0,0,TRUE,0.000618893391162167,NA,NA,NA,0.000217022704407283,0.00138049018863898,0.157206987918722,0.05483353623619,0.0666178620038616,0.054833559000947,-1.26798244642289e-06,0.000418866011404857,0.00274489342832851,2.34491276741028
"dadras",1,12,49,4,10000,4,13,"raw",13,8,6,"weak/raw/m=1w/p=8",1663,"x1;x2;x2 x3",FALSE,3,"x1;x2;x2 x3",FALSE,3,3,0,0,TRUE,0.000585014999590738,NA,NA,NA,0.000113394683748087,0.00208839987356064,0.0542974002171115,0.0829929056413159,-0.313046633542665,0.0829929346356272,4.29806437888825e-09,1.05998648541706e-06,8.02896436624678e-06,1.9419424533844
"dadras",1,12,49,4,10000,4,13,"raw",26,4,13,"weak/raw/m=2w/p=4",766,"x1;x2;x2 x3",FALSE,3,"x1;x2;x2 x3",FALSE,3,3,0,0,TRUE,0.00053337052639657,NA,NA,NA,6.59339335365368e-05,0.000817307774616801,0.0806720987909973,0.0219458230861903,0.0814991903681784,0.0219458456409424,-6.72375901763612e-08,1.89670266798785e-05,8.75952738788044e-05,2.14222574234009
"dadras",1,12,49,4,10000,4,13,"raw",26,8,13,"weak/raw/m=2w/p=8",766,"x1;x2;x2 x3",FALSE,3,"x1;x2;x2 x3",FALSE,3,3,0,0,TRUE,0.000551808313030033,NA,NA,NA,6.41539410668117e-05,0.00116661005321298,0.0549917608631303,0.0313717095613959,-0.269689864609854,0.0313717446262587,4.27398754357771e-09,5.42624073002676e-07,2.93801297779339e-06,2.12031936645508
"dadras",1,12,49,4,10000,4,13,"smoothed",13,4,6,"weak/smoothed/m=1w/p=4",1663,"x1;x2;x2 x3",FALSE,3,"x1;x2;x2 x3",FALSE,3,3,0,0,TRUE,0.00068848616417716,NA,NA,NA,0.000216908071500024,0.0013780967087785,0.157396843137579,0.0547384577980377,0.0683705486540068,0.0547384871732533,-1.26798244642289e-06,0.000418866011404857,0.00274489342832851,2.10505819320679
"dadras",1,12,49,4,10000,4,13,"smoothed",13,8,6,"weak/smoothed/m=1w/p=8",1663,"x1;x2;x2 x3",FALSE,3,"x1;x2;x2 x3",FALSE,3,3,0,0,TRUE,0.000663109638957327,NA,NA,NA,0.000201047458292994,0.00206249133609752,0.0974779650097341,0.0819632905267667,-0.301758185101631,0.0819633281219592,4.29806437888825e-09,1.05998648541706e-06,8.02896436624678e-06,1.93676733970642
"dadras",1,12,49,4,10000,4,13,"smoothed",26,4,13,"weak/smoothed/m=2w/p=4",766,"x1;x2;x2 x3",FALSE,3,"x1;x2;x2 x3",FALSE,3,3,0,0,TRUE,0.000523777786653579,NA,NA,NA,5.0324838507785e-05,0.000816892640457809,0.0616052049135631,0.0219346712064882,0.0820256896743638,0.0219347149483978,-6.72375901763612e-08,1.89670266798785e-05,8.75952738788044e-05,2.27911639213562
"dadras",1,12,49,4,10000,4,13,"smoothed",26,8,13,"weak/smoothed/m=2w/p=8",766,"x1;x2;x2 x3",FALSE,3,"x1;x2;x2 x3",FALSE,3,3,0,0,TRUE,0.000586143450630017,NA,NA,NA,6.84946102984528e-05,0.00116827747425338,0.0586287177557936,0.0314165433687396,-0.268491689977767,0.0314165993025819,4.27398754357771e-09,5.42624073002676e-07,2.93801297779339e-06,1.97610855102539
"dadras",1,13,49,4,10000,4,13,"smoothed",NA,NA,NA,"sg",10000,"x1;x2;x2 x3",FALSE,3,"x1;x2;x2 x3",FALSE,3,3,0,0,TRUE,0.00687829360705221,NA,NA,NA,0.00597910711383891,0.00340304024323853,1.75698983452186,0.328324662725751,0.788159047693826,0.328327517861453,2.37354497413142e-05,0.253009855382488,6.24316735283312,3.01587748527527
"dadras",1,13,49,4,10000,4,13,"raw",13,4,6,"weak/raw/m=1w/p=4",1663,"x1;x2;x2 x3",FALSE,3,"x1;x2;x2 x3",FALSE,3,3,0,0,TRUE,0.000182223068745873,NA,NA,NA,0.000852838261113841,0.00141562026398506,0.602448469275967,0.0555431456666288,0.0828725225998908,0.0555435201601407,3.58795548116256e-07,0.000400829909221652,0.00235739775551025,1.24468731880188
"dadras",1,13,49,4,10000,4,13,"raw",13,8,6,"weak/raw/m=1w/p=8",1663,"x1;x2;x2 x3",FALSE,3,"x1;x2;x2 x3",FALSE,3,3,0,0,TRUE,0.000226215124472517,NA,NA,NA,0.000897716901160247,0.00212474192565002,0.422506324331888,0.0834216268371254,-0.303748287937539,0.0834221046128421,1.40075702541157e-08,1.12582349017569e-06,8.55199967730869e-06,1.63450479507446
"dadras",1,13,49,4,10000,4,13,"raw",26,4,13,"weak/raw/m=2w/p=4",766,"x1;x2;x2 x3",FALSE,3,"x1;x2;x2 x3",FALSE,3,3,0,0,TRUE,0.000149169992319287,NA,NA,NA,0.000762518149398937,0.000854781574375152,0.892061986661728,0.0226442877002762,0.0860653048936418,0.0226452481727371,1.31668037957731e-08,1.81253444075078e-05,6.7725969500998e-05,1.21290564537048
"dadras",1,13,49,4,10000,4,13,"raw",26,8,13,"weak/raw/m=2w/p=8",766,"x1;x2;x2 x3",FALSE,3,"x1;x2;x2 x3",FALSE,3,3,0,0,TRUE,0.000181023688385577,NA,NA,NA,0.000860059526201642,0.00123956947389037,0.693837291347904,0.0329018133940976,-0.271301660530192,0.03290267559801,1.37591479651185e-08,6.02267652553459e-07,3.19855018471316e-06,1.96339225769043
"dadras",1,13,49,4,10000,4,13,"smoothed",13,4,6,"weak/smoothed/m=1w/p=4",1663,"x1;x2;x2 x3",FALSE,3,"x1;x2;x2 x3",FALSE,3,3,0,0,TRUE,0.000263311474240985,NA,NA,NA,0.000890468585870307,0.00141752751494536,0.62818433962083,0.0556179666676724,0.081829817763607,0.0556183520761333,3.58795548116256e-07,0.000400829909221652,0.00235739775551025,1.21764159202576
"dadras",1,13,49,4,10000,4,13,"smoothed",13,8,6,"weak/smoothed/m=1w/p=8",1663,"x1;x2;x2 x3",FALSE,3,"x1;x2;x2 x3",FALSE,3,3,0,0,TRUE,0.000373499857883083,NA,NA,NA,0.000966875445746843,0.00211729079445275,0.456656897710997,0.0831290683279464,-0.29971171854567,0.0831295756407867,1.40075702541157e-08,1.12582349017569e-06,8.55199967730869e-06,2.09692621231079
"dadras",1,13,49,4,10000,4,13,"smoothed",26,4,13,"weak/smoothed/m=2w/p=4",766,"x1;x2;x2 x3",FALSE,3,"x1;x2;x2 x3",FALSE,3,3,0,0,TRUE,0.000147158744042475,NA,NA,NA,0.000753986046141358,0.000854966781555745,0.881889287873108,0.0226491897288082,0.0849579427981877,0.0226499756470172,1.31668037957731e-08,1.81253444075078e-05,6.7725969500998e-05,1.29024744033813
"dadras",1,13,49,4,10000,4,13,"smoothed",26,8,13,"weak/smoothed/m=2w/p=8",766,"x1;x2;x2 x3",FALSE,3,"x1;x2;x2 x3",FALSE,3,3,0,0,TRUE,0.000215623281294677,NA,NA,NA,0.000847099211404518,0.00124301712050541,0.681486358820297,0.0329933221175457,-0.272626561804157,0.0329945732486079,1.37591479651185e-08,6.02267652553459e-07,3.19855018471316e-06,2.04689955711365
"dadras",1,14,49,4,10000,4,13,"smoothed",NA,NA,NA,"sg",10000,"x1;x2;x2 x3",FALSE,3,"x1;x2;x2 x3",FALSE,3,3,0,0,TRUE,0.0222628274904653,NA,NA,NA,0.0122482339912306,0.00896937462292568,1.36556164795751,0.860079046262578,0.78930540598692,0.860084078037106,2.66290539775196e-05,0.896715283865481,28.9671298770728,2.82451581954956
"dadras",1,14,49,4,10000,4,13,"raw",13,4,6,"weak/raw/m=1w/p=4",1663,"x1;x2;x2 x3",FALSE,3,"x1;x2;x2 x3",FALSE,3,3,0,0,TRUE,0.000475682148393997,NA,NA,NA,0.00110888891083805,0.00146848688237199,0.755123470389401,0.0572555772620067,0.0785571128130304,0.0572566368200379,6.79666437930542e-07,0.000448529608303308,0.00343643846460395,1.25923442840576
"dadras",1,14,49,4,10000,4,13,"raw",13,8,6,"weak/raw/m=1w/p=8",1663,"x1;x2;x2 x3",FALSE,3,"x1;x2;x2 x3",FALSE,3,3,0,0,TRUE,0.000433751559617557,NA,NA,NA,0.00111550365958485,0.00226994708515126,0.491422759095072,0.0885651652337007,-0.315142328493972,0.0885656782163266,1.13116381972223e-08,1.10278952935595e-06,8.29846073102658e-06,1.09807085990906
"dadras",1,14,49,4,10000,4,13,"raw",26,4,13,"weak/raw/m=2w/p=4",766,"x1;x2;x2 x3",FALSE,3,"x1;x2;x2 x3",FALSE,3,3,0,0,TRUE,0.000585316001938008,NA,NA,NA,0.00112715539581494,0.000886074592542593,1.27207732317497,0.0233347160924587,0.0903050745184886,0.0233371837793783,2.35891098847101e-08,1.9874942003633e-05,9.07509093881487e-05,1.27213644981384
"dadras",1,14,49,4,10000,4,13,"raw",26,8,13,"weak/raw/m=2w/p=8",766,"x1;x2;x2 x3",FALSE,3,"x1;x2;x2 x3",FALSE,3,3,0,0,TRUE,0.000497798642895564,NA,NA,NA,0.00114999246446303,0.00127948204048722,0.898795315661577,0.0337543400429402,-0.259829625189802,0.0337562825865207,1.07775715204832e-08,6.16512200788553e-07,4.58200282871246e-06,1.09424710273743
"dadras",1,14,49,4,10000,4,13,"smoothed",13,4,6,"weak/smoothed/m=1w/p=4",1663,"x1;x2;x2 x3",FALSE,3,"x1;x2;x2 x3",FALSE,3,3,0,0,TRUE,0.00060855420867209,NA,NA,NA,0.00121093152972039,0.00149570145737081,0.809607775504211,0.0583166346386345,0.0510774904052273,0.0583175530637918,6.79666437930542e-07,0.000448529608303308,0.00343643846460395,1.29381847381592
"dadras",1,14,49,4,10000,4,13,"smoothed",13,8,6,"weak/smoothed/m=1w/p=8",1663,"x1;x2;x2 x3",FALSE,3,"x1;x2;x2 x3",FALSE,3,3,0,0,TRUE,0.00086319377727801,NA,NA,NA,0.00121770944635225,0.00232411411134352,0.523945636063593,0.0906785131855876,-0.327825530114061,0.0906791324920141,1.13116381972223e-08,1.10278952935595e-06,8.29846073102658e-06,1.09916281700134
"dadras",1,14,49,4,10000,4,13,"smoothed",26,4,13,"weak/smoothed/m=2w/p=4",766,"x1;x2;x2 x3",FALSE,3,"x1;x2;x2 x3",FALSE,3,3,0,0,TRUE,0.0006104712748356,NA,NA,NA,0.0011022418048964,0.000884207326134661,1.24658750534774,0.0232855383990946,0.0911220232996281,0.0232874136841032,2.35891098847101e-08,1.9874942003633e-05,9.07509093881487e-05,1.20790338516235
"dadras",1,14,49,4,10000,4,13,"smoothed",26,8,13,"weak/smoothed/m=2w/p=8",766,"x1;x2;x2 x3",FALSE,3,"x1;x2;x2 x3",FALSE,3,3,0,0,TRUE,0.000513984599923825,NA,NA,NA,0.00113428757870631,0.00128515700777134,0.882606227758375,0.0339040449083374,-0.263497547378645,0.0339050959650472,1.07775715204832e-08,6.16512200788553e-07,4.58200282871246e-06,1.04489970207214
"dadras",1,15,49,4,10000,4,13,"smoothed",NA,NA,NA,"sg",10000,"x1;x2;x2 x3",FALSE,3,"x1;x2;x2 x3",FALSE,3,3,0,0,TRUE,0.00254258013634049,NA,NA,NA,0.00064358014831675,0.00261185980704008,0.246406850238296,0.239417661800094,0.722241992311183,0.239417838104753,-8.78132126565545e-05,0.110560890844236,2.27273258156556,3.04340052604675
"dadras",1,15,49,4,10000,4,13,"raw",13,4,6,"weak/raw/m=1w/p=4",1663,"x1;x2;x2 x3",FALSE,3,"x1;x2;x2 x3",FALSE,3,3,0,0,TRUE,0.000430294508285154,NA,NA,NA,0.000406247984514268,0.00138216774599176,0.293920897584519,0.0515803695008136,0.102510618029542,0.0515805846724823,2.12402232318947e-06,0.000415358234180331,0.00188906303584702,1.3532919883728
"dadras",1,15,49,4,10000,4,13,"raw",13,8,6,"weak/raw/m=1w/p=8",1663,"x1;x2;x2 x3",FALSE,3,"x1;x2;x2 x3",FALSE,3,3,0,0,TRUE,0.000375587327114792,NA,NA,NA,0.000378808232481556,0.0020885156792634,0.181376772146215,0.0779931472201684,-0.295741059484982,0.0779933627158319,6.33400416749115e-09,1.15369492091745e-06,8.23113879278026e-06,1.1489474773407
"dadras",1,15,49,4,10000,4,13,"raw",26,4,13,"weak/raw/m=2w/p=4",766,"x1;x2;x2 x3",FALSE,3,"x1;x2;x2 x3",FALSE,3,3,0,0,TRUE,0.000469493689045261,NA,NA,NA,0.000512330594507432,0.000867332742695815,0.590696706450886,0.0218708314494524,0.123473525823976,0.0218717856347094,4.02828366218436e-08,1.8849848477423e-05,6.56491998682895e-05,1.2095844745636
"dadras",1,15,49,4,10000,4,13,"raw",26,8,13,"weak/raw/m=2w/p=8",766,"x1;x2;x2 x3",FALSE,3,"x1;x2;x2 x3",FALSE,3,3,0,0,TRUE,0.000451174017869986,NA,NA,NA,0.000454088954566969,0.00120567786321941,0.376625439032659,0.0304677772409361,-0.211820045832945,0.0304683023553363,1.26577574249879e-09,5.68334140975382e-07,2.54025448143125e-06,1.22999238967896
"dadras",1,15,49,4,10000,4,13,"smoothed",13,4,6,"weak/smoothed/m=1w/p=4",1663,"x1;x2;x2 x3",FALSE,3,"x1;x2;x2 x3",FALSE,3,3,0,0,TRUE,0.000391182888698504,NA,NA,NA,0.000389890198451117,0.00138049179601062,0.282428479167953,0.0515178185619377,0.105949138053666,0.0515180680383775,2.12402232318947e-06,0.000415358234180331,0.00188906303584702,1.32816028594971
"dadras",1,15,49,4,10000,4,13,"smoothed",13,8,6,"weak/smoothed/m=1w/p=8",1663,"x1;x2;x2 x3",FALSE,3,"x1;x2;x2 x3",FALSE,3,3,0,0,TRUE,0.000316780742985118,NA,NA,NA,0.000366054153554943,0.00206435246847781,0.177321537452788,0.0770907872520074,-0.284287310519938,0.0770909023063861,6.33400416749115e-09,1.15369492091745e-06,8.23113879278026e-06,1.20738530158997
"dadras",1,15,49,4,10000,4,13,"smoothed",26,4,13,"weak/smoothed/m=2w/p=4",766,"x1;x2;x2 x3",FALSE,3,"x1;x2;x2 x3",FALSE,3,3,0,0,TRUE,0.000465036637994724,NA,NA,NA,0.00050351257494286,0.000867707577193486,0.580279103441071,0.0218802826761855,0.122488836827953,0.0218811478305776,4.02828366218436e-08,1.8849848477423e-05,6.56491998682895e-05,1.44224572181702
"dadras",1,15,49,4,10000,4,13,"smoothed",26,8,13,"weak/smoothed/m=2w/p=8",766,"x1;x2;x2 x3",FALSE,3,"x1;x2;x2 x3",FALSE,3,3,0,0,TRUE,0.000433067939190171,NA,NA,NA,0.000444224693717362,0.00120686157775909,0.368082555534002,0.0304976885675814,-0.211988282608613,0.0304981017377495,1.26577574249879e-09,5.68334140975382e-07,2.54025448143125e-06,1.1571044921875
"dadras",1,16,49,4,10000,4,13,"smoothed",NA,NA,NA,"sg",10000,"x1;x2;x2 x3",FALSE,3,"x1;x2;x2 x3",FALSE,3,3,0,0,TRUE,0.00265494060000221,NA,NA,NA,-4.96071245839269e-05,0.00249347807209649,-0.0198947506854222,0.230493980446479,0.720077616599683,0.230493997927307,4.03673224300497e-06,0.0965742975362228,1.80869502603883,2.96104717254639
"dadras",1,16,49,4,10000,4,13,"raw",13,4,6,"weak/raw/m=1w/p=4",1663,"x1;x2;x2 x3",FALSE,3,"x1;x2;x2 x3",FALSE,3,3,0,0,TRUE,0.000339330185220366,NA,NA,NA,-0.000742134673403793,0.00138946428908945,-0.534115687053843,0.0522507798186465,0.0872597168989561,0.0522515030317383,-1.65797084773525e-07,0.000396084806812965,0.0019708025081826,1.30229020118713
"dadras",1,16,49,4,10000,4,13,"raw",13,8,6,"weak/raw/m=1w/p=8",1663,"x1;x2;x2 x3",FALSE,3,"x1;x2;x2 x3",FALSE,3,3,0,0,TRUE,0.000304552205669717,NA,NA,NA,-0.000802207612893332,0.00211644305626224,-0.379035764992457,0.0796442040491469,-0.297031685194871,0.0796448971921905,8.80739223466817e-09,1.12338387274584e-06,8.6989922820635e-06,1.1015613079071
"dadras",1,16,49,4,10000,4,13,"raw",26,4,13,"weak/raw/m=2w/p=4",766,"x1;x2;x2 x3",FALSE,3,"x1;x2;x2 x3",FALSE,3,3,0,0,TRUE,0.00025981817431675,NA,NA,NA,-0.000820425745952707,0.000842094098474181,-0.9742684902308,0.0213834185849325,0.0833148544286769,0.0213853309200475,-1.85828006230001e-08,1.81652395391482e-05,6.47277457108686e-05,1.26443958282471
"dadras",1,16,49,4,10000,4,13,"raw",26,8,13,"weak/raw/m=2w/p=8",766,"x1;x2;x2 x3",FALSE,3,"x1;x2;x2 x3",FALSE,3,3,0,0,TRUE,0.000310206640065758,NA,NA,NA,-0.000811471029033713,0.00122140902184708,-0.664372879616167,0.0310845178661641,-0.278177776863603,0.0310861716726097,9.24060287236006e-09,5.63438264392007e-07,2.46231372713623e-06,1.03897881507874
"dadras",1,16,49,4,10000,4,13,"smoothed",13,4,6,"weak/smoothed/m=1w/p=4",1663,"x1;x2;x2 x3",FALSE,3,"x1;x2;x2 x3",FALSE,3,3,0,0,TRUE,0.00035803989753469,NA,NA,NA,-0.000762329553965523,0.00138798330958273,-0.549235389721438,0.0521950779725655,0.0886409979374089,0.0521957080845796,-1.65797084773525e-07,0.000396084806812965,0.0019708025081826,1.29716825485229
"dadras",1,16,49,4,10000,4,13,"smoothed",13,8,6,"weak/smoothed/m=1w/p=8",1663,"x1;x2;x2 x3",FALSE,3,"x1;x2;x2 x3",FALSE,3,3,0,0,TRUE,0.000342572626465421,NA,NA,NA,-0.000778005670661911,0.00209280493465695,-0.37175259756803,0.0787546603764224,-0.287214356963463,0.0787553614594137,8.80739223466817e-09,1.12338387274584e-06,8.6989922820635e-06,1.09327292442322
"dadras",1,16,49,4,10000,4,13,"smoothed",26,4,13,"weak/smoothed/m=2w/p=4",766,"x1;x2;x2 x3",FALSE,3,"x1;x2;x2 x3",FALSE,3,3,0,0,TRUE,0.000262323213836346,NA,NA,NA,-0.000826839276701417,0.000842230900284066,-0.981725173491666,0.0213868912554716,0.0833514187139294,0.0213887518282309,-1.85828006230001e-08,1.81652395391482e-05,6.47277457108686e-05,1.32695364952087
"dadras",1,16,49,4,10000,4,13,"smoothed",26,8,13,"weak/smoothed/m=2w/p=8",766,"x1;x2;x2 x3",FALSE,3,"x1;x2;x2 x3",FALSE,3,3,0,0,TRUE,0.000323034887719897,NA,NA,NA,-0.000812134816230964,0.00121988918264773,-0.665744747787869,0.0310458349219911,-0.277310466134625,0.0310472832677347,9.24060287236006e-09,5.63438264392007e-07,2.46231372713623e-06,1.10542702674866
"dadras",1,17,49,4,10000,4,13,"smoothed",NA,NA,NA,"sg",10000,"x1;x2;x2 x3",FALSE,3,"x1;x2;x2 x3",FALSE,3,3,0,0,TRUE,0.00685421969754272,NA,NA,NA,0.00268996729651836,0.00358618261197119,0.750092113976257,0.343189991748651,0.785499864498516,0.343190844163843,1.84746572815548e-06,0.278388370229973,6.44902935202741,4.95553088188171
"dadras",1,17,49,4,10000,4,13,"raw",13,4,6,"weak/raw/m=1w/p=4",1663,"x1;x2;x2 x3",FALSE,3,"x1;x2;x2 x3",FALSE,3,3,0,0,TRUE,0.000546508134614321,NA,NA,NA,-0.00121347220169217,0.00140049996009485,-0.866456434322205,0.0545346700660383,0.0976184214210211,0.0545354638027783,1.97868705084417e-06,0.000410086074337382,0.0024126741024233,2.28441739082336
"dadras",1,17,49,4,10000,4,13,"raw",13,8,6,"weak/raw/m=1w/p=8",1663,"x1;x2;x2 x3",FALSE,3,"x1;x2;x2 x3",FALSE,3,3,0,0,TRUE,0.000507896864509139,NA,NA,NA,-0.00112266257503174,0.00206715918014473,-0.543094400186994,0.0805448941235593,-0.260246442347922,0.0805453983203774,9.06924444870059e-09,1.07114336771105e-06,7.63211500043326e-06,1.93876194953918
"dadras",1,17,49,4,10000,4,13,"raw",26,4,13,"weak/raw/m=2w/p=4",766,"x1;x2;x2 x3",FALSE,3,"x1;x2;x2 x3",FALSE,3,3,0,0,TRUE,0.000421537887342005,NA,NA,NA,-0.0011289870587191,0.000868379996176467,-1.30010716931539,0.0228488343335697,0.0968250459319125,0.0228510054486088,1.72870263892624e-07,1.86409378683e-05,7.88914376848027e-05,2.18688344955444
"dadras",1,17,49,4,10000,4,13,"raw",26,8,13,"weak/raw/m=2w/p=8",766,"x1;x2;x2 x3",FALSE,3,"x1;x2;x2 x3",FALSE,3,3,0,0,TRUE,0.000410504614006602,NA,NA,NA,-0.00116325839562266,0.00123611337141064,-0.941061250955617,0.0325847189843709,-0.273394034665309,0.0325859981732494,7.9683958311678e-09,5.76212223619696e-07,3.1205999206918e-06,1.92043399810791
"dadras",1,17,49,4,10000,4,13,"smoothed",13,4,6,"weak/smoothed/m=1w/p=4",1663,"x1;x2;x2 x3",FALSE,3,"x1;x2;x2 x3",FALSE,3,3,0,0,TRUE,0.000539211184122479,NA,NA,NA,-0.00115435196570764,0.0014031634848995,-0.822678168389135,0.0546383755739399,0.0938224880488123,0.0546391845264708,1.97868705084417e-06,0.000410086074337382,0.0024126741024233,2.20908045768738
"dadras",1,17,49,4,10000,4,13,"smoothed",13,8,6,"weak/smoothed/m=1w/p=8",1663,"x1;x2;x2 x3",FALSE,3,"x1;x2;x2 x3",FALSE,3,3,0,0,TRUE,0.000529551762187053,NA,NA,NA,-0.00106715630132641,0.00207600608618352,-0.514042954126517,0.0808895801331052,-0.266396881534477,0.0808898644901643,9.06924444870059e-09,1.07114336771105e-06,7.63211500043326e-06,2.1545205116272
"dadras",1,17,49,4,10000,4,13,"smoothed",26,4,13,"weak/smoothed/m=2w/p=4",766,"x1;x2;x2 x3",FALSE,3,"x1;x2;x2 x3",FALSE,3,3,0,0,TRUE,0.000420490833230591,NA,NA,NA,-0.00113908657146221,0.000868146800517801,-1.31208981105824,0.0228426958581836,0.0963895111658319,0.022844904810192,1.72870263892624e-07,1.86409378683e-05,7.88914376848027e-05,2.09753036499023
"dadras",1,17,49,4,10000,4,13,"smoothed",26,8,13,"weak/smoothed/m=2w/p=8",766,"x1;x2;x2 x3",FALSE,3,"x1;x2;x2 x3",FALSE,3,3,0,0,TRUE,0.000369005558312097,NA,NA,NA,-0.00117656728632403,0.00123708546689734,-0.951080032711809,0.0326103385890056,-0.272703623450059,0.0326120744783266,7.9683958311678e-09,5.76212223619696e-07,3.1205999206918e-06,1.98069071769714
"dadras",1,18,49,4,10000,4,13,"smoothed",NA,NA,NA,"sg",10000,"x1;x2;x2 x3",FALSE,3,"x1;x2;x2 x3",FALSE,3,3,0,0,TRUE,0.00911342181082497,NA,NA,NA,0.00794525300521359,0.00430165001889277,1.84702450694923,0.418739784836418,0.799452703850539,0.418743373204392,-1.79146330074061e-06,0.369033885572873,7.87097404879476,3.54734301567078
"dadras",1,18,49,4,10000,4,13,"raw",13,4,6,"weak/raw/m=1w/p=4",1663,"x1;x2;x2 x3",FALSE,3,"x1;x2;x2 x3",FALSE,3,3,0,0,TRUE,0.000489830280850034,NA,NA,NA,0.000467018071829348,0.00142649246279211,0.327389091783382,0.0564817366042282,0.0418670387204008,0.0564818231258936,7.17002194606135e-07,0.000425369892290462,0.00254968162630576,2.06394243240356
"dadras",1,18,49,4,10000,4,13,"raw",13,8,6,"weak/raw/m=1w/p=8",1663,"x1;x2;x2 x3",FALSE,3,"x1;x2;x2 x3",FALSE,3,3,0,0,TRUE,0.000549306536750116,NA,NA,NA,0.000488040729491957,0.00220129028564914,0.221706665710397,0.0872139573470681,-0.330728930551809,0.0872141257474027,3.46501385283611e-08,1.07509925637812e-06,8.90382877116735e-06,1.02671217918396
"dadras",1,18,49,4,10000,4,13,"raw",26,4,13,"weak/raw/m=2w/p=4",766,"x1;x2;x2 x3",FALSE,3,"x1;x2;x2 x3",FALSE,3,3,0,0,TRUE,0.000459553122001188,NA,NA,NA,0.000563912152305169,0.000839684815218895,0.671575979563433,0.0224600762693756,0.126113401018723,0.0224605031985888,8.45494391997255e-08,1.93920471275514e-05,8.07532763076324e-05,1.2076199054718
"dadras",1,18,49,4,10000,4,13,"raw",26,8,13,"weak/raw/m=2w/p=8",766,"x1;x2;x2 x3",FALSE,3,"x1;x2;x2 x3",FALSE,3,3,0,0,TRUE,0.000495731040342506,NA,NA,NA,0.000523091944236251,0.00118901435558071,0.439937450528742,0.0318590045639743,-0.246703762918191,0.0318592154871455,3.44138100002334e-08,5.49957446929766e-07,3.10685148718903e-06,1.12174844741821
"dadras",1,18,49,4,10000,4,13,"smoothed",13,4,6,"weak/smoothed/m=1w/p=4",1663,"x1;x2;x2 x3",FALSE,3,"x1;x2;x2 x3",FALSE,3,3,0,0,TRUE,0.000436285720978313,NA,NA,NA,0.000551746467906809,0.00142680409891234,0.386700927147188,0.0564940683617638,0.0431044097368962,0.0564941922310552,7.17002194606135e-07,0.000425369892290462,0.00254968162630576,1.80596804618835
"dadras",1,18,49,4,10000,4,13,"smoothed",13,8,6,"weak/smoothed/m=1w/p=8",1663,"x1;x2;x2 x3",FALSE,3,"x1;x2;x2 x3",FALSE,3,3,0,0,TRUE,0.000390327978210259,NA,NA,NA,0.000643185652090508,0.00219457329863032,0.293080049999666,0.086947811236474,-0.328390101897759,0.0869478540426418,3.46501385283611e-08,1.07509925637812e-06,8.90382877116735e-06,1.11508750915527
"dadras",1,18,49,4,10000,4,13,"smoothed",26,4,13,"weak/smoothed/m=2w/p=4",766,"x1;x2;x2 x3",FALSE,3,"x1;x2;x2 x3",FALSE,3,3,0,0,TRUE,0.000475949458108138,NA,NA,NA,0.000545472624350007,0.000839903376027525,0.649446876770419,0.0224659176864239,0.124823374680249,0.0224664019550348,8.45494391997255e-08,1.93920471275514e-05,8.07532763076324e-05,1.23300766944885
"dadras",1,18,49,4,10000,4,13,"smoothed",26,8,13,"weak/smoothed/m=2w/p=8",766,"x1;x2;x2 x3",FALSE,3,"x1;x2;x2 x3",FALSE,3,3,0,0,TRUE,0.000479118554862712,NA,NA,NA,0.000525053225298841,0.00118811054474352,0.441922872936191,0.0318347842311555,-0.248337216645814,0.0318350820055858,3.44138100002334e-08,5.49957446929766e-07,3.10685148718903e-06,1.18616938591003
"dadras",1,19,49,4,10000,4,13,"smoothed",NA,NA,NA,"sg",10000,"x1;x2;x2 x3",FALSE,3,"x1;x2;x2 x3",FALSE,3,3,0,0,TRUE,0.00283699984101119,NA,NA,NA,0.000884673790654452,0.00263468767283089,0.335779379004684,0.237059157246973,0.727968415428056,0.237059386343115,-8.0707949294363e-05,0.112499983787544,2.2223671663509,3.11595726013184
"dadras",1,19,49,4,10000,4,13,"raw",13,4,6,"weak/raw/m=1w/p=4",1663,"x1;x2;x2 x3",FALSE,3,"x1;x2;x2 x3",FALSE,3,3,0,0,TRUE,4.19211618572687e-05,NA,NA,NA,0.000944529482568233,0.00145983577646917,0.647010778741646,0.0534491094640542,0.105228530950063,0.0534508211652274,2.23114351140699e-06,0.000412799853261854,0.00206629940065994,1.26626300811768
"dadras",1,19,49,4,10000,4,13,"raw",13,8,6,"weak/raw/m=1w/p=8",1663,"x1;x2;x2 x3",FALSE,3,"x1;x2;x2 x3",FALSE,3,3,0,0,TRUE,9.03785256897531e-05,NA,NA,NA,0.000823895880924227,0.00216362294304208,0.380794575863491,0.0792819227965889,-0.278337946232727,0.0792827558634475,1.11669849010863e-08,1.10860153729951e-06,7.35825480546737e-06,2.12550759315491
"dadras",1,19,49,4,10000,4,13,"raw",26,4,13,"weak/raw/m=2w/p=4",766,"x1;x2;x2 x3",FALSE,3,"x1;x2;x2 x3",FALSE,3,3,0,0,TRUE,6.6167132423578e-05,NA,NA,NA,0.00102138400560931,0.000931069780210139,1.09700049053122,0.0230112976388987,0.154895070297071,0.0230151365397083,8.99478073219077e-08,1.87304181638655e-05,6.48698645662193e-05,2.45942687988281
"dadras",1,19,49,4,10000,4,13,"raw",26,8,13,"weak/raw/m=2w/p=8",766,"x1;x2;x2 x3",FALSE,3,"x1;x2;x2 x3",FALSE,3,3,0,0,TRUE,0.000109404107920819,NA,NA,NA,0.00100718369174826,0.00128559365749139,0.783438597319782,0.0318556322375829,-0.184238989985468,0.0318589056920348,8.78242812712878e-09,5.42876779674947e-07,2.25482951776712e-06,2.0950243473053
"dadras",1,19,49,4,10000,4,13,"smoothed",13,4,6,"weak/smoothed/m=1w/p=4",1663,"x1;x2;x2 x3",FALSE,3,"x1;x2;x2 x3",FALSE,3,3,0,0,TRUE,7.16489495392973e-05,NA,NA,NA,0.000911883106782064,0.0014582456427405,0.625328874680092,0.0533908806771214,0.107237808318191,0.0533919558779637,2.23114351140699e-06,0.000412799853261854,0.00206629940065994,1.75763988494873
"dadras",1,19,49,4,10000,4,13,"smoothed",13,8,6,"weak/smoothed/m=1w/p=8",1663,"x1;x2;x2 x3",FALSE,3,"x1;x2;x2 x3",FALSE,3,3,0,0,TRUE,0.000148648912200085,NA,NA,NA,0.000829304974072566,0.00214468217895213,0.386679659210745,0.0785878591802335,-0.268086059933875,0.0785886670644654,1.11669849010863e-08,1.10860153729951e-06,7.35825480546737e-06,2.08827662467957
"dadras",1,19,49,4,10000,4,13,"smoothed",26,4,13,"weak/smoothed/m=2w/p=4",766,"x1;x2;x2 x3",FALSE,3,"x1;x2;x2 x3",FALSE,3,3,0,0,TRUE,8.8493350972163e-05,NA,NA,NA,0.00101584548142197,0.00093131439257905,1.09076536292845,0.0230173425858624,0.154844707604374,0.0230216760326697,8.99478073219077e-08,1.87304181638655e-05,6.48698645662193e-05,2.43830275535583
"dadras",1,19,49,4,10000,4,13,"smoothed",26,8,13,"weak/smoothed/m=2w/p=8",766,"x1;x2;x2 x3",FALSE,3,"x1;x2;x2 x3",FALSE,3,3,0,0,TRUE,8.3568330798256e-05,NA,NA,NA,0.000999624018506691,0.00128532610870354,0.777720153459712,0.031849001064262,-0.18404351835588,0.0318517289886074,8.78242812712878e-09,5.42876779674947e-07,2.25482951776712e-06,2.06953358650208
"dadras",1,20,49,4,10000,4,13,"smoothed",NA,NA,NA,"sg",10000,"x1;x2;x2 x3",FALSE,3,"x1;x2;x2 x3",FALSE,3,3,0,0,TRUE,0.0168045391503164,NA,NA,NA,0.0107346786812232,0.00678733141169992,1.5815757372211,0.652835504681142,0.783267021199945,0.652842206734832,-1.22007983238711e-05,0.643879464923728,26.2615568619178,2.9019296169281
"dadras",1,20,49,4,10000,4,13,"raw",13,4,6,"weak/raw/m=1w/p=4",1663,"x1;x2;x2 x3",FALSE,3,"x1;x2;x2 x3",FALSE,3,3,0,0,TRUE,0.000234181684083853,NA,NA,NA,0.00179320647913299,0.00140496212249147,1.2763379527649,0.0549714323632203,0.0720991889092323,0.0549735512588628,9.71272672548603e-07,0.000418716500705408,0.00333117305878261,1.25743699073792
"dadras",1,20,49,4,10000,4,13,"raw",13,8,6,"weak/raw/m=1w/p=8",1663,"x1;x2;x2 x3",FALSE,3,"x1;x2;x2 x3",FALSE,3,3,0,0,TRUE,0.000324875167151118,NA,NA,NA,0.00189125571233192,0.00212286284596425,0.890898682374779,0.0831077885573654,-0.293105512958209,0.0831094109903079,1.17109514322888e-08,1.0621371517838e-06,8.8435003107179e-06,1.12244939804077
"dadras",1,20,49,4,10000,4,13,"raw",26,4,13,"weak/raw/m=2w/p=4",766,"x1;x2;x2 x3",FALSE,3,"x1;x2;x2 x3",FALSE,3,3,0,0,TRUE,0.000164365104272202,NA,NA,NA,0.00163589435883009,0.000848211683100724,1.9286392670871,0.0224259205446624,0.0894769932940684,0.0224308035193606,6.57748795172712e-08,1.91372161658632e-05,8.96875109326345e-05,1.32240796089172
"dadras",1,20,49,4,10000,4,13,"raw",26,8,13,"weak/raw/m=2w/p=8",766,"x1;x2;x2 x3",FALSE,3,"x1;x2;x2 x3",FALSE,3,3,0,0,TRUE,0.000133482864632883,NA,NA,NA,0.00158964628500433,0.00119616784260725,1.32894918955472,0.0316760474824324,-0.252091272012926,0.0316790722673251,1.13627608172157e-08,5.46273632447884e-07,3.72547613380902e-06,1.13520050048828
"dadras",1,20,49,4,10000,4,13,"smoothed",13,4,6,"weak/smoothed/m=1w/p=4",1663,"x1;x2;x2 x3",FALSE,3,"x1;x2;x2 x3",FALSE,3,3,0,0,TRUE,0.000403918617746164,NA,NA,NA,0.00179730251232459,0.00142516293131063,1.26112072720817,0.05576179891478,0.0565946126066476,0.0557640069446365,9.71272672548603e-07,0.000418716500705408,0.00333117305878261,1.32738518714905
"dadras",1,20,49,4,10000,4,13,"smoothed",13,8,6,"weak/smoothed/m=1w/p=8",1663,"x1;x2;x2 x3",FALSE,3,"x1;x2;x2 x3",FALSE,3,3,0,0,TRUE,0.000549176329485393,NA,NA,NA,0.00189511108759615,0.00211405058797998,0.896436016418589,0.0827627602265861,-0.289469779106553,0.0827639561381655,1.17109514322888e-08,1.0621371517838e-06,8.8435003107179e-06,1.13302373886108
"dadras",1,20,49,4,10000,4,13,"smoothed",26,4,13,"weak/smoothed/m=2w/p=4",766,"x1;x2;x2 x3",FALSE,3,"x1;x2;x2 x3",FALSE,3,3,0,0,TRUE,0.000175544620286017,NA,NA,NA,0.00157467901958422,0.000846426976908499,1.86038378093241,0.0223787255850202,0.0844690370447114,0.0223830015741344,6.57748795172712e-08,1.91372161658632e-05,8.96875109326345e-05,1.27107691764832
"dadras",1,20,49,4,10000,4,13,"smoothed",26,8,13,"weak/smoothed/m=2w/p=8",766,"x1;x2;x2 x3",FALSE,3,"x1;x2;x2 x3",FALSE,3,3,0,0,TRUE,0.000190488314471438,NA,NA,NA,0.00149676475713739,0.00119219336423166,1.25547147135987,0.0315707808279384,-0.257915130606342,0.0315735019623719,1.13627608172157e-08,5.46273632447884e-07,3.72547613380902e-06,1.12832570075989
"dadras",1,1,49,5,1e+05,4,13,"smoothed",NA,NA,NA,"sg",100000,"x1;x2;x2 x3",FALSE,3,"x1;x2;x2 x3",FALSE,3,3,0,0,TRUE,0.00864723835973752,NA,NA,NA,0.00458349176349824,0.00137656637410318,3.32965547446583,0.418472029919962,0.78542396172876,0.418473658851519,8.43802511385244e-07,0.36929021617004,24.2005500289246,26.5442337989807
"dadras",1,1,49,5,1e+05,4,13,"raw",13,4,6,"weak/raw/m=1w/p=4",16663,"x1;x2;x2 x3",FALSE,3,"x1;x2;x2 x3",FALSE,3,3,0,0,TRUE,4.80519741603569e-05,NA,NA,NA,0.000380946160362472,0.00045114582304497,0.844396957487733,0.0559059396674626,0.0753947417214599,0.0559060505941009,1.1276646175865e-08,0.000427694289909186,0.00334170350998164,5.69792819023132
"dadras",1,1,49,5,1e+05,4,13,"raw",13,8,6,"weak/raw/m=1w/p=8",16663,"x1;x2;x2 x3",FALSE,3,"x1;x2;x2 x3",FALSE,3,3,0,0,TRUE,1.55380963344776e-05,NA,NA,NA,0.000376399326414253,0.000682087531115625,0.551834345657386,0.0845668455427392,-0.300960984073155,0.0845669162686755,1.19518222112299e-08,1.09935375561754e-06,8.99967177758754e-06,5.20262598991394
"dadras",1,1,49,5,1e+05,4,13,"raw",26,4,13,"weak/raw/m=2w/p=4",7689,"x1;x2;x2 x3",FALSE,3,"x1;x2;x2 x3",FALSE,3,3,0,0,TRUE,1.63427905935726e-05,NA,NA,NA,0.000355016144745463,0.000273614473909127,1.297504988217,0.0229647765763692,0.1223368480663,0.0229649899048859,1.05192278297247e-08,1.94392018215454e-05,9.99917675468254e-05,4.1791615486145
"dadras",1,1,49,5,1e+05,4,13,"raw",26,8,13,"weak/raw/m=2w/p=8",7689,"x1;x2;x2 x3",FALSE,3,"x1;x2;x2 x3",FALSE,3,3,0,0,TRUE,3.3320882430856e-05,NA,NA,NA,0.00034429616210324,0.000389024635901371,0.885024058451992,0.0326992181154471,-0.253651361700486,0.0326993680685902,1.19312593158929e-08,5.6531323350818e-07,4.25881196974842e-06,3.47183036804199
"dadras",1,1,49,5,1e+05,4,13,"smoothed",13,4,6,"weak/smoothed/m=1w/p=4",16663,"x1;x2;x2 x3",FALSE,3,"x1;x2;x2 x3",FALSE,3,3,0,0,TRUE,0.000106683860009227,NA,NA,NA,0.000404772692572892,0.00045225493887308,0.895009999407629,0.0560433701231673,0.0722267122413074,0.0560434894649846,1.1276646175865e-08,0.000427694289909186,0.00334170350998164,5.74047517776489
"dadras",1,1,49,5,1e+05,4,13,"smoothed",13,8,6,"weak/smoothed/m=1w/p=8",16663,"x1;x2;x2 x3",FALSE,3,"x1;x2;x2 x3",FALSE,3,3,0,0,TRUE,0.000201458372905889,NA,NA,NA,0.000453186620335992,0.00068126354228753,0.665214843016982,0.0844646594004818,-0.300584498311619,0.0844647240819705,1.19518222112299e-08,1.09935375561754e-06,8.99967177758754e-06,5.26015472412109
"dadras",1,1,49,5,1e+05,4,13,"smoothed",26,4,13,"weak/smoothed/m=2w/p=4",7689,"x1;x2;x2 x3",FALSE,3,"x1;x2;x2 x3",FALSE,3,3,0,0,TRUE,1.22252908688244e-05,NA,NA,NA,0.000341378203815271,0.00027366937408431,1.24741105926636,0.0229693818474213,0.122620624403264,0.0229695884686224,1.05192278297247e-08,1.94392018215454e-05,9.99917675468254e-05,3.86739706993103
"dadras",1,1,49,5,1e+05,4,13,"smoothed",26,8,13,"weak/smoothed/m=2w/p=8",7689,"x1;x2;x2 x3",FALSE,3,"x1;x2;x2 x3",FALSE,3,3,0,0,TRUE,1.39617992943062e-05,NA,NA,NA,0.000340165228657584,0.000388758896683144,0.875003071466254,0.0326768771893811,-0.252780936947001,0.0326770023702355,1.19312593158929e-08,5.6531323350818e-07,4.25881196974842e-06,3.63445997238159
"dadras",1,2,49,5,1e+05,4,13,"smoothed",NA,NA,NA,"sg",100000,"x1;x2;x2 x3",FALSE,3,"x1;x2;x2 x3",FALSE,3,3,0,0,TRUE,0.00741330597537843,NA,NA,NA,0.0034273027702616,0.00123928470007131,2.76554916724494,0.372820105669342,0.776595662703485,0.372821551570311,1.24394751046478e-06,0.314245456888196,23.4904844715591,26.0231356620789
"dadras",1,2,49,5,1e+05,4,13,"raw",13,4,6,"weak/raw/m=1w/p=4",16663,"x1;x2;x2 x3",FALSE,3,"x1;x2;x2 x3",FALSE,3,3,0,0,TRUE,0.000270536958981271,NA,NA,NA,0.000116119950574492,0.000444160257049864,0.261437057303971,0.0544617200650639,0.0698647242265273,0.0544617457286154,2.25640414878329e-07,0.000412693995404539,0.00337641406819955,5.48540616035461
"dadras",1,2,49,5,1e+05,4,13,"raw",13,8,6,"weak/raw/m=1w/p=8",16663,"x1;x2;x2 x3",FALSE,3,"x1;x2;x2 x3",FALSE,3,3,0,0,TRUE,0.000231698065237484,NA,NA,NA,0.000140956554859695,0.00067087031198551,0.210109990472704,0.0823056243006653,-0.298548362262688,0.082305644751983,5.71152771279049e-09,1.08849571792842e-06,8.58586922447557e-06,6.42558717727661
"dadras",1,2,49,5,1e+05,4,13,"raw",26,4,13,"weak/raw/m=2w/p=4",7689,"x1;x2;x2 x3",FALSE,3,"x1;x2;x2 x3",FALSE,3,3,0,0,TRUE,0.00018999842967804,NA,NA,NA,9.78010064208902e-05,0.000264696727927922,0.369483246681922,0.0219759112773947,0.0984718202580198,0.0219759303325074,1.82131581488179e-08,1.86871826551088e-05,9.60290470164438e-05,3.69579744338989
"dadras",1,2,49,5,1e+05,4,13,"raw",26,8,13,"weak/raw/m=2w/p=8",7689,"x1;x2;x2 x3",FALSE,3,"x1;x2;x2 x3",FALSE,3,3,0,0,TRUE,0.000205114896326908,NA,NA,NA,9.65341998318593e-05,0.000382801134589772,0.252178457974817,0.0318345030220619,-0.274675371057806,0.0318345231198596,5.53914819230338e-09,5.65339231853936e-07,4.25874051757091e-06,4.36300897598267
"dadras",1,2,49,5,1e+05,4,13,"smoothed",13,4,6,"weak/smoothed/m=1w/p=4",16663,"x1;x2;x2 x3",FALSE,3,"x1;x2;x2 x3",FALSE,3,3,0,0,TRUE,0.000314087076901837,NA,NA,NA,0.000138573158533285,0.000444506383037701,0.311746161182868,0.0545041511792152,0.069050361862225,0.0545041633325268,2.25640414878329e-07,0.000412693995404539,0.00337641406819955,5.4500515460968
"dadras",1,2,49,5,1e+05,4,13,"smoothed",13,8,6,"weak/smoothed/m=1w/p=8",16663,"x1;x2;x2 x3",FALSE,3,"x1;x2;x2 x3",FALSE,3,3,0,0,TRUE,0.000307502490628941,NA,NA,NA,0.000183815650197268,0.000667503177778926,0.275377940235286,0.0818925009295284,-0.29471684095803,0.0818925350824055,5.71152771279049e-09,1.08849571792842e-06,8.58586922447557e-06,8.3630633354187
"dadras",1,2,49,5,1e+05,4,13,"smoothed",26,4,13,"weak/smoothed/m=2w/p=4",7689,"x1;x2;x2 x3",FALSE,3,"x1;x2;x2 x3",FALSE,3,3,0,0,TRUE,0.000188667356148864,NA,NA,NA,8.48669877071281e-05,0.000264664359306463,0.320658920337884,0.0219732217445593,0.0982945180648595,0.0219732363647186,1.82131581488179e-08,1.86871826551088e-05,9.60290470164438e-05,4.21634745597839
"dadras",1,2,49,5,1e+05,4,13,"smoothed",26,8,13,"weak/smoothed/m=2w/p=8",7689,"x1;x2;x2 x3",FALSE,3,"x1;x2;x2 x3",FALSE,3,3,0,0,TRUE,0.000213703506221075,NA,NA,NA,9.39177114821824e-05,0.00038280146445679,0.245343135286735,0.0318345264140404,-0.27463083468673,0.0318345315872048,5.53914819230338e-09,5.65339231853936e-07,4.25874051757091e-06,3.52164149284363
"dadras",1,3,49,5,1e+05,4,13,"smoothed",NA,NA,NA,"sg",100000,"x1;x2;x2 x3",TRUE,3,"x1;x2;x2 x3",TRUE,3,3,0,0,FALSE,0.0110172066944788,0.00648619504873704,0.00363981836245877,0.00938395325111238,0.00653194551389313,0.00173237379624158,3.77051738375651,0.52862802748118,0.771497051826616,0.528628029416928,-6.47525843031401e-06,0.497763987171345,50.0529178163183,39.4211843013763
"dadras",1,3,49,5,1e+05,4,13,"raw",13,4,6,"weak/raw/m=1w/p=4",16663,"x1;x2;x2 x3",FALSE,3,"x1;x2;x2 x3",FALSE,3,3,0,0,TRUE,0.000107693256376162,NA,NA,NA,8.04460641343353e-05,0.000453634811251273,0.1773366199839,0.0564212624386225,0.0648987820387564,0.0564212659759988,-2.37874678141154e-07,0.000425345497032095,0.0039182003720768,9.0220103263855
"dadras",1,3,49,5,1e+05,4,13,"raw",13,8,6,"weak/raw/m=1w/p=8",16663,"x1;x2;x2 x3",FALSE,3,"x1;x2;x2 x3",FALSE,3,3,0,0,TRUE,4.23082505638384e-05,NA,NA,NA,4.75033166891216e-05,0.000685887248186628,0.0692582006951033,0.0853545309183802,-0.3062949423132,0.0853545363615606,1.3795145142596e-08,1.0962991632358e-06,8.84052532512669e-06,8.41437935829163
"dadras",1,3,49,5,1e+05,4,13,"raw",26,4,13,"weak/raw/m=2w/p=4",7689,"x1;x2;x2 x3",FALSE,3,"x1;x2;x2 x3",FALSE,3,3,0,0,TRUE,7.96386290013995e-05,NA,NA,NA,9.21380439529425e-05,0.000271255216443715,0.33967289241813,0.0228454519032576,0.123148828573516,0.0228454689571346,-1.98245871977777e-09,1.9256572578319e-05,0.00010237985689443,6.77931499481201
"dadras",1,3,49,5,1e+05,4,13,"raw",26,8,13,"weak/raw/m=2w/p=8",7689,"x1;x2;x2 x3",FALSE,3,"x1;x2;x2 x3",FALSE,3,3,0,0,TRUE,4.76008650149851e-05,NA,NA,NA,8.10912816557806e-05,0.000387441917430027,0.209299195589558,0.0326833486848005,-0.248956990331638,0.0326833503065526,1.40095173522868e-08,5.65290898414906e-07,4.58268879555135e-06,6.00702667236328
"dadras",1,3,49,5,1e+05,4,13,"smoothed",13,4,6,"weak/smoothed/m=1w/p=4",16663,"x1;x2;x2 x3",FALSE,3,"x1;x2;x2 x3",FALSE,3,3,0,0,TRUE,0.000137463269396898,NA,NA,NA,0.000103145952991344,0.000455001107923211,0.226693850180144,0.0565911827704769,0.0618406853145187,0.0565911878574175,-2.37874678141154e-07,0.000425345497032095,0.0039182003720768,8.98503565788269
"dadras",1,3,49,5,1e+05,4,13,"smoothed",13,8,6,"weak/smoothed/m=1w/p=8",16663,"x1;x2;x2 x3",FALSE,3,"x1;x2;x2 x3",FALSE,3,3,0,0,TRUE,0.000164871577687417,NA,NA,NA,0.000120674716166304,0.000682257639405177,0.176875580713928,0.0849028192716458,-0.302133088572836,0.0849028205349877,1.3795145142596e-08,1.0962991632358e-06,8.84052532512669e-06,8.31856894493103
"dadras",1,3,49,5,1e+05,4,13,"smoothed",26,4,13,"weak/smoothed/m=2w/p=4",7689,"x1;x2;x2 x3",FALSE,3,"x1;x2;x2 x3",FALSE,3,3,0,0,TRUE,7.12123731829717e-05,NA,NA,NA,6.68784100623711e-05,0.00027120922186718,0.246593421867947,0.0228415731297875,0.122268797130645,0.0228415816922905,-1.98245871977777e-09,1.9256572578319e-05,0.00010237985689443,6.14227318763733
"dadras",1,3,49,5,1e+05,4,13,"smoothed",26,8,13,"weak/smoothed/m=2w/p=8",7689,"x1;x2;x2 x3",FALSE,3,"x1;x2;x2 x3",FALSE,3,3,0,0,TRUE,5.00849638629397e-05,NA,NA,NA,6.51761246376274e-05,0.000387567721387338,0.168167060983105,0.0326939533789885,-0.250449646632831,0.0326939633150519,1.40095173522868e-08,5.65290898414906e-07,4.58268879555135e-06,6.17849922180176
"dadras",1,4,49,5,1e+05,4,13,"smoothed",NA,NA,NA,"sg",100000,"x1;x2;x2 x3",FALSE,3,"x1;x2;x2 x3",FALSE,3,3,0,0,TRUE,0.00577543635720136,NA,NA,NA,0.00196106241539809,0.00110623426142612,1.77273700858799,0.329632797651827,0.770806295308222,0.329633352849558,3.33126110192369e-06,0.253796466480477,16.6663935643889,26.0358426570892
"dadras",1,4,49,5,1e+05,4,13,"raw",13,4,6,"weak/raw/m=1w/p=4",16663,"x1;x2;x2 x3",FALSE,3,"x1;x2;x2 x3",FALSE,3,3,0,0,TRUE,0.000150595717610447,NA,NA,NA,-4.80093110314914e-05,0.000451622162318635,-0.106304152092561,0.054847046801268,0.0712026414429201,0.054847059125731,9.02691731824984e-08,0.000426441285942322,0.00287261410639417,9.36178159713745
"dadras",1,4,49,5,1e+05,4,13,"raw",13,8,6,"weak/raw/m=1w/p=8",16663,"x1;x2;x2 x3",FALSE,3,"x1;x2;x2 x3",FALSE,3,3,0,0,TRUE,0.000117826732488613,NA,NA,NA,-1.94158728198333e-06,0.000680018537923501,-0.00285519757727803,0.0826324385689332,-0.297389800631187,0.0826324396218433,1.03438323381994e-09,1.11897722453205e-06,8.93920160649486e-06,6.51412343978882
"dadras",1,4,49,5,1e+05,4,13,"raw",26,4,13,"weak/raw/m=2w/p=4",7689,"x1;x2;x2 x3",FALSE,3,"x1;x2;x2 x3",FALSE,3,3,0,0,TRUE,5.72524298783073e-05,NA,NA,NA,-2.0387723150241e-05,0.000272091888680724,-0.0749295513699206,0.0223688766904846,0.128061763508427,0.0223688794703127,6.3911478320703e-09,1.93222234122793e-05,9.44275690564211e-05,7.41375923156738
"dadras",1,4,49,5,1e+05,4,13,"raw",26,8,13,"weak/raw/m=2w/p=8",7689,"x1;x2;x2 x3",FALSE,3,"x1;x2;x2 x3",FALSE,3,3,0,0,TRUE,8.49636162472134e-05,NA,NA,NA,-3.63257816467662e-06,0.000388387911751865,-0.00935296402066555,0.031986244219645,-0.252656934110233,0.0319862491057772,9.86966844211415e-10,5.67410536201367e-07,2.97329466469876e-06,6.13287878036499
"dadras",1,4,49,5,1e+05,4,13,"smoothed",13,4,6,"weak/smoothed/m=1w/p=4",16663,"x1;x2;x2 x3",FALSE,3,"x1;x2;x2 x3",FALSE,3,3,0,0,TRUE,0.000192015928923261,NA,NA,NA,-2.84225506883627e-05,0.000451563750953133,-0.0629424984365333,0.0548399424858988,0.0715559850368401,0.0548399434652293,9.02691731824984e-08,0.000426441285942322,0.00287261410639417,9.07779788970947
"dadras",1,4,49,5,1e+05,4,13,"smoothed",13,8,6,"weak/smoothed/m=1w/p=8",16663,"x1;x2;x2 x3",FALSE,3,"x1;x2;x2 x3",FALSE,3,3,0,0,TRUE,0.000208891188247851,NA,NA,NA,-6.95580239649773e-07,0.000675432251570467,-0.00102982976905894,0.0820751133544021,-0.291637248174193,0.0820751224266927,1.03438323381994e-09,1.11897722453205e-06,8.93920160649486e-06,5.95620560646057
"dadras",1,4,49,5,1e+05,4,13,"smoothed",26,4,13,"weak/smoothed/m=2w/p=4",7689,"x1;x2;x2 x3",FALSE,3,"x1;x2;x2 x3",FALSE,3,3,0,0,TRUE,5.06471677086395e-05,NA,NA,NA,-3.24555546341462e-05,0.000272093004342849,-0.119281106519192,0.0223689665760843,0.127986249182462,0.0223689747879572,6.3911478320703e-09,1.93222234122793e-05,9.44275690564211e-05,6.32842445373535
"dadras",1,4,49,5,1e+05,4,13,"smoothed",26,8,13,"weak/smoothed/m=2w/p=8",7689,"x1;x2;x2 x3",FALSE,3,"x1;x2;x2 x3",FALSE,3,3,0,0,TRUE,9.61679448345798e-05,NA,NA,NA,-1.08979063877993e-05,0.000388380195726308,-0.0280598921050008,0.0319856052135554,-0.253043407746019,0.0319856075761203,9.86966844211415e-10,5.67410536201367e-07,2.97329466469876e-06,5.95963835716248
"dadras",1,5,49,5,1e+05,4,13,"smoothed",NA,NA,NA,"sg",100000,"x1;x2;x2 x3",TRUE,3,"x1;x2;x2 x3",TRUE,3,3,0,0,FALSE,0.00696647807793594,0.00402229072121725,0.00214845799448872,0.00594888087537024,0.00408054881326057,0.0011697013414808,3.48853905570009,0.355531869131055,0.784719040238644,0.355531870770705,-1.67416759263897e-06,0.289902736407569,14.3901993093005,26.3525168895721
"dadras",1,5,49,5,1e+05,4,13,"raw",13,4,6,"weak/raw/m=1w/p=4",16663,"x1;x2;x2 x3",FALSE,3,"x1;x2;x2 x3",FALSE,3,3,0,0,TRUE,0.000102142354864206,NA,NA,NA,-0.000218921360864255,0.000447477849602879,-0.489233961096712,0.055430858988352,0.0641438247770209,0.0554308907940347,2.1537513503935e-07,0.000413799844841504,0.00300904017152703,5.62375998497009
"dadras",1,5,49,5,1e+05,4,13,"raw",13,8,6,"weak/raw/m=1w/p=8",16663,"x1;x2;x2 x3",FALSE,3,"x1;x2;x2 x3",FALSE,3,3,0,0,TRUE,6.70138736088196e-05,NA,NA,NA,-0.000206294221381818,0.000678777413379155,-0.30392027977894,0.084133669690302,-0.309023944053767,0.0841336887075728,1.80743932910485e-08,1.07079198048625e-06,8.76647113301487e-06,5.24049949645996
"dadras",1,5,49,5,1e+05,4,13,"raw",26,4,13,"weak/raw/m=2w/p=4",7689,"x1;x2;x2 x3",FALSE,3,"x1;x2;x2 x3",FALSE,3,3,0,0,TRUE,7.30843719036427e-05,NA,NA,NA,-0.000244220103222872,0.000263671950058948,-0.926227090778039,0.0221097428323851,0.0926637109871915,0.022109830594399,3.17681103539398e-08,1.87815613940658e-05,8.66069271712178e-05,3.5547354221344
"dadras",1,5,49,5,1e+05,4,13,"raw",26,8,13,"weak/raw/m=2w/p=8",7689,"x1;x2;x2 x3",FALSE,3,"x1;x2;x2 x3",FALSE,3,3,0,0,TRUE,8.52990681916494e-05,NA,NA,NA,-0.000250986461994663,0.00038205787009198,-0.656933102658605,0.0320935801251129,-0.280444082770695,0.0320936653266217,1.79542519960569e-08,5.59474919847494e-07,3.17797647664264e-06,3.79160308837891
"dadras",1,5,49,5,1e+05,4,13,"smoothed",13,4,6,"weak/smoothed/m=1w/p=4",16663,"x1;x2;x2 x3",FALSE,3,"x1;x2;x2 x3",FALSE,3,3,0,0,TRUE,6.17568728997764e-05,NA,NA,NA,-0.000186057551890033,0.000447810729903926,-0.415482567668599,0.0554720836920309,0.0639189431093686,0.0554721004449656,2.1537513503935e-07,0.000413799844841504,0.00300904017152703,5.5373227596283
"dadras",1,5,49,5,1e+05,4,13,"smoothed",13,8,6,"weak/smoothed/m=1w/p=8",16663,"x1;x2;x2 x3",FALSE,3,"x1;x2;x2 x3",FALSE,3,3,0,0,TRUE,0.000117526689179008,NA,NA,NA,-0.000141427983474446,0.00067466198325705,-0.209627912916743,0.0836235438356554,-0.30378331385026,0.0836235486283656,1.80743932910485e-08,1.07079198048625e-06,8.76647113301487e-06,5.33538722991943
"dadras",1,5,49,5,1e+05,4,13,"smoothed",26,4,13,"weak/smoothed/m=2w/p=4",7689,"x1;x2;x2 x3",FALSE,3,"x1;x2;x2 x3",FALSE,3,3,0,0,TRUE,6.5222628102001e-05,NA,NA,NA,-0.000257666903886334,0.000263702400115022,-0.977112471384201,0.0221122930068205,0.0926441019673242,0.0221124112259799,3.17681103539398e-08,1.87815613940658e-05,8.66069271712178e-05,4.21004819869995
"dadras",1,5,49,5,1e+05,4,13,"smoothed",26,8,13,"weak/smoothed/m=2w/p=8",7689,"x1;x2;x2 x3",FALSE,3,"x1;x2;x2 x3",FALSE,3,3,0,0,TRUE,5.99219074754526e-05,NA,NA,NA,-0.000256268033212956,0.000382172909161318,-0.670555204384683,0.0321032394403084,-0.280892753409782,0.0321033484883212,1.79542519960569e-08,5.59474919847494e-07,3.17797647664264e-06,3.45886182785034
"dadras",1,6,49,5,1e+05,4,13,"smoothed",NA,NA,NA,"sg",100000,"x1;x2;x2 x3",TRUE,3,"x1;x2;x2 x3",TRUE,3,3,0,0,FALSE,0.0094558859250216,0.00597666029488557,0.00356747819986442,0.00836608543990957,0.00596210371136085,0.00147408063991069,4.04462520566179,0.44559736001713,0.777963379187144,0.445597363381756,5.10751274213465e-07,0.401260386517082,31.7990259036313,25.2961452007294
"dadras",1,6,49,5,1e+05,4,13,"raw",13,4,6,"weak/raw/m=1w/p=4",16663,"x1;x2;x2 x3",FALSE,3,"x1;x2;x2 x3",FALSE,3,3,0,0,TRUE,0.000102888402860591,NA,NA,NA,0.000486486212797091,0.000439787920648359,1.10618366252508,0.0541807132055959,0.0690719532878429,0.0541808962813096,-4.3184649984069e-08,0.000412788523496761,0.00336308522507522,5.54650092124939
"dadras",1,6,49,5,1e+05,4,13,"raw",13,8,6,"weak/raw/m=1w/p=8",16663,"x1;x2;x2 x3",FALSE,3,"x1;x2;x2 x3",FALSE,3,3,0,0,TRUE,0.00015369702541099,NA,NA,NA,0.000497566884022881,0.000670062795533529,0.742567543429568,0.0825993284242089,-0.313940310212982,0.0825994553064403,4.20137125228222e-09,1.08008465254472e-06,8.76139820604749e-06,5.09308362007141
"dadras",1,6,49,5,1e+05,4,13,"raw",26,4,13,"weak/raw/m=2w/p=4",7689,"x1;x2;x2 x3",FALSE,3,"x1;x2;x2 x3",FALSE,3,3,0,0,TRUE,0.000125707656682097,NA,NA,NA,0.000469751070119354,0.000265420778967231,1.76983532316944,0.0221368336552931,0.121000537167199,0.02213729775402,1.78335504297339e-09,1.8606352675578e-05,8.34701950278571e-05,4.09939098358154
"dadras",1,6,49,5,1e+05,4,13,"raw",26,8,13,"weak/raw/m=2w/p=8",7689,"x1;x2;x2 x3",FALSE,3,"x1;x2;x2 x3",FALSE,3,3,0,0,TRUE,0.000140143714707291,NA,NA,NA,0.000496286894530616,0.000378241751176263,1.31208914136859,0.0316021040297442,-0.253098540168585,0.0316024598197342,4.23354578801329e-09,5.57721815040089e-07,3.12402018565194e-06,3.2798478603363
"dadras",1,6,49,5,1e+05,4,13,"smoothed",13,4,6,"weak/smoothed/m=1w/p=4",16663,"x1;x2;x2 x3",FALSE,3,"x1;x2;x2 x3",FALSE,3,3,0,0,TRUE,0.000203282718104584,NA,NA,NA,0.000519962848604174,0.00044130647444376,1.17823525988273,0.0543677829229851,0.0657018617808992,0.0543680043338017,-4.3184649984069e-08,0.000412788523496761,0.00336308522507522,5.34898614883423
"dadras",1,6,49,5,1e+05,4,13,"smoothed",13,8,6,"weak/smoothed/m=1w/p=8",16663,"x1;x2;x2 x3",FALSE,3,"x1;x2;x2 x3",FALSE,3,3,0,0,TRUE,0.000356728951206185,NA,NA,NA,0.000562102061182935,0.000669245016054444,0.839904739966277,0.0824985039338806,-0.310378211774968,0.0824986577471041,4.20137125228222e-09,1.08008465254472e-06,8.76139820604749e-06,5.23642373085022
"dadras",1,6,49,5,1e+05,4,13,"smoothed",26,4,13,"weak/smoothed/m=2w/p=4",7689,"x1;x2;x2 x3",FALSE,3,"x1;x2;x2 x3",FALSE,3,3,0,0,TRUE,0.000129375150005288,NA,NA,NA,0.000455936486138065,0.000265383524628607,1.71802860323047,0.022133723455554,0.12105075676357,0.0221341666046993,1.78335504297339e-09,1.8606352675578e-05,8.34701950278571e-05,3.57909178733826
"dadras",1,6,49,5,1e+05,4,13,"smoothed",26,8,13,"weak/smoothed/m=2w/p=8",7689,"x1;x2;x2 x3",FALSE,3,"x1;x2;x2 x3",FALSE,3,3,0,0,TRUE,0.000181915268395398,NA,NA,NA,0.000497068786485457,0.000378723494770301,1.31248468433925,0.0316423503298657,-0.25370371120309,0.0316426498006604,4.23354578801329e-09,5.57721815040089e-07,3.12402018565194e-06,3.53057503700256
"dadras",1,7,49,5,1e+05,4,13,"smoothed",NA,NA,NA,"sg",100000,"x1;x2;x2 x3",FALSE,3,"x1;x2;x2 x3",FALSE,3,3,0,0,TRUE,0.00891615200312224,NA,NA,NA,0.00329005813584957,0.00144550491160551,2.27606154045878,0.433028748646125,0.78458652734691,0.433029799514402,3.47774127250159e-06,0.387078011770774,24.0084687202979,26.2829337120056
"dadras",1,7,49,5,1e+05,4,13,"raw",13,4,6,"weak/raw/m=1w/p=4",16663,"x1;x2;x2 x3",FALSE,3,"x1;x2;x2 x3",FALSE,3,3,0,0,TRUE,0.00011922608233772,NA,NA,NA,-0.000202223015449204,0.000456694690096821,-0.442796949109113,0.0557611139439823,0.066812240898302,0.0557611600110314,4.98036282812577e-08,0.000428251034872424,0.00318985071278632,5.3009033203125
"dadras",1,7,49,5,1e+05,4,13,"raw",13,8,6,"weak/raw/m=1w/p=8",16663,"x1;x2;x2 x3",FALSE,3,"x1;x2;x2 x3",FALSE,3,3,0,0,TRUE,7.21975347892645e-05,NA,NA,NA,-0.000188561897140276,0.000693832015993285,-0.271768803966666,0.0847630655537505,-0.309478068070426,0.0847631015992178,7.78314292711329e-09,1.1013772866076e-06,8.54371567982071e-06,5.2453293800354
"dadras",1,7,49,5,1e+05,4,13,"raw",26,4,13,"weak/raw/m=2w/p=4",7689,"x1;x2;x2 x3",FALSE,3,"x1;x2;x2 x3",FALSE,3,3,0,0,TRUE,9.17788362140293e-05,NA,NA,NA,-0.00017673508061891,0.000275239035776665,-0.642114880689804,0.0227531594437683,0.13326639206294,0.022753230487957,1.09392712912755e-08,1.93721252419129e-05,9.13885141482496e-05,3.90128946304321
"dadras",1,7,49,5,1e+05,4,13,"raw",26,8,13,"weak/raw/m=2w/p=8",7689,"x1;x2;x2 x3",FALSE,3,"x1;x2;x2 x3",FALSE,3,3,0,0,TRUE,9.24041735896886e-05,NA,NA,NA,-0.000183171149715173,0.000393315037649238,-0.465711025975384,0.0325687621122795,-0.246399493043527,0.0325688278185047,7.82200269354142e-09,5.6527284324277e-07,4.26251475005301e-06,3.63016629219055
"dadras",1,7,49,5,1e+05,4,13,"smoothed",13,4,6,"weak/smoothed/m=1w/p=4",16663,"x1;x2;x2 x3",FALSE,3,"x1;x2;x2 x3",FALSE,3,3,0,0,TRUE,0.000190055808499734,NA,NA,NA,-0.000185902578114326,0.000457149649435401,-0.406655847475599,0.0558166506606553,0.0647563952114812,0.0558166946484622,4.98036282812577e-08,0.000428251034872424,0.00318985071278632,5.40000557899475
"dadras",1,7,49,5,1e+05,4,13,"smoothed",13,8,6,"weak/smoothed/m=1w/p=8",16663,"x1;x2;x2 x3",FALSE,3,"x1;x2;x2 x3",FALSE,3,3,0,0,TRUE,0.000228517768916525,NA,NA,NA,-0.000156803369030847,0.000692137189094142,-0.226549550438215,0.084555985385705,-0.308433024114505,0.0845560287986167,7.78314292711329e-09,1.1013772866076e-06,8.54371567982071e-06,5.29016828536987
"dadras",1,7,49,5,1e+05,4,13,"smoothed",26,4,13,"weak/smoothed/m=2w/p=4",7689,"x1;x2;x2 x3",FALSE,3,"x1;x2;x2 x3",FALSE,3,3,0,0,TRUE,8.82023319472847e-05,NA,NA,NA,-0.000193997541842994,0.000275176090053075,-0.704994179565442,0.0227479535991581,0.133569076996843,0.0227480311367945,1.09392712912755e-08,1.93721252419129e-05,9.13885141482496e-05,4.30502438545227
"dadras",1,7,49,5,1e+05,4,13,"smoothed",26,8,13,"weak/smoothed/m=2w/p=8",7689,"x1;x2;x2 x3",FALSE,3,"x1;x2;x2 x3",FALSE,3,3,0,0,TRUE,0.000108103958756267,NA,NA,NA,-0.000195144600719823,0.0003933538666132,-0.496104442546935,0.0325719730473103,-0.246388915864801,0.032572040862387,7.82200269354142e-09,5.6527284324277e-07,4.26251475005301e-06,3.51892995834351
"dadras",1,8,49,5,1e+05,4,13,"smoothed",NA,NA,NA,"sg",100000,"x1;x2;x2 x3",FALSE,3,"x1;x2;x2 x3",FALSE,3,3,0,0,TRUE,0.00729421382921778,NA,NA,NA,0.00304087881168787,0.00124302812971009,2.44634754355646,0.374090724542026,0.779995286851259,0.374091707342265,1.1278505005538e-06,0.312892852338113,21.3732848731565,26.0804793834686
"dadras",1,8,49,5,1e+05,4,13,"raw",13,4,6,"weak/raw/m=1w/p=4",16663,"x1;x2;x2 x3",FALSE,3,"x1;x2;x2 x3",FALSE,3,3,0,0,TRUE,7.88452841662401e-05,NA,NA,NA,-0.000360522483590433,0.00045142283956118,-0.798635895208339,0.0553738677625058,0.0779315932962148,0.0553740105720957,9.96341031971811e-08,0.000416121766200221,0.00300986905941869,5.57018160820007
"dadras",1,8,49,5,1e+05,4,13,"raw",13,8,6,"weak/raw/m=1w/p=8",16663,"x1;x2;x2 x3",FALSE,3,"x1;x2;x2 x3",FALSE,3,3,0,0,TRUE,4.13997537706689e-05,NA,NA,NA,-0.000383558321016775,0.000678596927908118,-0.565222601580521,0.0832877392239993,-0.296254466773312,0.0832878031591923,8.07793309449108e-09,1.08060196960736e-06,8.54249000781238e-06,5.1392993927002
"dadras",1,8,49,5,1e+05,4,13,"raw",26,4,13,"weak/raw/m=2w/p=4",7689,"x1;x2;x2 x3",FALSE,3,"x1;x2;x2 x3",FALSE,3,3,0,0,TRUE,8.1257495121001e-05,NA,NA,NA,-0.000311678399387464,0.000274204700612087,-1.13666322529018,0.0227732177985747,0.121165603359985,0.0227734329752948,1.62175998670783e-08,1.88776522698292e-05,9.97663542658955e-05,3.59554767608643
"dadras",1,8,49,5,1e+05,4,13,"raw",26,8,13,"weak/raw/m=2w/p=8",7689,"x1;x2;x2 x3",FALSE,3,"x1;x2;x2 x3",FALSE,3,3,0,0,TRUE,5.44849570034422e-05,NA,NA,NA,-0.00033125173182755,0.000389386132152273,-0.850702437697526,0.0323939339257648,-0.246031500775295,0.0323940933449984,8.02425725988866e-09,5.68825284256518e-07,4.97029206769639e-06,3.44933700561523
"dadras",1,8,49,5,1e+05,4,13,"smoothed",13,4,6,"weak/smoothed/m=1w/p=4",16663,"x1;x2;x2 x3",FALSE,3,"x1;x2;x2 x3",FALSE,3,3,0,0,TRUE,0.000115576569311937,NA,NA,NA,-0.000344734871537334,0.000451675178023266,-0.763236255412682,0.0554048093014032,0.0775012984931773,0.0554049003877836,9.96341031971811e-08,0.000416121766200221,0.00300986905941869,5.61111927032471
"dadras",1,8,49,5,1e+05,4,13,"smoothed",13,8,6,"weak/smoothed/m=1w/p=8",16663,"x1;x2;x2 x3",FALSE,3,"x1;x2;x2 x3",FALSE,3,3,0,0,TRUE,0.000201728278675854,NA,NA,NA,-0.000321750471008006,0.00067761462885381,-0.474828106282547,0.0831671529347191,-0.294851941290435,0.083167203837168,8.07793309449108e-09,1.08060196960736e-06,8.54249000781238e-06,5.1995632648468
"dadras",1,8,49,5,1e+05,4,13,"smoothed",26,4,13,"weak/smoothed/m=2w/p=4",7689,"x1;x2;x2 x3",FALSE,3,"x1;x2;x2 x3",FALSE,3,3,0,0,TRUE,7.29888859165584e-05,NA,NA,NA,-0.000322924192480839,0.000274239382459563,-1.17752669067673,0.0227760957980654,0.120858739103934,0.0227762941259722,1.62175998670783e-08,1.88776522698292e-05,9.97663542658955e-05,3.78719925880432
"dadras",1,8,49,5,1e+05,4,13,"smoothed",26,8,13,"weak/smoothed/m=2w/p=8",7689,"x1;x2;x2 x3",FALSE,3,"x1;x2;x2 x3",FALSE,3,3,0,0,TRUE,4.89293652718992e-05,NA,NA,NA,-0.00033685414905437,0.000389581241938143,-0.86465700293613,0.0324101616921957,-0.246637432298411,0.0324103043303397,8.02425725988866e-09,5.68825284256518e-07,4.97029206769639e-06,3.40830707550049
"dadras",1,9,49,5,1e+05,4,13,"smoothed",NA,NA,NA,"sg",100000,"x1;x2;x2 x3",FALSE,3,"x1;x2;x2 x3",FALSE,3,3,0,0,TRUE,0.00861897111125765,NA,NA,NA,0.00412558324664352,0.0013775697311165,2.9948271607999,0.416911198053593,0.783493794199014,0.416912755575642,-1.2353342057803e-06,0.37050603484927,23.7180613961311,26.0814065933228
"dadras",1,9,49,5,1e+05,4,13,"raw",13,4,6,"weak/raw/m=1w/p=4",16663,"x1;x2;x2 x3",FALSE,3,"x1;x2;x2 x3",FALSE,3,3,0,0,TRUE,9.97372405560082e-05,NA,NA,NA,-0.000315531431811551,0.000448599264493283,-0.703370372592923,0.0553358824160849,0.0768404175196764,0.0553359317827391,1.19073191760867e-08,0.000419813245427425,0.00332750565215179,5.42969369888306
"dadras",1,9,49,5,1e+05,4,13,"raw",13,8,6,"weak/raw/m=1w/p=8",16663,"x1;x2;x2 x3",FALSE,3,"x1;x2;x2 x3",FALSE,3,3,0,0,TRUE,8.1000867462618e-05,NA,NA,NA,-0.000350561486035181,0.000676400740279889,-0.518274840873358,0.0834820373070389,-0.295793326109378,0.0834820935136045,8.02725603417805e-09,1.09560761212253e-06,8.42148672575149e-06,5.14498734474182
"dadras",1,9,49,5,1e+05,4,13,"raw",26,4,13,"weak/raw/m=2w/p=4",7689,"x1;x2;x2 x3",FALSE,3,"x1;x2;x2 x3",FALSE,3,3,0,0,TRUE,0.000120963546357933,NA,NA,NA,-0.000293443070926382,0.000271749553816635,-1.07982908087638,0.0226972004702931,0.100196171905669,0.0226973620694546,7.61891649716221e-09,1.90534955430828e-05,9.45976802455561e-05,3.8311173915863
"dadras",1,9,49,5,1e+05,4,13,"raw",26,8,13,"weak/raw/m=2w/p=8",7689,"x1;x2;x2 x3",FALSE,3,"x1;x2;x2 x3",FALSE,3,3,0,0,TRUE,9.68383839918818e-05,NA,NA,NA,-0.000314053145447261,0.000390183642989492,-0.804885471469439,0.032641279774689,-0.264445352036421,0.03264142623124,8.06854710426761e-09,5.83922471339744e-07,4.76354203726714e-06,3.53064322471619
"dadras",1,9,49,5,1e+05,4,13,"smoothed",13,4,6,"weak/smoothed/m=1w/p=4",16663,"x1;x2;x2 x3",FALSE,3,"x1;x2;x2 x3",FALSE,3,3,0,0,TRUE,0.000138174252637846,NA,NA,NA,-0.000302829359643496,0.000448938280156062,-0.67454564030099,0.0553776897358738,0.0752195591466712,0.055377730918123,1.19073191760867e-08,0.000419813245427425,0.00332750565215179,5.610032081604
"dadras",1,9,49,5,1e+05,4,13,"smoothed",13,8,6,"weak/smoothed/m=1w/p=8",16663,"x1;x2;x2 x3",FALSE,3,"x1;x2;x2 x3",FALSE,3,3,0,0,TRUE,0.000148672930694439,NA,NA,NA,-0.000270438834890867,0.000673623169409799,-0.401469021809055,0.0831391971326621,-0.293755960328714,0.0831392633924575,8.02725603417805e-09,1.09560761212253e-06,8.42148672575149e-06,5.30412864685059
"dadras",1,9,49,5,1e+05,4,13,"smoothed",26,4,13,"weak/smoothed/m=2w/p=4",7689,"x1;x2;x2 x3",FALSE,3,"x1;x2;x2 x3",FALSE,3,3,0,0,TRUE,0.000124636691988922,NA,NA,NA,-0.000310592034153696,0.000271739845001104,-1.14297568011211,0.0226963862851777,0.100382029829041,0.0226965918305732,7.61891649716221e-09,1.90534955430828e-05,9.45976802455561e-05,3.98255634307861
"dadras",1,9,49,5,1e+05,4,13,"smoothed",26,8,13,"weak/smoothed/m=2w/p=8",7689,"x1;x2;x2 x3",FALSE,3,"x1;x2;x2 x3",FALSE,3,3,0,0,TRUE,8.01287446470234e-05,NA,NA,NA,-0.00033452995672108,0.000390283721452834,-0.857145554202953,0.032649646751064,-0.264718450419542,0.0326497726271386,8.06854710426761e-09,5.83922471339744e-07,4.76354203726714e-06,3.60375261306763
"dadras",1,10,49,5,1e+05,4,13,"smoothed",NA,NA,NA,"sg",100000,"x1;x2;x2 x3",FALSE,3,"x1;x2;x2 x3",FALSE,3,3,0,0,TRUE,0.0102396404683916,NA,NA,NA,0.00441016939631563,0.00153107513602791,2.8804395633757,0.463085939360736,0.788717155518004,0.463087593736725,1.258626881918e-07,0.428349399680533,24.9840560348718,25.7071175575256
"dadras",1,10,49,5,1e+05,4,13,"raw",13,4,6,"weak/raw/m=1w/p=4",16663,"x1;x2;x2 x3",FALSE,3,"x1;x2;x2 x3",FALSE,3,3,0,0,TRUE,0.000169250141714983,NA,NA,NA,-0.000434036963285568,0.000458664423477747,-0.94630614686562,0.0565441671818327,0.0817425213567707,0.0565442791980118,-6.50854333359079e-08,0.000426029225406257,0.00305189132770067,6.18803358078003
"dadras",1,10,49,5,1e+05,4,13,"raw",13,8,6,"weak/raw/m=1w/p=8",16663,"x1;x2;x2 x3",FALSE,3,"x1;x2;x2 x3",FALSE,3,3,0,0,TRUE,0.000105360000348664,NA,NA,NA,-0.000492954586385389,0.000692491496102772,-0.711856519769061,0.0854176843068678,-0.290777115699597,0.0854178249391395,9.82835454702222e-09,1.09803105206779e-06,8.29006205549376e-06,8.28862452507019
"dadras",1,10,49,5,1e+05,4,13,"raw",26,4,13,"weak/raw/m=2w/p=4",7689,"x1;x2;x2 x3",FALSE,3,"x1;x2;x2 x3",FALSE,3,3,0,0,TRUE,0.000119866886768349,NA,NA,NA,-0.000435507061754353,0.000276778086347916,-1.57348823203768,0.0231055944696117,0.100534651227819,0.0231059637971829,5.34083778126385e-09,1.91801078657737e-05,0.000108706316328977,6.72276926040649
"dadras",1,10,49,5,1e+05,4,13,"raw",26,8,13,"weak/raw/m=2w/p=8",7689,"x1;x2;x2 x3",FALSE,3,"x1;x2;x2 x3",FALSE,3,3,0,0,TRUE,0.000125839095401314,NA,NA,NA,-0.000431725733335694,0.000398927760753361,-1.08221531768156,0.0333562124176277,-0.276139271170521,0.0333564579284319,9.79489362895808e-09,5.85728177416949e-07,4.44372103913793e-06,5.54460716247559
"dadras",1,10,49,5,1e+05,4,13,"smoothed",13,4,6,"weak/smoothed/m=1w/p=4",16663,"x1;x2;x2 x3",FALSE,3,"x1;x2;x2 x3",FALSE,3,3,0,0,TRUE,0.000226189732774884,NA,NA,NA,-0.000431406044460276,0.000460045436775106,-0.937746600606257,0.0567144052624151,0.0787529213674514,0.0567145136031476,-6.50854333359079e-08,0.000426029225406257,0.00305189132770067,8.56706142425537
"dadras",1,10,49,5,1e+05,4,13,"smoothed",13,8,6,"weak/smoothed/m=1w/p=8",16663,"x1;x2;x2 x3",FALSE,3,"x1;x2;x2 x3",FALSE,3,3,0,0,TRUE,0.00031141844082135,NA,NA,NA,-0.000366111087760155,0.000694013711022883,-0.527527168332966,0.0856054129751603,-0.292376142332763,0.085605469839087,9.82835454702222e-09,1.09803105206779e-06,8.29006205549376e-06,8.2836127281189
"dadras",1,10,49,5,1e+05,4,13,"smoothed",26,4,13,"weak/smoothed/m=2w/p=4",7689,"x1;x2;x2 x3",FALSE,3,"x1;x2;x2 x3",FALSE,3,3,0,0,TRUE,0.000116257943078679,NA,NA,NA,-0.000455048151742196,0.000276833224786971,-1.643762782059,0.0231101942773981,0.100467403518925,0.0231105724785676,5.34083778126385e-09,1.91801078657737e-05,0.000108706316328977,6.32552433013916
"dadras",1,10,49,5,1e+05,4,13,"smoothed",26,8,13,"weak/smoothed/m=2w/p=8",7689,"x1;x2;x2 x3",FALSE,3,"x1;x2;x2 x3",FALSE,3,3,0,0,TRUE,0.000128526751383529,NA,NA,NA,-0.000440808702009039,0.000398769631072218,-1.10542194706198,0.0333429856742848,-0.276550563924834,0.0333432545736468,9.79489362895808e-09,5.85728177416949e-07,4.44372103913793e-06,3.46700358390808
"dadras",1,11,49,5,1e+05,4,13,"smoothed",NA,NA,NA,"sg",100000,"x1;x2;x2 x3",FALSE,3,"x1;x2;x2 x3",FALSE,3,3,0,0,TRUE,0.0103833170200746,NA,NA,NA,0.00504698584638963,0.00160979927519727,3.13516469049916,0.4877956273686,0.777456507406255,0.487797585291465,-4.94027656252927e-06,0.451075376917062,41.5432771141383,27.7406544685364
"dadras",1,11,49,5,1e+05,4,13,"raw",13,4,6,"weak/raw/m=1w/p=4",16663,"x1;x2;x2 x3",FALSE,3,"x1;x2;x2 x3",FALSE,3,3,0,0,TRUE,3.81033398978066e-05,NA,NA,NA,-0.000152960365199181,0.000452210731133673,-0.338250188835006,0.0558474789042788,0.0618120375136884,0.055847500824963,-1.2253018324711e-09,0.000419359265170177,0.00297480560989527,5.60550665855408
"dadras",1,11,49,5,1e+05,4,13,"raw",13,8,6,"weak/raw/m=1w/p=8",16663,"x1;x2;x2 x3",FALSE,3,"x1;x2;x2 x3",FALSE,3,3,0,0,TRUE,7.67254509599358e-05,NA,NA,NA,-0.000158452000069728,0.000691099392553695,-0.229275270354715,0.0853981247470472,-0.316374205250608,0.0853981384108101,5.9801343359859e-09,1.07848793762815e-06,8.92433235577528e-06,5.28907251358032
"dadras",1,11,49,5,1e+05,4,13,"raw",26,4,13,"weak/raw/m=2w/p=4",7689,"x1;x2;x2 x3",FALSE,3,"x1;x2;x2 x3",FALSE,3,3,0,0,TRUE,0.000111447398450371,NA,NA,NA,-0.0001569474111678,0.000270335929552085,-0.580564379392127,0.0226043275928523,0.121668060031279,0.0226043594521832,3.92805658055829e-09,1.89306374211983e-05,0.000106974348748068,4.04519701004028
"dadras",1,11,49,5,1e+05,4,13,"raw",26,8,13,"weak/raw/m=2w/p=8",7689,"x1;x2;x2 x3",FALSE,3,"x1;x2;x2 x3",FALSE,3,3,0,0,TRUE,0.000104815998527963,NA,NA,NA,-0.00014308228362717,0.000385623884115441,-0.371041031224966,0.0322973205977526,-0.254381166500587,0.0322973611615174,5.9680831699344e-09,5.74496940301235e-07,3.9695655829064e-06,3.20231127738953
"dadras",1,11,49,5,1e+05,4,13,"smoothed",13,4,6,"weak/smoothed/m=1w/p=4",16663,"x1;x2;x2 x3",FALSE,3,"x1;x2;x2 x3",FALSE,3,3,0,0,TRUE,0.000143827717556738,NA,NA,NA,-0.000144896349537286,0.000453857963076979,-0.319254835929164,0.0560508964552928,0.0584916249247094,0.0560509151782778,-1.2253018324711e-09,0.000419359265170177,0.00297480560989527,5.69427275657654
"dadras",1,11,49,5,1e+05,4,13,"smoothed",13,8,6,"weak/smoothed/m=1w/p=8",16663,"x1;x2;x2 x3",FALSE,3,"x1;x2;x2 x3",FALSE,3,3,0,0,TRUE,0.00033838689020495,NA,NA,NA,-8.53094860107191e-05,0.00069465810465794,-0.122807875469511,0.0858378433373295,-0.320449916104539,0.0858378517717246,5.9801343359859e-09,1.07848793762815e-06,8.92433235577528e-06,5.11690878868103
"dadras",1,11,49,5,1e+05,4,13,"smoothed",26,4,13,"weak/smoothed/m=2w/p=4",7689,"x1;x2;x2 x3",FALSE,3,"x1;x2;x2 x3",FALSE,3,3,0,0,TRUE,0.00011391375318559,NA,NA,NA,-0.000180219032054984,0.000270422397713614,-0.66643530113893,0.0226115532536198,0.1212104653034,0.0226116189234,3.92805658055829e-09,1.89306374211983e-05,0.000106974348748068,3.9353711605072
"dadras",1,11,49,5,1e+05,4,13,"smoothed",26,8,13,"weak/smoothed/m=2w/p=8",7689,"x1;x2;x2 x3",FALSE,3,"x1;x2;x2 x3",FALSE,3,3,0,0,TRUE,0.000111332314522428,NA,NA,NA,-0.000164040627612716,0.000386586705564729,-0.424330752329116,0.0323779543367899,-0.255250671830862,0.0323780039621144,5.9680831699344e-09,5.74496940301235e-07,3.9695655829064e-06,3.6956250667572
"dadras",1,12,49,5,1e+05,4,13,"smoothed",NA,NA,NA,"sg",100000,"x1;x2;x2 x3",TRUE,3,"x1;x2;x2 x3",TRUE,3,3,0,0,FALSE,0.0112188337939535,0.00760225476423684,0.00451399531893524,0.0104761197074574,0.00761762542693027,0.00178939639892542,4.25709218566934,0.543473114317929,0.766838839771476,0.543473116840225,2.56574900401241e-06,0.51285788891949,58.8816112996842,26.3093526363373
"dadras",1,12,49,5,1e+05,4,13,"raw",13,4,6,"weak/raw/m=1w/p=4",16663,"x1;x2;x2 x3",FALSE,3,"x1;x2;x2 x3",FALSE,3,3,0,0,TRUE,7.21977865916459e-05,NA,NA,NA,0.000271047919510203,0.000455333231300483,0.595273748713793,0.0563604527510146,0.075034096732276,0.0563605270767141,-1.74652954258656e-07,0.000423307705277879,0.0032633772870696,5.59932565689087
"dadras",1,12,49,5,1e+05,4,13,"raw",13,8,6,"weak/raw/m=1w/p=8",16663,"x1;x2;x2 x3",FALSE,3,"x1;x2;x2 x3",FALSE,3,3,0,0,TRUE,2.62404277292968e-05,NA,NA,NA,0.000265933916311352,0.00068951083141483,0.385684900359975,0.0853979692410456,-0.300124371246747,0.0853980035040404,6.55802320630716e-09,1.08736788709979e-06,9.56861267553677e-06,5.13463115692139
"dadras",1,12,49,5,1e+05,4,13,"raw",26,4,13,"weak/raw/m=2w/p=4",7689,"x1;x2;x2 x3",FALSE,3,"x1;x2;x2 x3",FALSE,3,3,0,0,TRUE,4.54926697376387e-05,NA,NA,NA,0.000278535452936039,0.000274399731535506,1.01507188573906,0.0229943183105651,0.0974551746711872,0.0229944389324309,-2.60482702036283e-09,1.91497529967475e-05,0.000101320265097016,3.5286717414856
"dadras",1,12,49,5,1e+05,4,13,"raw",26,8,13,"weak/raw/m=2w/p=8",7689,"x1;x2;x2 x3",FALSE,3,"x1;x2;x2 x3",FALSE,3,3,0,0,TRUE,3.72339781974497e-05,NA,NA,NA,0.000277034819360415,0.000395103608632239,0.701170055923932,0.0331663945071185,-0.269854798107517,0.0331664678756823,6.69246442090989e-09,5.68333252002909e-07,5.70803581467771e-06,3.43027210235596
"dadras",1,12,49,5,1e+05,4,13,"smoothed",13,4,6,"weak/smoothed/m=1w/p=4",16663,"x1;x2;x2 x3",FALSE,3,"x1;x2;x2 x3",FALSE,3,3,0,0,TRUE,7.90356175057738e-05,NA,NA,NA,0.000309584370393921,0.000457764410877309,0.676296284808597,0.0566613711335698,0.0665472927970159,0.0566614573711669,-1.74652954258656e-07,0.000423307705277879,0.0032633772870696,5.18198704719543
"dadras",1,12,49,5,1e+05,4,13,"smoothed",13,8,6,"weak/smoothed/m=1w/p=8",16663,"x1;x2;x2 x3",FALSE,3,"x1;x2;x2 x3",FALSE,3,3,0,0,TRUE,0.000295265861891991,NA,NA,NA,0.000416703683449412,0.000699864908357299,0.595405882583091,0.0866803298863754,-0.317245915949612,0.0866804227005246,6.55802320630716e-09,1.08736788709979e-06,9.56861267553677e-06,5.15191054344177
"dadras",1,12,49,5,1e+05,4,13,"smoothed",26,4,13,"weak/smoothed/m=2w/p=4",7689,"x1;x2;x2 x3",FALSE,3,"x1;x2;x2 x3",FALSE,3,3,0,0,TRUE,4.22223419147714e-05,NA,NA,NA,0.000264463545446705,0.000274503786356513,0.963424034899222,0.0230030347449251,0.0979850323175429,0.0230031791913755,-2.60482702036283e-09,1.91497529967475e-05,0.000101320265097016,3.91910243034363
"dadras",1,12,49,5,1e+05,4,13,"smoothed",26,8,13,"weak/smoothed/m=2w/p=8",7689,"x1;x2;x2 x3",FALSE,3,"x1;x2;x2 x3",FALSE,3,3,0,0,TRUE,3.72171435110147e-05,NA,NA,NA,0.000278770999677889,0.00039516494569333,0.705454779620635,0.0331715390815942,-0.269332618879243,0.0331716165510109,6.69246442090989e-09,5.68333252002909e-07,5.70803581467771e-06,3.34537053108215
"dadras",1,13,49,5,1e+05,4,13,"smoothed",NA,NA,NA,"sg",100000,"x1;x2;x2 x3",FALSE,3,"x1;x2;x2 x3",FALSE,3,3,0,0,TRUE,0.0119572117019192,NA,NA,NA,0.00573886562191921,0.00182273285170509,3.14849519311113,0.544541878259426,0.772908906849531,0.544544856297271,1.09915843138642e-05,0.521181464524904,45.9993177480937,25.3439061641693
"dadras",1,13,49,5,1e+05,4,13,"raw",13,4,6,"weak/raw/m=1w/p=4",16663,"x1;x2;x2 x3",FALSE,3,"x1;x2;x2 x3",FALSE,3,3,0,0,TRUE,0.000161296466747451,NA,NA,NA,8.94269994030879e-05,0.000454406094675985,0.196799735854894,0.0553185563518237,0.0788173530241103,0.0553185677726645,-7.43117977464754e-08,0.000421935026866538,0.00354640248583138,5.48357152938843
"dadras",1,13,49,5,1e+05,4,13,"raw",13,8,6,"weak/raw/m=1w/p=8",16663,"x1;x2;x2 x3",FALSE,3,"x1;x2;x2 x3",FALSE,3,3,0,0,TRUE,0.000104288346192138,NA,NA,NA,6.38352251522121e-05,0.000687216430024878,0.0928895503122666,0.0837122758410862,-0.299000223870416,0.083712296692531,6.78585874577222e-09,1.10635627053133e-06,8.67729351483604e-06,5.1094799041748
"dadras",1,13,49,5,1e+05,4,13,"raw",26,4,13,"weak/raw/m=2w/p=4",7689,"x1;x2;x2 x3",FALSE,3,"x1;x2;x2 x3",FALSE,3,3,0,0,TRUE,0.000133371684948091,NA,NA,NA,8.0985698721029e-05,0.000276052877312242,0.29337023946114,0.0227471380166662,0.111171797671689,0.022747153842579,-1.25386999922952e-09,1.90393159030462e-05,0.000105301887566966,4.28433346748352
"dadras",1,13,49,5,1e+05,4,13,"raw",26,8,13,"weak/raw/m=2w/p=8",7689,"x1;x2;x2 x3",FALSE,3,"x1;x2;x2 x3",FALSE,3,3,0,0,TRUE,0.000150591912306375,NA,NA,NA,8.78912196564423e-05,0.000395796424036873,0.222061682013211,0.0326716056890318,-0.259451280581537,0.0326716152102179,6.82358329316714e-09,5.76343083193235e-07,4.05722910201689e-06,3.69821071624756
"dadras",1,13,49,5,1e+05,4,13,"smoothed",13,4,6,"weak/smoothed/m=1w/p=4",16663,"x1;x2;x2 x3",FALSE,3,"x1;x2;x2 x3",FALSE,3,3,0,0,TRUE,0.000231161018606763,NA,NA,NA,0.000111861167317813,0.000456737629477884,0.244913403447152,0.0556023792581276,0.0723031114326214,0.0556023861645036,-7.43117977464754e-08,0.000421935026866538,0.00354640248583138,5.37599754333496
"dadras",1,13,49,5,1e+05,4,13,"smoothed",13,8,6,"weak/smoothed/m=1w/p=8",16663,"x1;x2;x2 x3",FALSE,3,"x1;x2;x2 x3",FALSE,3,3,0,0,TRUE,0.000287966847627852,NA,NA,NA,0.000146946099249317,0.000690839302217364,0.212706629135993,0.0841535582648938,-0.303855287150009,0.0841535852193593,6.78585874577222e-09,1.10635627053133e-06,8.67729351483604e-06,5.04123306274414
"dadras",1,13,49,5,1e+05,4,13,"smoothed",26,4,13,"weak/smoothed/m=2w/p=4",7689,"x1;x2;x2 x3",FALSE,3,"x1;x2;x2 x3",FALSE,3,3,0,0,TRUE,0.000131989806721799,NA,NA,NA,6.69607378922335e-05,0.000276104648733575,0.242519415009367,0.0227514018260983,0.110223862881757,0.0227514072714408,-1.25386999922952e-09,1.90393159030462e-05,0.000105301887566966,4.13565397262573
"dadras",1,13,49,5,1e+05,4,13,"smoothed",26,8,13,"weak/smoothed/m=2w/p=8",7689,"x1;x2;x2 x3",FALSE,3,"x1;x2;x2 x3",FALSE,3,3,0,0,TRUE,0.00016387858310285,NA,NA,NA,7.32067108898005e-05,0.000396266368800977,0.184741165674265,0.0327103949885538,-0.260251252410969,0.0327104130163274,6.82358329316714e-09,5.76343083193235e-07,4.05722910201689e-06,3.39300227165222
"dadras",1,14,49,5,1e+05,4,13,"smoothed",NA,NA,NA,"sg",100000,"x1;x2;x2 x3",TRUE,3,"x1;x2;x2 x3",TRUE,3,3,0,0,FALSE,0.0127014004224083,0.00670965952048195,0.0035803920096043,0.00988072541950066,0.00675619176992739,0.00190478236042634,3.54696258758674,0.575569812110885,0.778464680223376,0.575569818953587,7.2333251131538e-06,0.552875983954369,41.9529066798438,25.7148714065552
"dadras",1,14,49,5,1e+05,4,13,"raw",13,4,6,"weak/raw/m=1w/p=4",16663,"x1;x2;x2 x3",FALSE,3,"x1;x2;x2 x3",FALSE,3,3,0,0,TRUE,8.37715922021864e-05,NA,NA,NA,-0.000371783086772148,0.000458845345186129,-0.810257945673038,0.0565018971266721,0.0687569197013829,0.0565020273147288,1.51660391633482e-07,0.000428610408828678,0.00358924957350837,5.35014843940735
"dadras",1,14,49,5,1e+05,4,13,"raw",13,8,6,"weak/raw/m=1w/p=8",16663,"x1;x2;x2 x3",FALSE,3,"x1;x2;x2 x3",FALSE,3,3,0,0,TRUE,3.94004370152246e-05,NA,NA,NA,-0.000357147901878531,0.000692863579103063,-0.51546641019993,0.0853702814602804,-0.294145227795576,0.0853703532136248,1.24748632035959e-08,1.10252163430641e-06,8.70415428266824e-06,5.29811549186707
"dadras",1,14,49,5,1e+05,4,13,"raw",26,4,13,"weak/raw/m=2w/p=4",7689,"x1;x2;x2 x3",FALSE,3,"x1;x2;x2 x3",FALSE,3,3,0,0,TRUE,3.24868335126954e-05,NA,NA,NA,-0.000352506555726876,0.000273217783894611,-1.29020355374396,0.0227770279077559,0.116836320892242,0.0227772666591269,1.8494702152113e-08,1.92946694126103e-05,9.07509093881487e-05,3.40125036239624
"dadras",1,14,49,5,1e+05,4,13,"raw",26,8,13,"weak/raw/m=2w/p=8",7689,"x1;x2;x2 x3",FALSE,3,"x1;x2;x2 x3",FALSE,3,3,0,0,TRUE,4.53139223939303e-05,NA,NA,NA,-0.000339726808152819,0.000392995935083686,-0.864453745763238,0.0328180170398953,-0.260942814209037,0.0328181857728469,1.23653239628725e-08,5.72116861203651e-07,5.13381419864345e-06,3.77545809745789
"dadras",1,14,49,5,1e+05,4,13,"smoothed",13,4,6,"weak/smoothed/m=1w/p=4",16663,"x1;x2;x2 x3",FALSE,3,"x1;x2;x2 x3",FALSE,3,3,0,0,TRUE,0.000158787051019793,NA,NA,NA,-0.000322867134479429,0.000461965950771292,-0.69889811995965,0.0568861533127433,0.0589258017015189,0.0568862591459017,1.51660391633482e-07,0.000428610408828678,0.00358924957350837,5.29665279388428
"dadras",1,14,49,5,1e+05,4,13,"smoothed",13,8,6,"weak/smoothed/m=1w/p=8",16663,"x1;x2;x2 x3",FALSE,3,"x1;x2;x2 x3",FALSE,3,3,0,0,TRUE,0.000304914461401277,NA,NA,NA,-0.000222009832417761,0.000702480871456949,-0.316036836643412,0.0865552233024239,-0.308356427878263,0.0865552387482358,1.24748632035959e-08,1.10252163430641e-06,8.70415428266824e-06,5.26977610588074
"dadras",1,14,49,5,1e+05,4,13,"smoothed",26,4,13,"weak/smoothed/m=2w/p=4",7689,"x1;x2;x2 x3",FALSE,3,"x1;x2;x2 x3",FALSE,3,3,0,0,TRUE,3.17771361628694e-05,NA,NA,NA,-0.000367244742986179,0.000273187203831222,-1.34429701624336,0.0227744757461526,0.116687055280508,0.0227747857781284,1.8494702152113e-08,1.92946694126103e-05,9.07509093881487e-05,3.8623526096344
"dadras",1,14,49,5,1e+05,4,13,"smoothed",26,8,13,"weak/smoothed/m=2w/p=8",7689,"x1;x2;x2 x3",FALSE,3,"x1;x2;x2 x3",FALSE,3,3,0,0,TRUE,5.05495933128171e-05,NA,NA,NA,-0.000341941713744834,0.000393575261541681,-0.868808960211084,0.0328663909971315,-0.260549247871785,0.0328665834588278,1.23653239628725e-08,5.72116861203651e-07,5.13381419864345e-06,3.63659405708313
"dadras",1,15,49,5,1e+05,4,13,"smoothed",NA,NA,NA,"sg",100000,"x1;x2;x2 x3",FALSE,3,"x1;x2;x2 x3",FALSE,3,3,0,0,TRUE,0.00644585517667748,NA,NA,NA,0.00267996590750618,0.00113607063268994,2.35897824518241,0.341696508071154,0.774306366714798,0.341697409384729,8.34231617642043e-07,0.272766224781992,20.8102763562991,27.1150887012482
"dadras",1,15,49,5,1e+05,4,13,"raw",13,4,6,"weak/raw/m=1w/p=4",16663,"x1;x2;x2 x3",FALSE,3,"x1;x2;x2 x3",FALSE,3,3,0,0,TRUE,6.78157037243092e-05,NA,NA,NA,-0.0002828803449691,0.000446961830903719,-0.632895977710535,0.0547955638414705,0.0700969280708144,0.0547956290064645,-8.15310800429478e-08,0.000413409439926521,0.00325116881915477,5.50225043296814
"dadras",1,15,49,5,1e+05,4,13,"raw",13,8,6,"weak/raw/m=1w/p=8",16663,"x1;x2;x2 x3",FALSE,3,"x1;x2;x2 x3",FALSE,3,3,0,0,TRUE,0.000109465930424157,NA,NA,NA,-0.000293081616617426,0.000676255199540642,-0.433389076810806,0.0829527089325001,-0.300651160056144,0.0829527709542209,-2.78365177400501e-09,1.08421603580621e-06,8.75948994405462e-06,5.22625827789307
"dadras",1,15,49,5,1e+05,4,13,"raw",26,4,13,"weak/raw/m=2w/p=4",7689,"x1;x2;x2 x3",FALSE,3,"x1;x2;x2 x3",FALSE,3,3,0,0,TRUE,4.48519626852217e-05,NA,NA,NA,-0.000298524089453426,0.000268226062554372,-1.11295705797758,0.0222644780817516,0.12362524830736,0.0222646625129117,-1.0208511405559e-08,1.87393351830312e-05,8.50050073744057e-05,3.88664054870605
"dadras",1,15,49,5,1e+05,4,13,"raw",26,8,13,"weak/raw/m=2w/p=8",7689,"x1;x2;x2 x3",FALSE,3,"x1;x2;x2 x3",FALSE,3,3,0,0,TRUE,7.72099096962483e-05,NA,NA,NA,-0.000295083989317009,0.000386433055463672,-0.763609595879278,0.0321309253342546,-0.255804912245267,0.0321310424325835,-2.84946801490925e-09,5.58532906468731e-07,4.13071838067935e-06,3.5838143825531
"dadras",1,15,49,5,1e+05,4,13,"smoothed",13,4,6,"weak/smoothed/m=1w/p=4",16663,"x1;x2;x2 x3",FALSE,3,"x1;x2;x2 x3",FALSE,3,3,0,0,TRUE,0.000147818717757708,NA,NA,NA,-0.000272249777894732,0.000447093153748932,-0.608933005598237,0.0548116530402628,0.0708595810346275,0.0548117239945723,-8.15310800429478e-08,0.000413409439926521,0.00325116881915477,5.59605669975281
"dadras",1,15,49,5,1e+05,4,13,"smoothed",13,8,6,"weak/smoothed/m=1w/p=8",16663,"x1;x2;x2 x3",FALSE,3,"x1;x2;x2 x3",FALSE,3,3,0,0,TRUE,0.000239478242637444,NA,NA,NA,-0.000247838411101954,0.000671455779516622,-0.369106080642231,0.0823639633997864,-0.295072405288812,0.0823640006646576,-2.78365177400501e-09,1.08421603580621e-06,8.75948994405462e-06,5.20629930496216
"dadras",1,15,49,5,1e+05,4,13,"smoothed",26,4,13,"weak/smoothed/m=2w/p=4",7689,"x1;x2;x2 x3",FALSE,3,"x1;x2;x2 x3",FALSE,3,3,0,0,TRUE,5.72935159664686e-05,NA,NA,NA,-0.000310177184814438,0.0002682698483225,-1.15621336782343,0.0222681103724056,0.123252493526221,0.0222683018569392,-1.0208511405559e-08,1.87393351830312e-05,8.50050073744057e-05,4.03426265716553
"dadras",1,15,49,5,1e+05,4,13,"smoothed",26,8,13,"weak/smoothed/m=2w/p=8",7689,"x1;x2;x2 x3",FALSE,3,"x1;x2;x2 x3",FALSE,3,3,0,0,TRUE,0.000108000070035382,NA,NA,NA,-0.000296981689622311,0.000386297667617236,-0.768789755977963,0.0321196648642668,-0.255894130468419,0.0321198330108815,-2.84946801490925e-09,5.58532906468731e-07,4.13071838067935e-06,3.76716256141663
"dadras",1,16,49,5,1e+05,4,13,"smoothed",NA,NA,NA,"sg",100000,"x1;x2;x2 x3",TRUE,3,"x1;x2;x2 x3",TRUE,3,3,0,0,FALSE,0.0122108361975162,0.00661356645677668,0.003439419449088,0.00960521800165236,0.00655673051452806,0.00184484795881059,3.55407635800801,0.558841739596367,0.768428814092917,0.558841744116677,-9.14385794889373e-06,0.538066310472699,54.0343579372706,26.965616941452
"dadras",1,16,49,5,1e+05,4,13,"raw",13,4,6,"weak/raw/m=1w/p=4",16663,"x1;x2;x2 x3",FALSE,3,"x1;x2;x2 x3",FALSE,3,3,0,0,TRUE,9.2068442122469e-05,NA,NA,NA,0.000188123434924625,0.000444537176169926,0.423189431636454,0.0548838156436856,0.0698552728355103,0.0548838402644684,2.14730715545394e-07,0.000414439529583712,0.00346427307425756,6.16392636299133
"dadras",1,16,49,5,1e+05,4,13,"raw",13,8,6,"weak/raw/m=1w/p=8",16663,"x1;x2;x2 x3",FALSE,3,"x1;x2;x2 x3",FALSE,3,3,0,0,TRUE,0.000131376616641865,NA,NA,NA,0.000156926522957763,0.000671903193344644,0.233555256936053,0.0830034499281854,-0.301681029903236,0.083003455514351,1.08420123790186e-08,1.07866768402522e-06,8.99855768921043e-06,8.38825917243958
"dadras",1,16,49,5,1e+05,4,13,"raw",26,4,13,"weak/raw/m=2w/p=4",7689,"x1;x2;x2 x3",FALSE,3,"x1;x2;x2 x3",FALSE,3,3,0,0,TRUE,7.71677916042712e-05,NA,NA,NA,0.000218081272663086,0.000268624339707366,0.811844797461984,0.022453653881725,0.114161388898175,0.022453750070947,1.45717897765314e-08,1.88649112278339e-05,0.000111523353149678,7.0382559299469
"dadras",1,16,49,5,1e+05,4,13,"raw",26,8,13,"weak/raw/m=2w/p=8",7689,"x1;x2;x2 x3",FALSE,3,"x1;x2;x2 x3",FALSE,3,3,0,0,TRUE,7.36143379274079e-05,NA,NA,NA,0.000203454855162482,0.000381523296973629,0.533269807574937,0.0319453470720605,-0.248942472606146,0.0319454016401905,1.087032260731e-08,5.72893298100699e-07,4.49158248905235e-06,6.08017063140869
"dadras",1,16,49,5,1e+05,4,13,"smoothed",13,4,6,"weak/smoothed/m=1w/p=4",16663,"x1;x2;x2 x3",FALSE,3,"x1;x2;x2 x3",FALSE,3,3,0,0,TRUE,4.46793228666327e-05,NA,NA,NA,0.000195796077445484,0.000445842229070941,0.439160009255942,0.0550449258268844,0.0651602566292237,0.0550449584798539,2.14730715545394e-07,0.000414439529583712,0.00346427307425756,9.10601592063904
"dadras",1,16,49,5,1e+05,4,13,"smoothed",13,8,6,"weak/smoothed/m=1w/p=8",16663,"x1;x2;x2 x3",FALSE,3,"x1;x2;x2 x3",FALSE,3,3,0,0,TRUE,0.000237042589468711,NA,NA,NA,0.00025078912767564,0.000678051975178721,0.369867114699485,0.0837630115998061,-0.312445436335333,0.0837630385282075,1.08420123790186e-08,1.07866768402522e-06,8.99855768921043e-06,8.52528595924377
"dadras",1,16,49,5,1e+05,4,13,"smoothed",26,4,13,"weak/smoothed/m=2w/p=4",7689,"x1;x2;x2 x3",FALSE,3,"x1;x2;x2 x3",FALSE,3,3,0,0,TRUE,8.66121562728139e-05,NA,NA,NA,0.000185205926119986,0.000268571937563223,0.689595226516873,0.0224492681111402,0.113629345060943,0.0224493574722942,1.45717897765314e-08,1.88649112278339e-05,0.000111523353149678,7.02086353302002
"dadras",1,16,49,5,1e+05,4,13,"smoothed",26,8,13,"weak/smoothed/m=2w/p=8",7689,"x1;x2;x2 x3",FALSE,3,"x1;x2;x2 x3",FALSE,3,3,0,0,TRUE,7.2598832969728e-05,NA,NA,NA,0.000179155747213803,0.000381834750004541,0.469197073371851,0.0319714161202098,-0.25039571416012,0.0319714502945728,1.087032260731e-08,5.72893298100699e-07,4.49158248905235e-06,6.39087343215942
"dadras",1,17,49,5,1e+05,4,13,"smoothed",NA,NA,NA,"sg",100000,"x1;x2;x2 x3",FALSE,3,"x1;x2;x2 x3",FALSE,3,3,0,0,TRUE,0.00727530267412799,NA,NA,NA,0.00357982808416498,0.00125047355732705,2.86277791576581,0.375401067419735,0.779991058300994,0.375402627276498,-1.02365295028382e-06,0.32054950709279,21.7172682265643,26.9364490509033
"dadras",1,17,49,5,1e+05,4,13,"raw",13,4,6,"weak/raw/m=1w/p=4",16663,"x1;x2;x2 x3",FALSE,3,"x1;x2;x2 x3",FALSE,3,3,0,0,TRUE,8.28185721888117e-05,NA,NA,NA,0.000245213349217646,0.00044727922845435,0.548233259266305,0.0547227541560988,0.0745673885500826,0.054722804656465,5.32425603903903e-08,0.0004132544793523,0.00309140377788708,5.56314539909363
"dadras",1,17,49,5,1e+05,4,13,"raw",13,8,6,"weak/raw/m=1w/p=8",16663,"x1;x2;x2 x3",FALSE,3,"x1;x2;x2 x3",FALSE,3,3,0,0,TRUE,8.00547991499069e-05,NA,NA,NA,0.000245331968180016,0.000678815059793318,0.361412088079945,0.0830997644213546,-0.303826236985286,0.0830998213231828,1.60154856731402e-09,1.0901876846641e-06,8.72870961643457e-06,5.18157649040222
"dadras",1,17,49,5,1e+05,4,13,"raw",26,4,13,"weak/raw/m=2w/p=4",7689,"x1;x2;x2 x3",FALSE,3,"x1;x2;x2 x3",FALSE,3,3,0,0,TRUE,3.35684359629163e-05,NA,NA,NA,0.000255898080352966,0.000269871415351212,0.948222248806674,0.0223497159040208,0.10645520387462,0.0223498247215808,3.95046874855835e-09,1.87836134592645e-05,9.68591370575922e-05,3.69425582885742
"dadras",1,17,49,5,1e+05,4,13,"raw",26,8,13,"weak/raw/m=2w/p=8",7689,"x1;x2;x2 x3",FALSE,3,"x1;x2;x2 x3",FALSE,3,3,0,0,TRUE,1.11940570824605e-05,NA,NA,NA,0.000263898410138224,0.000390602485133791,0.675618871313203,0.0324059013211841,-0.27719212742022,0.0324059779883536,1.56023202525629e-09,5.67999934071659e-07,4.08229222159662e-06,3.71459364891052
"dadras",1,17,49,5,1e+05,4,13,"smoothed",13,4,6,"weak/smoothed/m=1w/p=4",16663,"x1;x2;x2 x3",FALSE,3,"x1;x2;x2 x3",FALSE,3,3,0,0,TRUE,8.62727974475508e-05,NA,NA,NA,0.000259612903678968,0.000447016592965528,0.58076793516027,0.0546906093084017,0.0751315467477844,0.054690661495291,5.32425603903903e-08,0.0004132544793523,0.00309140377788708,5.52302217483521
"dadras",1,17,49,5,1e+05,4,13,"smoothed",13,8,6,"weak/smoothed/m=1w/p=8",16663,"x1;x2;x2 x3",FALSE,3,"x1;x2;x2 x3",FALSE,3,3,0,0,TRUE,0.000114411962611231,NA,NA,NA,0.000265641806858608,0.000672967920175242,0.394731753022394,0.0823839412807494,-0.296425558650913,0.0823839722951889,1.60154856731402e-09,1.0901876846641e-06,8.72870961643457e-06,5.35395693778992
"dadras",1,17,49,5,1e+05,4,13,"smoothed",26,4,13,"weak/smoothed/m=2w/p=4",7689,"x1;x2;x2 x3",FALSE,3,"x1;x2;x2 x3",FALSE,3,3,0,0,TRUE,3.48842163796492e-05,NA,NA,NA,0.000239243033860805,0.000269749837206053,0.886907055584449,0.022339644407463,0.106766785174097,0.0223397574434306,3.95046874855835e-09,1.87836134592645e-05,9.68591370575922e-05,4.11089301109314
"dadras",1,17,49,5,1e+05,4,13,"smoothed",26,8,13,"weak/smoothed/m=2w/p=8",7689,"x1;x2;x2 x3",FALSE,3,"x1;x2;x2 x3",FALSE,3,3,0,0,TRUE,3.29758587926203e-05,NA,NA,NA,0.000252802295275848,0.000390473362401975,0.647425201352403,0.0323951837116725,-0.276783457364495,0.0323952336437195,1.56023202525629e-09,5.67999934071659e-07,4.08229222159662e-06,3.66608715057373
"dadras",1,18,49,5,1e+05,4,13,"smoothed",NA,NA,NA,"sg",100000,"x1;x2;x2 x3",FALSE,3,"x1;x2;x2 x3",FALSE,3,3,0,0,TRUE,0.00883046930115432,NA,NA,NA,0.00460715854394024,0.0013764777088982,3.34706367866141,0.417576937954709,0.782285297859592,0.4175787607477,1.0921048103995e-07,0.368815646453852,26.6242766849761,25.9510159492493
"dadras",1,18,49,5,1e+05,4,13,"raw",13,4,6,"weak/raw/m=1w/p=4",16663,"x1;x2;x2 x3",FALSE,3,"x1;x2;x2 x3",FALSE,3,3,0,0,TRUE,0.000140659782760011,NA,NA,NA,-4.4932376838878e-05,0.000447943534792035,-0.100308126692215,0.0553919218924315,0.0704897923279758,0.0553919294137287,3.36670565433639e-07,0.000420902335049399,0.00332746585346655,5.50863409042358
"dadras",1,18,49,5,1e+05,4,13,"raw",13,8,6,"weak/raw/m=1w/p=8",16663,"x1;x2;x2 x3",FALSE,3,"x1;x2;x2 x3",FALSE,3,3,0,0,TRUE,0.000122333335769206,NA,NA,NA,-2.42531662393642e-05,0.000679368394652768,-0.0356995798307047,0.0840549686503645,-0.30734289244851,0.0840549728263753,1.03386741546786e-08,1.08754558903368e-06,8.90382877116735e-06,5.10300159454346
"dadras",1,18,49,5,1e+05,4,13,"raw",26,4,13,"weak/raw/m=2w/p=4",7689,"x1;x2;x2 x3",FALSE,3,"x1;x2;x2 x3",FALSE,3,3,0,0,TRUE,7.5733712398284e-05,NA,NA,NA,-6.98540249268708e-05,0.000269352949292135,-0.259340115303911,0.0225565527205163,0.113084210922044,0.0225565660259624,3.23220798196315e-08,1.90435769404406e-05,8.58455363577093e-05,3.78450083732605
"dadras",1,18,49,5,1e+05,4,13,"raw",26,8,13,"weak/raw/m=2w/p=8",7689,"x1;x2;x2 x3",FALSE,3,"x1;x2;x2 x3",FALSE,3,3,0,0,TRUE,8.86139252349923e-05,NA,NA,NA,-6.00550665425652e-05,0.000383005838655925,-0.156799349987236,0.032125160408682,-0.246602933480621,0.0321251661868388,1.00726826554786e-08,5.68237746843498e-07,4.41450221444484e-06,3.59471583366394
"dadras",1,18,49,5,1e+05,4,13,"smoothed",13,4,6,"weak/smoothed/m=1w/p=4",16663,"x1;x2;x2 x3",FALSE,3,"x1;x2;x2 x3",FALSE,3,3,0,0,TRUE,0.000197557193102549,NA,NA,NA,-1.07362624296468e-05,0.000448910706479477,-0.023916253888985,0.0555115087763427,0.0680545744245049,0.0555115120122457,3.36670565433639e-07,0.000420902335049399,0.00332746585346655,5.37960076332092
"dadras",1,18,49,5,1e+05,4,13,"smoothed",13,8,6,"weak/smoothed/m=1w/p=8",16663,"x1;x2;x2 x3",FALSE,3,"x1;x2;x2 x3",FALSE,3,3,0,0,TRUE,0.000322263952197555,NA,NA,NA,4.54145095988998e-05,0.000678194752744676,0.0669638174213319,0.0839097343374666,-0.306459052133941,0.0839097362064113,1.03386741546786e-08,1.08754558903368e-06,8.90382877116735e-06,5.21180605888367
"dadras",1,18,49,5,1e+05,4,13,"smoothed",26,4,13,"weak/smoothed/m=2w/p=4",7689,"x1;x2;x2 x3",FALSE,3,"x1;x2;x2 x3",FALSE,3,3,0,0,TRUE,8.11675121626655e-05,NA,NA,NA,-8.59856348624775e-05,0.000269464832019438,-0.319097799212161,0.0225659191561088,0.112973929685407,0.0225659309357072,3.23220798196315e-08,1.90435769404406e-05,8.58455363577093e-05,3.88815546035767
"dadras",1,18,49,5,1e+05,4,13,"smoothed",26,8,13,"weak/smoothed/m=2w/p=8",7689,"x1;x2;x2 x3",FALSE,3,"x1;x2;x2 x3",FALSE,3,3,0,0,TRUE,0.000118034414129798,NA,NA,NA,-6.84682748842873e-05,0.000382849237222671,-0.178838739188776,0.0321120200978073,-0.246386369718883,0.032112027612054,1.00726826554786e-08,5.68237746843498e-07,4.41450221444484e-06,3.67301106452942
"dadras",1,19,49,5,1e+05,4,13,"smoothed",NA,NA,NA,"sg",100000,"x1;x2;x2 x3",FALSE,3,"x1;x2;x2 x3",FALSE,3,3,0,0,TRUE,0.0075792593975855,NA,NA,NA,0.00394535649204571,0.00126052270464052,3.12993687263322,0.382307680394382,0.781223740808956,0.382309039000381,4.36672840588826e-07,0.324878653924068,22.932322120271,38.6525723934174
"dadras",1,19,49,5,1e+05,4,13,"raw",13,4,6,"weak/raw/m=1w/p=4",16663,"x1;x2;x2 x3",FALSE,3,"x1;x2;x2 x3",FALSE,3,3,0,0,TRUE,5.79961659332717e-05,NA,NA,NA,-3.97886366139472e-05,0.000449087788176935,-0.0885987944038036,0.0555217968026835,0.0694754570729003,0.0555217976809232,4.2111219204374e-08,0.000421190652837939,0.00316108887460587,8.81854939460754
"dadras",1,19,49,5,1e+05,4,13,"raw",13,8,6,"weak/raw/m=1w/p=8",16663,"x1;x2;x2 x3",FALSE,3,"x1;x2;x2 x3",FALSE,3,3,0,0,TRUE,2.21078532807255e-05,NA,NA,NA,-4.41033502033596e-05,0.000679895851708586,-0.0648678030503162,0.0841020765088108,-0.301540657558534,0.0841020798408922,1.50720068279212e-08,1.09480107595984e-06,8.60983651307379e-06,5.90648627281189
"dadras",1,19,49,5,1e+05,4,13,"raw",26,4,13,"weak/raw/m=2w/p=4",7689,"x1;x2;x2 x3",FALSE,3,"x1;x2;x2 x3",FALSE,3,3,0,0,TRUE,1.57218815743931e-05,NA,NA,NA,-5.80585193891536e-05,0.000268576808336066,-0.21617100802131,0.0224871993432435,0.101827677872271,0.0224872057322818,1.89345833522186e-08,1.91149093498577e-05,0.000103544819815227,7.12122082710266
"dadras",1,19,49,5,1e+05,4,13,"raw",26,8,13,"weak/raw/m=2w/p=8",7689,"x1;x2;x2 x3",FALSE,3,"x1;x2;x2 x3",FALSE,3,3,0,0,TRUE,1.94982991388315e-05,NA,NA,NA,-4.86185812344089e-05,0.000390188368784842,-0.124602846019786,0.0327197540779802,-0.281484049778944,0.0327197583061907,1.50922096788978e-08,5.61282832763009e-07,4.25806368298254e-06,3.47232174873352
"dadras",1,19,49,5,1e+05,4,13,"smoothed",13,4,6,"weak/smoothed/m=1w/p=4",16663,"x1;x2;x2 x3",FALSE,3,"x1;x2;x2 x3",FALSE,3,3,0,0,TRUE,0.000105043519854853,NA,NA,NA,-2.12287309880961e-05,0.000449682639870868,-0.0472082511217072,0.0555953295839075,0.0680647192465582,0.0555953312310232,4.2111219204374e-08,0.000421190652837939,0.00316108887460587,9.12637901306152
"dadras",1,19,49,5,1e+05,4,13,"smoothed",13,8,6,"weak/smoothed/m=1w/p=8",16663,"x1;x2;x2 x3",FALSE,3,"x1;x2;x2 x3",FALSE,3,3,0,0,TRUE,0.000184791874324593,NA,NA,NA,3.92894682557315e-05,0.000678011893454264,0.0579480517009276,0.0838690076542642,-0.2994397271108,0.0838690112215927,1.50720068279212e-08,1.09480107595984e-06,8.60983651307379e-06,5.23937845230103
"dadras",1,19,49,5,1e+05,4,13,"smoothed",26,4,13,"weak/smoothed/m=2w/p=4",7689,"x1;x2;x2 x3",FALSE,3,"x1;x2;x2 x3",FALSE,3,3,0,0,TRUE,1.968680145407e-05,NA,NA,NA,-7.03342173607714e-05,0.000268651847506113,-0.261804331567722,0.0224934798584311,0.10215294718007,0.0224934864926224,1.89345833522186e-08,1.91149093498577e-05,0.000103544819815227,6.0694727897644
"dadras",1,19,49,5,1e+05,4,13,"smoothed",26,8,13,"weak/smoothed/m=2w/p=8",7689,"x1;x2;x2 x3",FALSE,3,"x1;x2;x2 x3",FALSE,3,3,0,0,TRUE,4.70561533258973e-05,NA,NA,NA,-6.42059730460576e-05,0.000390547023182766,-0.164400108654806,0.0327498256107779,-0.281163346525237,0.0327498414094521,1.50922096788978e-08,5.61282832763009e-07,4.25806368298254e-06,3.58120346069336
"dadras",1,20,49,5,1e+05,4,13,"smoothed",NA,NA,NA,"sg",100000,"x1;x2;x2 x3",FALSE,3,"x1;x2;x2 x3",FALSE,3,3,0,0,TRUE,0.00901183289599876,NA,NA,NA,0.00376268600172368,0.00139470190194511,2.69784245398681,0.420278634817354,0.78086713744573,0.420280184580045,-4.53409697110571e-06,0.372414340198529,26.2615568619178,26.5927860736847
"dadras",1,20,49,5,1e+05,4,13,"raw",13,4,6,"weak/raw/m=1w/p=4",16663,"x1;x2;x2 x3",FALSE,3,"x1;x2;x2 x3",FALSE,3,3,0,0,TRUE,0.000157382595691757,NA,NA,NA,4.70703166482103e-05,0.000445011521149075,0.105773253974794,0.0546598181253979,0.0680761562739256,0.0546598309351638,2.14479230298612e-08,0.000413596452800352,0.00333117305878261,5.13655948638916
"dadras",1,20,49,5,1e+05,4,13,"raw",13,8,6,"weak/raw/m=1w/p=8",16663,"x1;x2;x2 x3",FALSE,3,"x1;x2;x2 x3",FALSE,3,3,0,0,TRUE,0.000115045287332638,NA,NA,NA,8.56066621364756e-05,0.000677412625356197,0.126372994733397,0.083249272264806,-0.309478485827654,0.0832492759163635,2.96368060000565e-09,1.08479542555408e-06,8.98697717133246e-06,5.1448986530304
"dadras",1,20,49,5,1e+05,4,13,"raw",26,4,13,"weak/raw/m=2w/p=4",7689,"x1;x2;x2 x3",FALSE,3,"x1;x2;x2 x3",FALSE,3,3,0,0,TRUE,7.00454294455533e-05,NA,NA,NA,-4.87430437486684e-06,0.000266800053173666,-0.0182695030112833,0.0221906680629297,0.118288220482198,0.0221906692903798,3.37237559282449e-09,1.88112452152615e-05,9.97951251218154e-05,3.83165621757507
"dadras",1,20,49,5,1e+05,4,13,"raw",26,8,13,"weak/raw/m=2w/p=8",7689,"x1;x2;x2 x3",FALSE,3,"x1;x2;x2 x3",FALSE,3,3,0,0,TRUE,7.84029759133276e-05,NA,NA,NA,2.341705285229e-05,0.000383204479274309,0.0611085050379261,0.0319232774408326,-0.257425116131177,0.0319232790842692,3.00860219413256e-09,5.65512170925258e-07,3.72547613380902e-06,3.69959592819214
"dadras",1,20,49,5,1e+05,4,13,"smoothed",13,4,6,"weak/smoothed/m=1w/p=4",16663,"x1;x2;x2 x3",FALSE,3,"x1;x2;x2 x3",FALSE,3,3,0,0,TRUE,0.000208040604833704,NA,NA,NA,5.89398741945549e-05,0.000445962863344814,0.132163188998505,0.0547766569959921,0.0657277143455812,0.0547766598581895,2.14479230298612e-08,0.000413596452800352,0.00333117305878261,5.54238367080688
"dadras",1,20,49,5,1e+05,4,13,"smoothed",13,8,6,"weak/smoothed/m=1w/p=8",16663,"x1;x2;x2 x3",FALSE,3,"x1;x2;x2 x3",FALSE,3,3,0,0,TRUE,0.000239180917451376,NA,NA,NA,0.000110392436601135,0.000674321744260613,0.163708848988963,0.0828693973960498,-0.305790164373861,0.0828694012787461,2.96368060000565e-09,1.08479542555408e-06,8.98697717133246e-06,5.30467343330383
"dadras",1,20,49,5,1e+05,4,13,"smoothed",26,4,13,"weak/smoothed/m=2w/p=4",7689,"x1;x2;x2 x3",FALSE,3,"x1;x2;x2 x3",FALSE,3,3,0,0,TRUE,6.51652516447943e-05,NA,NA,NA,-3.10804222060249e-05,0.000266802491938338,-0.11649224855519,0.0221908672124983,0.118168594136911,0.0221908717522848,3.37237559282449e-09,1.88112452152615e-05,9.97951251218154e-05,3.87766122817993
"dadras",1,20,49,5,1e+05,4,13,"smoothed",26,8,13,"weak/smoothed/m=2w/p=8",7689,"x1;x2;x2 x3",FALSE,3,"x1;x2;x2 x3",FALSE,3,3,0,0,TRUE,8.74237108619003e-05,NA,NA,NA,-8.47978537115233e-07,0.000382989390565034,-0.00221410451047792,0.0319053524589144,-0.257770223137537,0.0319053565262069,3.00860219413256e-09,5.65512170925258e-07,3.72547613380902e-06,3.44025254249573
"dadras",1,1,49,5.5,316228,4,13,"smoothed",NA,NA,NA,"sg",316228,"x1;x2;x2 x3",TRUE,3,"x1;x2;x2 x3",TRUE,3,3,0,0,FALSE,0.010354713719769,0.00569835459441696,0.00416150899396677,0.00716134766014314,0.00572191684325353,0.000923442215679936,6.19629116591822,0.49890183405187,0.771658692422008,0.498901834342847,1.27944829037977e-06,0.464134596038365,70.6129172059573,102.826022624969
"dadras",1,1,49,5.5,316228,4,13,"raw",13,4,6,"weak/raw/m=1w/p=4",52701,"x1;x2;x2 x3",FALSE,3,"x1;x2;x2 x3",FALSE,3,3,0,0,TRUE,0.000140449857081837,NA,NA,NA,0.000204219558603972,0.000253081955564205,0.806930538167754,0.0557402022402841,0.0639786049684465,0.0557402270075174,4.53378738949291e-08,0.000426261120402665,0.00434027460642739,15.4047825336456
"dadras",1,1,49,5.5,316228,4,13,"raw",13,8,6,"weak/raw/m=1w/p=8",52701,"x1;x2;x2 x3",FALSE,3,"x1;x2;x2 x3",FALSE,3,3,0,0,TRUE,0.000101003865090821,NA,NA,NA,0.000214892622190899,0.000385095846625899,0.558023733763237,0.0848610003276652,-0.309805069844179,0.0848610087085793,8.46204100354309e-09,1.09113685644375e-06,8.99967177758754e-06,18.7501418590546
"dadras",1,1,49,5.5,316228,4,13,"raw",26,4,13,"weak/raw/m=2w/p=4",24322,"x1;x2;x2 x3",FALSE,3,"x1;x2;x2 x3",FALSE,3,3,0,0,TRUE,8.3384814255627e-05,NA,NA,NA,0.000193255467786934,0.000151087407718776,1.27909711805133,0.0225387725304699,0.116202222156983,0.0225388374422455,1.06778764310183e-08,1.93132549679721e-05,0.000118146566709498,8.96474266052246
"dadras",1,1,49,5.5,316228,4,13,"raw",26,8,13,"weak/raw/m=2w/p=8",24322,"x1;x2;x2 x3",FALSE,3,"x1;x2;x2 x3",FALSE,3,3,0,0,TRUE,8.53857418086079e-05,NA,NA,NA,0.000199550511585801,0.000216787247744204,0.920490082614357,0.0323895934127372,-0.256878156258896,0.0323896340646364,8.42652226102167e-09,5.65122312209001e-07,4.76968677531886e-06,13.041975736618
"dadras",1,1,49,5.5,316228,4,13,"smoothed",13,4,6,"weak/smoothed/m=1w/p=4",52701,"x1;x2;x2 x3",FALSE,3,"x1;x2;x2 x3",FALSE,3,3,0,0,TRUE,0.000196858689843982,NA,NA,NA,0.000234438653073763,0.000254005924428202,0.922965295402113,0.0559436911227964,0.0595329178913276,0.0559437282109567,4.53378738949291e-08,0.000426261120402665,0.00434027460642739,14.6303250789642
"dadras",1,1,49,5.5,316228,4,13,"smoothed",13,8,6,"weak/smoothed/m=1w/p=8",52701,"x1;x2;x2 x3",FALSE,3,"x1;x2;x2 x3",FALSE,3,3,0,0,TRUE,0.000282678274236456,NA,NA,NA,0.000308373619791507,0.000385914006340128,0.79907340683489,0.0850412621326901,-0.312421188638692,0.0850413099826842,8.46204100354309e-09,1.09113685644375e-06,8.99967177758754e-06,22.5730748176575
"dadras",1,1,49,5.5,316228,4,13,"smoothed",26,4,13,"weak/smoothed/m=2w/p=4",24322,"x1;x2;x2 x3",FALSE,3,"x1;x2;x2 x3",FALSE,3,3,0,0,TRUE,7.56302848712309e-05,NA,NA,NA,0.000177261945071773,0.000151086321632057,1.17324945869992,0.0225386074831326,0.116013096082792,0.0225386684515199,1.06778764310183e-08,1.93132549679721e-05,0.000118146566709498,8.55567049980164
"dadras",1,1,49,5.5,316228,4,13,"smoothed",26,8,13,"weak/smoothed/m=2w/p=8",24322,"x1;x2;x2 x3",FALSE,3,"x1;x2;x2 x3",FALSE,3,3,0,0,TRUE,9.42186934682621e-05,NA,NA,NA,0.000191485782680681,0.000216954090936492,0.882609688778504,0.0324145164288457,-0.256725449368726,0.032414544830721,8.42652226102167e-09,5.65122312209001e-07,4.76968677531886e-06,13.1448538303375
"dadras",1,2,49,5.5,316228,4,13,"smoothed",NA,NA,NA,"sg",316228,"x1;x2;x2 x3",TRUE,3,"x1;x2;x2 x3",TRUE,3,3,0,0,FALSE,0.0074677738357448,0.00346211182007132,0.0022580122143833,0.0046316643016642,0.00341131414781309,0.000720155500297121,4.7369132727663,0.385241900494502,0.780373030506272,0.385241901151598,5.48917833681291e-07,0.327435860183124,24.6260612188266,90.3261466026306
"dadras",1,2,49,5.5,316228,4,13,"raw",13,4,6,"weak/raw/m=1w/p=4",52701,"x1;x2;x2 x3",FALSE,3,"x1;x2;x2 x3",FALSE,3,3,0,0,TRUE,0.00011025431508331,NA,NA,NA,6.63639320188681e-05,0.000253240559273436,0.262058859012438,0.0552225327942733,0.0684013161260726,0.0552225335514222,3.00095317593158e-08,0.000420379937600974,0.00339826470730742,14.8652307987213
"dadras",1,2,49,5.5,316228,4,13,"raw",13,8,6,"weak/raw/m=1w/p=8",52701,"x1;x2;x2 x3",FALSE,3,"x1;x2;x2 x3",FALSE,3,3,0,0,TRUE,0.000105564688384741,NA,NA,NA,5.02073107047371e-05,0.00038325576951465,0.13100210015969,0.0836208684343939,-0.301666740368895,0.0836208741612322,6.01632831182013e-09,1.10026673273015e-06,8.58586922447557e-06,14.0268423557281
"dadras",1,2,49,5.5,316228,4,13,"raw",26,4,13,"weak/raw/m=2w/p=4",24322,"x1;x2;x2 x3",FALSE,3,"x1;x2;x2 x3",FALSE,3,3,0,0,TRUE,4.19690248560922e-05,NA,NA,NA,9.71932375693515e-05,0.000152003475894698,0.639414572576505,0.0224457803847734,0.121253644567499,0.0224457949747667,6.86467545137247e-09,1.90407756101079e-05,0.000100615959654604,8.76843476295471
"dadras",1,2,49,5.5,316228,4,13,"raw",26,8,13,"weak/raw/m=2w/p=8",24322,"x1;x2;x2 x3",FALSE,3,"x1;x2;x2 x3",FALSE,3,3,0,0,TRUE,6.53375134114231e-05,NA,NA,NA,7.41428818564071e-05,0.000217743670764853,0.340505336370837,0.0322073207086515,-0.251518272521201,0.0322073293189949,5.97013140161381e-09,5.68771759905331e-07,4.55282929578971e-06,8.41015362739563
"dadras",1,2,49,5.5,316228,4,13,"smoothed",13,4,6,"weak/smoothed/m=1w/p=4",52701,"x1;x2;x2 x3",FALSE,3,"x1;x2;x2 x3",FALSE,3,3,0,0,TRUE,1.93657363195749e-05,NA,NA,NA,7.69462220505122e-05,0.000253371285202389,0.303689591300959,0.0552510278023135,0.0673545649003471,0.0552510325639553,3.00095317593158e-08,0.000420379937600974,0.00339826470730742,14.9991791248322
"dadras",1,2,49,5.5,316228,4,13,"smoothed",13,8,6,"weak/smoothed/m=1w/p=8",52701,"x1;x2;x2 x3",FALSE,3,"x1;x2;x2 x3",FALSE,3,3,0,0,TRUE,9.50062900771561e-05,NA,NA,NA,9.18242239016699e-05,0.00038140792582898,0.240750696782434,0.0832176698822534,-0.299113037670887,0.0832176803492253,6.01632831182013e-09,1.10026673273015e-06,8.58586922447557e-06,14.3767302036285
"dadras",1,2,49,5.5,316228,4,13,"smoothed",26,4,13,"weak/smoothed/m=2w/p=4",24322,"x1;x2;x2 x3",FALSE,3,"x1;x2;x2 x3",FALSE,3,3,0,0,TRUE,4.16591894774054e-05,NA,NA,NA,8.1345097479914e-05,0.00015203062985984,0.535057294407763,0.0224497875536706,0.121377008415707,0.0224498001221091,6.86467545137247e-09,1.90407756101079e-05,0.000100615959654604,7.74504137039185
"dadras",1,2,49,5.5,316228,4,13,"smoothed",26,8,13,"weak/smoothed/m=2w/p=8",24322,"x1;x2;x2 x3",FALSE,3,"x1;x2;x2 x3",FALSE,3,3,0,0,TRUE,5.83658263291209e-05,NA,NA,NA,6.63384682300249e-05,0.0002176890454956,0.304739579701844,0.0321992363149995,-0.251554090945303,0.0321992451625654,5.97013140161381e-09,5.68771759905331e-07,4.55282929578971e-06,8.45224976539612
"dadras",1,3,49,5.5,316228,4,13,"smoothed",NA,NA,NA,"sg",316228,"x1;x2;x2 x3",TRUE,3,"x1;x2;x2 x3",TRUE,3,3,0,0,FALSE,0.0081799772238083,0.00385561172984164,0.0025129664929773,0.00517191304971162,0.00383923133525332,0.000789182821547002,4.86481868387281,0.42178182738809,0.77370982059766,0.421781828410505,-1.48396176769238e-06,0.371716084485712,50.0529178163183,101.141322135925
"dadras",1,3,49,5.5,316228,4,13,"raw",13,4,6,"weak/raw/m=1w/p=4",52701,"x1;x2;x2 x3",FALSE,3,"x1;x2;x2 x3",FALSE,3,3,0,0,TRUE,4.82927782607945e-05,NA,NA,NA,-8.97752690503329e-06,0.000253905657436739,-0.0353577269434023,0.0553137280671288,0.0675355419544752,0.0553137281340435,-1.12587592079249e-08,0.000418793765968487,0.0039182003720768,15.5721137523651
"dadras",1,3,49,5.5,316228,4,13,"raw",13,8,6,"weak/raw/m=1w/p=8",52701,"x1;x2;x2 x3",FALSE,3,"x1;x2;x2 x3",FALSE,3,3,0,0,TRUE,4.09344903588386e-05,NA,NA,NA,-9.23424406595721e-07,0.000384430331164926,-0.00240205918143217,0.0837982958042077,-0.305756109272873,0.0837982962959904,8.04201438002835e-09,1.09701727173678e-06,9.05522352923072e-06,15.8628334999084
"dadras",1,3,49,5.5,316228,4,13,"raw",26,4,13,"weak/raw/m=2w/p=4",24322,"x1;x2;x2 x3",FALSE,3,"x1;x2;x2 x3",FALSE,3,3,0,0,TRUE,2.50023902492735e-05,NA,NA,NA,-5.03086981264e-05,0.000151708384508378,-0.331614487158565,0.0223768184676318,0.112624144968734,0.0223768284968271,7.43905453118291e-09,1.89846966741132e-05,0.00010237985689443,8.68417835235596
"dadras",1,3,49,5.5,316228,4,13,"raw",26,8,13,"weak/raw/m=2w/p=8",24322,"x1;x2;x2 x3",FALSE,3,"x1;x2;x2 x3",FALSE,3,3,0,0,TRUE,1.27024164442846e-05,NA,NA,NA,-3.51486012534922e-05,0.000218214504132032,-0.161073625207907,0.0322433819388731,-0.261088367227382,0.0322433828308527,8.06234193732566e-09,5.66504983455571e-07,4.58268879555135e-06,8.24031138420105
"dadras",1,3,49,5.5,316228,4,13,"smoothed",13,4,6,"weak/smoothed/m=1w/p=4",52701,"x1;x2;x2 x3",FALSE,3,"x1;x2;x2 x3",FALSE,3,3,0,0,TRUE,8.65209977926092e-05,NA,NA,NA,3.00769643661496e-06,0.000254391279701277,0.0118231113902442,0.0554195090093846,0.0654628637552709,0.0554195104467096,-1.12587592079249e-08,0.000418793765968487,0.0039182003720768,15.8174650669098
"dadras",1,3,49,5.5,316228,4,13,"smoothed",13,8,6,"weak/smoothed/m=1w/p=8",52701,"x1;x2;x2 x3",FALSE,3,"x1;x2;x2 x3",FALSE,3,3,0,0,TRUE,0.000203243815451962,NA,NA,NA,4.27745809027491e-05,0.00038291158134793,0.111708767732158,0.083467207119006,-0.30227935583503,0.0834672083920159,8.04201438002835e-09,1.09701727173678e-06,9.05522352923072e-06,15.5430643558502
"dadras",1,3,49,5.5,316228,4,13,"smoothed",26,4,13,"weak/smoothed/m=2w/p=4",24322,"x1;x2;x2 x3",FALSE,3,"x1;x2;x2 x3",FALSE,3,3,0,0,TRUE,3.03150034566269e-05,NA,NA,NA,-6.92995687597093e-05,0.000151679546716671,-0.456881433652734,0.0223725617194802,0.112312303436594,0.0223725728143074,7.43905453118291e-09,1.89846966741132e-05,0.00010237985689443,8.052978515625
"dadras",1,3,49,5.5,316228,4,13,"smoothed",26,8,13,"weak/smoothed/m=2w/p=8",24322,"x1;x2;x2 x3",FALSE,3,"x1;x2;x2 x3",FALSE,3,3,0,0,TRUE,3.73761388229433e-05,NA,NA,NA,-4.57493902170692e-05,0.000218336597379222,-0.209536059305754,0.0322614171929762,-0.261109248755178,0.0322614221141805,8.06234193732566e-09,5.66504983455571e-07,4.58268879555135e-06,8.49213004112244
"dadras",1,4,49,5.5,316228,4,13,"smoothed",NA,NA,NA,"sg",316228,"x1;x2;x2 x3",TRUE,3,"x1;x2;x2 x3",TRUE,3,3,0,0,FALSE,0.00701185305521829,0.00357160974324786,0.0025274632529533,0.00466273212393091,0.00358502224148181,0.000673459040077813,5.32329663444355,0.362026079243948,0.780299786790543,0.362026080164285,2.34212789174268e-07,0.297365267923444,20.963371375873,95.2216935157776
"dadras",1,4,49,5.5,316228,4,13,"raw",13,4,6,"weak/raw/m=1w/p=4",52701,"x1;x2;x2 x3",FALSE,3,"x1;x2;x2 x3",FALSE,3,3,0,0,TRUE,4.68746060745252e-05,NA,NA,NA,0.000120277886179072,0.000253282883889503,0.474875697607517,0.055504831445933,0.0679174831469844,0.0555048391518389,2.9374573915278e-08,0.000422323104349758,0.0032158458585414,14.9594974517822
"dadras",1,4,49,5.5,316228,4,13,"raw",13,8,6,"weak/raw/m=1w/p=8",52701,"x1;x2;x2 x3",FALSE,3,"x1;x2;x2 x3",FALSE,3,3,0,0,TRUE,3.58158712813195e-05,NA,NA,NA,9.96968291140404e-05,0.000382570780409428,0.260597082211413,0.0838827077466851,-0.30256207075467,0.0838827102731205,4.23064015999953e-09,1.0983282920374e-06,8.93920160649486e-06,22.2196893692017
"dadras",1,4,49,5.5,316228,4,13,"raw",26,4,13,"weak/raw/m=2w/p=4",24322,"x1;x2;x2 x3",FALSE,3,"x1;x2;x2 x3",FALSE,3,3,0,0,TRUE,4.61775176943124e-05,NA,NA,NA,9.0366717355247e-05,0.00015148861312322,0.596524817886762,0.022482569166752,0.11564100740907,0.0224825909745875,5.44077194507892e-09,1.91175683497647e-05,9.44275690564211e-05,11.3860654830933
"dadras",1,4,49,5.5,316228,4,13,"raw",26,8,13,"weak/raw/m=2w/p=8",24322,"x1;x2;x2 x3",FALSE,3,"x1;x2;x2 x3",FALSE,3,3,0,0,TRUE,5.68313122532027e-05,NA,NA,NA,8.62438546541231e-05,0.000217229570114683,0.39701710318992,0.0322916235585109,-0.260648806210908,0.0322916383316806,4.19645547644637e-09,5.61178800538944e-07,4.21461776767273e-06,8.82197332382202
"dadras",1,4,49,5.5,316228,4,13,"smoothed",13,4,6,"weak/smoothed/m=1w/p=4",52701,"x1;x2;x2 x3",FALSE,3,"x1;x2;x2 x3",FALSE,3,3,0,0,TRUE,5.45700047909214e-05,NA,NA,NA,0.000128444543208488,0.000253496609680711,0.506691365104523,0.0555516568782035,0.067588883946478,0.0555516705455968,2.9374573915278e-08,0.000422323104349758,0.0032158458585414,14.914391040802
"dadras",1,4,49,5.5,316228,4,13,"smoothed",13,8,6,"weak/smoothed/m=1w/p=8",52701,"x1;x2;x2 x3",FALSE,3,"x1;x2;x2 x3",FALSE,3,3,0,0,TRUE,0.000162510121120452,NA,NA,NA,0.000151660508962617,0.000380596283003782,0.398481319275286,0.0834497554228195,-0.297225510137227,0.083449765342418,4.23064015999953e-09,1.0983282920374e-06,8.93920160649486e-06,15.6750295162201
"dadras",1,4,49,5.5,316228,4,13,"smoothed",26,4,13,"weak/smoothed/m=2w/p=4",24322,"x1;x2;x2 x3",FALSE,3,"x1;x2;x2 x3",FALSE,3,3,0,0,TRUE,4.85735395561182e-05,NA,NA,NA,7.71104924618432e-05,0.000151502372642269,0.508972177247139,0.0224846085781588,0.115477464603363,0.0224846195068504,5.44077194507892e-09,1.91175683497647e-05,9.44275690564211e-05,13.3996665477753
"dadras",1,4,49,5.5,316228,4,13,"smoothed",26,8,13,"weak/smoothed/m=2w/p=8",24322,"x1;x2;x2 x3",FALSE,3,"x1;x2;x2 x3",FALSE,3,3,0,0,TRUE,4.92528481913501e-05,NA,NA,NA,8.24492196912144e-05,0.000217310360716399,0.379407679502289,0.0323036293718794,-0.260807996469456,0.0323036369143408,4.19645547644637e-09,5.61178800538944e-07,4.21461776767273e-06,8.70757126808167
"dadras",1,5,49,5.5,316228,4,13,"smoothed",NA,NA,NA,"sg",316228,"x1;x2;x2 x3",TRUE,3,"x1;x2;x2 x3",TRUE,3,3,0,0,FALSE,0.00979868045022789,0.005920927889299,0.00438524538997776,0.00733836051635715,0.00589396143501581,0.000888061120351492,6.63688714655474,0.478900903351502,0.768763258493226,0.478900903377518,1.0005025216042e-06,0.442205913051184,77.6939272592823,101.675498962402
"dadras",1,5,49,5.5,316228,4,13,"raw",13,4,6,"weak/raw/m=1w/p=4",52701,"x1;x2;x2 x3",FALSE,3,"x1;x2;x2 x3",FALSE,3,3,0,0,TRUE,0.000158800147525451,NA,NA,NA,0.000108827532201977,0.000249751864614854,0.435742621460709,0.0548963257283428,0.0676004609409721,0.0548963297778931,1.88401933311932e-08,0.000415813294968419,0.00403033873565306,15.4187092781067
"dadras",1,5,49,5.5,316228,4,13,"raw",13,8,6,"weak/raw/m=1w/p=8",52701,"x1;x2;x2 x3",FALSE,3,"x1;x2;x2 x3",FALSE,3,3,0,0,TRUE,0.000111405569537038,NA,NA,NA,9.16236526357556e-05,0.000379066653870687,0.241708553628175,0.0833700895237077,-0.306909691643951,0.0833700959319615,1.13975689969598e-08,1.07345125523783e-06,9.12573827349661e-06,22.3518013954163
"dadras",1,5,49,5.5,316228,4,13,"raw",26,4,13,"weak/raw/m=2w/p=4",24322,"x1;x2;x2 x3",FALSE,3,"x1;x2;x2 x3",FALSE,3,3,0,0,TRUE,8.35744516263226e-05,NA,NA,NA,8.94320727497717e-05,0.000149827109575353,0.596901809046738,0.0222981151705582,0.111044690317317,0.022298130471954,1.13602681476296e-08,1.88752610355292e-05,0.00011300994268737,13.8314714431763
"dadras",1,5,49,5.5,316228,4,13,"raw",26,8,13,"weak/raw/m=2w/p=8",24322,"x1;x2;x2 x3",FALSE,3,"x1;x2;x2 x3",FALSE,3,3,0,0,TRUE,8.64501217043845e-05,NA,NA,NA,9.19150239971113e-05,0.000214787818464808,0.427934063738214,0.0320205693618938,-0.258436153285236,0.03202058343691,1.13939744436397e-08,5.6621253279242e-07,4.52777989323749e-06,12.5203173160553
"dadras",1,5,49,5.5,316228,4,13,"smoothed",13,4,6,"weak/smoothed/m=1w/p=4",52701,"x1;x2;x2 x3",FALSE,3,"x1;x2;x2 x3",FALSE,3,3,0,0,TRUE,0.000197106815551074,NA,NA,NA,0.000137777557875489,0.000250550446665824,0.549899470182352,0.0550718457751246,0.063691921783544,0.0550718564860122,1.88401933311932e-08,0.000415813294968419,0.00403033873565306,16.4400818347931
"dadras",1,5,49,5.5,316228,4,13,"smoothed",13,8,6,"weak/smoothed/m=1w/p=8",52701,"x1;x2;x2 x3",FALSE,3,"x1;x2;x2 x3",FALSE,3,3,0,0,TRUE,0.000274968561701567,NA,NA,NA,0.000210531631189049,0.000380690555351226,0.553025622069379,0.0837272127864104,-0.313042797590107,0.0837272345633164,1.13975689969598e-08,1.07345125523783e-06,9.12573827349661e-06,22.8532569408417
"dadras",1,5,49,5.5,316228,4,13,"smoothed",26,4,13,"weak/smoothed/m=2w/p=4",24322,"x1;x2;x2 x3",FALSE,3,"x1;x2;x2 x3",FALSE,3,3,0,0,TRUE,8.28250496121008e-05,NA,NA,NA,7.47115085688662e-05,0.000149830103742369,0.498641505964193,0.0222985576975979,0.110694581416207,0.0222985731437731,1.13602681476296e-08,1.88752610355292e-05,0.00011300994268737,13.0281007289886
"dadras",1,5,49,5.5,316228,4,13,"smoothed",26,8,13,"weak/smoothed/m=2w/p=8",24322,"x1;x2;x2 x3",FALSE,3,"x1;x2;x2 x3",FALSE,3,3,0,0,TRUE,7.68148989938044e-05,NA,NA,NA,7.93380242285525e-05,0.000214917283433003,0.369156090944565,0.0320398651818636,-0.259054601705355,0.0320398730929371,1.13939744436397e-08,5.6621253279242e-07,4.52777989323749e-06,13.4869618415833
"dadras",1,6,49,5.5,316228,4,13,"smoothed",NA,NA,NA,"sg",316228,"x1;x2;x2 x3",TRUE,3,"x1;x2;x2 x3",TRUE,3,3,0,0,FALSE,0.00820825642165149,0.00385646647818919,0.00255176353374221,0.00511216792005016,0.00383175228480768,0.000766200806776752,5.00097657287398,0.409652232357944,0.776971293037203,0.409652233596019,2.28860372692484e-06,0.359122054981768,31.7990259036313,103.330004453659
"dadras",1,6,49,5.5,316228,4,13,"raw",13,4,6,"weak/raw/m=1w/p=4",52701,"x1;x2;x2 x3",FALSE,3,"x1;x2;x2 x3",FALSE,3,3,0,0,TRUE,6.07263415859371e-05,NA,NA,NA,-0.000184709267548296,0.000251348405808351,-0.734873439735017,0.0547792298780022,0.0721927132632162,0.0547792559740615,2.13465053024399e-08,0.000416932980080271,0.0034515271249802,15.4987981319427
"dadras",1,6,49,5.5,316228,4,13,"raw",13,8,6,"weak/raw/m=1w/p=8",52701,"x1;x2;x2 x3",FALSE,3,"x1;x2;x2 x3",FALSE,3,3,0,0,TRUE,2.24336990481966e-05,NA,NA,NA,-0.000204098510538196,0.000379740430721889,-0.537468475901298,0.0828087984563684,-0.301727365211731,0.0828088182719803,3.59250828753946e-09,1.10296041487032e-06,9.11445886231377e-06,15.4007458686829
"dadras",1,6,49,5.5,316228,4,13,"raw",26,4,13,"weak/raw/m=2w/p=4",24322,"x1;x2;x2 x3",FALSE,3,"x1;x2;x2 x3",FALSE,3,3,0,0,TRUE,1.68627321499581e-05,NA,NA,NA,-0.000214798232380073,0.000151134167809383,-1.42124203608932,0.0223040486405331,0.109796956702925,0.0223041315097678,5.58447771097958e-09,1.88553145508249e-05,9.29589736839986e-05,8.47687029838562
"dadras",1,6,49,5.5,316228,4,13,"raw",26,8,13,"weak/raw/m=2w/p=8",24322,"x1;x2;x2 x3",FALSE,3,"x1;x2;x2 x3",FALSE,3,3,0,0,TRUE,6.92972815969423e-06,NA,NA,NA,-0.00021122965950992,0.000216094041622834,-0.977489513008393,0.0319449585270942,-0.259428743944381,0.0319450099152631,3.59041465865222e-09,5.69874120227706e-07,5.19859933945099e-06,8.5572395324707
"dadras",1,6,49,5.5,316228,4,13,"smoothed",13,4,6,"weak/smoothed/m=1w/p=4",52701,"x1;x2;x2 x3",FALSE,3,"x1;x2;x2 x3",FALSE,3,3,0,0,TRUE,0.000108304075802979,NA,NA,NA,-0.000173993695134511,0.000251873879357191,-0.690796900331871,0.054893741185009,0.0696631606879099,0.0548937675864746,2.13465053024399e-08,0.000416932980080271,0.0034515271249802,15.5714883804321
"dadras",1,6,49,5.5,316228,4,13,"smoothed",13,8,6,"weak/smoothed/m=1w/p=8",52701,"x1;x2;x2 x3",FALSE,3,"x1;x2;x2 x3",FALSE,3,3,0,0,TRUE,0.000203146486525974,NA,NA,NA,-0.000132410906498279,0.000379505576327968,-0.348903717777917,0.0827575583767446,-0.300842359110668,0.0827575622069915,3.59250828753946e-09,1.10296041487032e-06,9.11445886231377e-06,15.4755136966705
"dadras",1,6,49,5.5,316228,4,13,"smoothed",26,4,13,"weak/smoothed/m=2w/p=4",24322,"x1;x2;x2 x3",FALSE,3,"x1;x2;x2 x3",FALSE,3,3,0,0,TRUE,1.61875525370725e-05,NA,NA,NA,-0.000228085228950679,0.000151160520321969,-1.50889417729484,0.0223079353284213,0.109604398847121,0.0223080502846512,5.58447771097958e-09,1.88553145508249e-05,9.29589736839986e-05,8.07165503501892
"dadras",1,6,49,5.5,316228,4,13,"smoothed",26,8,13,"weak/smoothed/m=2w/p=8",24322,"x1;x2;x2 x3",FALSE,3,"x1;x2;x2 x3",FALSE,3,3,0,0,TRUE,3.07951488499233e-05,NA,NA,NA,-0.000217063003487937,0.000216107732300089,-1.00442034710041,0.0319469786578715,-0.25984389596791,0.0319470442967617,3.59041465865222e-09,5.69874120227706e-07,5.19859933945099e-06,8.17846918106079
"dadras",1,7,49,5.5,316228,4,13,"smoothed",NA,NA,NA,"sg",316228,"x1;x2;x2 x3",TRUE,3,"x1;x2;x2 x3",TRUE,3,3,0,0,FALSE,0.00789506790563312,0.0039180493098077,0.00271642570753012,0.00512129305014669,0.00394425273083513,0.000733459231767267,5.37760322592364,0.393562421699708,0.782770978565619,0.393562421986899,1.71619167019276e-06,0.338164494723652,26.7992252544502,102.640614032745
"dadras",1,7,49,5.5,316228,4,13,"raw",13,4,6,"weak/raw/m=1w/p=4",52701,"x1;x2;x2 x3",FALSE,3,"x1;x2;x2 x3",FALSE,3,3,0,0,TRUE,2.36434242156597e-05,NA,NA,NA,0.000306802891443719,0.000253490843541423,1.21031153298278,0.0554494831606356,0.0731610164914798,0.0554495703611854,8.72128944516261e-08,0.000424742255409829,0.00318985071278632,15.1997754573822
"dadras",1,7,49,5.5,316228,4,13,"raw",13,8,6,"weak/raw/m=1w/p=8",52701,"x1;x2;x2 x3",FALSE,3,"x1;x2;x2 x3",FALSE,3,3,0,0,TRUE,3.273773939938e-05,NA,NA,NA,0.000295638634839505,0.000383831005485268,0.770231249207543,0.0840062622265749,-0.303555440576705,0.0840062994188206,7.32971540927633e-09,1.10961657453655e-06,8.96827818053225e-06,15.0898134708405
"dadras",1,7,49,5.5,316228,4,13,"raw",26,4,13,"weak/raw/m=2w/p=4",24322,"x1;x2;x2 x3",FALSE,3,"x1;x2;x2 x3",FALSE,3,3,0,0,TRUE,5.16037671065561e-05,NA,NA,NA,0.000288418118611403,0.000153248098970451,1.8820339080814,0.0227030322280851,0.112973748769177,0.022703191175933,1.27578808323976e-08,1.92530056921381e-05,9.48752757885529e-05,9.24781799316406
"dadras",1,7,49,5.5,316228,4,13,"raw",26,8,13,"weak/raw/m=2w/p=8",24322,"x1;x2;x2 x3",FALSE,3,"x1;x2;x2 x3",FALSE,3,3,0,0,TRUE,4.56596440506774e-05,NA,NA,NA,0.00029098755423769,0.000219359641007312,1.32653186749148,0.0325494377639474,-0.257181497383472,0.032549540607034,7.30148752991425e-09,5.73985298843247e-07,4.9713696910203e-06,13.7293739318848
"dadras",1,7,49,5.5,316228,4,13,"smoothed",13,4,6,"weak/smoothed/m=1w/p=4",52701,"x1;x2;x2 x3",FALSE,3,"x1;x2;x2 x3",FALSE,3,3,0,0,TRUE,8.43099305692559e-05,NA,NA,NA,0.000321538010579921,0.000253959681880762,1.26609865077279,0.0555520275066317,0.072163187460104,0.0555521017900736,8.72128944516261e-08,0.000424742255409829,0.00318985071278632,15.0935971736908
"dadras",1,7,49,5.5,316228,4,13,"smoothed",13,8,6,"weak/smoothed/m=1w/p=8",52701,"x1;x2;x2 x3",FALSE,3,"x1;x2;x2 x3",FALSE,3,3,0,0,TRUE,0.000213244657188009,NA,NA,NA,0.000352282604390542,0.000382442200023478,0.921139467268299,0.0837022782421862,-0.299710887914031,0.0837023315553485,7.32971540927633e-09,1.10961657453655e-06,8.96827818053225e-06,16.7028293609619
"dadras",1,7,49,5.5,316228,4,13,"smoothed",26,4,13,"weak/smoothed/m=2w/p=4",24322,"x1;x2;x2 x3",FALSE,3,"x1;x2;x2 x3",FALSE,3,3,0,0,TRUE,5.11167349843689e-05,NA,NA,NA,0.000273827202159537,0.000153272845878759,1.7865343374399,0.0227066959477366,0.11263644483235,0.0227068355414487,1.27578808323976e-08,1.92530056921381e-05,9.48752757885529e-05,8.00642800331116
"dadras",1,7,49,5.5,316228,4,13,"smoothed",26,8,13,"weak/smoothed/m=2w/p=8",24322,"x1;x2;x2 x3",FALSE,3,"x1;x2;x2 x3",FALSE,3,3,0,0,TRUE,3.77324217163041e-05,NA,NA,NA,0.000283136159180468,0.000219623451553577,1.28918909696397,0.0325885783564977,-0.257706675251732,0.0325886912714555,7.30148752991425e-09,5.73985298843247e-07,4.9713696910203e-06,13.4993662834167
"dadras",1,8,49,5.5,316228,4,13,"smoothed",NA,NA,NA,"sg",316228,"x1;x2;x2 x3",TRUE,3,"x1;x2;x2 x3",TRUE,3,3,0,0,FALSE,0.00745798121657722,0.00407580028984145,0.00294972352893265,0.00520061232106109,0.00406865372290591,0.000689811004933938,5.89821515430238,0.371572362654239,0.782170443567189,0.371572363629606,-3.92438710645053e-07,0.312375670153271,23.4557432920123,91.2090878486633
"dadras",1,8,49,5.5,316228,4,13,"raw",13,4,6,"weak/raw/m=1w/p=4",52701,"x1;x2;x2 x3",FALSE,3,"x1;x2;x2 x3",FALSE,3,3,0,0,TRUE,0.000149370500085899,NA,NA,NA,7.03613873956547e-05,0.000251972072506887,0.27924280137725,0.0553283162489826,0.0678703089566303,0.0553283197661131,-2.45019171828109e-08,0.000415752268107157,0.00335864988095835,14.4253425598145
"dadras",1,8,49,5.5,316228,4,13,"raw",13,8,6,"weak/raw/m=1w/p=8",52701,"x1;x2;x2 x3",FALSE,3,"x1;x2;x2 x3",FALSE,3,3,0,0,TRUE,0.000111021812817746,NA,NA,NA,9.39580508326967e-05,0.000381463889634166,0.246309161590118,0.083809091160689,-0.302987342442206,0.0838090984487749,8.70696508250835e-09,1.08474915238776e-06,8.78264388859407e-06,21.852043390274
"dadras",1,8,49,5.5,316228,4,13,"raw",26,4,13,"weak/raw/m=2w/p=4",24322,"x1;x2;x2 x3",FALSE,3,"x1;x2;x2 x3",FALSE,3,3,0,0,TRUE,0.000105442512265963,NA,NA,NA,8.06182802855977e-05,0.000150663328508092,0.535088936929121,0.0224036990829899,0.106423255494019,0.0224037078383403,6.41286903732821e-09,1.8836429302135e-05,9.97663542658955e-05,14.3693110942841
"dadras",1,8,49,5.5,316228,4,13,"raw",26,8,13,"weak/raw/m=2w/p=8",24322,"x1;x2;x2 x3",FALSE,3,"x1;x2;x2 x3",FALSE,3,3,0,0,TRUE,0.000103435233093307,NA,NA,NA,7.50349474020874e-05,0.000215970682566245,0.347431172187326,0.0321678123529894,-0.261110153672848,0.0321678181108056,8.71457549820196e-09,5.66924694246402e-07,4.97029206769639e-06,8.15022206306458
"dadras",1,8,49,5.5,316228,4,13,"smoothed",13,4,6,"weak/smoothed/m=1w/p=4",52701,"x1;x2;x2 x3",FALSE,3,"x1;x2;x2 x3",FALSE,3,3,0,0,TRUE,0.000191374086627061,NA,NA,NA,0.000101784005393537,0.000252162226921517,0.403644933803731,0.0553700596564328,0.0669525100761537,0.0553700691651601,-2.45019171828109e-08,0.000415752268107157,0.00335864988095835,18.2266256809235
"dadras",1,8,49,5.5,316228,4,13,"smoothed",13,8,6,"weak/smoothed/m=1w/p=8",52701,"x1;x2;x2 x3",FALSE,3,"x1;x2;x2 x3",FALSE,3,3,0,0,TRUE,0.000201501847502339,NA,NA,NA,0.000148161946810943,0.000379572756802383,0.390338727307769,0.0833935780948314,-0.299436541124143,0.0833935980376476,8.70696508250835e-09,1.08474915238776e-06,8.78264388859407e-06,15.4241895675659
"dadras",1,8,49,5.5,316228,4,13,"smoothed",26,4,13,"weak/smoothed/m=2w/p=4",24322,"x1;x2;x2 x3",FALSE,3,"x1;x2;x2 x3",FALSE,3,3,0,0,TRUE,0.000100095998888383,NA,NA,NA,6.75952170247105e-05,0.000150647585724404,0.448697645565789,0.0224013553022745,0.106730268943726,0.0224013693325039,6.41286903732821e-09,1.8836429302135e-05,9.97663542658955e-05,12.5657200813293
"dadras",1,8,49,5.5,316228,4,13,"smoothed",26,8,13,"weak/smoothed/m=2w/p=8",24322,"x1;x2;x2 x3",FALSE,3,"x1;x2;x2 x3",FALSE,3,3,0,0,TRUE,0.000108611656820079,NA,NA,NA,7.02422422080637e-05,0.000215956653348227,0.325260838779526,0.0321657188425969,-0.260656106741926,0.0321657230471598,8.71457549820196e-09,5.66924694246402e-07,4.97029206769639e-06,8.28706526756287
"dadras",1,9,49,5.5,316228,4,13,"smoothed",NA,NA,NA,"sg",316228,"x1;x2;x2 x3",TRUE,3,"x1;x2;x2 x3",TRUE,3,3,0,0,FALSE,0.00878483751356068,0.00483736007016367,0.00352871016770743,0.00615936847918332,0.00485183442905604,0.000787219290149558,6.16325652809432,0.42449707785143,0.782812497672032,0.424497078850335,-4.010445322207e-07,0.377158887746298,35.1522161772298,126.149327039719
"dadras",1,9,49,5.5,316228,4,13,"raw",13,4,6,"weak/raw/m=1w/p=4",52701,"x1;x2;x2 x3",FALSE,3,"x1;x2;x2 x3",FALSE,3,3,0,0,TRUE,5.58862015545661e-05,NA,NA,NA,0.000168297924899356,0.000253527910420152,0.663824052430555,0.0557300203194445,0.0680992897898184,0.055730044649759,1.38123847571481e-08,0.000421687703515256,0.00332750565215179,23.1288800239563
"dadras",1,9,49,5.5,316228,4,13,"raw",13,8,6,"weak/raw/m=1w/p=8",52701,"x1;x2;x2 x3",FALSE,3,"x1;x2;x2 x3",FALSE,3,3,0,0,TRUE,2.55707056774891e-05,NA,NA,NA,0.000184394613987606,0.000383460579347611,0.480869804925764,0.0843381336723468,-0.30304447174089,0.0843381484882413,8.1721713114688e-09,1.09251397565569e-06,8.79839538470151e-06,21.9792530536652
"dadras",1,9,49,5.5,316228,4,13,"raw",26,4,13,"weak/raw/m=2w/p=4",24322,"x1;x2;x2 x3",FALSE,3,"x1;x2;x2 x3",FALSE,3,3,0,0,TRUE,2.04743205964617e-05,NA,NA,NA,0.000167389259732972,0.000151002983318329,1.10851624288839,0.022479595200988,0.0978267717056711,0.02247964441713,8.62350113434608e-09,1.91073340310369e-05,9.45976802455561e-05,13.3894529342651
"dadras",1,9,49,5.5,316228,4,13,"raw",26,8,13,"weak/raw/m=2w/p=8",24322,"x1;x2;x2 x3",FALSE,3,"x1;x2;x2 x3",FALSE,3,3,0,0,TRUE,1.7601582140785e-05,NA,NA,NA,0.000167501778512512,0.000216827767790115,0.772510736146352,0.0323307677172166,-0.268581709994838,0.0323308018171496,8.17704294443521e-09,5.74505392514872e-07,4.76354203726714e-06,13.0219149589539
"dadras",1,9,49,5.5,316228,4,13,"smoothed",13,4,6,"weak/smoothed/m=1w/p=4",52701,"x1;x2;x2 x3",FALSE,3,"x1;x2;x2 x3",FALSE,3,3,0,0,TRUE,9.62200103553634e-05,NA,NA,NA,0.000196862454803379,0.000254092030571977,0.774768316661604,0.0558540126328013,0.0653086258848368,0.0558540390210147,1.38123847571481e-08,0.000421687703515256,0.00332750565215179,21.9411940574646
"dadras",1,9,49,5.5,316228,4,13,"smoothed",13,8,6,"weak/smoothed/m=1w/p=8",52701,"x1;x2;x2 x3",FALSE,3,"x1;x2;x2 x3",FALSE,3,3,0,0,TRUE,0.000196742832423353,NA,NA,NA,0.000263670625221137,0.000383433850596045,0.687656097163209,0.0843322288093184,-0.303320490417375,0.0843322573911621,8.1721713114688e-09,1.09251397565569e-06,8.79839538470151e-06,21.6293611526489
"dadras",1,9,49,5.5,316228,4,13,"smoothed",26,4,13,"weak/smoothed/m=2w/p=4",24322,"x1;x2;x2 x3",FALSE,3,"x1;x2;x2 x3",FALSE,3,3,0,0,TRUE,1.35292196047066e-05,NA,NA,NA,0.000150632838992587,0.000151017018362808,0.997456052474177,0.0224816814821411,0.0977800883439086,0.0224817220832913,8.62350113434608e-09,1.91073340310369e-05,9.45976802455561e-05,13.2916798591614
"dadras",1,9,49,5.5,316228,4,13,"smoothed",26,8,13,"weak/smoothed/m=2w/p=8",24322,"x1;x2;x2 x3",FALSE,3,"x1;x2;x2 x3",FALSE,3,3,0,0,TRUE,1.72167863225307e-05,NA,NA,NA,0.000156110851316166,0.000216902042852769,0.719729741882293,0.0323418378131358,-0.268497714616167,0.0323418597072637,8.17704294443521e-09,5.74505392514872e-07,4.76354203726714e-06,12.2733659744263
"dadras",1,10,49,5.5,316228,4,13,"smoothed",NA,NA,NA,"sg",316228,"x1;x2;x2 x3",TRUE,3,"x1;x2;x2 x3",TRUE,3,3,0,0,FALSE,0.00892338539869397,0.00437081102438369,0.00301999239292956,0.00565222571705212,0.00436830144678421,0.000809537944254018,5.39604286345041,0.43287283712737,0.782129516793685,0.43287283817978,-4.50453054163105e-07,0.386349491607148,32.3784276511177,90.4381468296051
"dadras",1,10,49,5.5,316228,4,13,"raw",13,4,6,"weak/raw/m=1w/p=4",52701,"x1;x2;x2 x3",FALSE,3,"x1;x2;x2 x3",FALSE,3,3,0,0,TRUE,8.07211699767381e-05,NA,NA,NA,-5.19412514536986e-06,0.000254348964020631,-0.0204212553621745,0.055436514733321,0.0691103473615316,0.0554365151855662,9.73614596816367e-09,0.000418433516989571,0.00333059305063443,14.5675072669983
"dadras",1,10,49,5.5,316228,4,13,"raw",13,8,6,"weak/raw/m=1w/p=8",52701,"x1;x2;x2 x3",FALSE,3,"x1;x2;x2 x3",FALSE,3,3,0,0,TRUE,4.76392329933351e-05,NA,NA,NA,1.14461131004383e-06,0.000384631259287795,0.00297586657975552,0.0838820005571253,-0.300861698074558,0.0838820018216364,6.1406642030558e-09,1.09244435222022e-06,8.71857609041626e-06,14.2942099571228
"dadras",1,10,49,5.5,316228,4,13,"raw",26,4,13,"weak/raw/m=2w/p=4",24322,"x1;x2;x2 x3",FALSE,3,"x1;x2;x2 x3",FALSE,3,3,0,0,TRUE,4.00503856189024e-05,NA,NA,NA,1.01375746696154e-05,0.000152448639441186,0.066498295470367,0.0224972611156586,0.115331002228902,0.0224972617206471,7.60872281341479e-09,1.89325637759336e-05,0.000108706316328977,8.411789894104
"dadras",1,10,49,5.5,316228,4,13,"raw",26,8,13,"weak/raw/m=2w/p=8",24322,"x1;x2;x2 x3",FALSE,3,"x1;x2;x2 x3",FALSE,3,3,0,0,TRUE,4.10736267474713e-05,NA,NA,NA,7.48739016740778e-06,0.00021870592473176,0.0342349672355286,0.0323312909359617,-0.256281351578517,0.0323312924365708,6.14705960546551e-09,5.74451420986405e-07,4.44372103913793e-06,7.64402770996094
"dadras",1,10,49,5.5,316228,4,13,"smoothed",13,4,6,"weak/smoothed/m=1w/p=4",52701,"x1;x2;x2 x3",FALSE,3,"x1;x2;x2 x3",FALSE,3,3,0,0,TRUE,4.29398646764056e-05,NA,NA,NA,1.60924681457593e-05,0.00025489502328689,0.0631337086862102,0.0555555181979162,0.0661641174147734,0.0555555192032951,9.73614596816367e-09,0.000418433516989571,0.00333059305063443,14.9479098320007
"dadras",1,10,49,5.5,316228,4,13,"smoothed",13,8,6,"weak/smoothed/m=1w/p=8",52701,"x1;x2;x2 x3",FALSE,3,"x1;x2;x2 x3",FALSE,3,3,0,0,TRUE,0.000177787493419745,NA,NA,NA,7.18068278690821e-05,0.000385135209346589,0.186445762751497,0.0839918734230332,-0.302278769258956,0.0839918785629392,6.1406642030558e-09,1.09244435222022e-06,8.71857609041626e-06,14.305650472641
"dadras",1,10,49,5.5,316228,4,13,"smoothed",26,4,13,"weak/smoothed/m=2w/p=4",24322,"x1;x2;x2 x3",FALSE,3,"x1;x2;x2 x3",FALSE,3,3,0,0,TRUE,3.29032562685905e-05,NA,NA,NA,-8.25911517663885e-06,0.00015242880605667,-0.0541834275968039,0.0224943311275422,0.115312317450848,0.0224943330896502,7.60872281341479e-09,1.89325637759336e-05,0.000108706316328977,7.12091445922852
"dadras",1,10,49,5.5,316228,4,13,"smoothed",26,8,13,"weak/smoothed/m=2w/p=8",24322,"x1;x2;x2 x3",FALSE,3,"x1;x2;x2 x3",FALSE,3,3,0,0,TRUE,1.8205441611352e-05,NA,NA,NA,-4.63562362381392e-06,0.000218772229812141,-0.0211892689844343,0.0323410877465767,-0.25631366239091,0.0323410892368014,6.14705960546551e-09,5.74451420986405e-07,4.44372103913793e-06,8.19060707092285
"dadras",1,11,49,5.5,316228,4,13,"smoothed",NA,NA,NA,"sg",316228,"x1;x2;x2 x3",TRUE,3,"x1;x2;x2 x3",TRUE,3,3,0,0,FALSE,0.00963750419363305,0.00500713456756199,0.00358068472422112,0.00642565012368076,0.00501260741475252,0.000868940409715191,5.76864346358973,0.467820472417458,0.773257129001893,0.467820472959687,-3.203811449938e-06,0.429113968926723,54.4998647529434,110.118067741394
"dadras",1,11,49,5.5,316228,4,13,"raw",13,4,6,"weak/raw/m=1w/p=4",52701,"x1;x2;x2 x3",FALSE,3,"x1;x2;x2 x3",FALSE,3,3,0,0,TRUE,0.000100882177744732,NA,NA,NA,0.000108640345275161,0.000251037542571518,0.432765331281916,0.0550931009192524,0.074403654980745,0.0550931062964972,1.15564121277768e-07,0.000416755254003212,0.00397107292469911,15.1903548240662
"dadras",1,11,49,5.5,316228,4,13,"raw",13,8,6,"weak/raw/m=1w/p=8",52701,"x1;x2;x2 x3",FALSE,3,"x1;x2;x2 x3",FALSE,3,3,0,0,TRUE,0.000153797826460966,NA,NA,NA,0.000113897071858129,0.000380585512833692,0.299268017350676,0.0835713956670969,-0.303410150770295,0.0835713982390113,6.79588966864757e-09,1.07981168554272e-06,8.92433235577528e-06,21.4368782043457
"dadras",1,11,49,5.5,316228,4,13,"raw",26,4,13,"weak/raw/m=2w/p=4",24322,"x1;x2;x2 x3",FALSE,3,"x1;x2;x2 x3",FALSE,3,3,0,0,TRUE,0.000119413193276463,NA,NA,NA,0.000120946625109658,0.000151547554832091,0.798077047456575,0.0225217901778006,0.10025167397771,0.0225218150441124,1.21601214297738e-08,1.88621423853756e-05,0.000106974348748068,8.4528706073761
"dadras",1,11,49,5.5,316228,4,13,"raw",26,8,13,"weak/raw/m=2w/p=8",24322,"x1;x2;x2 x3",FALSE,3,"x1;x2;x2 x3",FALSE,3,3,0,0,TRUE,0.000132653022155593,NA,NA,NA,0.000125362346746475,0.000216928713865748,0.577896510390316,0.0322915940948067,-0.264976389104878,0.0322916159063902,6.80741848067495e-09,5.64738737671985e-07,4.8657798323859e-06,12.2767295837402
"dadras",1,11,49,5.5,316228,4,13,"smoothed",13,4,6,"weak/smoothed/m=1w/p=4",52701,"x1;x2;x2 x3",FALSE,3,"x1;x2;x2 x3",FALSE,3,3,0,0,TRUE,0.000105458794749621,NA,NA,NA,0.000128137843243973,0.000251776770849521,0.508934334218452,0.0552553200133271,0.0708537020812271,0.0552553318071869,1.15564121277768e-07,0.000416755254003212,0.00397107292469911,15.2408318519592
"dadras",1,11,49,5.5,316228,4,13,"smoothed",13,8,6,"weak/smoothed/m=1w/p=8",52701,"x1;x2;x2 x3",FALSE,3,"x1;x2;x2 x3",FALSE,3,3,0,0,TRUE,0.000243190030935203,NA,NA,NA,0.000174237956366368,0.000380991700027981,0.457327433520395,0.0836605614432533,-0.305346518485893,0.0836605816490697,6.79588966864757e-09,1.07981168554272e-06,8.92433235577528e-06,21.9839873313904
"dadras",1,11,49,5.5,316228,4,13,"smoothed",26,4,13,"weak/smoothed/m=2w/p=4",24322,"x1;x2;x2 x3",FALSE,3,"x1;x2;x2 x3",FALSE,3,3,0,0,TRUE,0.000125565787052473,NA,NA,NA,9.98795156095071e-05,0.000151609906048518,0.658792807229521,0.0225310523952946,0.100026337533735,0.0225310730110573,1.21601214297738e-08,1.88621423853756e-05,0.000106974348748068,11.5441482067108
"dadras",1,11,49,5.5,316228,4,13,"smoothed",26,8,13,"weak/smoothed/m=2w/p=8",24322,"x1;x2;x2 x3",FALSE,3,"x1;x2;x2 x3",FALSE,3,3,0,0,TRUE,0.000136013119633738,NA,NA,NA,0.000105017942981607,0.00021711578801405,0.483695561443052,0.0323194361742617,-0.265209947627015,0.0323194460881712,6.80741848067495e-09,5.64738737671985e-07,4.8657798323859e-06,12.8009524345398
"dadras",1,12,49,5.5,316228,4,13,"smoothed",NA,NA,NA,"sg",316228,"x1;x2;x2 x3",TRUE,3,"x1;x2;x2 x3",TRUE,3,3,0,0,FALSE,0.0133195383940828,0.00740737175304988,0.00555212250394889,0.00932245596595731,0.00741613310126193,0.00115584556125414,6.41619724110468,0.62257908583668,0.758615964031381,0.622579086054377,2.04654070317016e-06,0.605019491914643,81.1469734921722,94.7617638111115
"dadras",1,12,49,5.5,316228,4,13,"raw",13,4,6,"weak/raw/m=1w/p=4",52701,"x1;x2;x2 x3",FALSE,3,"x1;x2;x2 x3",FALSE,3,3,0,0,TRUE,7.44485225609992e-05,NA,NA,NA,-1.06096235031674e-05,0.000252773046488362,-0.0419729225507274,0.0554993252917837,0.0696757214183494,0.0554993254179153,-4.99386654474808e-08,0.000423104246020461,0.00433654878831646,14.8966052532196
"dadras",1,12,49,5.5,316228,4,13,"raw",13,8,6,"weak/raw/m=1w/p=8",52701,"x1;x2;x2 x3",FALSE,3,"x1;x2;x2 x3",FALSE,3,3,0,0,TRUE,4.07978920893282e-05,NA,NA,NA,6.49322385409814e-06,0.000382858475004056,0.0169598540401368,0.0841084143876978,-0.304753778554129,0.0841084152822639,6.88815849232313e-09,1.09210835757661e-06,9.56861267553677e-06,21.3449096679688
"dadras",1,12,49,5.5,316228,4,13,"raw",26,4,13,"weak/raw/m=2w/p=4",24322,"x1;x2;x2 x3",FALSE,3,"x1;x2;x2 x3",FALSE,3,3,0,0,TRUE,2.69888028093924e-05,NA,NA,NA,-1.16829099152822e-05,0.000152443842308552,-0.0766374668754126,0.0226672199047089,0.12273074093393,0.0226672204049501,3.97353112875099e-09,1.9193556379687e-05,0.000137741127412383,8.31963586807251
"dadras",1,12,49,5.5,316228,4,13,"raw",26,8,13,"weak/raw/m=2w/p=8",24322,"x1;x2;x2 x3",FALSE,3,"x1;x2;x2 x3",FALSE,3,3,0,0,TRUE,2.52347030218316e-05,NA,NA,NA,-1.35225011746038e-05,0.000217695753525028,-0.0621165133248644,0.0324219179745802,-0.253835938645266,0.0324219183878791,6.91055172268084e-09,5.66647408330679e-07,5.70803581467771e-06,12.1483688354492
"dadras",1,12,49,5.5,316228,4,13,"smoothed",13,4,6,"weak/smoothed/m=1w/p=4",52701,"x1;x2;x2 x3",FALSE,3,"x1;x2;x2 x3",FALSE,3,3,0,0,TRUE,0.000134063789497096,NA,NA,NA,2.22962888571779e-05,0.000254179557769459,0.0877186546897712,0.0558081288739949,0.06171030598556,0.0558081290472885,-4.99386654474808e-08,0.000423104246020461,0.00433654878831646,14.5425777435303
"dadras",1,12,49,5.5,316228,4,13,"smoothed",13,8,6,"weak/smoothed/m=1w/p=8",52701,"x1;x2;x2 x3",FALSE,3,"x1;x2;x2 x3",FALSE,3,3,0,0,TRUE,0.000269209062404574,NA,NA,NA,0.000103351480798934,0.000387356948169009,0.266811996757678,0.0850966367904342,-0.317497456521016,0.0850966442685434,6.88815849232313e-09,1.09210835757661e-06,9.56861267553677e-06,22.001074552536
"dadras",1,12,49,5.5,316228,4,13,"smoothed",26,4,13,"weak/smoothed/m=2w/p=4",24322,"x1;x2;x2 x3",FALSE,3,"x1;x2;x2 x3",FALSE,3,3,0,0,TRUE,2.14505210420439e-05,NA,NA,NA,-3.36796329490059e-05,0.000152492670144822,-0.220860667709604,0.0226744764441542,0.122386438591469,0.0226744797565261,3.97353112875099e-09,1.9193556379687e-05,0.000137741127412383,9.93989229202271
"dadras",1,12,49,5.5,316228,4,13,"smoothed",26,8,13,"weak/smoothed/m=2w/p=8",24322,"x1;x2;x2 x3",FALSE,3,"x1;x2;x2 x3",FALSE,3,3,0,0,TRUE,2.83481946281583e-05,NA,NA,NA,-3.09727433049064e-05,0.000217946573170784,-0.14211163247167,0.0324592673008122,-0.254336593429143,0.0324592693516435,6.91055172268084e-09,5.66647408330679e-07,5.70803581467771e-06,12.0949828624725
"dadras",1,13,49,5.5,316228,4,13,"smoothed",NA,NA,NA,"sg",316228,"x1;x2;x2 x3",TRUE,3,"x1;x2;x2 x3",TRUE,3,3,0,0,FALSE,0.0105032539801719,0.00554620790210581,0.0041375158355115,0.00703367472699681,0.0055870707284174,0.000903998058950006,6.18040124434203,0.486160278037023,0.778614847258561,0.486160279100903,3.21964105686997e-06,0.452737480543688,45.9993177480937,96.6022477149963
"dadras",1,13,49,5.5,316228,4,13,"raw",13,4,6,"weak/raw/m=1w/p=4",52701,"x1;x2;x2 x3",FALSE,3,"x1;x2;x2 x3",FALSE,3,3,0,0,TRUE,3.01400463880164e-05,NA,NA,NA,-2.91945017720155e-05,0.000253516629028408,-0.115158133349683,0.0555741028518259,0.067023614233306,0.0555741042602243,1.27026023989899e-08,0.000420309552818576,0.00354640248583138,14.6549890041351
"dadras",1,13,49,5.5,316228,4,13,"raw",13,8,6,"weak/raw/m=1w/p=8",52701,"x1;x2;x2 x3",FALSE,3,"x1;x2;x2 x3",FALSE,3,3,0,0,TRUE,9.60555600677537e-05,NA,NA,NA,-2.46288263056903e-05,0.00038374294860078,-0.0641805312527381,0.0841694061894837,-0.303787751175566,0.084169408927483,5.11337582567722e-09,1.08893954911606e-06,8.68710726820154e-06,13.8341574668884
"dadras",1,13,49,5.5,316228,4,13,"raw",26,4,13,"weak/raw/m=2w/p=4",24322,"x1;x2;x2 x3",FALSE,3,"x1;x2;x2 x3",FALSE,3,3,0,0,TRUE,5.09514098683355e-05,NA,NA,NA,-7.84390696290258e-06,0.000152317491667297,-0.0514970859685361,0.0226114897116371,0.107748351712443,0.022611490852541,5.58336179643326e-09,1.90067852795568e-05,0.000109387396737048,8.77797508239746
"dadras",1,13,49,5.5,316228,4,13,"raw",26,8,13,"weak/raw/m=2w/p=8",24322,"x1;x2;x2 x3",FALSE,3,"x1;x2;x2 x3",FALSE,3,3,0,0,TRUE,6.38874349434548e-05,NA,NA,NA,-1.70390177779488e-05,0.000218132479339173,-0.0781131623753052,0.0324347159882986,-0.262485062601463,0.0324347179329413,5.11797967106926e-09,5.67208715198524e-07,4.7715452922148e-06,8.03908562660217
"dadras",1,13,49,5.5,316228,4,13,"smoothed",13,4,6,"weak/smoothed/m=1w/p=4",52701,"x1;x2;x2 x3",FALSE,3,"x1;x2;x2 x3",FALSE,3,3,0,0,TRUE,0.000114716594992839,NA,NA,NA,6.01478610495839e-06,0.000254168503568384,0.0236645611887947,0.0557169900945371,0.0632928091043917,0.0557169901839803,1.27026023989899e-08,0.000420309552818576,0.00354640248583138,14.9097888469696
"dadras",1,13,49,5.5,316228,4,13,"smoothed",13,8,6,"weak/smoothed/m=1w/p=8",52701,"x1;x2;x2 x3",FALSE,3,"x1;x2;x2 x3",FALSE,3,3,0,0,TRUE,0.000292035187595315,NA,NA,NA,6.4960967364579e-05,0.000385215802040427,0.168635261119848,0.0844924336949718,-0.307912170299396,0.0844924378977193,5.11337582567722e-09,1.08893954911606e-06,8.68710726820154e-06,14.3152749538422
"dadras",1,13,49,5.5,316228,4,13,"smoothed",26,4,13,"weak/smoothed/m=2w/p=4",24322,"x1;x2;x2 x3",FALSE,3,"x1;x2;x2 x3",FALSE,3,3,0,0,TRUE,5.63894936269462e-05,NA,NA,NA,-2.30520060338485e-05,0.00015233666005599,-0.151322774343195,0.0226143321918447,0.107960390153992,0.0226143345753151,5.58336179643326e-09,1.90067852795568e-05,0.000109387396737048,7.60281705856323
"dadras",1,13,49,5.5,316228,4,13,"smoothed",26,8,13,"weak/smoothed/m=2w/p=8",24322,"x1;x2;x2 x3",FALSE,3,"x1;x2;x2 x3",FALSE,3,3,0,0,TRUE,7.17806719441327e-05,NA,NA,NA,-2.29156431881643e-05,0.000218163849767881,-0.105038681763939,0.0324393766563622,-0.262415850445629,0.0324393775178365,5.11797967106926e-09,5.67208715198524e-07,4.7715452922148e-06,8.1933913230896
"dadras",1,14,49,5.5,316228,4,13,"smoothed",NA,NA,NA,"sg",316228,"x1;x2;x2 x3",TRUE,3,"x1;x2;x2 x3",TRUE,3,3,0,0,FALSE,0.0103829756717122,0.00592864650114817,0.00444487821481005,0.00737062118191846,0.00593795215114758,0.000894613546588504,6.63744940347842,0.481825117702252,0.782450928499297,0.481825118955739,3.15709200629407e-06,0.447750724832584,41.9529066798438,96.2007081508636
"dadras",1,14,49,5.5,316228,4,13,"raw",13,4,6,"weak/raw/m=1w/p=4",52701,"x1;x2;x2 x3",FALSE,3,"x1;x2;x2 x3",FALSE,3,3,0,0,TRUE,7.46754221823132e-05,NA,NA,NA,3.07104388589313e-05,0.000254698744326412,0.120575540881246,0.0559135889772101,0.0717550807580866,0.0559135893672585,8.86017082073852e-08,0.000423720354190699,0.00358924957350837,14.8978173732758
"dadras",1,14,49,5.5,316228,4,13,"raw",13,8,6,"weak/raw/m=1w/p=8",52701,"x1;x2;x2 x3",FALSE,3,"x1;x2;x2 x3",FALSE,3,3,0,0,TRUE,2.02550008755094e-05,NA,NA,NA,1.81870908948032e-05,0.000384835945828963,0.0472593350281428,0.0845321471040067,-0.299614549744648,0.0845321486856132,9.32131309671728e-09,1.08634410232013e-06,9.17052936699747e-06,14.2818219661713
"dadras",1,14,49,5.5,316228,4,13,"raw",26,4,13,"weak/raw/m=2w/p=4",24322,"x1;x2;x2 x3",FALSE,3,"x1;x2;x2 x3",FALSE,3,3,0,0,TRUE,2.7864214609726e-05,NA,NA,NA,1.73577177797644e-05,0.000152957296835133,0.113480808950708,0.0227376349070461,0.115484709090259,0.0227376360972247,1.3429714345216e-08,1.91449551636276e-05,0.000108847116601751,8.84222030639648
"dadras",1,14,49,5.5,316228,4,13,"raw",26,8,13,"weak/raw/m=2w/p=8",24322,"x1;x2;x2 x3",FALSE,3,"x1;x2;x2 x3",FALSE,3,3,0,0,TRUE,3.0590866313851e-05,NA,NA,NA,2.5349080770408e-05,0.000219606493095952,0.115429559540994,0.0327001806914312,-0.262422426872636,0.0327001820026416,9.33385630424096e-09,5.72650566399196e-07,5.13381419864345e-06,8.09025120735168
"dadras",1,14,49,5.5,316228,4,13,"smoothed",13,4,6,"weak/smoothed/m=1w/p=4",52701,"x1;x2;x2 x3",FALSE,3,"x1;x2;x2 x3",FALSE,3,3,0,0,TRUE,0.000130504322386482,NA,NA,NA,6.88904150618006e-05,0.000255530613580165,0.269597501828047,0.0560961956403222,0.0680239560982659,0.0560961972709328,8.86017082073852e-08,0.000423720354190699,0.00358924957350837,14.5035305023193
"dadras",1,14,49,5.5,316228,4,13,"smoothed",13,8,6,"weak/smoothed/m=1w/p=8",52701,"x1;x2;x2 x3",FALSE,3,"x1;x2;x2 x3",FALSE,3,3,0,0,TRUE,0.000231726469819529,NA,NA,NA,0.000115041455205049,0.00038504905517845,0.298770906350446,0.0845789276090797,-0.301474461037442,0.0845789309181523,9.32131309671728e-09,1.08634410232013e-06,9.17052936699747e-06,14.2460660934448
"dadras",1,14,49,5.5,316228,4,13,"smoothed",26,4,13,"weak/smoothed/m=2w/p=4",24322,"x1;x2;x2 x3",FALSE,3,"x1;x2;x2 x3",FALSE,3,3,0,0,TRUE,1.96252282713694e-05,NA,NA,NA,2.77901607377978e-06,0.000153014833656797,0.0181617429327992,0.0227461850489084,0.115068096082738,0.0227461852775222,1.3429714345216e-08,1.91449551636276e-05,0.000108847116601751,7.79863262176514
"dadras",1,14,49,5.5,316228,4,13,"smoothed",26,8,13,"weak/smoothed/m=2w/p=8",24322,"x1;x2;x2 x3",FALSE,3,"x1;x2;x2 x3",FALSE,3,3,0,0,TRUE,3.80757097298259e-05,NA,NA,NA,2.19005605989248e-05,0.000219736145579272,0.0996675378153656,0.0327194818212556,-0.263266186122483,0.0327194835937738,9.33385630424096e-09,5.72650566399196e-07,5.13381419864345e-06,8.42017674446106
"dadras",1,15,49,5.5,316228,4,13,"smoothed",NA,NA,NA,"sg",316228,"x1;x2;x2 x3",TRUE,3,"x1;x2;x2 x3",TRUE,3,3,0,0,FALSE,0.00820803124132541,0.00408754844937502,0.00287886888325502,0.00531833811502036,0.00406478692541243,0.000749855515741908,5.42076018656838,0.402105199471192,0.783279432847079,0.402105200023463,-5.96181787398299e-08,0.348342915078828,29.9913656006832,95.6530864238739
"dadras",1,15,49,5.5,316228,4,13,"raw",13,4,6,"weak/raw/m=1w/p=4",52701,"x1;x2;x2 x3",FALSE,3,"x1;x2;x2 x3",FALSE,3,3,0,0,TRUE,2.23678183871219e-05,NA,NA,NA,5.39144884132421e-05,0.000252977680884906,0.213119545663678,0.0552983091640399,0.0655926778342653,0.0552983159115021,-4.3004931148622e-09,0.000416804180899004,0.00352069734417881,14.7528936862946
"dadras",1,15,49,5.5,316228,4,13,"raw",13,8,6,"weak/raw/m=1w/p=8",52701,"x1;x2;x2 x3",FALSE,3,"x1;x2;x2 x3",FALSE,3,3,0,0,TRUE,5.27225336885984e-05,NA,NA,NA,6.75138825887856e-05,0.000385542723961166,0.175113880752645,0.0843238379537328,-0.312911227111338,0.0843238434484055,4.4960282015695e-09,1.08953009257557e-06,8.92714611211431e-06,13.8682053089142
"dadras",1,15,49,5.5,316228,4,13,"raw",26,4,13,"weak/raw/m=2w/p=4",24322,"x1;x2;x2 x3",FALSE,3,"x1;x2;x2 x3",FALSE,3,3,0,0,TRUE,2.14095940814785e-05,NA,NA,NA,6.34817698017602e-05,0.000151897839934991,0.417924111553719,0.0224838637616965,0.112566125855171,0.0224838727474133,3.20452629087913e-09,1.88939810640696e-05,0.000108984621130404,8.47974014282227
"dadras",1,15,49,5.5,316228,4,13,"raw",26,8,13,"weak/raw/m=2w/p=8",24322,"x1;x2;x2 x3",FALSE,3,"x1;x2;x2 x3",FALSE,3,3,0,0,TRUE,3.4675878830881e-05,NA,NA,NA,6.13123913748342e-05,0.000216663619235614,0.282984248076088,0.0321247578424892,-0.251740608497146,0.0321247664430972,4.53232018387589e-09,5.66579463563064e-07,4.47965919647686e-06,8.41047716140747
"dadras",1,15,49,5.5,316228,4,13,"smoothed",13,4,6,"weak/smoothed/m=1w/p=4",52701,"x1;x2;x2 x3",FALSE,3,"x1;x2;x2 x3",FALSE,3,3,0,0,TRUE,8.60570922576187e-05,NA,NA,NA,8.05640073796711e-05,0.000253467962696152,0.317846904684551,0.0554054677674601,0.0637955628691191,0.0554054718587914,-4.3004931148622e-09,0.000416804180899004,0.00352069734417881,14.7619867324829
"dadras",1,15,49,5.5,316228,4,13,"smoothed",13,8,6,"weak/smoothed/m=1w/p=8",52701,"x1;x2;x2 x3",FALSE,3,"x1;x2;x2 x3",FALSE,3,3,0,0,TRUE,0.00019530686357309,NA,NA,NA,0.000115263515828112,0.000383788111526709,0.300331126385323,0.0839400497260339,-0.308988141704476,0.0839400554118433,4.4960282015695e-09,1.08953009257557e-06,8.92714611211431e-06,14.60671043396
"dadras",1,15,49,5.5,316228,4,13,"smoothed",26,4,13,"weak/smoothed/m=2w/p=4",24322,"x1;x2;x2 x3",FALSE,3,"x1;x2;x2 x3",FALSE,3,3,0,0,TRUE,2.5459884336924e-05,NA,NA,NA,4.70073406260639e-05,0.000151934714514265,0.309391706670501,0.0224893189525946,0.11253756796944,0.0224893217102736,3.20452629087913e-09,1.88939810640696e-05,0.000108984621130404,7.6524875164032
"dadras",1,15,49,5.5,316228,4,13,"smoothed",26,8,13,"weak/smoothed/m=2w/p=8",24322,"x1;x2;x2 x3",FALSE,3,"x1;x2;x2 x3",FALSE,3,3,0,0,TRUE,4.31859228996837e-05,NA,NA,NA,5.53994764122989e-05,0.000216759572831457,0.255580298893536,0.0321389801006529,-0.251725221888541,0.0321389871185614,4.53232018387589e-09,5.66579463563064e-07,4.47965919647686e-06,8.30371499061584
"dadras",1,16,49,5.5,316228,4,13,"smoothed",NA,NA,NA,"sg",316228,"x1;x2;x2 x3",TRUE,3,"x1;x2;x2 x3",TRUE,3,3,0,0,FALSE,0.0105207651038994,0.00555174032344432,0.00397025671633256,0.00701164820597399,0.00555188517008433,0.000920058719884663,6.03427265031552,0.494991695893136,0.777478906284321,0.494991697078785,-1.83823987522113e-06,0.460193066691993,54.0343579372706,95.534280538559
"dadras",1,16,49,5.5,316228,4,13,"raw",13,4,6,"weak/raw/m=1w/p=4",52701,"x1;x2;x2 x3",FALSE,3,"x1;x2;x2 x3",FALSE,3,3,0,0,TRUE,0.000133954451865592,NA,NA,NA,-4.88242798807702e-05,0.000254127575750754,-0.192125076298909,0.0557293230137394,0.0749631007383856,0.0557293251534091,-2.89713244000994e-08,0.000423526685173209,0.00347800467969961,14.8532567024231
"dadras",1,16,49,5.5,316228,4,13,"raw",13,8,6,"weak/raw/m=1w/p=8",52701,"x1;x2;x2 x3",FALSE,3,"x1;x2;x2 x3",FALSE,3,3,0,0,TRUE,0.000189300255789893,NA,NA,NA,-5.24301193490883e-05,0.000383823931917549,-0.136599401416041,0.084219995982961,-0.298813480200837,0.0842199972367918,7.7426558931613e-09,1.09904982044409e-06,9.61210390570955e-06,13.7213222980499
"dadras",1,16,49,5.5,316228,4,13,"raw",26,4,13,"weak/raw/m=2w/p=4",24322,"x1;x2;x2 x3",FALSE,3,"x1;x2;x2 x3",FALSE,3,3,0,0,TRUE,0.000159578069028443,NA,NA,NA,-5.00974892566967e-05,0.00015482029266604,-0.323584772990716,0.0229902139672846,0.128444853320129,0.0229902246031375,4.49294092500261e-09,1.92010524733814e-05,0.000111523353149678,8.66511678695679
"dadras",1,16,49,5.5,316228,4,13,"raw",26,8,13,"weak/raw/m=2w/p=8",24322,"x1;x2;x2 x3",FALSE,3,"x1;x2;x2 x3",FALSE,3,3,0,0,TRUE,0.00018051358555593,NA,NA,NA,-5.74966758465438e-05,0.000220155648644584,-0.261163754827684,0.0327469999761914,-0.237648495605862,0.0327470027319661,7.77156741603525e-09,5.71783261556171e-07,4.49158248905235e-06,7.98332810401917
"dadras",1,16,49,5.5,316228,4,13,"smoothed",13,4,6,"weak/smoothed/m=1w/p=4",52701,"x1;x2;x2 x3",FALSE,3,"x1;x2;x2 x3",FALSE,3,3,0,0,TRUE,0.000127378324283395,NA,NA,NA,-2.84021569034583e-05,0.000255022860389343,-0.111371023209828,0.0559256425816604,0.070030976047911,0.0559256431719611,-2.89713244000994e-08,0.000423526685173209,0.00347800467969961,14.5016283988953
"dadras",1,16,49,5.5,316228,4,13,"smoothed",13,8,6,"weak/smoothed/m=1w/p=8",52701,"x1;x2;x2 x3",FALSE,3,"x1;x2;x2 x3",FALSE,3,3,0,0,TRUE,0.000290142903331053,NA,NA,NA,2.96729079641356e-05,0.000385612384911081,0.0769500906226802,0.0846123972169379,-0.304898944673812,0.0846123974959932,7.7426558931613e-09,1.09904982044409e-06,9.61210390570955e-06,14.2018904685974
"dadras",1,16,49,5.5,316228,4,13,"smoothed",26,4,13,"weak/smoothed/m=2w/p=4",24322,"x1;x2;x2 x3",FALSE,3,"x1;x2;x2 x3",FALSE,3,3,0,0,TRUE,0.000165587887102525,NA,NA,NA,-7.20740695264764e-05,0.000154868913558131,-0.465387584057809,0.0229974299038253,0.128210927058909,0.0229974394376608,4.49294092500261e-09,1.92010524733814e-05,0.000111523353149678,7.6985445022583
"dadras",1,16,49,5.5,316228,4,13,"smoothed",26,8,13,"weak/smoothed/m=2w/p=8",24322,"x1;x2;x2 x3",FALSE,3,"x1;x2;x2 x3",FALSE,3,3,0,0,TRUE,0.000173223312955106,NA,NA,NA,-7.33815210609693e-05,0.000220234231136508,-0.333197617292678,0.032758682768526,-0.238106339983135,0.0327586929394172,7.77156741603525e-09,5.71783261556171e-07,4.49158248905235e-06,8.1105043888092
"dadras",1,17,49,5.5,316228,4,13,"smoothed",NA,NA,NA,"sg",316228,"x1;x2;x2 x3",TRUE,3,"x1;x2;x2 x3",TRUE,3,3,0,0,FALSE,0.00865660826383113,0.00382388549612266,0.00248201001094566,0.00519428758995749,0.00388098814639428,0.000809117738651662,4.79656786768966,0.433411889331757,0.773972227205075,0.433411891391214,-1.07758823535688e-06,0.386931282794025,59.1131618862624,91.8883235454559
"dadras",1,17,49,5.5,316228,4,13,"raw",13,4,6,"weak/raw/m=1w/p=4",52701,"x1;x2;x2 x3",FALSE,3,"x1;x2;x2 x3",FALSE,3,3,0,0,TRUE,0.000114094326485681,NA,NA,NA,-0.000251176388883297,0.000251911317347512,-0.997082590524501,0.0550040826732032,0.072804858287254,0.0550041397365644,8.36226483498993e-08,0.000415945412488869,0.00411916542511648,14.4580466747284
"dadras",1,17,49,5.5,316228,4,13,"raw",13,8,6,"weak/raw/m=1w/p=8",52701,"x1;x2;x2 x3",FALSE,3,"x1;x2;x2 x3",FALSE,3,3,0,0,TRUE,5.85706799873797e-05,NA,NA,NA,-0.000246793355675639,0.000381341199506688,-0.647172023360962,0.0833131015539545,-0.303472219809948,0.0833131344347775,5.19990635301976e-09,1.0794989714452e-06,8.92665765661604e-06,13.7708156108856
"dadras",1,17,49,5.5,316228,4,13,"raw",26,4,13,"weak/raw/m=2w/p=4",24322,"x1;x2;x2 x3",FALSE,3,"x1;x2;x2 x3",FALSE,3,3,0,0,TRUE,7.21442926383542e-05,NA,NA,NA,-0.000249594472007188,0.00015201230730389,-1.64193594870065,0.0224745191819115,0.114391373792342,0.022474643119351,1.15794648452718e-08,1.88146111036614e-05,9.68591370575922e-05,8.73861742019653
"dadras",1,17,49,5.5,316228,4,13,"raw",26,8,13,"weak/raw/m=2w/p=8",24322,"x1;x2;x2 x3",FALSE,3,"x1;x2;x2 x3",FALSE,3,3,0,0,TRUE,7.1262176864817e-05,NA,NA,NA,-0.000248902891628327,0.000217751772628841,-1.14305793529673,0.0322492045771226,-0.255554267095811,0.0322492923469384,5.17423619187196e-09,5.63459457919682e-07,4.42005274692292e-06,7.96761989593506
"dadras",1,17,49,5.5,316228,4,13,"smoothed",13,4,6,"weak/smoothed/m=1w/p=4",52701,"x1;x2;x2 x3",FALSE,3,"x1;x2;x2 x3",FALSE,3,3,0,0,TRUE,0.000139436185405017,NA,NA,NA,-0.000233322569876211,0.000252392645013863,-0.924442825437308,0.0551091661232391,0.0705244757786712,0.0551091996278551,8.36226483498993e-08,0.000415945412488869,0.00411916542511648,14.4379765987396
"dadras",1,17,49,5.5,316228,4,13,"smoothed",13,8,6,"weak/smoothed/m=1w/p=8",52701,"x1;x2;x2 x3",FALSE,3,"x1;x2;x2 x3",FALSE,3,3,0,0,TRUE,0.000182456833757172,NA,NA,NA,-0.00019785050625874,0.000380060392401224,-0.52057649314289,0.0830332494700097,-0.301201829470415,0.0830332699022949,5.19990635301976e-09,1.0794989714452e-06,8.92665765661604e-06,13.749664068222
"dadras",1,17,49,5.5,316228,4,13,"smoothed",26,4,13,"weak/smoothed/m=2w/p=4",24322,"x1;x2;x2 x3",FALSE,3,"x1;x2;x2 x3",FALSE,3,3,0,0,TRUE,6.63468085657648e-05,NA,NA,NA,-0.000267245489398244,0.000152034567660345,-1.7577942537074,0.0224778071210515,0.114009511459628,0.0224779362210847,1.15794648452718e-08,1.88146111036614e-05,9.68591370575922e-05,7.50800561904907
"dadras",1,17,49,5.5,316228,4,13,"smoothed",26,8,13,"weak/smoothed/m=2w/p=8",24322,"x1;x2;x2 x3",FALSE,3,"x1;x2;x2 x3",FALSE,3,3,0,0,TRUE,7.53754677651486e-05,NA,NA,NA,-0.000260273943066877,0.000217950121688512,-1.19419040031027,0.0322785756574958,-0.25598628971542,0.0322786715876133,5.17423619187196e-09,5.63459457919682e-07,4.42005274692292e-06,7.98961067199707
"dadras",1,18,49,5.5,316228,4,13,"smoothed",NA,NA,NA,"sg",316228,"x1;x2;x2 x3",TRUE,3,"x1;x2;x2 x3",TRUE,3,3,0,0,FALSE,0.00856337081860968,0.00434866948452806,0.00311171476226889,0.0056389076846823,0.00438578366472578,0.000795127057842178,5.51582746615107,0.426516592341897,0.777205183746621,0.426516592445936,-1.28851145825578e-06,0.37867527593498,37.780544521422,88.3428099155426
"dadras",1,18,49,5.5,316228,4,13,"raw",13,4,6,"weak/raw/m=1w/p=4",52701,"x1;x2;x2 x3",FALSE,3,"x1;x2;x2 x3",FALSE,3,3,0,0,TRUE,0.000142481881715062,NA,NA,NA,2.52985980494427e-05,0.000250823075139402,0.100862323115137,0.054844591909374,0.0752596311948653,0.054844592609464,5.24753843377685e-08,0.000418324920208784,0.00367665319720345,14.1257522106171
"dadras",1,18,49,5.5,316228,4,13,"raw",13,8,6,"weak/raw/m=1w/p=8",52701,"x1;x2;x2 x3",FALSE,3,"x1;x2;x2 x3",FALSE,3,3,0,0,TRUE,9.62699596567251e-05,NA,NA,NA,2.30614522334824e-05,0.000380494803669481,0.0606091121641569,0.0832462654771754,-0.30472543094467,0.0832462660228981,2.13963020597414e-09,1.09059877523825e-06,8.96737381594903e-06,14.1135528087616
"dadras",1,18,49,5.5,316228,4,13,"raw",26,4,13,"weak/raw/m=2w/p=4",24322,"x1;x2;x2 x3",FALSE,3,"x1;x2;x2 x3",FALSE,3,3,0,0,TRUE,8.52087898837173e-05,NA,NA,NA,8.41609507471829e-06,0.000152293657283082,0.0552622822569329,0.0225489522967573,0.110405833788164,0.0225489532143316,5.69803861457101e-09,1.89579357626973e-05,9.60166883521296e-05,8.08601093292236
"dadras",1,18,49,5.5,316228,4,13,"raw",26,8,13,"weak/raw/m=2w/p=8",24322,"x1;x2;x2 x3",FALSE,3,"x1;x2;x2 x3",FALSE,3,3,0,0,TRUE,7.77582487878625e-05,NA,NA,NA,2.49115664257139e-06,0.000216695547591382,0.0114961136500548,0.0321390840980714,-0.249642067376735,0.0321390845732556,2.08969924661179e-09,5.65959783454279e-07,4.41450221444484e-06,8.300532579422
"dadras",1,18,49,5.5,316228,4,13,"smoothed",13,4,6,"weak/smoothed/m=1w/p=4",52701,"x1;x2;x2 x3",FALSE,3,"x1;x2;x2 x3",FALSE,3,3,0,0,TRUE,0.000177362232245182,NA,NA,NA,4.03230064678117e-05,0.000251181950833774,0.160533057148268,0.0549230510837419,0.07343010086102,0.0549230520225353,5.24753843377685e-08,0.000418324920208784,0.00367665319720345,14.93537068367
"dadras",1,18,49,5.5,316228,4,13,"smoothed",13,8,6,"weak/smoothed/m=1w/p=8",52701,"x1;x2;x2 x3",FALSE,3,"x1;x2;x2 x3",FALSE,3,3,0,0,TRUE,0.000191642608816434,NA,NA,NA,8.42792858754326e-05,0.000379771068286059,0.221921291307926,0.0830878972424672,-0.3041393327695,0.083087900853143,2.13963020597414e-09,1.09059877523825e-06,8.96737381594903e-06,14.345671415329
"dadras",1,18,49,5.5,316228,4,13,"smoothed",26,4,13,"weak/smoothed/m=2w/p=4",24322,"x1;x2;x2 x3",FALSE,3,"x1;x2;x2 x3",FALSE,3,3,0,0,TRUE,7.96202154538239e-05,NA,NA,NA,-9.33733190857318e-06,0.000152313725797352,-0.0613032860938361,0.0225519203150665,0.110593899394744,0.022551922263182,5.69803861457101e-09,1.89579357626973e-05,9.60166883521296e-05,7.64997959136963
"dadras",1,18,49,5.5,316228,4,13,"smoothed",26,8,13,"weak/smoothed/m=2w/p=8",24322,"x1;x2;x2 x3",FALSE,3,"x1;x2;x2 x3",FALSE,3,3,0,0,TRUE,8.37522959837855e-05,NA,NA,NA,-7.69378758882742e-06,0.000216685358322001,-0.0355067257354519,0.0321375679966568,-0.249197769566461,0.0321375689732103,2.08969924661179e-09,5.65959783454279e-07,4.41450221444484e-06,8.29872894287109
"dadras",1,19,49,5.5,316228,4,13,"smoothed",NA,NA,NA,"sg",316228,"x1;x2;x2 x3",TRUE,3,"x1;x2;x2 x3",TRUE,3,3,0,0,FALSE,0.0076698704432834,0.00437668319521368,0.00317646303737958,0.00557156563331536,0.00440310940577803,0.000711966470067167,6.18443366492055,0.385528137381635,0.78228832223237,0.385528137731868,-2.88201875245432e-06,0.325944387948864,31.7779381482091,90.9001083374023
"dadras",1,19,49,5.5,316228,4,13,"raw",13,4,6,"weak/raw/m=1w/p=4",52701,"x1;x2;x2 x3",FALSE,3,"x1;x2;x2 x3",FALSE,3,3,0,0,TRUE,6.44043073547049e-05,NA,NA,NA,0.000134747279148118,0.000253475763168468,0.53159827773577,0.0559544162806528,0.0739416205961673,0.0559544319590212,-6.37539124621357e-08,0.000421423306022456,0.00347194605657819,14.5663261413574
"dadras",1,19,49,5.5,316228,4,13,"raw",13,8,6,"weak/raw/m=1w/p=8",52701,"x1;x2;x2 x3",FALSE,3,"x1;x2;x2 x3",FALSE,3,3,0,0,TRUE,6.65140582922774e-05,NA,NA,NA,0.000145713374577771,0.000382998548804202,0.38045411668717,0.084591926523076,-0.299527345911148,0.0845919351887913,1.38790411201497e-08,1.08700132614425e-06,9.27200453304522e-06,14.1680023670197
"dadras",1,19,49,5.5,316228,4,13,"raw",26,4,13,"weak/raw/m=2w/p=4",24322,"x1;x2;x2 x3",FALSE,3,"x1;x2;x2 x3",FALSE,3,3,0,0,TRUE,6.58149435098787e-05,NA,NA,NA,0.000143334403559318,0.000151956317200238,0.943260577778028,0.0227189986468046,0.101664039492156,0.0227190308561612,1.01585878743128e-08,1.91011965704994e-05,0.000111485683994772,8.34320569038391
"dadras",1,19,49,5.5,316228,4,13,"raw",26,8,13,"weak/raw/m=2w/p=8",24322,"x1;x2;x2 x3",FALSE,3,"x1;x2;x2 x3",FALSE,3,3,0,0,TRUE,6.74377188912834e-05,NA,NA,NA,0.000140131047991133,0.000218082420135564,0.642560037182388,0.032656604510001,-0.263186685546927,0.0326566241353917,1.38862638906295e-08,5.6344710084838e-07,4.25806368298254e-06,8.1203179359436
"dadras",1,19,49,5.5,316228,4,13,"smoothed",13,4,6,"weak/smoothed/m=1w/p=4",52701,"x1;x2;x2 x3",FALSE,3,"x1;x2;x2 x3",FALSE,3,3,0,0,TRUE,3.64240736631475e-05,NA,NA,NA,0.000167437768945697,0.00025380648776162,0.659706418154911,0.0560274129464826,0.072790722601082,0.0560274292937082,-6.37539124621357e-08,0.000421423306022456,0.00347194605657819,14.7710001468658
"dadras",1,19,49,5.5,316228,4,13,"smoothed",13,8,6,"weak/smoothed/m=1w/p=8",52701,"x1;x2;x2 x3",FALSE,3,"x1;x2;x2 x3",FALSE,3,3,0,0,TRUE,0.000150717694454035,NA,NA,NA,0.000212420981751658,0.000381688749013874,0.556529324745531,0.0843026108199131,-0.297298888599915,0.0843026300208981,1.38790411201497e-08,1.08700132614425e-06,9.27200453304522e-06,14.4388966560364
"dadras",1,19,49,5.5,316228,4,13,"smoothed",26,4,13,"weak/smoothed/m=2w/p=4",24322,"x1;x2;x2 x3",FALSE,3,"x1;x2;x2 x3",FALSE,3,3,0,0,TRUE,6.74715302395601e-05,NA,NA,NA,0.000129737336658003,0.000151987952571247,0.853602765634904,0.0227237255069004,0.101528387889761,0.0227237524677558,1.01585878743128e-08,1.91011965704994e-05,0.000111485683994772,8.65870523452759
"dadras",1,19,49,5.5,316228,4,13,"smoothed",26,8,13,"weak/smoothed/m=2w/p=8",24322,"x1;x2;x2 x3",FALSE,3,"x1;x2;x2 x3",FALSE,3,3,0,0,TRUE,6.75438964199415e-05,NA,NA,NA,0.000130104613540187,0.000218238987558067,0.59615660334554,0.0326800454230161,-0.263520049365199,0.0326800622090877,1.38862638906295e-08,5.6344710084838e-07,4.25806368298254e-06,7.6560800075531
"dadras",1,20,49,5.5,316228,4,13,"smoothed",NA,NA,NA,"sg",316228,"x1;x2;x2 x3",TRUE,3,"x1;x2;x2 x3",TRUE,3,3,0,0,FALSE,0.0107489877066846,0.00554865546360204,0.00400220030557432,0.00716908927584371,0.00556169839965803,0.000965463829954208,5.76064915857264,0.520105265334561,0.762711101141295,0.52010526656207,-8.93767004890775e-08,0.486746542527338,86.652350977096,93.347092628479
"dadras",1,20,49,5.5,316228,4,13,"raw",13,4,6,"weak/raw/m=1w/p=4",52701,"x1;x2;x2 x3",FALSE,3,"x1;x2;x2 x3",FALSE,3,3,0,0,TRUE,4.47115842756585e-05,NA,NA,NA,-1.88423591197778e-05,0.000251366761615081,-0.0749596287063251,0.0552017018645671,0.0678838875543433,0.0552017051962469,1.90652317383429e-08,0.000415156496893271,0.00443756906862802,14.7879211902618
"dadras",1,20,49,5.5,316228,4,13,"raw",13,8,6,"weak/raw/m=1w/p=8",52701,"x1;x2;x2 x3",FALSE,3,"x1;x2;x2 x3",FALSE,3,3,0,0,TRUE,2.47734984606396e-05,NA,NA,NA,-2.49458830924754e-05,0.000381034577461836,-0.06546881718359,0.0837231084955394,-0.304719926006107,0.0837231085617969,4.62679322982782e-09,1.07866321524677e-06,8.98697717133246e-06,14.3554210662842
"dadras",1,20,49,5.5,316228,4,13,"raw",26,4,13,"weak/raw/m=2w/p=4",24322,"x1;x2;x2 x3",FALSE,3,"x1;x2;x2 x3",FALSE,3,3,0,0,TRUE,1.49837042774751e-05,NA,NA,NA,-1.80373871122314e-05,0.00015095155586867,-0.11949123020583,0.0224508440230115,0.11740047344791,0.0224508450601682,5.75004825269333e-09,1.88014258556145e-05,9.97951251218154e-05,7.8774950504303
"dadras",1,20,49,5.5,316228,4,13,"raw",26,8,13,"weak/raw/m=2w/p=8",24322,"x1;x2;x2 x3",FALSE,3,"x1;x2;x2 x3",FALSE,3,3,0,0,TRUE,2.05409226854414e-05,NA,NA,NA,-1.47026161371382e-05,0.000215903863709755,-0.0680979760367015,0.0321629519906126,-0.250516057970309,0.0321629522967211,4.64813516995763e-09,5.66747887481995e-07,4.28794552931322e-06,8.26742815971375
"dadras",1,20,49,5.5,316228,4,13,"smoothed",13,4,6,"weak/smoothed/m=1w/p=4",52701,"x1;x2;x2 x3",FALSE,3,"x1;x2;x2 x3",FALSE,3,3,0,0,TRUE,9.36752517306516e-05,NA,NA,NA,-1.44630941832383e-06,0.000252303160630355,-0.00573242687372751,0.0554073288993043,0.0634025064865748,0.0554073293913891,1.90652317383429e-08,0.000415156496893271,0.00443756906862802,14.4350945949554
"dadras",1,20,49,5.5,316228,4,13,"smoothed",13,8,6,"weak/smoothed/m=1w/p=8",52701,"x1;x2;x2 x3",FALSE,3,"x1;x2;x2 x3",FALSE,3,3,0,0,TRUE,0.000215414007579036,NA,NA,NA,1.95786053129166e-05,0.000381341956920314,0.0513413354015167,0.0837906250848013,-0.305760717209767,0.0837906261654481,4.62679322982782e-09,1.07866321524677e-06,8.98697717133246e-06,14.4349389076233
"dadras",1,20,49,5.5,316228,4,13,"smoothed",26,4,13,"weak/smoothed/m=2w/p=4",24322,"x1;x2;x2 x3",FALSE,3,"x1;x2;x2 x3",FALSE,3,3,0,0,TRUE,2.66961702760267e-05,NA,NA,NA,-3.78465751671594e-05,0.000151003166674665,-0.250634314502155,0.0224585164268374,0.117631423050234,0.0224585217339926,5.75004825269333e-09,1.88014258556145e-05,9.97951251218154e-05,8.10672450065613
"dadras",1,20,49,5.5,316228,4,13,"smoothed",26,8,13,"weak/smoothed/m=2w/p=8",24322,"x1;x2;x2 x3",FALSE,3,"x1;x2;x2 x3",FALSE,3,3,0,0,TRUE,5.52806668728441e-05,NA,NA,NA,-2.57660737704696e-05,0.000216199922209316,-0.119177072346603,0.0322070502453092,-0.25062628328924,0.0322070531384313,4.64813516995763e-09,5.66747887481995e-07,4.28794552931322e-06,7.75044012069702
"rossler",3,1,61,3.69897000433602,5000,4,13,"smoothed",NA,NA,NA,"sg",5000,"x3;x1 x3",TRUE,2,"x3;x1 x3",TRUE,2,2,0,0,TRUE,9.77749959850028e-05,0.20012025563142,0.19877302479556,0.201420471487696,0.200128059793858,0.000812298379571155,246.372595128792,0.0545639399828838,0.690630800462477,0.0545639436430812,2.42713904077062e-05,0.00178060419489219,0.0563999385442557,5.96014738082886
"rossler",3,1,61,3.69897000433602,5000,4,13,"raw",13,4,6,"weak/raw/m=1w/p=4",829,"x3;x1 x3",TRUE,2,"x3;x1 x3",TRUE,2,2,0,0,TRUE,8.5735372135232e-05,0.200212812344771,0.199413846181175,0.201042788189958,0.2002243250194,0.000499601144193468,400.768347603832,0.0136611836201039,0.145308484012222,0.0136611854852379,1.2465071182338e-05,0.000369178233008221,0.00228298352738393,4.19642019271851
"rossler",3,1,61,3.69897000433602,5000,4,13,"raw",13,8,6,"weak/raw/m=1w/p=8",829,"x3;x1 x3",TRUE,2,"x3;x1 x3",TRUE,2,2,0,0,TRUE,4.7598723122988e-05,0.200220010927498,0.199006029645987,0.201449594694215,0.200221486325226,0.000739421546964714,270.781243996912,0.02022497807692,-0.262942845465939,0.0202249866273659,1.79645773783225e-08,1.05962806955672e-06,9.44694637788901e-06,3.58203458786011
"rossler",3,1,61,3.69897000433602,5000,4,13,"raw",26,4,13,"weak/raw/m=2w/p=4",381,"x3;x1 x3",TRUE,2,"x3;x1 x3",TRUE,2,2,0,0,TRUE,5.10425637433835e-05,0.200184681354321,0.199606084440401,0.200747949783133,0.200174408707609,0.000348267554871233,574.771912880661,0.00643631949677487,0.321096204980131,0.00643633857048501,7.2235762096043e-07,1.89949379544085e-05,0.000106410095493448,5.00317001342773
"rossler",3,1,61,3.69897000433602,5000,4,13,"raw",26,8,13,"weak/raw/m=2w/p=8",381,"x3;x1 x3",TRUE,2,"x3;x1 x3",TRUE,2,2,0,0,TRUE,3.8271794987123e-05,0.200171200436179,0.199396217172724,0.200945938446555,0.200174912847159,0.000463273100506277,432.088357015338,0.00857097301575055,-0.0854479637853862,0.00857097477717737,-8.10885542439722e-10,7.25494736864657e-07,6.22163775360063e-06,4.29790639877319
"rossler",3,1,61,3.69897000433602,5000,4,13,"smoothed",13,4,6,"weak/smoothed/m=1w/p=4",829,"x3;x1 x3",TRUE,2,"x3;x1 x3",TRUE,2,2,0,0,TRUE,8.39656294760684e-05,0.20023130304025,0.199467459830078,0.201005055346959,0.200223439789493,0.000498607898296509,401.564917991783,0.0136340242750298,0.149390378266181,0.0136340346032059,1.2465071182338e-05,0.000369178233008221,0.00228298352738393,4.3302526473999
"rossler",3,1,61,3.69897000433602,5000,4,13,"smoothed",13,8,6,"weak/smoothed/m=1w/p=8",829,"x3;x1 x3",TRUE,2,"x3;x1 x3",TRUE,2,2,0,0,TRUE,4.73765589846739e-05,0.200212375601551,0.199019475903396,0.201354854132072,0.200221857855399,0.00073111489647077,273.858266083632,0.0199977706724274,-0.250068355293206,0.0199977763953114,1.79645773783225e-08,1.05962806955672e-06,9.44694637788901e-06,3.85894322395325
"rossler",3,1,61,3.69897000433602,5000,4,13,"smoothed",26,4,13,"weak/smoothed/m=2w/p=4",381,"x3;x1 x3",TRUE,2,"x3;x1 x3",TRUE,2,2,0,0,TRUE,5.21663459359881e-05,0.200168184509356,0.199602797109724,0.200759115136347,0.200174354016076,0.000348313057592731,574.696669138751,0.00643716042597781,0.321187190377727,0.0064371764671159,7.2235762096043e-07,1.89949379544085e-05,0.000106410095493448,5.31951284408569
"rossler",3,1,61,3.69897000433602,5000,4,13,"smoothed",26,8,13,"weak/smoothed/m=2w/p=8",381,"x3;x1 x3",TRUE,2,"x3;x1 x3",TRUE,2,2,0,0,TRUE,3.96325458372896e-05,0.200185540341834,0.199406131343935,0.200900296366831,0.200174859182187,0.000463218331187519,432.139329782164,0.00856995972716987,-0.0851404670238464,0.0085699790987413,-8.10885542439722e-10,7.25494736864657e-07,6.22163775360063e-06,4.47455501556396
"rossler",3,2,61,3.69897000433602,5000,4,13,"smoothed",NA,NA,NA,"sg",5000,"x3;x1 x3",TRUE,2,"x3;x1 x3",TRUE,2,2,0,0,TRUE,0.00031354156898189,0.199855732560298,0.198522428070089,0.201231732846263,0.199883151121693,0.000812108011708869,246.128776270894,0.054369679805283,0.692025789383369,0.0543696818080601,0.000143996612669947,0.00466057118963823,0.246864037601358,3.99112129211426
"rossler",3,2,61,3.69897000433602,5000,4,13,"raw",13,4,6,"weak/raw/m=1w/p=4",829,"x3;x1 x3",TRUE,2,"x3;x1 x3",TRUE,2,2,0,0,TRUE,0.000191790145008364,0.199810640103426,0.19896644623005,0.200663338818706,0.199815187926613,0.000519050405365223,384.962974426376,0.0141339590171985,0.109074427829522,0.0141339654809171,-3.16015162364844e-06,0.000394115388559622,0.00303477914685574,2.6492817401886
"rossler",3,2,61,3.69897000433602,5000,4,13,"raw",13,8,6,"weak/raw/m=1w/p=8",829,"x3;x1 x3",TRUE,2,"x3;x1 x3",TRUE,2,2,0,0,TRUE,0.000235079122618997,0.199784735468162,0.198612002160755,0.201029844022113,0.199799896605956,0.00075248038963028,265.521732339264,0.0204975206264685,-0.232093042599573,0.0204975324319951,2.98534328800248e-08,1.00481547266416e-06,8.60379485062568e-06,2.77806830406189
"rossler",3,2,61,3.69897000433602,5000,4,13,"raw",26,4,13,"weak/raw/m=2w/p=4",381,"x3;x1 x3",TRUE,2,"x3;x1 x3",TRUE,2,2,0,0,TRUE,0.000213624668698564,0.199759775257993,0.199209620474299,0.200328193684357,0.199773749088029,0.000337759105097573,591.468138306199,0.0062132103144107,0.231842930949328,0.00621321265075237,-1.21476589780672e-07,2.00885475290356e-05,0.000138869045042622,2.99464273452759
"rossler",3,2,61,3.69897000433602,5000,4,13,"raw",26,8,13,"weak/raw/m=2w/p=8",381,"x3;x1 x3",TRUE,2,"x3;x1 x3",TRUE,2,2,0,0,TRUE,0.000230989994715047,0.199773852537346,0.199012204197971,0.200518034002166,0.199770665382266,0.000468640799499184,426.276725363545,0.00863174191097618,-0.161896388571052,0.00863175941394583,3.01370214150834e-08,6.40259221553344e-07,4.61785249744606e-06,5.0348072052002
"rossler",3,2,61,3.69897000433602,5000,4,13,"smoothed",13,4,6,"weak/smoothed/m=1w/p=4",829,"x3;x1 x3",TRUE,2,"x3;x1 x3",TRUE,2,2,0,0,TRUE,0.000191658128577799,0.199824614706688,0.198995534734082,0.200669488199566,0.199811144109472,0.000518124841716475,385.642856743803,0.0141087552689393,0.112211463428845,0.014108756311231,-3.16015162364844e-06,0.000394115388559622,0.00303477914685574,2.50698232650757
"rossler",3,2,61,3.69897000433602,5000,4,13,"smoothed",13,8,6,"weak/smoothed/m=1w/p=8",829,"x3;x1 x3",TRUE,2,"x3;x1 x3",TRUE,2,2,0,0,TRUE,0.000235940480669772,0.199799014916411,0.198609174153677,0.201032474768328,0.199803807895591,0.000744957069874198,268.20848606663,0.0202925858239678,-0.222966481619711,0.0202925887968408,2.98534328800248e-08,1.00481547266416e-06,8.60379485062568e-06,4.15402054786682
"rossler",3,2,61,3.69897000433602,5000,4,13,"smoothed",26,4,13,"weak/smoothed/m=2w/p=4",381,"x3;x1 x3",TRUE,2,"x3;x1 x3",TRUE,2,2,0,0,TRUE,0.000215043468875686,0.199791572734949,0.199235033076038,0.200328757675625,0.199773895433356,0.000337758071411771,591.470381739023,0.00621319126675693,0.231844220418459,0.00621319804535624,-1.21476589780672e-07,2.00885475290356e-05,0.000138869045042622,3.48643159866333
"rossler",3,2,61,3.69897000433602,5000,4,13,"smoothed",26,8,13,"weak/smoothed/m=2w/p=8",381,"x3;x1 x3",TRUE,2,"x3;x1 x3",TRUE,2,2,0,0,TRUE,0.000231961616740328,0.199769527909974,0.199003211174032,0.200551059314133,0.199770600240169,0.00046859086881478,426.322008248805,0.00863082220504345,-0.161648702700371,0.00863082506229223,3.01370214150834e-08,6.40259221553344e-07,4.61785249744606e-06,4.78601574897766
"rossler",3,3,61,3.69897000433602,5000,4,13,"smoothed",NA,NA,NA,"sg",5000,"x3;x1 x3",TRUE,2,"x3;x1 x3",TRUE,2,2,0,0,TRUE,6.81175444356974e-05,0.19978662126311,0.198664073321758,0.200901825747011,0.199780442418102,0.00067099297523902,297.738500685401,0.0459074942288538,0.680999910377025,0.0459074980424598,2.18545662244528e-06,0.00134559573339753,0.0181949349550152,5.56804847717285
"rossler",3,3,61,3.69897000433602,5000,4,13,"raw",13,4,6,"weak/raw/m=1w/p=4",829,"x3;x1 x3",TRUE,2,"x3;x1 x3",TRUE,2,2,0,0,TRUE,9.76221635022711e-05,0.199885823461748,0.199233460577204,0.200513309807201,0.199877742717296,0.000403932218290313,494.829908748801,0.0112476619352577,0.129337054980525,0.0112476741308812,-9.77044014760663e-06,0.00032723408746856,0.00245887305143527,4.40602397918701
"rossler",3,3,61,3.69897000433602,5000,4,13,"raw",13,8,6,"weak/raw/m=1w/p=8",829,"x3;x1 x3",TRUE,2,"x3;x1 x3",TRUE,2,2,0,0,TRUE,4.39470688177355e-05,0.199901761903548,0.198931134803279,0.200848851834513,0.199868377800575,0.000615716189381853,324.611210891227,0.0171480174627579,-0.298262052110912,0.0171480269097046,-3.4616153493442e-10,9.44691715911594e-07,1.16947738028617e-05,3.56920576095581
"rossler",3,3,61,3.69897000433602,5000,4,13,"raw",26,4,13,"weak/raw/m=2w/p=4",381,"x3;x1 x3",TRUE,2,"x3;x1 x3",TRUE,2,2,0,0,TRUE,6.90650456486795e-05,0.199860154501208,0.199419363090782,0.200276772003953,0.19985939801072,0.000268975972854994,743.038108160185,0.00506841862868538,0.185923536172342,0.00506842013906544,-5.40241250534813e-07,1.68793130161217e-05,0.000114733878081086,5.3617889881134
"rossler",3,3,61,3.69897000433602,5000,4,13,"raw",26,8,13,"weak/raw/m=2w/p=8",381,"x3;x1 x3",TRUE,2,"x3;x1 x3",TRUE,2,2,0,0,TRUE,7.10353929993757e-05,0.19986332436047,0.199250908364681,0.200445828188132,0.199866824038316,0.000360777295536575,553.989473592176,0.0068030922962244,-0.127536062469284,0.00680310226986789,8.32087872627268e-09,4.6788850356354e-07,4.79584440710168e-06,4.50904822349548
"rossler",3,3,61,3.69897000433602,5000,4,13,"smoothed",13,4,6,"weak/smoothed/m=1w/p=4",829,"x3;x1 x3",TRUE,2,"x3;x1 x3",TRUE,2,2,0,0,TRUE,9.34214136839448e-05,0.199863415098743,0.199224639433871,0.20054962168572,0.199877922703897,0.00040303634113893,495.930273034604,0.0112227156418516,0.132592295302275,0.0112227297711247,-9.77044014760663e-06,0.00032723408746856,0.00245887305143527,4.55866956710815
"rossler",3,3,61,3.69897000433602,5000,4,13,"smoothed",13,8,6,"weak/smoothed/m=1w/p=8",829,"x3;x1 x3",TRUE,2,"x3;x1 x3",TRUE,2,2,0,0,TRUE,4.77112901610959e-05,0.199880873537819,0.198842765033805,0.200886608276129,0.199868627459447,0.000607787812020163,328.846060264229,0.0169272082148406,-0.285933252452368,0.0169272117765564,-3.4616153493442e-10,9.44691715911594e-07,1.16947738028617e-05,3.62953925132751
"rossler",3,3,61,3.69897000433602,5000,4,13,"smoothed",26,4,13,"weak/smoothed/m=2w/p=4",381,"x3;x1 x3",TRUE,2,"x3;x1 x3",TRUE,2,2,0,0,TRUE,6.9125672420898e-05,0.1998647833638,0.199427205269841,0.200304007877488,0.199859478678793,0.000269002911271014,742.963998919102,0.00506892622771521,0.185934592298475,0.00506892789944338,-5.40241250534813e-07,1.68793130161217e-05,0.000114733878081086,5.67352485656738
"rossler",3,3,61,3.69897000433602,5000,4,13,"smoothed",26,8,13,"weak/smoothed/m=2w/p=8",381,"x3;x1 x3",TRUE,2,"x3;x1 x3",TRUE,2,2,0,0,TRUE,6.9273065781105e-05,0.199852040726191,0.199294748150843,0.200451744631085,0.199866919315135,0.000360744037835037,554.040811082042,0.00680246514793871,-0.127410376215422,0.00680247683184309,8.32087872627268e-09,4.6788850356354e-07,4.79584440710168e-06,4.66468572616577
"rossler",3,4,61,3.69897000433602,5000,4,13,"smoothed",NA,NA,NA,"sg",5000,"x3;x1 x3",TRUE,2,"x3;x1 x3",TRUE,2,2,0,0,TRUE,8.45314443833544e-05,0.1998473966777,0.198493812564031,0.201141578784549,0.199823432308869,0.000802765752423602,248.918730906979,0.0538878908084797,0.675123839677773,0.0538878921307674,1.58321061078535e-05,0.00438942111593283,0.267209569187298,4.14666080474854
"rossler",3,4,61,3.69897000433602,5000,4,13,"raw",13,4,6,"weak/raw/m=1w/p=4",829,"x3;x1 x3",TRUE,2,"x3;x1 x3",TRUE,2,2,0,0,TRUE,5.54824367253737e-05,0.199812129352097,0.198972677267072,0.200653760448035,0.199804925515553,0.000520297385652162,384.020621716385,0.0142040398081814,0.152857056107701,0.0142040464324374,-6.41736949955887e-06,0.000409179578348546,0.00294583252437236,2.74607038497925
"rossler",3,4,61,3.69897000433602,5000,4,13,"raw",13,8,6,"weak/raw/m=1w/p=8",829,"x3;x1 x3",TRUE,2,"x3;x1 x3",TRUE,2,2,0,0,TRUE,4.83981467757214e-05,0.199788772805578,0.198534860782318,0.201018128728686,0.199774419072086,0.000755758965004029,264.336155206602,0.0206390002724553,-0.22220656349875,0.0206390038869093,2.2901791038678e-08,1.11202931585062e-06,9.22181352508433e-06,2.23604822158813
"rossler",3,4,61,3.69897000433602,5000,4,13,"raw",26,4,13,"weak/raw/m=2w/p=4",381,"x3;x1 x3",TRUE,2,"x3;x1 x3",TRUE,2,2,0,0,TRUE,6.3671051078691e-05,0.199836597221102,0.199226752223239,0.200401358825409,0.199825034829495,0.000354764402161673,563.261233686097,0.00654563272806371,0.205006826041689,0.00654564032302633,-2.75491617757734e-07,2.09805351593502e-05,0.000112957055993956,2.85308194160461
"rossler",3,4,61,3.69897000433602,5000,4,13,"raw",26,8,13,"weak/raw/m=2w/p=8",381,"x3;x1 x3",TRUE,2,"x3;x1 x3",TRUE,2,2,0,0,TRUE,6.43830389168904e-05,0.199799352261212,0.199031075240541,0.200520928695861,0.199797474048876,0.000479781229780589,416.434536507914,0.00886283504797392,-0.125514822376699,0.00886283548884334,2.63008234212288e-08,7.58844998125421e-07,6.81796982321403e-06,2.91378355026245
"rossler",3,4,61,3.69897000433602,5000,4,13,"smoothed",13,4,6,"weak/smoothed/m=1w/p=4",829,"x3;x1 x3",TRUE,2,"x3;x1 x3",TRUE,2,2,0,0,TRUE,5.56873875190433e-05,0.199805905702684,0.198909292781657,0.200664344626527,0.199800022042117,0.000518843018257562,385.08761804892,0.0141643359522293,0.155179768334231,0.0141643389550142,-6.41736949955887e-06,0.000409179578348546,0.00294583252437236,2.66205167770386
"rossler",3,4,61,3.69897000433602,5000,4,13,"smoothed",13,8,6,"weak/smoothed/m=1w/p=8",829,"x3;x1 x3",TRUE,2,"x3;x1 x3",TRUE,2,2,0,0,TRUE,4.64854576660918e-05,0.199785379608786,0.198510978914566,0.201039733234261,0.199777329027512,0.000747678129353876,267.196967764932,0.0204183206726668,-0.211337390188451,0.0204183259973207,2.2901791038678e-08,1.11202931585062e-06,9.22181352508433e-06,2.17294383049011
"rossler",3,4,61,3.69897000433602,5000,4,13,"smoothed",26,4,13,"weak/smoothed/m=2w/p=4",381,"x3;x1 x3",TRUE,2,"x3;x1 x3",TRUE,2,2,0,0,TRUE,6.18664740416501e-05,0.199819563983613,0.199255961156424,0.200401883930494,0.199824576091292,0.000354719686824505,563.330944160858,0.00654480767952501,0.205174870240953,0.00654481347062319,-2.75491617757734e-07,2.09805351593502e-05,0.000112957055993956,3.10078907012939
"rossler",3,4,61,3.69897000433602,5000,4,13,"smoothed",26,8,13,"weak/smoothed/m=2w/p=8",381,"x3;x1 x3",TRUE,2,"x3;x1 x3",TRUE,2,2,0,0,TRUE,6.53723046508603e-05,0.199769704826082,0.19897833052401,0.200575547576352,0.199797360420612,0.000479655998950271,416.543024287967,0.00886052166521981,-0.125391494973968,0.0088605233272939,2.63008234212288e-08,7.58844998125421e-07,6.81796982321403e-06,2.37843942642212
"rossler",3,5,61,3.69897000433602,5000,4,13,"smoothed",NA,NA,NA,"sg",5000,"x3;x1 x3",TRUE,2,"x3;x1 x3",TRUE,2,2,0,0,TRUE,0.000169645859391154,0.199732742198968,0.198432111017418,0.201042353403754,0.199759645269586,0.000802576888655911,248.897829096633,0.0544931894350038,0.684714791302084,0.0544932072534788,-5.95053417459978e-06,0.00300687783608624,0.156855612954172,4.15281677246094
"rossler",3,5,61,3.69897000433602,5000,4,13,"raw",13,4,6,"weak/raw/m=1w/p=4",829,"x3;x1 x3",TRUE,2,"x3;x1 x3",TRUE,2,2,0,0,TRUE,5.23776060250558e-05,0.199723074754647,0.198951579498481,0.200531299567282,0.199740384995029,0.000516984785326263,386.356408668728,0.0142811730258401,0.104191457646464,0.0142811879070036,-6.22980055082497e-06,0.000428324617476296,0.00247019510410668,2.67280673980713
"rossler",3,5,61,3.69897000433602,5000,4,13,"raw",13,8,6,"weak/raw/m=1w/p=8",829,"x3;x1 x3",TRUE,2,"x3;x1 x3",TRUE,2,2,0,0,TRUE,8.33882304286635e-05,0.199740412812887,0.198551836832808,0.200947459781706,0.199718074394916,0.000755349272787735,264.404933704146,0.0208714781456599,-0.246599974970189,0.0208714792517928,4.50496066424618e-08,1.16505462704443e-06,1.00994808935329e-05,2.39729619026184
"rossler",3,5,61,3.69897000433602,5000,4,13,"raw",26,4,13,"weak/raw/m=2w/p=4",381,"x3;x1 x3",TRUE,2,"x3;x1 x3",TRUE,2,2,0,0,TRUE,0.000111206417287266,0.199714688082637,0.199183967806301,0.200275657928133,0.199724627397209,0.00032897548549501,607.110973927686,0.00614423375464862,0.194383097388955,0.00614426173225204,-2.39115727697996e-07,2.17276856191356e-05,0.000115334898876551,3.2118284702301
"rossler",3,5,61,3.69897000433602,5000,4,13,"raw",26,8,13,"weak/raw/m=2w/p=8",381,"x3;x1 x3",TRUE,2,"x3;x1 x3",TRUE,2,2,0,0,TRUE,0.000105743669923722,0.199726931372818,0.198932519941879,0.200480950081097,0.199728624846719,0.000470131972917593,424.835230004084,0.0087893006958113,-0.200492354063132,0.00878930252410016,4.74803911077196e-08,7.38798163575725e-07,5.94701725448177e-06,2.86563348770142
"rossler",3,5,61,3.69897000433602,5000,4,13,"smoothed",13,4,6,"weak/smoothed/m=1w/p=4",829,"x3;x1 x3",TRUE,2,"x3;x1 x3",TRUE,2,2,0,0,TRUE,5.03689860298362e-05,0.199704414526637,0.198868539249654,0.200543519154887,0.199735274482183,0.000515544573583916,387.425810912298,0.0142413886621649,0.106326603794938,0.0142414185671758,-6.22980055082497e-06,0.000428324617476296,0.00247019510410668,2.91726446151733
"rossler",3,5,61,3.69897000433602,5000,4,13,"smoothed",13,8,6,"weak/smoothed/m=1w/p=8",829,"x3;x1 x3",TRUE,2,"x3;x1 x3",TRUE,2,2,0,0,TRUE,8.13534022808133e-05,0.199732622412784,0.198494366045924,0.200947778498449,0.199721425552477,0.000747629633760319,267.139525419756,0.0206581724223208,-0.235827675939514,0.0206581761454701,4.50496066424618e-08,1.16505462704443e-06,1.00994808935329e-05,2.42022180557251
"rossler",3,5,61,3.69897000433602,5000,4,13,"smoothed",26,4,13,"weak/smoothed/m=2w/p=4",381,"x3;x1 x3",TRUE,2,"x3;x1 x3",TRUE,2,2,0,0,TRUE,0.000111463491826856,0.19972453988187,0.199201153571448,0.200283250306496,0.199724848097236,0.000328929929189444,607.195728857517,0.00614338288784147,0.194521358689091,0.00614339655917958,-2.39115727697996e-07,2.17276856191356e-05,0.000115334898876551,3.14383149147034
"rossler",3,5,61,3.69897000433602,5000,4,13,"smoothed",26,8,13,"weak/smoothed/m=2w/p=8",381,"x3;x1 x3",TRUE,2,"x3;x1 x3",TRUE,2,2,0,0,TRUE,0.000105249876618218,0.199719027825513,0.198970253378897,0.200453562178279,0.199728665711763,0.000469931621043965,425.016442324229,0.00878555501363358,-0.200291240420432,0.00878556844327627,4.74803911077196e-08,7.38798163575725e-07,5.94701725448177e-06,2.55949020385742
"rossler",3,6,61,3.69897000433602,5000,4,13,"smoothed",NA,NA,NA,"sg",5000,"x3;x1 x3",TRUE,2,"x3;x1 x3",TRUE,2,2,0,0,TRUE,7.83537414368318e-05,0.199770210974323,0.198289607228942,0.201179282347286,0.199757657073275,0.000861568595736643,231.853456662359,0.0581791307706234,0.703313699073095,0.0581791357370096,-1.58246077023492e-06,0.00177549465001949,0.016875911241523,3.91973829269409
"rossler",3,6,61,3.69897000433602,5000,4,13,"raw",13,4,6,"weak/raw/m=1w/p=4",829,"x3;x1 x3",TRUE,2,"x3;x1 x3",TRUE,2,2,0,0,TRUE,0.00010136270232084,0.199803837897401,0.198946801631504,0.200698679583338,0.199816845885581,0.000545714645818317,366.156282256176,0.0149961730058529,0.117268180134689,0.0149961888384094,-3.53781137785089e-06,0.000414071102295881,0.00237562931577601,2.61991548538208
"rossler",3,6,61,3.69897000433602,5000,4,13,"raw",13,8,6,"weak/raw/m=1w/p=8",829,"x3;x1 x3",TRUE,2,"x3;x1 x3",TRUE,2,2,0,0,TRUE,6.1714671634748e-05,0.19978329901024,0.198496845701628,0.201100799573555,0.199788177522708,0.000819615984467181,243.75827376352,0.0225289553296882,-0.265878925598085,0.0225289988953193,6.88947184551669e-10,1.16528713917121e-06,1.13766165796281e-05,2.05470943450928
"rossler",3,6,61,3.69897000433602,5000,4,13,"raw",26,4,13,"weak/raw/m=2w/p=4",381,"x3;x1 x3",TRUE,2,"x3;x1 x3",TRUE,2,2,0,0,TRUE,6.38769137634068e-05,0.199818124755302,0.199209612532324,0.200459158870786,0.199828304392858,0.00036455250535148,548.146841564553,0.00677756484671017,0.263188471151182,0.00677757242879889,1.72506649870297e-08,2.08824890822933e-05,0.000110847977229878,2.85507321357727
"rossler",3,6,61,3.69897000433602,5000,4,13,"raw",26,8,13,"weak/raw/m=2w/p=8",381,"x3;x1 x3",TRUE,2,"x3;x1 x3",TRUE,2,2,0,0,TRUE,5.65987414208616e-05,0.199821608531245,0.199009299971424,0.200644250170211,0.199840306360749,0.000495370727381007,403.41565481128,0.00921862288565031,-0.153166348166124,0.00921864145431046,5.09511890348521e-09,7.65534608925472e-07,6.56121752201644e-06,2.64600038528442
"rossler",3,6,61,3.69897000433602,5000,4,13,"smoothed",13,4,6,"weak/smoothed/m=1w/p=4",829,"x3;x1 x3",TRUE,2,"x3;x1 x3",TRUE,2,2,0,0,TRUE,0.000100747520469961,0.19980094924803,0.19893869259261,0.200726283277648,0.199811372116296,0.000544743769813481,366.798820268675,0.0149694933660074,0.119866768330879,0.0149694937355085,-3.53781137785089e-06,0.000414071102295881,0.00237562931577601,2.53096389770508
"rossler",3,6,61,3.69897000433602,5000,4,13,"smoothed",13,8,6,"weak/smoothed/m=1w/p=8",829,"x3;x1 x3",TRUE,2,"x3;x1 x3",TRUE,2,2,0,0,TRUE,5.82126902259504e-05,0.199793670421127,0.198463714102746,0.201079987584552,0.199791379773808,0.000809373540730057,246.846937439536,0.0222474191688934,-0.255323236733498,0.0222474217420953,6.88947184551669e-10,1.16528713917121e-06,1.13766165796281e-05,2.14227247238159
"rossler",3,6,61,3.69897000433602,5000,4,13,"smoothed",26,4,13,"weak/smoothed/m=2w/p=4",381,"x3;x1 x3",TRUE,2,"x3;x1 x3",TRUE,2,2,0,0,TRUE,6.26852499207156e-05,0.199839902496886,0.199228827005614,0.20042867394854,0.19982831162431,0.00036454083772091,548.164405594791,0.00677734791705768,0.263176683004604,0.00677738138447509,1.72506649870297e-08,2.08824890822933e-05,0.000110847977229878,3.10221242904663
"rossler",3,6,61,3.69897000433602,5000,4,13,"smoothed",26,8,13,"weak/smoothed/m=2w/p=8",381,"x3;x1 x3",TRUE,2,"x3;x1 x3",TRUE,2,2,0,0,TRUE,5.58451067229782e-05,0.199820732691534,0.198958378802142,0.200651653728407,0.19984004908906,0.000495293144390214,403.478326628355,0.0092171790817248,-0.152878445138073,0.00921720135159565,5.09511890348521e-09,7.65534608925472e-07,6.56121752201644e-06,2.96652340888977
"rossler",3,7,61,3.69897000433602,5000,4,13,"smoothed",NA,NA,NA,"sg",5000,"x3;x1 x3",TRUE,2,"x3;x1 x3",TRUE,2,2,0,0,TRUE,0.000264759598720332,0.199811126025078,0.198644645969158,0.200946525039467,0.199791398174481,0.000693481017228779,288.099303673614,0.0468332649823153,0.691020059655787,0.0468332775257579,-1.49593619546963e-05,0.00185579516099558,0.0821737000757963,3.90128946304321
"rossler",3,7,61,3.69897000433602,5000,4,13,"raw",13,4,6,"weak/raw/m=1w/p=4",829,"x3;x1 x3",TRUE,2,"x3;x1 x3",TRUE,2,2,0,0,TRUE,0.000126278978009758,0.199922878934931,0.199158068840838,0.200656151634834,0.199922452022459,0.000449703968370091,444.564571549277,0.0123561968927633,0.14921757190711,0.0123562101983087,-4.7081092070921e-06,0.000342918171397579,0.00247209006589061,2.42892909049988
"rossler",3,7,61,3.69897000433602,5000,4,13,"raw",13,8,6,"weak/raw/m=1w/p=8",829,"x3;x1 x3",TRUE,2,"x3;x1 x3",TRUE,2,2,0,0,TRUE,0.000174630475012624,0.199896751247266,0.198803029706598,0.201006752021325,0.199882449786975,0.000667542033041771,299.430507583434,0.0183467228577549,-0.252887271386323,0.0183467294521678,2.95065782149439e-08,1.02377406647657e-06,1.17104460343742e-05,2.04225015640259
"rossler",3,7,61,3.69897000433602,5000,4,13,"raw",26,4,13,"weak/raw/m=2w/p=4",381,"x3;x1 x3",TRUE,2,"x3;x1 x3",TRUE,2,2,0,0,TRUE,0.000170139866453935,0.199914995540566,0.199437297958036,0.200383435699987,0.199908830651983,0.000308420666697658,648.169374615715,0.00572922935430779,0.249799722712258,0.00572929220294897,-1.81935074593741e-07,1.76621505151231e-05,0.000116832875643513,2.86807489395142
"rossler",3,7,61,3.69897000433602,5000,4,13,"raw",26,8,13,"weak/raw/m=2w/p=8",381,"x3;x1 x3",TRUE,2,"x3;x1 x3",TRUE,2,2,0,0,TRUE,0.000180584901110075,0.199906136104784,0.199248728246842,0.200594152298558,0.199907419671187,0.000417613363785998,478.690188117706,0.00776557774111254,-0.109919785604568,0.00776558713680678,3.12406537609913e-08,6.63684481694726e-07,6.69577774486951e-06,2.60867023468018
"rossler",3,7,61,3.69897000433602,5000,4,13,"smoothed",13,4,6,"weak/smoothed/m=1w/p=4",829,"x3;x1 x3",TRUE,2,"x3;x1 x3",TRUE,2,2,0,0,TRUE,0.000130121928489078,0.199897935447811,0.199150367856961,0.200643906242121,0.19991100947617,0.000448868074052123,445.36695976501,0.0123332296500169,0.152404590862783,0.0123332308726039,-4.7081092070921e-06,0.000342918171397579,0.00247209006589061,2.46931290626526
"rossler",3,7,61,3.69897000433602,5000,4,13,"smoothed",13,8,6,"weak/smoothed/m=1w/p=8",829,"x3;x1 x3",TRUE,2,"x3;x1 x3",TRUE,2,2,0,0,TRUE,0.000175084571684,0.199906528841934,0.198824835828464,0.200929303607932,0.199890242114255,0.000659638823771487,303.02983225181,0.0181295109715674,-0.241861763220482,0.0181295204157914,2.95065782149439e-08,1.02377406647657e-06,1.17104460343742e-05,2.07455682754517
"rossler",3,7,61,3.69897000433602,5000,4,13,"smoothed",26,4,13,"weak/smoothed/m=2w/p=4",381,"x3;x1 x3",TRUE,2,"x3;x1 x3",TRUE,2,2,0,0,TRUE,0.000170288856483761,0.199920430975872,0.19938852059293,0.200442740936209,0.199908725424128,0.00030845575439446,648.095302409176,0.00572988113488349,0.249730651082745,0.00572992456988841,-1.81935074593741e-07,1.76621505151231e-05,0.000116832875643513,2.88265872001648
"rossler",3,7,61,3.69897000433602,5000,4,13,"smoothed",26,8,13,"weak/smoothed/m=2w/p=8",381,"x3;x1 x3",TRUE,2,"x3;x1 x3",TRUE,2,2,0,0,TRUE,0.000183498309324635,0.19991710037759,0.199209744265047,0.200600949982194,0.199907460845083,0.000417588447707652,478.718848527714,0.00776511440659716,-0.109888892581431,0.0077651192528527,3.12406537609913e-08,6.63684481694726e-07,6.69577774486951e-06,2.62539958953857
"rossler",3,8,61,3.69897000433602,5000,4,13,"smoothed",NA,NA,NA,"sg",5000,"x3;x1 x3",TRUE,2,"x3;x1 x3",TRUE,2,2,0,0,TRUE,0.000214296508229017,0.20032336454269,0.199389439381829,0.201304702695583,0.200333178997913,0.000576985547332622,347.206580691742,0.0384937324952705,0.691203919227682,0.0384937339233344,4.28375063955632e-06,0.000707662762627598,0.0249266712934741,4.84715580940247
"rossler",3,8,61,3.69897000433602,5000,4,13,"raw",13,4,6,"weak/raw/m=1w/p=4",829,"x3;x1 x3",TRUE,2,"x3;x1 x3",TRUE,2,2,0,0,TRUE,0.000111636832133666,0.200451502342005,0.199855052625871,0.201044890275041,0.200446129121864,0.00035678161366327,561.817429614084,0.00966911580267319,0.100043253452588,0.00966911958020946,-1.07448345535881e-05,0.000249941577263084,0.00172536785777738,4.20436310768127
"rossler",3,8,61,3.69897000433602,5000,4,13,"raw",13,8,6,"weak/raw/m=1w/p=8",829,"x3;x1 x3",TRUE,2,"x3;x1 x3",TRUE,2,2,0,0,TRUE,0.000153900126752426,0.2004141939598,0.199534465430819,0.201308948717405,0.200425139417591,0.000537935698109079,372.581964948811,0.0145823502624436,-0.286813571510454,0.0145823654255566,2.10881551461254e-08,6.75549226086233e-07,7.54261672958334e-06,3.60787773132324
"rossler",3,8,61,3.69897000433602,5000,4,13,"raw",26,4,13,"weak/raw/m=2w/p=4",381,"x3;x1 x3",TRUE,2,"x3;x1 x3",TRUE,2,2,0,0,TRUE,0.000155834801077281,0.200408364554369,0.200025628869104,0.200797093351313,0.200404365269276,0.000231879221580894,864.261851074753,0.0042462676001302,0.245361134300797,0.00424626833077868,-4.87163030852109e-07,1.31774585578811e-05,8.34238024552403e-05,4.80105686187744
"rossler",3,8,61,3.69897000433602,5000,4,13,"raw",26,8,13,"weak/raw/m=2w/p=8",381,"x3;x1 x3",TRUE,2,"x3;x1 x3",TRUE,2,2,0,0,TRUE,0.000167965344577303,0.200409443306352,0.199898527099334,0.200931604574147,0.200394434999513,0.00032161372831804,623.090426044703,0.00589574058810825,-0.140944772360823,0.00589577346197671,2.88583639981861e-08,4.57679463314856e-07,3.21353851545636e-06,4.31060314178467
"rossler",3,8,61,3.69897000433602,5000,4,13,"smoothed",13,4,6,"weak/smoothed/m=1w/p=4",829,"x3;x1 x3",TRUE,2,"x3;x1 x3",TRUE,2,2,0,0,TRUE,0.000111183925848413,0.200433669755625,0.199848521274974,0.201019390783769,0.200438919963813,0.000356095644022066,562.879449183581,0.00965052549272867,0.103344228333304,0.00965052907111392,-1.07448345535881e-05,0.000249941577263084,0.00172536785777738,3.81797528266907
"rossler",3,8,61,3.69897000433602,5000,4,13,"smoothed",13,8,6,"weak/smoothed/m=1w/p=8",829,"x3;x1 x3",TRUE,2,"x3;x1 x3",TRUE,2,2,0,0,TRUE,0.000154993721038998,0.200421931146843,0.199549074201753,0.20132458718301,0.200430689227607,0.000531501993537879,377.102422313534,0.0144079453886427,-0.276158551366237,0.0144079498017654,2.10881551461254e-08,6.75549226086233e-07,7.54261672958334e-06,3.35298156738281
"rossler",3,8,61,3.69897000433602,5000,4,13,"smoothed",26,4,13,"weak/smoothed/m=2w/p=4",381,"x3;x1 x3",TRUE,2,"x3;x1 x3",TRUE,2,2,0,0,TRUE,0.000156209641526184,0.200395039626741,0.200022380860319,0.200793308428999,0.200404343126291,0.000231917957556134,864.117402714638,0.0042469769419351,0.245362118334804,0.00424698725818218,-4.87163030852109e-07,1.31774585578811e-05,8.34238024552403e-05,4.95883846282959
"rossler",3,8,61,3.69897000433602,5000,4,13,"smoothed",26,8,13,"weak/smoothed/m=2w/p=8",381,"x3;x1 x3",TRUE,2,"x3;x1 x3",TRUE,2,2,0,0,TRUE,0.000169282673608828,0.200390856293159,0.199876455562438,0.200916426440143,0.200394489683392,0.000321548049100892,623.217868196469,0.00589453656101997,-0.140793478173716,0.00589454756766131,2.88583639981861e-08,4.57679463314856e-07,3.21353851545636e-06,4.04981803894043
"rossler",3,9,61,3.69897000433602,5000,4,13,"smoothed",NA,NA,NA,"sg",5000,"x3;x1 x3",TRUE,2,"x3;x1 x3",TRUE,2,2,0,0,TRUE,0.000112192435097747,0.200143912922023,0.199049819496923,0.201216855386565,0.200146683244084,0.000649532896199831,308.139409743626,0.0418120792586753,0.694668330115553,0.0418120864665339,-2.11842303478105e-05,0.0016704806425167,0.101197599099746,5.7254753112793
"rossler",3,9,61,3.69897000433602,5000,4,13,"raw",13,4,6,"weak/raw/m=1w/p=4",829,"x3;x1 x3",TRUE,2,"x3;x1 x3",TRUE,2,2,0,0,TRUE,7.20153333531037e-05,0.200139517559976,0.199464106657743,0.200796246190227,0.200139194407709,0.000424063360863677,471.955874707242,0.0111061589358589,0.132722903261297,0.0111061589533119,-1.78176300941479e-06,0.000277110490781143,0.00229322845660535,4.08282017707825
"rossler",3,9,61,3.69897000433602,5000,4,13,"raw",13,8,6,"weak/raw/m=1w/p=8",829,"x3;x1 x3",TRUE,2,"x3;x1 x3",TRUE,2,2,0,0,TRUE,0.000129469633542323,0.200163650080719,0.199148824261046,0.201193355182158,0.20012955560318,0.000621403436998063,322.060586870884,0.0162810909581149,-0.244297129526803,0.0162811140346523,2.13497738388583e-08,8.78192326950156e-07,7.93571488061362e-06,1.82267475128174
"rossler",3,9,61,3.69897000433602,5000,4,13,"raw",26,4,13,"weak/raw/m=2w/p=4",381,"x3;x1 x3",TRUE,2,"x3;x1 x3",TRUE,2,2,0,0,TRUE,8.24936646459662e-05,0.200140123955847,0.199697423965194,0.200598785540648,0.200141287736014,0.000278565768946419,718.470501573044,0.0049348838276954,0.223529955199146,0.00493489588878568,1.1676516587393e-08,1.47164299971018e-05,8.36512162180614e-05,3.39126706123352
"rossler",3,9,61,3.69897000433602,5000,4,13,"raw",26,8,13,"weak/raw/m=2w/p=8",381,"x3;x1 x3",TRUE,2,"x3;x1 x3",TRUE,2,2,0,0,TRUE,0.000107444983126426,0.200128031416427,0.199497455549534,0.20076162395548,0.200131384771172,0.00037549187499856,532.98459459859,0.0066627320087897,-0.135867231885627,0.00666274385807045,1.93030973091875e-08,6.34548026225444e-07,4.73423052865796e-06,2.40793442726135
"rossler",3,9,61,3.69897000433602,5000,4,13,"smoothed",13,4,6,"weak/smoothed/m=1w/p=4",829,"x3;x1 x3",TRUE,2,"x3;x1 x3",TRUE,2,2,0,0,TRUE,7.4062209647785e-05,0.200137534245778,0.199437297460838,0.200854149325943,0.200140746467524,0.000423182749710607,472.94164661577,0.0110830960067918,0.135613544242018,0.0110831191125605,-1.78176300941479e-06,0.000277110490781143,0.00229322845660535,3.92741823196411
"rossler",3,9,61,3.69897000433602,5000,4,13,"smoothed",13,8,6,"weak/smoothed/m=1w/p=8",829,"x3;x1 x3",TRUE,2,"x3;x1 x3",TRUE,2,2,0,0,TRUE,0.000129638144682254,0.200128554770333,0.199162527059784,0.201194032807433,0.200128990336541,0.000614909791562762,325.460731122728,0.0161109539183361,-0.233344171958042,0.016110954128393,2.13497738388583e-08,8.78192326950156e-07,7.93571488061362e-06,2.09757328033447
"rossler",3,9,61,3.69897000433602,5000,4,13,"smoothed",26,4,13,"weak/smoothed/m=2w/p=4",381,"x3;x1 x3",TRUE,2,"x3;x1 x3",TRUE,2,2,0,0,TRUE,8.44236565560319e-05,0.200141447994488,0.199690741428225,0.200597311643952,0.200141052836039,0.00027855611049332,718.494570022505,0.00493471271330128,0.223615138708472,0.00493473108064488,1.1676516587393e-08,1.47164299971018e-05,8.36512162180614e-05,2.87768697738647
"rossler",3,9,61,3.69897000433602,5000,4,13,"smoothed",26,8,13,"weak/smoothed/m=2w/p=8",381,"x3;x1 x3",TRUE,2,"x3;x1 x3",TRUE,2,2,0,0,TRUE,0.000108065787583045,0.200140386338584,0.199522365897112,0.20076169453016,0.200131450391625,0.000375446164887702,533.049659600292,0.00666192090999188,-0.135720363586681,0.00666192189584018,1.93030973091875e-08,6.34548026225444e-07,4.73423052865796e-06,2.44996404647827
"rossler",3,10,61,3.69897000433602,5000,4,13,"smoothed",NA,NA,NA,"sg",5000,"x3;x1 x3",TRUE,2,"x3;x1 x3",TRUE,2,2,0,0,TRUE,0.000165801558512899,0.199705676854131,0.198460775275811,0.200943248272574,0.199746656671588,0.000731425513162929,273.092274027763,0.0490923867851022,0.686975387963199,0.0490923868146068,-3.4762390602992e-07,0.00135596803645821,0.0181977549262299,3.75630164146423
"rossler",3,10,61,3.69897000433602,5000,4,13,"raw",13,4,6,"weak/raw/m=1w/p=4",829,"x3;x1 x3",TRUE,2,"x3;x1 x3",TRUE,2,2,0,0,TRUE,6.13005169020952e-05,0.199870801728619,0.199050340898786,0.200636015129693,0.199851196124225,0.000491306786152543,406.774752063316,0.0134143540588525,0.162988948102257,0.0134143651009996,-5.79816795755963e-06,0.000346278199045694,0.00244916356134867,2.71942043304443
"rossler",3,10,61,3.69897000433602,5000,4,13,"raw",13,8,6,"weak/raw/m=1w/p=8",829,"x3;x1 x3",TRUE,2,"x3;x1 x3",TRUE,2,2,0,0,TRUE,0.000104460146607864,0.199813465299586,0.198684494061884,0.200914027465664,0.199810027436802,0.000704077702845398,283.789738873007,0.0192290541702903,-0.185667846026679,0.0192290547146966,2.09105035460871e-08,7.55795915724622e-07,7.47377241622216e-06,2.15781378746033
"rossler",3,10,61,3.69897000433602,5000,4,13,"raw",26,4,13,"weak/raw/m=2w/p=4",381,"x3;x1 x3",TRUE,2,"x3;x1 x3",TRUE,2,2,0,0,TRUE,9.61163977107628e-05,0.199873868308565,0.199348235668304,0.200388383280438,0.199864833818224,0.00032018323921322,624.220163145791,0.00591109337962011,0.133013930898472,0.00591109591880924,-3.4021866186664e-07,1.7955740818224e-05,0.000112590417255365,3.04754567146301
"rossler",3,10,61,3.69897000433602,5000,4,13,"raw",26,8,13,"weak/raw/m=2w/p=8",381,"x3;x1 x3",TRUE,2,"x3;x1 x3",TRUE,2,2,0,0,TRUE,9.83937830396592e-05,0.199882444737713,0.19911207395195,0.200647318106426,0.199879659700632,0.000462686380582026,431.998148398486,0.00855107518313813,-0.25333410524239,0.00855109352614591,2.94615234188163e-08,4.78572155914238e-07,3.80371866554041e-06,2.43577408790588
"rossler",3,10,61,3.69897000433602,5000,4,13,"smoothed",13,4,6,"weak/smoothed/m=1w/p=4",829,"x3;x1 x3",TRUE,2,"x3;x1 x3",TRUE,2,2,0,0,TRUE,5.95826764287167e-05,0.199827920153513,0.199009857204221,0.200654633876218,0.199837647088384,0.000490592876592343,407.339072015182,0.0133948618957343,0.165206511324355,0.0133948672348667,-5.79816795755963e-06,0.000346278199045694,0.00244916356134867,2.32872676849365
"rossler",3,10,61,3.69897000433602,5000,4,13,"smoothed",13,8,6,"weak/smoothed/m=1w/p=8",829,"x3;x1 x3",TRUE,2,"x3;x1 x3",TRUE,2,2,0,0,TRUE,0.000103176040913729,0.199803786665537,0.198655562631138,0.200887605697891,0.199819115386651,0.000696252991446531,286.992110398704,0.0190153534083507,-0.176082659433311,0.0190153718413016,2.09105035460871e-08,7.55795915724622e-07,7.47377241622216e-06,2.07567238807678
"rossler",3,10,61,3.69897000433602,5000,4,13,"smoothed",26,4,13,"weak/smoothed/m=2w/p=4",381,"x3;x1 x3",TRUE,2,"x3;x1 x3",TRUE,2,2,0,0,TRUE,9.45250867596826e-05,0.199858888947818,0.199316967268947,0.200406252831685,0.199865165361142,0.000320177435233942,624.232514121764,0.00591098621062335,0.133055883365615,0.00591100445001091,-3.4021866186664e-07,1.7955740818224e-05,0.000112590417255365,2.98061490058899
"rossler",3,10,61,3.69897000433602,5000,4,13,"smoothed",26,8,13,"weak/smoothed/m=2w/p=8",381,"x3;x1 x3",TRUE,2,"x3;x1 x3",TRUE,2,2,0,0,TRUE,9.71201150835268e-05,0.199887863925754,0.199118083722848,0.200683860983907,0.199879885600502,0.000462593619780911,432.085262427888,0.00854936080856801,-0.253259920027517,0.00854936409895497,2.94615234188163e-08,4.78572155914238e-07,3.80371866554041e-06,2.47090411186218
"rossler",3,11,61,3.69897000433602,5000,4,13,"smoothed",NA,NA,NA,"sg",5000,"x3;x1 x3",TRUE,2,"x3;x1 x3",TRUE,2,2,0,0,TRUE,2.52549102524269e-05,0.200427061858573,0.198999983965052,0.201793028867091,0.20041404039328,0.000848757183871231,236.126473155938,0.0580812423651244,0.682793092971942,0.0580812511335081,-1.00105954454302e-05,0.00353303066461043,0.0538578371182041,3.84621024131775
"rossler",3,11,61,3.69897000433602,5000,4,13,"raw",13,4,6,"weak/raw/m=1w/p=4",829,"x3;x1 x3",TRUE,2,"x3;x1 x3",TRUE,2,2,0,0,TRUE,0.00010327873879574,0.200285315559761,0.199379568256916,0.201212503360245,0.200294509675355,0.000541283585178328,370.036179111855,0.0150725640037731,0.146080117130314,0.0150725664786133,-2.45458409019306e-06,0.000469401785289327,0.00380715285362215,2.68704319000244
"rossler",3,11,61,3.69897000433602,5000,4,13,"raw",13,8,6,"weak/raw/m=1w/p=8",829,"x3;x1 x3",TRUE,2,"x3;x1 x3",TRUE,2,2,0,0,TRUE,6.55677837247238e-05,0.200252832146097,0.198974360083536,0.201522086662088,0.200263165740009,0.000795230666097411,251.830285573366,0.0221493526738504,-0.222944187778278,0.0221493670888226,1.34473148483982e-08,1.44737313193031e-06,1.42482793059062e-05,2.65487718582153
"rossler",3,11,61,3.69897000433602,5000,4,13,"raw",26,4,13,"weak/raw/m=2w/p=4",381,"x3;x1 x3",TRUE,2,"x3;x1 x3",TRUE,2,2,0,0,TRUE,5.63055515318087e-05,0.20030829129303,0.199723433471558,0.200927837844333,0.200327813685441,0.000372626229650053,537.610607480789,0.00701585782521479,0.267292915078702,0.00701586143627008,-9.28466617038749e-08,2.30460232211534e-05,0.000167565167754458,3.26685547828674
"rossler",3,11,61,3.69897000433602,5000,4,13,"raw",26,8,13,"weak/raw/m=2w/p=8",381,"x3;x1 x3",TRUE,2,"x3;x1 x3",TRUE,2,2,0,0,TRUE,5.30229571318436e-05,0.200305194070836,0.199501242720454,0.201137999274802,0.200340821737115,0.000496821392472557,403.24515967412,0.00936262687578373,-0.115292733418023,0.00936266984117798,1.86020193038995e-08,8.798395007722e-07,8.86171767006116e-06,3.03067350387573
"rossler",3,11,61,3.69897000433602,5000,4,13,"smoothed",13,4,6,"weak/smoothed/m=1w/p=4",829,"x3;x1 x3",TRUE,2,"x3;x1 x3",TRUE,2,2,0,0,TRUE,0.000102064017646809,0.200277286803733,0.199383720884006,0.201172457849978,0.20028958860244,0.000540258524630019,370.729159229098,0.015044020037148,0.147949880051266,0.0150440224115745,-2.45458409019306e-06,0.000469401785289327,0.00380715285362215,2.87149596214294
"rossler",3,11,61,3.69897000433602,5000,4,13,"smoothed",13,8,6,"weak/smoothed/m=1w/p=8",829,"x3;x1 x3",TRUE,2,"x3;x1 x3",TRUE,2,2,0,0,TRUE,6.67543754377202e-05,0.200244736869636,0.198970752724327,0.201519858536533,0.200265654616129,0.000785477889838838,254.960269673815,0.0218777111212816,-0.213446130732294,0.0218777122488762,1.34473148483982e-08,1.44737313193031e-06,1.42482793059062e-05,2.57142400741577
"rossler",3,11,61,3.69897000433602,5000,4,13,"smoothed",26,4,13,"weak/smoothed/m=2w/p=4",381,"x3;x1 x3",TRUE,2,"x3;x1 x3",TRUE,2,2,0,0,TRUE,5.59498413012592e-05,0.200311301240805,0.199706768750434,0.200915811809318,0.200327676806574,0.000372524642595058,537.756845858745,0.00701394511189899,0.267650746858317,0.00701395612089342,-9.28466617038749e-08,2.30460232211534e-05,0.000167565167754458,3.6232898235321
"rossler",3,11,61,3.69897000433602,5000,4,13,"smoothed",26,8,13,"weak/smoothed/m=2w/p=8",381,"x3;x1 x3",TRUE,2,"x3;x1 x3",TRUE,2,2,0,0,TRUE,5.53995940593366e-05,0.200359870345918,0.19955829087106,0.20116341690918,0.200340737815635,0.000496585725405071,403.436360665048,0.00935818568979746,-0.114868381511444,0.00935819400831159,1.86020193038995e-08,8.798395007722e-07,8.86171767006116e-06,2.9331955909729
"rossler",3,12,61,3.69897000433602,5000,4,13,"smoothed",NA,NA,NA,"sg",5000,"x3;x1 x3",TRUE,2,"x3;x1 x3",TRUE,2,2,0,0,TRUE,0.000203611872744347,0.199397440102918,0.19822494969207,0.200615400236644,0.199414751135286,0.00073655556119275,270.739590659476,0.0488015857014383,0.685685729963492,0.0488015860819527,-6.64855746802384e-07,0.00237937647762038,0.124321945399086,3.64294409751892
"rossler",3,12,61,3.69897000433602,5000,4,13,"raw",13,4,6,"weak/raw/m=1w/p=4",829,"x3;x1 x3",TRUE,2,"x3;x1 x3",TRUE,2,2,0,0,TRUE,0.000103596907889463,0.199567389453559,0.198773142677963,0.200385286739952,0.19956126685251,0.000492516827600021,405.186697528589,0.0132455331435734,0.189552296579361,0.0132455441051248,-1.88981921945528e-05,0.000326965186189982,0.00256699193669335,2.3874089717865
"rossler",3,12,61,3.69897000433602,5000,4,13,"raw",13,8,6,"weak/raw/m=1w/p=8",829,"x3;x1 x3",TRUE,2,"x3;x1 x3",TRUE,2,2,0,0,TRUE,0.000146245596760327,0.199556310426232,0.198434885744101,0.200643912020376,0.199536836986576,0.000697752240240981,285.970901243774,0.0187719307870009,-0.189753034738211,0.0187719512599581,-1.67951506047039e-08,9.26961299528012e-07,1.67860132276876e-05,2.15779137611389
"rossler",3,12,61,3.69897000433602,5000,4,13,"raw",26,4,13,"weak/raw/m=2w/p=4",381,"x3;x1 x3",TRUE,2,"x3;x1 x3",TRUE,2,2,0,0,TRUE,0.000150535662382062,0.199455791667619,0.198887397399551,0.200031881761924,0.199470259868239,0.000346751034237788,575.254981738426,0.00628004119730604,0.241103056895827,0.006280052016342,-9.73894341410262e-07,1.69568264912813e-05,0.000115914472833378,2.81352090835571
"rossler",3,12,61,3.69897000433602,5000,4,13,"raw",26,8,13,"weak/raw/m=2w/p=8",381,"x3;x1 x3",TRUE,2,"x3;x1 x3",TRUE,2,2,0,0,TRUE,0.000169978325581249,0.199435503563767,0.198677826732604,0.200210230284865,0.199438251069309,0.000467059596328833,427.008143365273,0.0084696867428213,-0.110972387880332,0.00846968991918937,1.6971819380757e-08,5.11879467510095e-07,5.59126441251889e-06,2.53597354888916
"rossler",3,12,61,3.69897000433602,5000,4,13,"smoothed",13,4,6,"weak/smoothed/m=1w/p=4",829,"x3;x1 x3",TRUE,2,"x3;x1 x3",TRUE,2,2,0,0,TRUE,0.000101980544089075,0.199549031093039,0.198735103135074,0.200383243520137,0.199559122368505,0.000491687951956267,405.865389978591,0.0132232416219689,0.193434126302682,0.0132232434617231,-1.88981921945528e-05,0.000326965186189982,0.00256699193669335,2.26583504676819
"rossler",3,12,61,3.69897000433602,5000,4,13,"smoothed",13,8,6,"weak/smoothed/m=1w/p=8",829,"x3;x1 x3",TRUE,2,"x3;x1 x3",TRUE,2,2,0,0,TRUE,0.000143732813350676,0.199532151629245,0.198391269813088,0.200668602953223,0.199541571113165,0.000691412499892064,288.599889565658,0.0186013699314291,-0.178643341649203,0.0186013721879806,-1.67951506047039e-08,9.26961299528012e-07,1.67860132276876e-05,1.93585729598999
"rossler",3,12,61,3.69897000433602,5000,4,13,"smoothed",26,4,13,"weak/smoothed/m=2w/p=4",381,"x3;x1 x3",TRUE,2,"x3;x1 x3",TRUE,2,2,0,0,TRUE,0.000149026445000351,0.199478450339,0.198884866504405,0.200065527683923,0.199470021719225,0.000346734863955226,575.281122422643,0.0062797483487715,0.241285542948453,0.00627976415838178,-9.73894341410262e-07,1.69568264912813e-05,0.000115914472833378,2.53805756568909
"rossler",3,12,61,3.69897000433602,5000,4,13,"smoothed",26,8,13,"weak/smoothed/m=2w/p=8",381,"x3;x1 x3",TRUE,2,"x3;x1 x3",TRUE,2,2,0,0,TRUE,0.000168902707584862,0.199436404567155,0.198684617412899,0.200245421600788,0.199437808669964,0.000466940484449281,427.116121458572,0.00846752677924133,-0.110858459012215,0.00846754162791506,1.6971819380757e-08,5.11879467510095e-07,5.59126441251889e-06,2.34332227706909
"rossler",3,13,61,3.69897000433602,5000,4,13,"smoothed",NA,NA,NA,"sg",5000,"x3;x1 x3",TRUE,2,"x3;x1 x3",TRUE,2,2,0,0,TRUE,0.000156042805648544,0.20087349491302,0.199549417390774,0.202149227440105,0.200848450095868,0.000790293654432235,254.144075394559,0.052816171503819,0.685602631644237,0.0528161740683645,-1.44401746842394e-05,0.00619979194042854,0.399241763914529,3.88769865036011
"rossler",3,13,61,3.69897000433602,5000,4,13,"raw",13,4,6,"weak/raw/m=1w/p=4",829,"x3;x1 x3",TRUE,2,"x3;x1 x3",TRUE,2,2,0,0,TRUE,0.000108184907175346,0.200496741384707,0.199698431709804,0.201280667104697,0.200490547360007,0.000498742908934426,401.991775258236,0.0135505947025832,0.152228218689773,0.013550595049462,-7.20674893628672e-06,0.000387033128812454,0.00330455311974448,2.60260510444641
"rossler",3,13,61,3.69897000433602,5000,4,13,"raw",13,8,6,"weak/raw/m=1w/p=8",829,"x3;x1 x3",TRUE,2,"x3;x1 x3",TRUE,2,2,0,0,TRUE,0.000145641178458167,0.200487499170304,0.199199142597413,0.201716120833058,0.20050233989528,0.00073551894956594,272.599829023582,0.0199906188669633,-0.2512168681335,0.0199906279341914,3.80531736370388e-08,1.19012401911145e-06,1.18908172332399e-05,2.27122139930725
"rossler",3,13,61,3.69897000433602,5000,4,13,"raw",26,4,13,"weak/raw/m=2w/p=4",381,"x3;x1 x3",TRUE,2,"x3;x1 x3",TRUE,2,2,0,0,TRUE,0.000155124733793199,0.200478880181793,0.199898676531004,0.201076030304004,0.2004858278733,0.000345018898815342,581.086510222162,0.00633552913261054,0.267635020843991,0.00633553493846899,-2.97812120129172e-07,1.99065823427257e-05,0.000107683702121275,3.00933218002319
"rossler",3,13,61,3.69897000433602,5000,4,13,"raw",26,8,13,"weak/raw/m=2w/p=8",381,"x3;x1 x3",TRUE,2,"x3;x1 x3",TRUE,2,2,0,0,TRUE,0.000155185336230046,0.200497977369294,0.199737983587946,0.201288745648977,0.200495967203983,0.000468417892431584,428.027986213757,0.00861222999508399,-0.121974395486003,0.00861225165820781,4.12289745199194e-08,8.57110796279782e-07,7.73508267998269e-06,2.65182161331177
"rossler",3,13,61,3.69897000433602,5000,4,13,"smoothed",13,4,6,"weak/smoothed/m=1w/p=4",829,"x3;x1 x3",TRUE,2,"x3;x1 x3",TRUE,2,2,0,0,TRUE,0.000108298353731939,0.200490297564462,0.199696558821156,0.201300957052111,0.200498605107679,0.000497670246044738,402.874406700327,0.0135214507869399,0.155161346975702,0.013521475779716,-7.20674893628672e-06,0.000387033128812454,0.00330455311974448,2.81114745140076
"rossler",3,13,61,3.69897000433602,5000,4,13,"smoothed",13,8,6,"weak/smoothed/m=1w/p=8",829,"x3;x1 x3",TRUE,2,"x3;x1 x3",TRUE,2,2,0,0,TRUE,0.0001464150075422,0.200458165833238,0.199302075886831,0.201658563271691,0.200497736563441,0.000727326131203887,275.664145644778,0.0197679468963794,-0.239735767673571,0.0197679488023513,3.80531736370388e-08,1.19012401911145e-06,1.18908172332399e-05,2.26457762718201
"rossler",3,13,61,3.69897000433602,5000,4,13,"smoothed",26,4,13,"weak/smoothed/m=2w/p=4",381,"x3;x1 x3",TRUE,2,"x3;x1 x3",TRUE,2,2,0,0,TRUE,0.000156747975495919,0.200472960708143,0.199906956483574,0.201063666230381,0.200486116092567,0.000345019139707923,581.086939879015,0.00633553353131304,0.267771760713532,0.00633553825161645,-2.97812120129172e-07,1.99065823427257e-05,0.000107683702121275,3.22969770431519
"rossler",3,13,61,3.69897000433602,5000,4,13,"smoothed",26,8,13,"weak/smoothed/m=2w/p=8",381,"x3;x1 x3",TRUE,2,"x3;x1 x3",TRUE,2,2,0,0,TRUE,0.000157671185684771,0.200495529673368,0.19974859666765,0.201253782975868,0.200496220585517,0.000468320676406278,428.117379151508,0.00861044256175435,-0.121738286135238,0.00861044474229516,4.12289745199194e-08,8.57110796279782e-07,7.73508267998269e-06,2.61002016067505
"rossler",3,14,61,3.69897000433602,5000,4,13,"smoothed",NA,NA,NA,"sg",5000,"x3;x1 x3",TRUE,2,"x3;x1 x3",TRUE,2,2,0,0,TRUE,4.36120879414581e-05,0.200122669288855,0.198563270009991,0.201696990945107,0.200139308530358,0.000920765213722949,217.361934994406,0.0623408426893048,0.693098007658951,0.0623408431238719,0.000107358852728471,0.00282315203419343,0.0585147069175889,5.84355020523071
"rossler",3,14,61,3.69897000433602,5000,4,13,"raw",13,4,6,"weak/raw/m=1w/p=4",829,"x3;x1 x3",TRUE,2,"x3;x1 x3",TRUE,2,2,0,0,TRUE,0.000251284670871765,0.200078319699729,0.19914910799174,0.201002780371301,0.200064234994344,0.000576184955315553,347.222247211881,0.0158962481167978,0.113540658094402,0.0158962748180745,8.19119057083696e-06,0.000446412922921219,0.00288276615976885,4.68890428543091
"rossler",3,14,61,3.69897000433602,5000,4,13,"raw",13,8,6,"weak/raw/m=1w/p=8",829,"x3;x1 x3",TRUE,2,"x3;x1 x3",TRUE,2,2,0,0,TRUE,0.000207940008567942,0.199996692090218,0.198679455697914,0.201330790390357,0.200026446480526,0.000852313611603928,234.686439072709,0.0235207696120831,-0.25666380566539,0.0235207969560219,3.11751765283777e-08,1.24305562002609e-06,1.35113740792892e-05,4.01854825019836
"rossler",3,14,61,3.69897000433602,5000,4,13,"raw",26,4,13,"weak/raw/m=2w/p=4",381,"x3;x1 x3",TRUE,2,"x3;x1 x3",TRUE,2,2,0,0,TRUE,0.000185473669164216,0.200022113362391,0.199428440904213,0.200608723943793,0.200021435163084,0.000361596617115308,553.161798798854,0.00674929372516274,0.138513462186778,0.00674929786831054,7.49727109003968e-07,2.20645181324741e-05,0.000120746043333508,5.78518652915955
"rossler",3,14,61,3.69897000433602,5000,4,13,"raw",26,8,13,"weak/raw/m=2w/p=8",381,"x3;x1 x3",TRUE,2,"x3;x1 x3",TRUE,2,2,0,0,TRUE,0.000193116445575292,0.200008055191116,0.19914809557943,0.200854786947045,0.200011159914054,0.0005013126049255,398.974926919656,0.00936638073431114,-0.22158613856558,0.00936639300116972,2.00090396455628e-08,7.10370824903395e-07,5.25762253572593e-06,5.22526979446411
"rossler",3,14,61,3.69897000433602,5000,4,13,"smoothed",13,4,6,"weak/smoothed/m=1w/p=4",829,"x3;x1 x3",TRUE,2,"x3;x1 x3",TRUE,2,2,0,0,TRUE,0.000251658966459178,0.20004704557567,0.199113013601759,0.20100847307851,0.200056671647867,0.00057473645659225,348.084185983348,0.0158562857964137,0.11656856488559,0.0158562897830957,8.19119057083696e-06,0.000446412922921219,0.00288276615976885,4.47676086425781
"rossler",3,14,61,3.69897000433602,5000,4,13,"smoothed",13,8,6,"weak/smoothed/m=1w/p=8",829,"x3;x1 x3",TRUE,2,"x3;x1 x3",TRUE,2,2,0,0,TRUE,0.000209178511443531,0.200003690566454,0.198613966899852,0.201389558193884,0.200032362339243,0.00084234748148256,237.470125733835,0.0232457402461837,-0.247265444973264,0.0232458705907643,3.11751765283777e-08,1.24305562002609e-06,1.35113740792892e-05,3.88814258575439
"rossler",3,14,61,3.69897000433602,5000,4,13,"smoothed",26,4,13,"weak/smoothed/m=2w/p=4",381,"x3;x1 x3",TRUE,2,"x3;x1 x3",TRUE,2,2,0,0,TRUE,0.000184440292229748,0.200038617929601,0.199428886780662,0.200654686143229,0.200021703686841,0.000361438512366101,553.404512367624,0.00674634262736942,0.138751077935254,0.00674634341006452,7.49727109003968e-07,2.20645181324741e-05,0.000120746043333508,5.66198444366455
"rossler",3,14,61,3.69897000433602,5000,4,13,"smoothed",26,8,13,"weak/smoothed/m=2w/p=8",381,"x3;x1 x3",TRUE,2,"x3;x1 x3",TRUE,2,2,0,0,TRUE,0.00019417392293164,0.200025147800217,0.199189786813523,0.200844023027301,0.200011239604953,0.00050105719873829,399.178457287113,0.00936160874867709,-0.221502782191539,0.00936161516185268,2.00090396455628e-08,7.10370824903395e-07,5.25762253572593e-06,5.24833059310913
"rossler",3,15,61,3.69897000433602,5000,4,13,"smoothed",NA,NA,NA,"sg",5000,"x3;x1 x3",TRUE,2,"x3;x1 x3",TRUE,2,2,0,0,TRUE,4.48725977973963e-05,0.200346768639205,0.199035128667302,0.201645027544847,0.200340487228199,0.000749240348662891,267.39148203341,0.0508486028905972,0.675445770310458,0.0508486111657361,1.01891273367517e-05,0.00193348551131852,0.0255300027462823,3.66580247879028
"rossler",3,15,61,3.69897000433602,5000,4,13,"raw",13,4,6,"weak/raw/m=1w/p=4",829,"x3;x1 x3",TRUE,2,"x3;x1 x3",TRUE,2,2,0,0,TRUE,0.000140786971374084,0.200339937606076,0.199556747259559,0.201129749446953,0.200350017730665,0.000479386273113246,417.930234901272,0.0132384430588875,0.137931015629058,0.0132384525875843,-9.48018995175576e-06,0.000394960040965501,0.00283507618112538,2.9503448009491
"rossler",3,15,61,3.69897000433602,5000,4,13,"raw",13,8,6,"weak/raw/m=1w/p=8",829,"x3;x1 x3",TRUE,2,"x3;x1 x3",TRUE,2,2,0,0,TRUE,9.44304970114068e-05,0.2003159828742,0.19920973417094,0.201503034907713,0.200337072249782,0.000689372561900084,290.607841567704,0.0190421334393818,-0.224448137672912,0.0190421592824644,2.14233061236296e-08,1.16129444424215e-06,1.52900230336317e-05,2.19843506813049
"rossler",3,15,61,3.69897000433602,5000,4,13,"raw",26,4,13,"weak/raw/m=2w/p=4",381,"x3;x1 x3",TRUE,2,"x3;x1 x3",TRUE,2,2,0,0,TRUE,9.81061534727115e-05,0.200350755095679,0.199814478589297,0.200883149323975,0.200350834567648,0.000318736865702071,628.577538799417,0.00595332192646095,0.1974332113937,0.00595337225489765,-4.30490000415653e-07,1.99870143203444e-05,0.000127448597827151,3.32934141159058
"rossler",3,15,61,3.69897000433602,5000,4,13,"raw",26,8,13,"weak/raw/m=2w/p=8",381,"x3;x1 x3",TRUE,2,"x3;x1 x3",TRUE,2,2,0,0,TRUE,0.000100617955753734,0.200357227063823,0.199624599172571,0.201093841048615,0.200350954668093,0.00043648087046882,459.014284985498,0.00816052826872493,-0.179397110303749,0.00816054357348392,2.67094978502451e-08,7.59322118903285e-07,9.48851549792407e-06,2.92546463012695
"rossler",3,15,61,3.69897000433602,5000,4,13,"smoothed",13,4,6,"weak/smoothed/m=1w/p=4",829,"x3;x1 x3",TRUE,2,"x3;x1 x3",TRUE,2,2,0,0,TRUE,0.000139922500516146,0.200355095194116,0.199579798098123,0.201120235464603,0.200349509128151,0.000478623940334314,418.594834575572,0.0132173908552856,0.141885046040542,0.0132174064325567,-9.48018995175576e-06,0.000394960040965501,0.00283507618112538,2.80969452857971
"rossler",3,15,61,3.69897000433602,5000,4,13,"smoothed",13,8,6,"weak/smoothed/m=1w/p=8",829,"x3;x1 x3",TRUE,2,"x3;x1 x3",TRUE,2,2,0,0,TRUE,9.45096477854509e-05,0.200343361991949,0.199233218320514,0.20148984411453,0.200337714984413,0.00068292384104857,293.352937681619,0.0188640042378321,-0.213258253178453,0.0188640050115574,2.14233061236296e-08,1.16129444424215e-06,1.52900230336317e-05,2.48526453971863
"rossler",3,15,61,3.69897000433602,5000,4,13,"smoothed",26,4,13,"weak/smoothed/m=2w/p=4",381,"x3;x1 x3",TRUE,2,"x3;x1 x3",TRUE,2,2,0,0,TRUE,9.7543834395172e-05,0.200345726972339,0.199837737609768,0.200851687038269,0.20035077509695,0.0003186992715073,628.651500046999,0.00595261973774083,0.197448016771765,0.00595263031976702,-4.30490000415653e-07,1.99870143203444e-05,0.000127448597827151,3.45396900177002
"rossler",3,15,61,3.69897000433602,5000,4,13,"smoothed",26,8,13,"weak/smoothed/m=2w/p=8",381,"x3;x1 x3",TRUE,2,"x3;x1 x3",TRUE,2,2,0,0,TRUE,0.000100853710244907,0.200349627772712,0.19964582175139,0.201024094363983,0.200350863421592,0.000436370943011919,459.129707488612,0.00815847302619735,-0.179220534725763,0.00815847336016376,2.67094978502451e-08,7.59322118903285e-07,9.48851549792407e-06,2.7842800617218
"rossler",3,16,61,3.69897000433602,5000,4,13,"smoothed",NA,NA,NA,"sg",5000,"x3;x1 x3",TRUE,2,"x3;x1 x3",TRUE,2,2,0,0,TRUE,9.728081123761e-05,0.200583621106352,0.199401640419675,0.201810038993953,0.200583439763555,0.000726377775099344,276.14203881186,0.0490171821395778,0.687583786092865,0.0490171915899767,-5.05868606561504e-05,0.00211216371974961,0.0940330200096014,5.68854928016663
"rossler",3,16,61,3.69897000433602,5000,4,13,"raw",13,4,6,"weak/raw/m=1w/p=4",829,"x3;x1 x3",TRUE,2,"x3;x1 x3",TRUE,2,2,0,0,TRUE,0.000155738802502457,0.200697987325779,0.199910702074764,0.201464622691174,0.20068000746342,0.00047023694181827,426.763594300884,0.0129042445359067,0.192752446110916,0.0129042480682696,-8.90967132065894e-06,0.000365286813518807,0.00269117159924975,4.60880875587463
"rossler",3,16,61,3.69897000433602,5000,4,13,"raw",13,8,6,"weak/raw/m=1w/p=8",829,"x3;x1 x3",TRUE,2,"x3;x1 x3",TRUE,2,2,0,0,TRUE,0.000126599703725373,0.200689658582321,0.199499209222389,0.201836701082509,0.20069364874765,0.000686536253645232,292.327823450032,0.0188452614272177,-0.207750059553027,0.0188452768229481,4.30492378371352e-08,1.1667524317712e-06,1.69299303351411e-05,3.58103823661804
"rossler",3,16,61,3.69897000433602,5000,4,13,"raw",26,4,13,"weak/raw/m=2w/p=4",381,"x3;x1 x3",TRUE,2,"x3;x1 x3",TRUE,2,2,0,0,TRUE,9.95463862665558e-05,0.200688146462396,0.200121323839137,0.2012341872084,0.200678303655512,0.000337655294320373,594.328911855014,0.00626577064204745,0.277224328951344,0.0062657743797794,-3.41419147683183e-07,1.85664799067579e-05,0.000117311571277423,5.12252926826477
"rossler",3,16,61,3.69897000433602,5000,4,13,"raw",26,8,13,"weak/raw/m=2w/p=8",381,"x3;x1 x3",TRUE,2,"x3;x1 x3",TRUE,2,2,0,0,TRUE,0.000104370595420346,0.200702564326241,0.199941188857148,0.201488239759752,0.20069537289432,0.000455490448047248,440.613790595894,0.00846159596485836,-0.0959337285377155,0.00846161583820558,5.47373394826926e-08,7.67909224542696e-07,9.57500521819865e-06,4.54082584381104
"rossler",3,16,61,3.69897000433602,5000,4,13,"smoothed",13,4,6,"weak/smoothed/m=1w/p=4",829,"x3;x1 x3",TRUE,2,"x3;x1 x3",TRUE,2,2,0,0,TRUE,0.000157269701644181,0.200684152786126,0.199938232034465,0.201430998523306,0.200687013222301,0.000469525190070795,427.425444824464,0.0128847126122066,0.1948230117116,0.0128847197775906,-8.90967132065894e-06,0.000365286813518807,0.00269117159924975,4.36657881736755
"rossler",3,16,61,3.69897000433602,5000,4,13,"smoothed",13,8,6,"weak/smoothed/m=1w/p=8",829,"x3;x1 x3",TRUE,2,"x3;x1 x3",TRUE,2,2,0,0,TRUE,0.000130660063766859,0.200689118674703,0.199631200684886,0.201803072985226,0.200687851239223,0.000678169200555448,295.925929804615,0.0186155877126102,-0.195204211956868,0.0186156422068858,4.30492378371352e-08,1.1667524317712e-06,1.69299303351411e-05,4.03208494186401
"rossler",3,16,61,3.69897000433602,5000,4,13,"smoothed",26,4,13,"weak/smoothed/m=2w/p=4",381,"x3;x1 x3",TRUE,2,"x3;x1 x3",TRUE,2,2,0,0,TRUE,9.98564823507271e-05,0.200679952959682,0.200108935956223,0.201234240972604,0.200678463659181,0.00033769132956169,594.265964481983,0.00626643932650141,0.277211180610029,0.00626646481822132,-3.41419147683183e-07,1.85664799067579e-05,0.000117311571277423,5.09526872634888
"rossler",3,16,61,3.69897000433602,5000,4,13,"smoothed",26,8,13,"weak/smoothed/m=2w/p=8",381,"x3;x1 x3",TRUE,2,"x3;x1 x3",TRUE,2,2,0,0,TRUE,0.00010195024209658,0.200696510617564,0.199926130218942,0.201492010508472,0.20069538507935,0.000455461493446361,440.641828051673,0.00846105806449582,-0.0957818293918356,0.00846105896044195,5.47373394826926e-08,7.67909224542696e-07,9.57500521819865e-06,4.10605764389038
"rossler",3,17,61,3.69897000433602,5000,4,13,"smoothed",NA,NA,NA,"sg",5000,"x3;x1 x3",TRUE,2,"x3;x1 x3",TRUE,2,2,0,0,TRUE,8.99256282085821e-06,0.200088142305968,0.198903698605837,0.201234294027056,0.200115151061823,0.000679927564967124,294.318338265193,0.0449417254704908,0.678002025993914,0.0449417304959923,3.03024531882276e-05,0.00192977763046606,0.0883182477931015,5.23031067848206
"rossler",3,17,61,3.69897000433602,5000,4,13,"raw",13,4,6,"weak/raw/m=1w/p=4",829,"x3;x1 x3",TRUE,2,"x3;x1 x3",TRUE,2,2,0,0,TRUE,5.30683821423413e-05,0.200222031246109,0.199503590357412,0.200889626415186,0.200228631135945,0.000436703548564929,458.500123926003,0.0117296289189813,0.157825995662527,0.0117296312846534,1.05073200263794e-05,0.000313897783856872,0.00236512129934424,4.03918170928955
"rossler",3,17,61,3.69897000433602,5000,4,13,"raw",13,8,6,"weak/raw/m=1w/p=8",829,"x3;x1 x3",TRUE,2,"x3;x1 x3",TRUE,2,2,0,0,TRUE,4.55795407388049e-05,0.20026198972853,0.199193980540222,0.201322612365577,0.200241931448577,0.000637133358746105,314.285743635615,0.0171187928066027,-0.226731126616779,0.0171188133186179,7.08850774366365e-08,8.56688002761601e-07,8.20003428997351e-06,3.32278180122375
"rossler",3,17,61,3.69897000433602,5000,4,13,"raw",26,4,13,"weak/raw/m=2w/p=4",381,"x3;x1 x3",TRUE,2,"x3;x1 x3",TRUE,2,2,0,0,TRUE,5.32654523375136e-05,0.200161475320294,0.199635311382171,0.200651096467129,0.20016463946462,0.000302746807599722,661.161850232516,0.00549928942841204,0.252777226658247,0.00549929031000046,4.87687831365085e-07,1.61758680807342e-05,9.87941640985812e-05,4.76058530807495
"rossler",3,17,61,3.69897000433602,5000,4,13,"raw",26,8,13,"weak/raw/m=2w/p=8",381,"x3;x1 x3",TRUE,2,"x3;x1 x3",TRUE,2,2,0,0,TRUE,4.9047340982106e-05,0.200156625599794,0.199489133283993,0.200831028961813,0.200176944835014,0.000400324833577615,500.036290644467,0.00728104032520341,-0.0666739170037354,0.0072810870915324,4.84430950688154e-08,5.35580038497864e-07,3.59817844070021e-06,4.30400204658508
"rossler",3,17,61,3.69897000433602,5000,4,13,"smoothed",13,4,6,"weak/smoothed/m=1w/p=4",829,"x3;x1 x3",TRUE,2,"x3;x1 x3",TRUE,2,2,0,0,TRUE,5.17199451151185e-05,0.200233576075983,0.199539985761192,0.200976558826463,0.200232537807426,0.000435937580416693,459.314697338166,0.0117090553645972,0.160534233202763,0.0117090568875144,1.05073200263794e-05,0.000313897783856872,0.00236512129934424,4.58571100234985
"rossler",3,17,61,3.69897000433602,5000,4,13,"smoothed",13,8,6,"weak/smoothed/m=1w/p=8",829,"x3;x1 x3",TRUE,2,"x3;x1 x3",TRUE,2,2,0,0,TRUE,4.61174745465254e-05,0.200228525314241,0.199133635548791,0.20125342714996,0.200239006216067,0.000630285400274244,317.695771041089,0.0169347986404585,-0.216180437914856,0.0169348045645914,7.08850774366365e-08,8.56688002761601e-07,8.20003428997351e-06,3.38690972328186
"rossler",3,17,61,3.69897000433602,5000,4,13,"smoothed",26,4,13,"weak/smoothed/m=2w/p=4",381,"x3;x1 x3",TRUE,2,"x3;x1 x3",TRUE,2,2,0,0,TRUE,5.36778727389693e-05,0.200178999726111,0.199638705349805,0.200682370104397,0.200165216218175,0.000302766357139195,661.121064141713,0.00549964452642274,0.252830648793925,0.00549964525392689,4.87687831365085e-07,1.61758680807342e-05,9.87941640985812e-05,4.74092888832092
"rossler",3,17,61,3.69897000433602,5000,4,13,"smoothed",26,8,13,"weak/smoothed/m=2w/p=8",381,"x3;x1 x3",TRUE,2,"x3;x1 x3",TRUE,2,2,0,0,TRUE,4.93305835757739e-05,0.200172808606308,0.199527653899665,0.200837538320278,0.200177245325014,0.000400275840659714,500.09824473816,0.00728014923116138,-0.0664672334935691,0.00728016911321324,4.84430950688154e-08,5.35580038497864e-07,3.59817844070021e-06,3.95081853866577
"rossler",3,18,61,3.69897000433602,5000,4,13,"smoothed",NA,NA,NA,"sg",5000,"x3;x1 x3",TRUE,2,"x3;x1 x3",TRUE,2,2,0,0,TRUE,7.7750084807815e-05,0.199677139264005,0.198417379608619,0.200974879523008,0.199656610652147,0.000838002076400705,238.253121650593,0.0560364741483445,0.686779860989446,0.0560364749569102,4.41803280367159e-05,0.00209803306879867,0.0810564344874535,5.0658540725708
"rossler",3,18,61,3.69897000433602,5000,4,13,"raw",13,4,6,"weak/raw/m=1w/p=4",829,"x3;x1 x3",TRUE,2,"x3;x1 x3",TRUE,2,2,0,0,TRUE,8.06920129809946e-05,0.199744092490929,0.198921188524635,0.200556739076348,0.199735472675411,0.000502599929949699,397.404497639705,0.013659978786631,0.134814905982467,0.0136599820886061,1.62770850900809e-05,0.000351672903430805,0.00220515589178233,4.56766200065613
"rossler",3,18,61,3.69897000433602,5000,4,13,"raw",13,8,6,"weak/raw/m=1w/p=8",829,"x3;x1 x3",TRUE,2,"x3;x1 x3",TRUE,2,2,0,0,TRUE,3.66172194918857e-05,0.199709104217324,0.198515074665636,0.200916257747462,0.199704068254666,0.000737816153894722,270.669145966086,0.0200587113992179,-0.230893866031777,0.0200587978188736,3.52892079570988e-08,8.36726886025474e-07,8.04528178405262e-06,3.48003220558167
"rossler",3,18,61,3.69897000433602,5000,4,13,"raw",26,4,13,"weak/raw/m=2w/p=4",381,"x3;x1 x3",TRUE,2,"x3;x1 x3",TRUE,2,2,0,0,TRUE,3.76833330841352e-05,0.199699206265526,0.199146487318023,0.200272527477538,0.19970578684991,0.000342777156965479,582.611130268584,0.00629257794938995,0.296958378224831,0.00629258134812896,8.46930347281382e-07,1.84986755412979e-05,0.000106257894837813,5.40928554534912
"rossler",3,18,61,3.69897000433602,5000,4,13,"raw",26,8,13,"weak/raw/m=2w/p=8",381,"x3;x1 x3",TRUE,2,"x3;x1 x3",TRUE,2,2,0,0,TRUE,2.94729893273795e-05,0.199714833384158,0.19899918112122,0.200442634441203,0.199711426522434,0.000437760011673724,456.212128099277,0.00804479298768601,-0.0614491405198268,0.00804482721021569,2.55213694598802e-08,5.5526055688344e-07,4.15372768997058e-06,4.67016005516052
"rossler",3,18,61,3.69897000433602,5000,4,13,"smoothed",13,4,6,"weak/smoothed/m=1w/p=4",829,"x3;x1 x3",TRUE,2,"x3;x1 x3",TRUE,2,2,0,0,TRUE,7.81317562696403e-05,0.199713544429091,0.198947361324606,0.200514069506208,0.199729298434111,0.000501692646340017,398.110875037118,0.0136353199128772,0.137628776981936,0.0136353202084734,1.62770850900809e-05,0.000351672903430805,0.00220515589178233,4.47673439979553
"rossler",3,18,61,3.69897000433602,5000,4,13,"smoothed",13,8,6,"weak/smoothed/m=1w/p=8",829,"x3;x1 x3",TRUE,2,"x3;x1 x3",TRUE,2,2,0,0,TRUE,3.55902190612989e-05,0.19970912855271,0.198509437034731,0.200903031013106,0.199710770224909,0.0007285830794311,274.108438506216,0.0198076954634299,-0.220743838899305,0.0198077064514044,3.52892079570988e-08,8.36726886025474e-07,8.04528178405262e-06,3.65227913856506
"rossler",3,18,61,3.69897000433602,5000,4,13,"smoothed",26,4,13,"weak/smoothed/m=2w/p=4",381,"x3;x1 x3",TRUE,2,"x3;x1 x3",TRUE,2,2,0,0,TRUE,3.57152861604224e-05,0.199706725042411,0.19913826410679,0.200281982842614,0.199706076486,0.000342755849823131,582.648192843544,0.00629218678851269,0.296909704509098,0.00629219036335881,8.46930347281382e-07,1.84986755412979e-05,0.000106257894837813,5.17942881584167
"rossler",3,18,61,3.69897000433602,5000,4,13,"smoothed",26,8,13,"weak/smoothed/m=2w/p=8",381,"x3;x1 x3",TRUE,2,"x3;x1 x3",TRUE,2,2,0,0,TRUE,3.14253253703867e-05,0.199703336383499,0.199017769072323,0.200419112554342,0.199711617368055,0.000437740468378716,456.232932056151,0.00804443382353059,-0.0613509634956343,0.00804443915920213,2.55213694598802e-08,5.5526055688344e-07,4.15372768997058e-06,4.30960488319397
"rossler",3,19,61,3.69897000433602,5000,4,13,"smoothed",NA,NA,NA,"sg",5000,"x3;x1 x3",TRUE,2,"x3;x1 x3",TRUE,2,2,0,0,TRUE,0.000117686343031633,0.200451670651067,0.199128046425884,0.201672403808872,0.200415978093163,0.000769811724830142,260.344148612941,0.0519983900162173,0.683462007433954,0.0519983906226385,4.7758825337107e-07,0.00150737430963926,0.0182111487498091,5.06892967224121
"rossler",3,19,61,3.69897000433602,5000,4,13,"raw",13,4,6,"weak/raw/m=1w/p=4",829,"x3;x1 x3",TRUE,2,"x3;x1 x3",TRUE,2,2,0,0,TRUE,0.000233205544571821,0.200151962150369,0.199354810906494,0.200931174354391,0.200173955911618,0.000465514084352744,430.006228898406,0.0127854055679289,0.109182718499566,0.012785408478228,-1.56716860854774e-06,0.000370426052939315,0.00246352874128491,4.58559513092041
"rossler",3,19,61,3.69897000433602,5000,4,13,"raw",13,8,6,"weak/raw/m=1w/p=8",829,"x3;x1 x3",TRUE,2,"x3;x1 x3",TRUE,2,2,0,0,TRUE,0.000199626961651938,0.200177323535754,0.199072353218353,0.201241626681647,0.20017769472547,0.000681575172844482,293.698630321362,0.0187244958878165,-0.259519556917964,0.0187245801201768,3.05776494528777e-08,1.0814702191985e-06,1.23195166807366e-05,3.72478890419006
"rossler",3,19,61,3.69897000433602,5000,4,13,"raw",26,4,13,"weak/raw/m=2w/p=4",381,"x3;x1 x3",TRUE,2,"x3;x1 x3",TRUE,2,2,0,0,TRUE,0.000180052316270687,0.200207915670969,0.19971255908131,0.200691944919478,0.200195279009688,0.000304608123653042,657.222389898295,0.00565390218177442,0.199587950868191,0.00565391191940735,-5.02585091315504e-08,1.9131403390984e-05,0.00011282047133393,5.44611167907715
"rossler",3,19,61,3.69897000433602,5000,4,13,"raw",26,8,13,"weak/raw/m=2w/p=8",381,"x3;x1 x3",TRUE,2,"x3;x1 x3",TRUE,2,2,0,0,TRUE,0.000188896936021509,0.200197700591053,0.199513225597104,0.200898370324421,0.200207291479697,0.000419723284833255,476.998295577607,0.00779848163498786,-0.171869331412887,0.00779850792315927,3.1425365923952e-08,7.13039110916968e-07,7.80419573870317e-06,4.71630859375
"rossler",3,19,61,3.69897000433602,5000,4,13,"smoothed",13,4,6,"weak/smoothed/m=1w/p=4",829,"x3;x1 x3",TRUE,2,"x3;x1 x3",TRUE,2,2,0,0,TRUE,0.000232712425112481,0.200177901865131,0.199398639906373,0.200924413435082,0.200181498771059,0.000464379549098844,431.073028860815,0.0127542454950966,0.112231999470504,0.0127542568358716,-1.56716860854774e-06,0.000370426052939315,0.00246352874128491,4.52425479888916
"rossler",3,19,61,3.69897000433602,5000,4,13,"smoothed",13,8,6,"weak/smoothed/m=1w/p=8",829,"x3;x1 x3",TRUE,2,"x3;x1 x3",TRUE,2,2,0,0,TRUE,0.000195604110738731,0.200199319691345,0.199104389166771,0.201313462030397,0.20017344292422,0.000674771439906295,296.653697957367,0.0185375809739202,-0.250272764005929,0.0185375962921475,3.05776494528777e-08,1.0814702191985e-06,1.23195166807366e-05,4.45874786376953
"rossler",3,19,61,3.69897000433602,5000,4,13,"smoothed",26,4,13,"weak/smoothed/m=2w/p=4",381,"x3;x1 x3",TRUE,2,"x3;x1 x3",TRUE,2,2,0,0,TRUE,0.00017746302215574,0.200189213775382,0.199661101231604,0.200713718268904,0.200195267430529,0.000304523293004208,657.405433441714,0.005652327609666,0.199965872725637,0.00565233202272064,-5.02585091315504e-08,1.9131403390984e-05,0.00011282047133393,5.37094521522522
"rossler",3,19,61,3.69897000433602,5000,4,13,"smoothed",26,8,13,"weak/smoothed/m=2w/p=8",381,"x3;x1 x3",TRUE,2,"x3;x1 x3",TRUE,2,2,0,0,TRUE,0.000189793103125075,0.200210110950743,0.199516591495819,0.20089995261516,0.200207096762637,0.000419505516977883,477.245444124141,0.00779443548178342,-0.17153459631246,0.00779445694058732,3.1425365923952e-08,7.13039110916968e-07,7.80419573870317e-06,4.80365204811096
"rossler",3,20,61,3.69897000433602,5000,4,13,"smoothed",NA,NA,NA,"sg",5000,"x3;x1 x3",TRUE,2,"x3;x1 x3",TRUE,2,2,0,0,TRUE,0.000186045326590738,0.200171607320844,0.198792948192909,0.201522550295242,0.20014954250448,0.00083247618953933,240.426747358669,0.0566155764153254,0.69497993663328,0.0566155772815974,2.12402416143743e-05,0.00190268506074047,0.0266746162143249,3.28619432449341
"rossler",3,20,61,3.69897000433602,5000,4,13,"raw",13,4,6,"weak/raw/m=1w/p=4",829,"x3;x1 x3",TRUE,2,"x3;x1 x3",TRUE,2,2,0,0,TRUE,0.000126279025019639,0.200193128509084,0.199366679186785,0.201072369608987,0.200204762059909,0.00053637511518651,373.255127599073,0.014835029751358,0.139608247840213,0.0148350458891129,-1.5981196606965e-06,0.000420074981898001,0.00244663661306249,2.49963712692261
"rossler",3,20,61,3.69897000433602,5000,4,13,"raw",13,8,6,"weak/raw/m=1w/p=8",829,"x3;x1 x3",TRUE,2,"x3;x1 x3",TRUE,2,2,0,0,TRUE,0.000169402517641129,0.200233324960041,0.198913074353025,0.201510334214465,0.200212612090515,0.000793140047841076,252.430340184552,0.0219420180068087,-0.255787331171894,0.0219420299040561,1.64970348245855e-08,1.02265954859272e-06,1.0283246562881e-05,2.27068877220154
"rossler",3,20,61,3.69897000433602,5000,4,13,"raw",26,4,13,"weak/raw/m=2w/p=4",381,"x3;x1 x3",TRUE,2,"x3;x1 x3",TRUE,2,2,0,0,TRUE,0.000162807808623038,0.200234104508762,0.199652855387831,0.20083114013773,0.200236559195391,0.00036615423485395,546.863971886767,0.00684460312242428,0.238711128018354,0.00684460451721868,-5.54226644112431e-08,2.14112506395647e-05,0.000114967584931958,3.16004276275635
"rossler",3,20,61,3.69897000433602,5000,4,13,"raw",26,8,13,"weak/raw/m=2w/p=8",381,"x3;x1 x3",TRUE,2,"x3;x1 x3",TRUE,2,2,0,0,TRUE,0.00016092332083009,0.200241024931369,0.199446715063234,0.20105859753134,0.200234521076947,0.000498728319603054,401.490176528007,0.0093314518056659,-0.119641584102134,0.00933145935635019,1.8139206464593e-08,6.56164278469548e-07,6.33291494694932e-06,2.58757066726685
"rossler",3,20,61,3.69897000433602,5000,4,13,"smoothed",13,4,6,"weak/smoothed/m=1w/p=4",829,"x3;x1 x3",TRUE,2,"x3;x1 x3",TRUE,2,2,0,0,TRUE,0.000127250395226522,0.200214555084167,0.199376370562068,0.201084224931714,0.200217573416509,0.000535218912368457,374.085385978803,0.0148030516940879,0.142752302138171,0.014803058614899,-1.5981196606965e-06,0.000420074981898001,0.00244663661306249,2.58246827125549
"rossler",3,20,61,3.69897000433602,5000,4,13,"smoothed",13,8,6,"weak/smoothed/m=1w/p=8",829,"x3;x1 x3",TRUE,2,"x3;x1 x3",TRUE,2,2,0,0,TRUE,0.000172246007554988,0.200154006193749,0.198886009502876,0.201443229118761,0.200203728523789,0.00078424410779492,255.282413388744,0.0216959138728482,-0.244768865418162,0.0216959182541565,1.64970348245855e-08,1.02265954859272e-06,1.0283246562881e-05,2.27989673614502
"rossler",3,20,61,3.69897000433602,5000,4,13,"smoothed",26,4,13,"weak/smoothed/m=2w/p=4",381,"x3;x1 x3",TRUE,2,"x3;x1 x3",TRUE,2,2,0,0,TRUE,0.000163430821365408,0.200244515672846,0.199617855929974,0.200838099440751,0.200236716650682,0.000366142700665919,546.881629174918,0.00684438750308431,0.238882620458652,0.00684440356035911,-5.54226644112431e-08,2.14112506395647e-05,0.000114967584931958,3.47315979003906
"rossler",3,20,61,3.69897000433602,5000,4,13,"smoothed",26,8,13,"weak/smoothed/m=2w/p=8",381,"x3;x1 x3",TRUE,2,"x3;x1 x3",TRUE,2,2,0,0,TRUE,0.000161191414816866,0.200244365229043,0.199450230353345,0.20108200795899,0.200234477671569,0.000498565554428755,401.621162739559,0.00932840637230452,-0.119351573794545,0.00932840711336713,1.8139206464593e-08,6.56164278469548e-07,6.33291494694932e-06,2.89927697181702
"rossler",3,1,Inf,3.69897000433602,5000,4,13,"smoothed",NA,NA,NA,"sg",5000,"x3;x1 x3",TRUE,2,"x3;x1 x3",TRUE,2,2,0,0,TRUE,5.53730197406067e-05,0.200014411863625,0.199971856920852,0.200057950004038,0.200014873663553,2.52892718890499e-05,7909.07996644055,0.00169874487435219,0.79956496080596,0.00169874517070599,2.42713904077062e-05,0.00178060419489219,0.0563999385442557,6.6822817325592
"rossler",3,1,Inf,3.69897000433602,5000,4,13,"raw",13,4,6,"weak/raw/m=1w/p=4",829,"x3;x1 x3",TRUE,2,"x3;x1 x3",TRUE,2,2,0,0,TRUE,4.32273552327881e-05,0.200008564548023,0.200007017652731,0.200010043090292,0.200008575879506,9.22825568533609e-07,216734.97429999,2.52340192181493e-05,0.834704269564371,2.52340329165619e-05,1.2465071182338e-05,0.000369178233008221,0.00228298352738393,19.7283504009247
"rossler",3,1,Inf,3.69897000433602,5000,4,13,"raw",13,8,6,"weak/raw/m=1w/p=8",829,"x3;x1 x3",TRUE,2,"x3;x1 x3",TRUE,2,2,0,0,TRUE,1.66716813687628e-08,0.199999987865841,0.199999536405092,0.200000469103507,0.200000008307574,3.83301064138e-08,5217830.76071942,1.04842615449686e-06,0.509903504837827,1.04845251021141e-06,1.79645773783225e-08,1.05962806955672e-06,9.44694637788901e-06,2.76719164848328
"rossler",3,1,Inf,3.69897000433602,5000,4,13,"raw",26,4,13,"weak/raw/m=2w/p=4",381,"x3;x1 x3",TRUE,2,"x3;x1 x3",TRUE,2,2,0,0,TRUE,2.34309347861683e-06,0.20000050696013,0.200000063187501,0.200000962284211,0.200000510564923,2.36769808403395e-07,844704.449074744,4.3757547429366e-06,0.463800949780474,4.37575682596832e-06,7.2235762096043e-07,1.89949379544085e-05,0.000106410095493448,37.0951404571533
"rossler",3,1,Inf,3.69897000433602,5000,4,13,"raw",26,8,13,"weak/raw/m=2w/p=8",381,"x3;x1 x3",TRUE,2,"x3;x1 x3",TRUE,2,2,0,0,TRUE,8.95400753542219e-09,0.200000016432263,0.199999822771214,0.200000217032989,0.200000013618158,3.89216785847484e-08,5138524.87586516,7.20089737957825e-07,-0.160787779729126,7.20091385043177e-07,-8.10885542439722e-10,7.25494736864657e-07,6.22163775360063e-06,13.9361462593079
"rossler",3,1,Inf,3.69897000433602,5000,4,13,"smoothed",13,4,6,"weak/smoothed/m=1w/p=4",829,"x3;x1 x3",TRUE,2,"x3;x1 x3",TRUE,2,2,0,0,TRUE,4.29410197855835e-05,0.200008777771037,0.200006786242642,0.20001070757334,0.200008779838524,1.21827409204042e-06,164173.876096749,3.33128521579439e-05,0.742625572756204,3.33129011197294e-05,1.2465071182338e-05,0.000369178233008221,0.00228298352738393,18.4120066165924
"rossler",3,1,Inf,3.69897000433602,5000,4,13,"smoothed",13,8,6,"weak/smoothed/m=1w/p=8",829,"x3;x1 x3",TRUE,2,"x3;x1 x3",TRUE,2,2,0,0,TRUE,3.70475722322183e-07,0.200000285946022,0.199999461672784,0.200001071014537,0.200000271866267,5.010986109593e-07,399123.580652894,1.37063247854242e-05,0.533860558983838,1.37063267782987e-05,1.79645773783225e-08,1.05962806955672e-06,9.44694637788901e-06,16.3251774311066
"rossler",3,1,Inf,3.69897000433602,5000,4,13,"smoothed",26,4,13,"weak/smoothed/m=2w/p=4",381,"x3;x1 x3",TRUE,2,"x3;x1 x3",TRUE,2,2,0,0,TRUE,2.13007992702386e-06,0.200000625744486,0.199999707384916,0.200001534702062,0.200000609956386,5.41128533731036e-07,369599.083192673,1.00006236453594e-05,0.0570902072809748,1.00006370320268e-05,7.2235762096043e-07,1.89949379544085e-05,0.000106410095493448,33.0099728107452
"rossler",3,1,Inf,3.69897000433602,5000,4,13,"smoothed",26,8,13,"weak/smoothed/m=2w/p=8",381,"x3;x1 x3",TRUE,2,"x3;x1 x3",TRUE,2,2,0,0,TRUE,2.90610018605086e-07,0.200000125374525,0.199999262051654,0.200000974850255,0.200000123709285,5.13140214557654e-07,389757.25939097,9.49360396276771e-06,-0.335714960060127,9.49360728033089e-06,-8.10885542439722e-10,7.25494736864657e-07,6.22163775360063e-06,37.1704843044281
"rossler",3,2,Inf,3.69897000433602,5000,4,13,"smoothed",NA,NA,NA,"sg",5000,"x3;x1 x3",TRUE,2,"x3;x1 x3",TRUE,2,2,0,0,TRUE,0.000151751137025725,0.200049280104534,0.199940373257882,0.200157186078735,0.200050109448722,6.59706479925376e-05,3032.41086052923,0.00441662019298581,0.635786299478336,0.00441662082038773,0.000143996612669947,0.00466057118963823,0.246864037601358,8.41370368003845
"rossler",3,2,Inf,3.69897000433602,5000,4,13,"raw",13,4,6,"weak/raw/m=1w/p=4",829,"x3;x1 x3",TRUE,2,"x3;x1 x3",TRUE,2,2,0,0,TRUE,4.27159518125919e-05,0.200007458504972,0.200005476644333,0.200009573499058,0.20000742476102,1.23523156622609e-06,161918.971494622,3.36355736376131e-05,0.78714564820832,3.36355822110886e-05,-3.16015162364844e-06,0.000394115388559622,0.00303477914685574,13.880145072937
"rossler",3,2,Inf,3.69897000433602,5000,4,13,"raw",13,8,6,"weak/raw/m=1w/p=8",829,"x3;x1 x3",TRUE,2,"x3;x1 x3",TRUE,2,2,0,0,TRUE,3.49379223330004e-08,0.200000015359238,0.199999642554579,0.200000256712983,0.200000021648938,3.49025866968421e-08,5730234.93605514,9.50736076933449e-07,0.439038571245581,9.50753883983248e-07,2.98534328800248e-08,1.00481547266416e-06,8.60379485062568e-06,5.60789823532104
"rossler",3,2,Inf,3.69897000433602,5000,4,13,"raw",26,4,13,"weak/raw/m=2w/p=4",381,"x3;x1 x3",TRUE,2,"x3;x1 x3",TRUE,2,2,0,0,TRUE,2.2693981338584e-06,0.200000333527843,0.199999852834846,0.200000786623612,0.200000341130033,2.79944596915798e-07,714428.295217963,5.14964383824656e-06,0.383795904044233,5.1496470489942e-06,-1.21476589780672e-07,2.00885475290356e-05,0.000138869045042622,45.9964880943298
"rossler",3,2,Inf,3.69897000433602,5000,4,13,"raw",26,8,13,"weak/raw/m=2w/p=8",381,"x3;x1 x3",TRUE,2,"x3;x1 x3",TRUE,2,2,0,0,TRUE,8.00955657354052e-09,0.200000004259832,0.199999778349079,0.200000228519546,0.200000016250989,3.44321200419406e-08,5808530.4072876,6.34188404938406e-07,-0.336926535164921,6.34234274870159e-07,3.01370214150834e-08,6.40259221553344e-07,4.61785249744606e-06,8.06627082824707
"rossler",3,2,Inf,3.69897000433602,5000,4,13,"smoothed",13,4,6,"weak/smoothed/m=1w/p=4",829,"x3;x1 x3",TRUE,2,"x3;x1 x3",TRUE,2,2,0,0,TRUE,4.18756077436022e-05,0.200008177362308,0.200005634233432,0.200010839756363,0.200008212529498,1.64916464394732e-06,121278.498944031,4.49070440660841e-05,0.623781244102142,4.49070835838604e-05,-3.16015162364844e-06,0.000394115388559622,0.00303477914685574,23.2205541133881
"rossler",3,2,Inf,3.69897000433602,5000,4,13,"smoothed",13,8,6,"weak/smoothed/m=1w/p=8",829,"x3;x1 x3",TRUE,2,"x3;x1 x3",TRUE,2,2,0,0,TRUE,6.93993040344839e-07,0.200000404070276,0.199998693020394,0.200002127522696,0.200000396446259,1.05730592270835e-06,189160.385987384,2.88006984721992e-05,0.419851708621705,2.88006998110461e-05,2.98534328800248e-08,1.00481547266416e-06,8.60379485062568e-06,16.1140248775482
"rossler",3,2,Inf,3.69897000433602,5000,4,13,"smoothed",26,4,13,"weak/smoothed/m=2w/p=4",381,"x3;x1 x3",TRUE,2,"x3;x1 x3",TRUE,2,2,0,0,TRUE,1.89452042298477e-06,0.200000430494737,0.199999122365648,0.200001687794612,0.200000433671697,7.9092870988779e-07,252867.838999132,1.45493114741867e-05,-0.0712118847110332,1.45493326703842e-05,-1.21476589780672e-07,2.00885475290356e-05,0.000138869045042622,48.1792137622833
"rossler",3,2,Inf,3.69897000433602,5000,4,13,"smoothed",26,8,13,"weak/smoothed/m=2w/p=8",381,"x3;x1 x3",TRUE,2,"x3;x1 x3",TRUE,2,2,0,0,TRUE,4.39911805852296e-07,0.199999958109636,0.199998582611766,0.200001340350522,0.199999956809975,7.93999934510751e-07,251889.135146102,1.46242969812266e-05,-0.343472739415484,1.46243174520895e-05,3.01370214150834e-08,6.40259221553344e-07,4.61785249744606e-06,35.5879917144775
"rossler",3,3,Inf,3.69897000433602,5000,4,13,"smoothed",NA,NA,NA,"sg",5000,"x3;x1 x3",TRUE,2,"x3;x1 x3",TRUE,2,2,0,0,TRUE,6.21303125121209e-05,0.199979974528112,0.199949923674787,0.200008887226559,0.199980035423947,1.83493955964146e-05,10898.453541599,0.00125541249596118,0.989303662761848,0.00125541269766837,2.18545662244528e-06,0.00134559573339753,0.0181949349550152,10.1184074878693
"rossler",3,3,Inf,3.69897000433602,5000,4,13,"raw",13,4,6,"weak/raw/m=1w/p=4",829,"x3;x1 x3",TRUE,2,"x3;x1 x3",TRUE,2,2,0,0,TRUE,4.26949764177596e-05,0.200008238502949,0.200007087409249,0.200009442855497,0.200008222248356,6.97043538764815e-07,286937.918688376,1.94094321640444e-05,0.822898579855407,1.94094352288564e-05,-9.77044014760663e-06,0.00032723408746856,0.00245887305143527,19.9589474201202
"rossler",3,3,Inf,3.69897000433602,5000,4,13,"raw",13,8,6,"weak/raw/m=1w/p=8",829,"x3;x1 x3",TRUE,2,"x3;x1 x3",TRUE,2,2,0,0,TRUE,3.81712008667989e-08,0.199999993902507,0.199999461939163,0.200000395866918,0.199999996851348,3.21767668148964e-08,6215664.79944643,8.96138101779587e-07,0.339720966975852,8.96146163300099e-07,-3.4616153493442e-10,9.44691715911594e-07,1.16947738028617e-05,4.03657293319702
"rossler",3,3,Inf,3.69897000433602,5000,4,13,"raw",26,4,13,"weak/raw/m=2w/p=4",381,"x3;x1 x3",TRUE,2,"x3;x1 x3",TRUE,2,2,0,0,TRUE,2.2952613102932e-06,0.200000385337055,0.20000006642961,0.200000716279174,0.200000385310038,1.924260462476e-07,1039362.33794822,3.62595157603499e-06,0.43484396034604,3.62595487188042e-06,-5.40241250534813e-07,1.68793130161217e-05,0.000114733878081086,60.552746295929
"rossler",3,3,Inf,3.69897000433602,5000,4,13,"raw",26,8,13,"weak/raw/m=2w/p=8",381,"x3;x1 x3",TRUE,2,"x3;x1 x3",TRUE,2,2,0,0,TRUE,1.00567492111736e-08,0.199999993798616,0.199999825712305,0.200000159597477,0.199999992380335,2.41807521661749e-08,8271040.99185565,4.55969884991839e-07,-0.315392191922065,4.55984673208916e-07,8.32087872627268e-09,4.6788850356354e-07,4.79584440710168e-06,18.0099799633026
"rossler",3,3,Inf,3.69897000433602,5000,4,13,"smoothed",13,4,6,"weak/smoothed/m=1w/p=4",829,"x3;x1 x3",TRUE,2,"x3;x1 x3",TRUE,2,2,0,0,TRUE,4.23002926099402e-05,0.200008124064613,0.200006259524462,0.200009781781344,0.200008092089646,1.06279276537765e-06,188191.055307548,2.95938530482444e-05,0.724259518167213,2.95938554461507e-05,-9.77044014760663e-06,0.00032723408746856,0.00245887305143527,20.0009446144104
"rossler",3,3,Inf,3.69897000433602,5000,4,13,"smoothed",13,8,6,"weak/smoothed/m=1w/p=8",829,"x3;x1 x3",TRUE,2,"x3;x1 x3",TRUE,2,2,0,0,TRUE,3.90645108261367e-07,0.19999985794612,0.19999899217786,0.200000748978499,0.199999859131272,5.15575000178296e-07,387916.130654333,1.43590064203254e-05,0.513125794229093,1.43590492868381e-05,-3.4616153493442e-10,9.44691715911594e-07,1.16947738028617e-05,18.7027127742767
"rossler",3,3,Inf,3.69897000433602,5000,4,13,"smoothed",26,4,13,"weak/smoothed/m=2w/p=4",381,"x3;x1 x3",TRUE,2,"x3;x1 x3",TRUE,2,2,0,0,TRUE,2.01963805430071e-06,0.200000288656424,0.199999466073368,0.200001097398482,0.200000293302935,5.21036271407164e-07,383850.999015469,9.81806945837955e-06,0.0113378497238337,9.81808575996093e-06,-5.40241250534813e-07,1.68793130161217e-05,0.000114733878081086,39.9259629249573
"rossler",3,3,Inf,3.69897000433602,5000,4,13,"smoothed",26,8,13,"weak/smoothed/m=2w/p=8",381,"x3;x1 x3",TRUE,2,"x3;x1 x3",TRUE,2,2,0,0,TRUE,3.32528908408847e-07,0.199999871612002,0.199999022388073,0.200000747350901,0.199999882307236,5.04194718868466e-07,396671.910320846,9.5074630482922e-06,-0.319730134418696,9.50747839662503e-06,8.32087872627268e-09,4.6788850356354e-07,4.79584440710168e-06,33.4435267448425
"rossler",3,4,Inf,3.69897000433602,5000,4,13,"smoothed",NA,NA,NA,"sg",5000,"x3;x1 x3",TRUE,2,"x3;x1 x3",TRUE,2,2,0,0,TRUE,3.60379298705339e-05,0.200096136381759,0.19998696467976,0.200206129650386,0.200098473172355,6.51635969305292e-05,3070.70945432432,0.00437428906865718,0.463251859032504,0.00437428972040011,1.58321061078535e-05,0.00438942111593283,0.267209569187298,13.0829384326935
"rossler",3,4,Inf,3.69897000433602,5000,4,13,"raw",13,4,6,"weak/raw/m=1w/p=4",829,"x3;x1 x3",TRUE,2,"x3;x1 x3",TRUE,2,2,0,0,TRUE,4.34936471554138e-05,0.200007135315476,0.20000470649618,0.200009504320462,0.200007119185178,1.4521322179602e-06,137733.407957939,3.96429764828965e-05,0.847236536545868,3.96429878428954e-05,-6.41736949955887e-06,0.000409179578348546,0.00294583252437236,24.7492451667786
"rossler",3,4,Inf,3.69897000433602,5000,4,13,"raw",13,8,6,"weak/raw/m=1w/p=8",829,"x3;x1 x3",TRUE,2,"x3;x1 x3",TRUE,2,2,0,0,TRUE,3.79406523975945e-08,0.200000002640374,0.199999616289669,0.200000371579448,0.200000001707871,3.82564446460125e-08,5227877.38271224,1.04474380548948e-06,0.477561073335833,1.04482900528691e-06,2.2901791038678e-08,1.11202931585062e-06,9.22181352508433e-06,2.6317732334137
"rossler",3,4,Inf,3.69897000433602,5000,4,13,"raw",26,4,13,"weak/raw/m=2w/p=4",381,"x3;x1 x3",TRUE,2,"x3;x1 x3",TRUE,2,2,0,0,TRUE,2.33748102296261e-06,0.200000256269068,0.199999758381505,0.200000752900106,0.2000002462941,3.02525887195766e-07,661101.263590971,5.58179689980194e-06,0.417988724126996,5.58179970043021e-06,-2.75491617757734e-07,2.09805351593502e-05,0.000112957055993956,119.874476194382
"rossler",3,4,Inf,3.69897000433602,5000,4,13,"raw",26,8,13,"weak/raw/m=2w/p=8",381,"x3;x1 x3",TRUE,2,"x3;x1 x3",TRUE,2,2,0,0,TRUE,1.18972733886835e-08,0.19999999715115,0.199999853448512,0.200000142610256,0.199999997538873,4.03348627516858e-08,4958489.60166635,7.45091992144174e-07,-0.138099928089435,7.45093290895879e-07,2.63008234212288e-08,7.58844998125421e-07,6.81796982321403e-06,22.7704050540924
"rossler",3,4,Inf,3.69897000433602,5000,4,13,"smoothed",13,4,6,"weak/smoothed/m=1w/p=4",829,"x3;x1 x3",TRUE,2,"x3;x1 x3",TRUE,2,2,0,0,TRUE,4.31663748658332e-05,0.200007137803057,0.200004114500923,0.200010113299743,0.200007187747646,1.78065237272977e-06,112322.422282251,4.8611523755629e-05,0.678873981375177,4.86115371754795e-05,-6.41736949955887e-06,0.000409179578348546,0.00294583252437236,30.302971124649
"rossler",3,4,Inf,3.69897000433602,5000,4,13,"smoothed",13,8,6,"weak/smoothed/m=1w/p=8",829,"x3;x1 x3",TRUE,2,"x3;x1 x3",TRUE,2,2,0,0,TRUE,6.37628805583839e-07,0.200000366748221,0.199999120806386,0.200001608122702,0.200000364986811,7.39116413782421e-07,270593.862154016,2.0184502204752e-05,0.594333119087867,2.01845223110843e-05,2.2901791038678e-08,1.11202931585062e-06,9.22181352508433e-06,24.9188256263733
"rossler",3,4,Inf,3.69897000433602,5000,4,13,"smoothed",26,4,13,"weak/smoothed/m=2w/p=4",381,"x3;x1 x3",TRUE,2,"x3;x1 x3",TRUE,2,2,0,0,TRUE,2.04713920171073e-06,0.200000333445745,0.199999343449154,0.200001393753633,0.200000345422063,6.12713743468078e-07,326417.266715812,1.1304962006027e-05,0.0361886375194903,1.13049628577237e-05,-2.75491617757734e-07,2.09805351593502e-05,0.000112957055993956,41.6926703453064
"rossler",3,4,Inf,3.69897000433602,5000,4,13,"smoothed",26,8,13,"weak/smoothed/m=2w/p=8",381,"x3;x1 x3",TRUE,2,"x3;x1 x3",TRUE,2,2,0,0,TRUE,3.26703585042864e-07,0.200000069756583,0.199999075664474,0.200001068780157,0.200000080373103,5.93550598333511e-07,336955.401838756,1.09644552025199e-05,-0.269786102293383,1.09644638823768e-05,2.63008234212288e-08,7.58844998125421e-07,6.81796982321403e-06,35.0781047344208
"rossler",3,5,Inf,3.69897000433602,5000,4,13,"smoothed",NA,NA,NA,"sg",5000,"x3;x1 x3",TRUE,2,"x3;x1 x3",TRUE,2,2,0,0,TRUE,2.1544342421409e-05,0.200022248960991,0.199949036608915,0.200095641440824,0.2000229324975,4.41062377378624e-05,4535.02594545244,0.00299471906530221,0.647764234661616,0.00299471936915547,-5.95053417459978e-06,0.00300687783608624,0.156855612954172,12.7736887931824
"rossler",3,5,Inf,3.69897000433602,5000,4,13,"raw",13,4,6,"weak/raw/m=1w/p=4",829,"x3;x1 x3",TRUE,2,"x3;x1 x3",TRUE,2,2,0,0,TRUE,4.29908435149753e-05,0.200007435200896,0.200005311987124,0.200009551225481,0.200007408962081,1.2396633885844e-06,161340.095064414,3.42444574601392e-05,0.834003289074057,3.42445365965252e-05,-6.22980055082497e-06,0.000428324617476296,0.00247019510410668,16.3552889823914
"rossler",3,5,Inf,3.69897000433602,5000,4,13,"raw",13,8,6,"weak/raw/m=1w/p=8",829,"x3;x1 x3",TRUE,2,"x3;x1 x3",TRUE,2,2,0,0,TRUE,2.6362987792794e-08,0.200000005584481,0.199999172077386,0.200000808754132,0.200000003848782,4.05962511390032e-08,4926563.3706909,1.12173873258642e-06,0.425709995394412,1.12178249565664e-06,4.50496066424618e-08,1.16505462704443e-06,1.00994808935329e-05,19.1698744297028
"rossler",3,5,Inf,3.69897000433602,5000,4,13,"raw",26,4,13,"weak/raw/m=2w/p=4",381,"x3;x1 x3",TRUE,2,"x3;x1 x3",TRUE,2,2,0,0,TRUE,2.28559208048651e-06,0.200000274515746,0.199999751553841,0.200000804192488,0.200000283245322,3.04199819541629e-07,657463.517061529,5.68150800142897e-06,0.414861101693145,5.68150863313251e-06,-2.39115727697996e-07,2.17276856191356e-05,0.000115334898876551,43.9049594402313
"rossler",3,5,Inf,3.69897000433602,5000,4,13,"raw",26,8,13,"weak/raw/m=2w/p=8",381,"x3;x1 x3",TRUE,2,"x3;x1 x3",TRUE,2,2,0,0,TRUE,7.51752999032138e-09,0.199999994318545,0.199999822729587,0.200000153823234,0.199999998409349,3.84284943286288e-08,5204471.36697602,7.18436503526701e-07,-0.401474665045849,7.18440735593028e-07,4.74803911077196e-08,7.38798163575725e-07,5.94701725448177e-06,38.3273661136627
"rossler",3,5,Inf,3.69897000433602,5000,4,13,"smoothed",13,4,6,"weak/smoothed/m=1w/p=4",829,"x3;x1 x3",TRUE,2,"x3;x1 x3",TRUE,2,2,0,0,TRUE,4.26489260495625e-05,0.200007251160259,0.200004388585618,0.200010161112195,0.200007270210681,1.7453880820806e-06,114591.861984219,4.82145946361796e-05,0.703970352148159,4.82146633024613e-05,-6.22980055082497e-06,0.000428324617476296,0.00247019510410668,13.0682091712952
"rossler",3,5,Inf,3.69897000433602,5000,4,13,"smoothed",13,8,6,"weak/smoothed/m=1w/p=8",829,"x3;x1 x3",TRUE,2,"x3;x1 x3",TRUE,2,2,0,0,TRUE,5.1703097803113e-07,0.200000061656473,0.199998844973956,0.20000118850366,0.200000044089136,7.16203728692303e-07,279250.213419457,1.97898435995652e-05,0.533103588455028,1.9789851379639e-05,4.50496066424618e-08,1.16505462704443e-06,1.00994808935329e-05,16.8679261207581
"rossler",3,5,Inf,3.69897000433602,5000,4,13,"smoothed",26,4,13,"weak/smoothed/m=2w/p=4",381,"x3;x1 x3",TRUE,2,"x3;x1 x3",TRUE,2,2,0,0,TRUE,1.96832478249753e-06,0.200000261382142,0.199999120050725,0.200001416031747,0.200000258803476,7.22679728763847e-07,276748.12346761,1.34974131753527e-05,0.0111553488075161,1.34974158464031e-05,-2.39115727697996e-07,2.17276856191356e-05,0.000115334898876551,42.2567627429962
"rossler",3,5,Inf,3.69897000433602,5000,4,13,"smoothed",26,8,13,"weak/smoothed/m=2w/p=8",381,"x3;x1 x3",TRUE,2,"x3;x1 x3",TRUE,2,2,0,0,TRUE,3.90549950430434e-07,0.199999952708714,0.199998825191456,0.200001108600679,0.199999974942344,7.09249838493569e-07,281988.044392283,1.32597173421289e-05,-0.316485064594852,1.32597239370537e-05,4.74803911077196e-08,7.38798163575725e-07,5.94701725448177e-06,45.5335416793823
"rossler",3,6,Inf,3.69897000433602,5000,4,13,"smoothed",NA,NA,NA,"sg",5000,"x3;x1 x3",TRUE,2,"x3;x1 x3",TRUE,2,2,0,0,TRUE,6.54330283238469e-05,0.199978732915376,0.199940220116379,0.200019651733345,0.199979259988185,2.44599529016057e-05,8175.78270868447,0.00165169987469856,0.989432591685601,0.00165169988403234,-1.58246077023492e-06,0.00177549465001949,0.016875911241523,14.7940366268158
"rossler",3,6,Inf,3.69897000433602,5000,4,13,"raw",13,4,6,"weak/raw/m=1w/p=4",829,"x3;x1 x3",TRUE,2,"x3;x1 x3",TRUE,2,2,0,0,TRUE,4.25679704773361e-05,0.200008463257944,0.200006928997898,0.20000997062249,0.200008439277862,9.20575521380643e-07,217264.563995681,2.52972118936975e-05,0.819775033382422,2.52972203663608e-05,-3.53781137785089e-06,0.000414071102295881,0.00237562931577601,18.9834222793579
"rossler",3,6,Inf,3.69897000433602,5000,4,13,"raw",13,8,6,"weak/raw/m=1w/p=8",829,"x3;x1 x3",TRUE,2,"x3;x1 x3",TRUE,2,2,0,0,TRUE,2.95997484300869e-08,0.199999975620732,0.199999395740101,0.200000597983224,0.19999999451401,4.11073388967638e-08,4865311.15566215,1.12992191252578e-06,0.428455614636434,1.1300533065631e-06,6.88947184551669e-10,1.16528713917121e-06,1.13766165796281e-05,2.76024270057678
"rossler",3,6,Inf,3.69897000433602,5000,4,13,"raw",26,4,13,"weak/raw/m=2w/p=4",381,"x3;x1 x3",TRUE,2,"x3;x1 x3",TRUE,2,2,0,0,TRUE,2.2516583420007e-06,0.200000477843089,0.200000078599125,0.200000892526553,0.200000484633062,2.51185732097457e-07,796225.498013017,4.66989291355473e-06,0.379155738879004,4.66989473679172e-06,1.72506649870297e-08,2.08824890822933e-05,0.000110847977229878,51.0861549377441
"rossler",3,6,Inf,3.69897000433602,5000,4,13,"raw",26,8,13,"weak/raw/m=2w/p=8",381,"x3;x1 x3",TRUE,2,"x3;x1 x3",TRUE,2,2,0,0,TRUE,2.19129026035603e-09,0.199999991316973,0.199999735736752,0.200000235124831,0.199999991046116,4.10453698371001e-08,4872656.57100596,7.63832839773403e-07,-0.413421529352373,7.63840278343967e-07,5.09511890348521e-09,7.65534608925472e-07,6.56121752201644e-06,29.4400053024292
"rossler",3,6,Inf,3.69897000433602,5000,4,13,"smoothed",13,4,6,"weak/smoothed/m=1w/p=4",829,"x3;x1 x3",TRUE,2,"x3;x1 x3",TRUE,2,2,0,0,TRUE,4.21377338082769e-05,0.200008350512351,0.200006025433576,0.200010699360826,0.200008314686941,1.41038132672261e-06,141811.516429895,3.8756967082651e-05,0.723664191581668,3.87570012797e-05,-3.53781137785089e-06,0.000414071102295881,0.00237562931577601,13.939245223999
"rossler",3,6,Inf,3.69897000433602,5000,4,13,"smoothed",13,8,6,"weak/smoothed/m=1w/p=8",829,"x3;x1 x3",TRUE,2,"x3;x1 x3",TRUE,2,2,0,0,TRUE,4.30476598928545e-07,0.199999874372526,0.199998783419517,0.20000094801959,0.199999864788616,6.87129532262271e-07,291065.73855172,1.88872044246598e-05,0.523963921255042,1.88872121817956e-05,6.88947184551669e-10,1.16528713917121e-06,1.13766165796281e-05,18.6008269786835
"rossler",3,6,Inf,3.69897000433602,5000,4,13,"smoothed",26,4,13,"weak/smoothed/m=2w/p=4",381,"x3;x1 x3",TRUE,2,"x3;x1 x3",TRUE,2,2,0,0,TRUE,1.94495524752369e-06,0.200000410015008,0.199999274714926,0.200001571494853,0.200000408887379,6.96787473439716e-07,287032.153290687,1.29542504295194e-05,-0.0177769491738518,1.29543195054299e-05,1.72506649870297e-08,2.08824890822933e-05,0.000110847977229878,40.896390914917
"rossler",3,6,Inf,3.69897000433602,5000,4,13,"smoothed",26,8,13,"weak/smoothed/m=2w/p=8",381,"x3;x1 x3",TRUE,2,"x3;x1 x3",TRUE,2,2,0,0,TRUE,3.70052392783119e-07,0.199999872795942,0.199998735448074,0.200001037117002,0.199999899558754,6.99367360408363e-07,285972.59592151,1.30148603310975e-05,-0.341376239728373,1.30148645302555e-05,5.09511890348521e-09,7.65534608925472e-07,6.56121752201644e-06,38.5953073501587
"rossler",3,7,Inf,3.69897000433602,5000,4,13,"smoothed",NA,NA,NA,"sg",5000,"x3;x1 x3",TRUE,2,"x3;x1 x3",TRUE,2,2,0,0,TRUE,3.00254906824282e-05,0.199995982961882,0.199949238526728,0.200041618768212,0.199995844124267,2.71919610336425e-05,7354.96214770342,0.00183638211590337,0.76026062731786,0.00183638212303877,-1.49593619546963e-05,0.00185579516099558,0.0821737000757963,7.18130540847778
"rossler",3,7,Inf,3.69897000433602,5000,4,13,"raw",13,4,6,"weak/raw/m=1w/p=4",829,"x3;x1 x3",TRUE,2,"x3;x1 x3",TRUE,2,2,0,0,TRUE,4.30175270333721e-05,0.200007874723885,0.200006422042359,0.200009232753504,0.200007866010622,8.57157551514749e-07,233338.510122407,2.35516566314108e-05,0.836075157327861,2.35517049708098e-05,-4.7081092070921e-06,0.000342918171397579,0.00247209006589061,17.2693290710449
"rossler",3,7,Inf,3.69897000433602,5000,4,13,"raw",13,8,6,"weak/raw/m=1w/p=8",829,"x3;x1 x3",TRUE,2,"x3;x1 x3",TRUE,2,2,0,0,TRUE,3.06213869816219e-08,0.200000000978458,0.199999680054152,0.2000002836799,0.200000013313413,3.61284016388603e-08,5535811.27979626,9.9295899404381e-07,0.480951114695386,9.93011426678593e-07,2.95065782149439e-08,1.02377406647657e-06,1.17104460343742e-05,3.694979429245
"rossler",3,7,Inf,3.69897000433602,5000,4,13,"raw",26,4,13,"weak/raw/m=2w/p=4",381,"x3;x1 x3",TRUE,2,"x3;x1 x3",TRUE,2,2,0,0,TRUE,2.3205239982893e-06,0.200000352837654,0.199999964595778,0.20000071826371,0.200000354317842,2.26980321518776e-07,881135.214628277,4.21641938091804e-06,0.42138102843534,4.2164212538938e-06,-1.81935074593741e-07,1.76621505151231e-05,0.000116832875643513,67.3808352947235
"rossler",3,7,Inf,3.69897000433602,5000,4,13,"raw",26,8,13,"weak/raw/m=2w/p=8",381,"x3;x1 x3",TRUE,2,"x3;x1 x3",TRUE,2,2,0,0,TRUE,4.38793268386917e-09,0.200000006083049,0.199999822130966,0.200000173006158,0.20000000710968,3.53749175301103e-08,5653723.6288804,6.57805716152238e-07,-0.354505828333186,6.57805882471366e-07,3.12406537609913e-08,6.63684481694726e-07,6.69577774486951e-06,26.6454675197601
"rossler",3,7,Inf,3.69897000433602,5000,4,13,"smoothed",13,4,6,"weak/smoothed/m=1w/p=4",829,"x3;x1 x3",TRUE,2,"x3;x1 x3",TRUE,2,2,0,0,TRUE,4.27450395374133e-05,0.200007696218005,0.200005613969614,0.200009756358405,0.200007708455839,1.26580785089716e-06,158007.953824968,3.47799208630185e-05,0.716357107632803,3.47799494495324e-05,-4.7081092070921e-06,0.000342918171397579,0.00247209006589061,14.2888009548187
"rossler",3,7,Inf,3.69897000433602,5000,4,13,"smoothed",13,8,6,"weak/smoothed/m=1w/p=8",829,"x3;x1 x3",TRUE,2,"x3;x1 x3",TRUE,2,2,0,0,TRUE,3.74059072527438e-07,0.199999977734765,0.199999072570586,0.200000847830254,0.199999946878461,5.40297491128011e-07,370166.343843111,1.48496259993846e-05,0.511739959288458,1.48496293107753e-05,2.95065782149439e-08,1.02377406647657e-06,1.17104460343742e-05,23.8424534797668
"rossler",3,7,Inf,3.69897000433602,5000,4,13,"smoothed",26,4,13,"weak/smoothed/m=2w/p=4",381,"x3;x1 x3",TRUE,2,"x3;x1 x3",TRUE,2,2,0,0,TRUE,2.04575560713849e-06,0.200000316817151,0.19999939377364,0.200001236419026,0.200000307605999,5.51203947269088e-07,362842.662134208,1.02392444725364e-05,0.0122078792192402,1.02392660940692e-05,-1.81935074593741e-07,1.76621505151231e-05,0.000116832875643513,34.121903181076
"rossler",3,7,Inf,3.69897000433602,5000,4,13,"smoothed",26,8,13,"weak/smoothed/m=2w/p=8",381,"x3;x1 x3",TRUE,2,"x3;x1 x3",TRUE,2,2,0,0,TRUE,3.35874315806344e-07,0.199999953104305,0.199999099107971,0.200000841450424,0.19999996970147,5.38494714009427e-07,371405.632215674,1.00134480875543e-05,-0.328122663073413,1.00134541107976e-05,3.12406537609913e-08,6.63684481694726e-07,6.69577774486951e-06,31.3077054023743
"rossler",3,8,Inf,3.69897000433602,5000,4,13,"smoothed",NA,NA,NA,"sg",5000,"x3;x1 x3",TRUE,2,"x3;x1 x3",TRUE,2,2,0,0,TRUE,3.47260800294573e-05,0.199982917825607,0.199966326474037,0.200000578389674,0.199982995753981,1.01554557898016e-05,19692.1733394586,0.000677527690896153,0.841662148903709,0.000677527792944349,4.28375063955632e-06,0.000707662762627598,0.0249266712934741,4.01487970352173
"rossler",3,8,Inf,3.69897000433602,5000,4,13,"raw",13,4,6,"weak/raw/m=1w/p=4",829,"x3;x1 x3",TRUE,2,"x3;x1 x3",TRUE,2,2,0,0,TRUE,4.33621916316764e-05,0.200008363065587,0.200007648089647,0.200009072157198,0.200008362530167,4.20426434069968e-07,475727.371835238,1.13940368706877e-05,0.855641869651161,1.13940465808222e-05,-1.07448345535881e-05,0.000249941577263084,0.00172536785777738,16.9575252532959
"rossler",3,8,Inf,3.69897000433602,5000,4,13,"raw",13,8,6,"weak/raw/m=1w/p=8",829,"x3;x1 x3",TRUE,2,"x3;x1 x3",TRUE,2,2,0,0,TRUE,3.91384917808324e-08,0.200000022896374,0.199999598807255,0.200000507406312,0.200000012182514,2.33901209866478e-08,8550618.96843901,6.34063727717329e-07,0.468221589136002,6.34083875079853e-07,2.10881551461254e-08,6.75549226086233e-07,7.54261672958334e-06,3.5957944393158
"rossler",3,8,Inf,3.69897000433602,5000,4,13,"raw",26,4,13,"weak/raw/m=2w/p=4",381,"x3;x1 x3",TRUE,2,"x3;x1 x3",TRUE,2,2,0,0,TRUE,2.4433555132369e-06,0.200000434861231,0.200000226144552,0.200000636071958,0.200000433049708,1.24177053886996e-07,1610607.00660295,2.2740013678233e-06,0.523052123047519,2.27400347979076e-06,-4.87163030852109e-07,1.31774585578811e-05,8.34238024552403e-05,50.2664680480957
"rossler",3,8,Inf,3.69897000433602,5000,4,13,"raw",26,8,13,"weak/raw/m=2w/p=8",381,"x3;x1 x3",TRUE,2,"x3;x1 x3",TRUE,2,2,0,0,TRUE,1.0906356928686e-08,0.200000001330592,0.199999824629258,0.200000170827802,0.200000006551831,2.45024984981189e-08,8162433.1725675,4.49177439895678e-07,-0.139654235088052,4.492304099078e-07,2.88583639981861e-08,4.57679463314856e-07,3.21353851545636e-06,5.05261063575745
"rossler",3,8,Inf,3.69897000433602,5000,4,13,"smoothed",13,4,6,"weak/smoothed/m=1w/p=4",829,"x3;x1 x3",TRUE,2,"x3;x1 x3",TRUE,2,2,0,0,TRUE,4.31332253665317e-05,0.20000825794174,0.200007322755924,0.200009177439672,0.200008250543856,5.64005258880028e-07,354621.251122769,1.52851871085244e-05,0.777616512911153,1.52851963044173e-05,-1.07448345535881e-05,0.000249941577263084,0.00172536785777738,14.069317817688
"rossler",3,8,Inf,3.69897000433602,5000,4,13,"smoothed",13,8,6,"weak/smoothed/m=1w/p=8",829,"x3;x1 x3",TRUE,2,"x3;x1 x3",TRUE,2,2,0,0,TRUE,1.35664731670815e-07,0.199999960742263,0.199999584579788,0.200000314971471,0.199999955583314,1.90732698002766e-07,1048587.67100549,5.17041726662232e-06,0.584273700316857,5.17042079823384e-06,2.10881551461254e-08,6.75549226086233e-07,7.54261672958334e-06,25.4407575130463
"rossler",3,8,Inf,3.69897000433602,5000,4,13,"smoothed",26,4,13,"weak/smoothed/m=2w/p=4",381,"x3;x1 x3",TRUE,2,"x3;x1 x3",TRUE,2,2,0,0,TRUE,2.329640442349e-06,0.200000397935164,0.199999962876776,0.20000081106861,0.200000399447933,2.55196534737256e-07,783711.266510137,4.67330517546548e-06,0.197975358861413,4.67331199001071e-06,-4.87163030852109e-07,1.31774585578811e-05,8.34238024552403e-05,39.6523323059082
"rossler",3,8,Inf,3.69897000433602,5000,4,13,"smoothed",26,8,13,"weak/smoothed/m=2w/p=8",381,"x3;x1 x3",TRUE,2,"x3;x1 x3",TRUE,2,2,0,0,TRUE,1.23575683685928e-07,0.199999965825614,0.199999634500555,0.20000028758678,0.199999970814999,2.05026576833822e-07,975483.149080244,3.75852743385965e-06,-0.183934108758802,3.75853618578107e-06,2.88583639981861e-08,4.57679463314856e-07,3.21353851545636e-06,44.6502072811127
"rossler",3,9,Inf,3.69897000433602,5000,4,13,"smoothed",NA,NA,NA,"sg",5000,"x3;x1 x3",TRUE,2,"x3;x1 x3",TRUE,2,2,0,0,TRUE,3.09861367533727e-05,0.200041976974139,0.199998900060853,0.200083810614881,0.200042174268823,2.5736362882595e-05,7772.74454752531,0.00165671097371506,0.485436308170003,0.00165671156791693,-2.11842303478105e-05,0.0016704806425167,0.101197599099746,9.48691821098328
"rossler",3,9,Inf,3.69897000433602,5000,4,13,"raw",13,4,6,"weak/raw/m=1w/p=4",829,"x3;x1 x3",TRUE,2,"x3;x1 x3",TRUE,2,2,0,0,TRUE,4.42030511529473e-05,0.200008494399925,0.200007365905919,0.200009606958983,0.200008490503811,6.70170785517488e-07,298444.060567889,1.75516369457024e-05,0.892482713596324,1.75516524557623e-05,-1.78176300941479e-06,0.000277110490781143,0.00229322845660535,16.9755299091339
"rossler",3,9,Inf,3.69897000433602,5000,4,13,"raw",13,8,6,"weak/raw/m=1w/p=8",829,"x3;x1 x3",TRUE,2,"x3;x1 x3",TRUE,2,2,0,0,TRUE,3.35482503375891e-08,0.200000030988735,0.19999974709073,0.200000374402227,0.200000030474439,3.25126173860817e-08,6151458.92745186,8.51845394846014e-07,0.612269339865176,8.51853398294735e-07,2.13497738388583e-08,8.78192326950156e-07,7.93571488061362e-06,5.11524343490601
"rossler",3,9,Inf,3.69897000433602,5000,4,13,"raw",26,4,13,"weak/raw/m=2w/p=4",381,"x3;x1 x3",TRUE,2,"x3;x1 x3",TRUE,2,2,0,0,TRUE,2.50548354009258e-06,0.200000439592029,0.200000148850536,0.200000725026683,0.200000434120907,1.75366051729435e-07,1140474.06638019,3.10665968504216e-06,0.497931803494336,3.10667680882908e-06,1.1676516587393e-08,1.47164299971018e-05,8.36512162180614e-05,52.0268487930298
"rossler",3,9,Inf,3.69897000433602,5000,4,13,"raw",26,8,13,"weak/raw/m=2w/p=8",381,"x3;x1 x3",TRUE,2,"x3;x1 x3",TRUE,2,2,0,0,TRUE,9.9575607019157e-09,0.200000027943951,0.199999946058534,0.200000110662086,0.20000002530513,3.56327691800013e-08,5612811.74344931,6.32266741988236e-07,-0.10022387600311,6.32267372635402e-07,1.93030973091875e-08,6.34548026225444e-07,4.73423052865796e-06,39.8852424621582
"rossler",3,9,Inf,3.69897000433602,5000,4,13,"smoothed",13,4,6,"weak/smoothed/m=1w/p=4",829,"x3;x1 x3",TRUE,2,"x3;x1 x3",TRUE,2,2,0,0,TRUE,4.43202908972539e-05,0.20000853518265,0.200007029748368,0.200010009793654,0.200008545681503,9.02681799664241e-07,221571.483723165,2.36410531930468e-05,0.774466512775356,2.36410572616807e-05,-1.78176300941479e-06,0.000277110490781143,0.00229322845660535,17.4724209308624
"rossler",3,9,Inf,3.69897000433602,5000,4,13,"smoothed",13,8,6,"weak/smoothed/m=1w/p=8",829,"x3;x1 x3",TRUE,2,"x3;x1 x3",TRUE,2,2,0,0,TRUE,1.54711852529912e-07,0.200000039290166,0.199999560902097,0.200000517694014,0.200000030833649,2.15153026856822e-07,929571.076714359,5.6371073566447e-06,0.567396371571479,5.63712217586007e-06,2.13497738388583e-08,8.78192326950156e-07,7.93571488061362e-06,16.5867738723755
"rossler",3,9,Inf,3.69897000433602,5000,4,13,"smoothed",26,4,13,"weak/smoothed/m=2w/p=4",381,"x3;x1 x3",TRUE,2,"x3;x1 x3",TRUE,2,2,0,0,TRUE,2.36930150119158e-06,0.20000042319515,0.199999946380674,0.200000894258342,0.2000004206381,2.90538439793432e-07,688378.518106922,5.14697142094056e-06,0.194662826847926,5.14698105742729e-06,1.1676516587393e-08,1.47164299971018e-05,8.36512162180614e-05,63.3362281322479
"rossler",3,9,Inf,3.69897000433602,5000,4,13,"smoothed",26,8,13,"weak/smoothed/m=2w/p=8",381,"x3;x1 x3",TRUE,2,"x3;x1 x3",TRUE,2,2,0,0,TRUE,1.58500914693355e-07,0.200000031377699,0.199999659336007,0.200000418628784,0.200000024072522,2.31848486997541e-07,862632.431475142,4.11391229489208e-06,-0.204216295982146,4.11391497812514e-06,1.93030973091875e-08,6.34548026225444e-07,4.73423052865796e-06,49.5572707653046
"rossler",3,10,Inf,3.69897000433602,5000,4,13,"smoothed",NA,NA,NA,"sg",5000,"x3;x1 x3",TRUE,2,"x3;x1 x3",TRUE,2,2,0,0,TRUE,5.80594588379668e-05,0.199983254380658,0.199952506326252,0.200014231972732,0.19998292950664,1.88945929554079e-05,10584.1353650014,0.00126818005225467,0.989114694312703,0.00126818016550997,-3.4762390602992e-07,0.00135596803645821,0.0181977549262299,23.793505191803
"rossler",3,10,Inf,3.69897000433602,5000,4,13,"raw",13,4,6,"weak/raw/m=1w/p=4",829,"x3;x1 x3",TRUE,2,"x3;x1 x3",TRUE,2,2,0,0,TRUE,4.27574812273956e-05,0.200008335591301,0.20000712864133,0.200009527614773,0.200008315340527,7.31485989472304e-07,273427.404241623,1.99720421572603e-05,0.828586483934221,1.99720507905423e-05,-5.79816795755963e-06,0.000346278199045694,0.00244916356134867,32.3110859394073
"rossler",3,10,Inf,3.69897000433602,5000,4,13,"raw",13,8,6,"weak/raw/m=1w/p=8",829,"x3;x1 x3",TRUE,2,"x3;x1 x3",TRUE,2,2,0,0,TRUE,3.09964169886712e-08,0.199999988506213,0.199999701542535,0.200000276248919,0.199999987100806,2.56569487676566e-08,7795158.68827423,7.00715590301119e-07,0.470475037829159,7.00717972009485e-07,2.09105035460871e-08,7.55795915724622e-07,7.47377241622216e-06,7.32339262962341
"rossler",3,10,Inf,3.69897000433602,5000,4,13,"raw",26,4,13,"weak/raw/m=2w/p=4",381,"x3;x1 x3",TRUE,2,"x3;x1 x3",TRUE,2,2,0,0,TRUE,2.30600307005169e-06,0.200000406932778,0.20000004941848,0.200000762041761,0.200000399928478,2.06584666395356e-07,968128.000099114,3.81387863165228e-06,0.450081371404059,3.81388214122353e-06,-3.4021866186664e-07,1.7955740818224e-05,0.000112590417255365,89.9920897483826
"rossler",3,10,Inf,3.69897000433602,5000,4,13,"raw",26,8,13,"weak/raw/m=2w/p=8",381,"x3;x1 x3",TRUE,2,"x3;x1 x3",TRUE,2,2,0,0,TRUE,5.64477540733247e-09,0.199999985377868,0.199999702329859,0.200000224088426,0.199999984418187,2.4715457542832e-08,8092101.2314494,4.56774930820174e-07,-0.0808952369598015,4.56782680019894e-07,2.94615234188163e-08,4.78572155914238e-07,3.80371866554041e-06,30.328578710556
"rossler",3,10,Inf,3.69897000433602,5000,4,13,"smoothed",13,4,6,"weak/smoothed/m=1w/p=4",829,"x3;x1 x3",TRUE,2,"x3;x1 x3",TRUE,2,2,0,0,TRUE,4.23823099281014e-05,0.200008207756586,0.200006344283591,0.200010008436185,0.200008199227656,1.1003490439436e-06,181767.95838422,3.00432513533666e-05,0.732597995554446,3.00432609885836e-05,-5.79816795755963e-06,0.000346278199045694,0.00244916356134867,44.5342888832092
"rossler",3,10,Inf,3.69897000433602,5000,4,13,"smoothed",13,8,6,"weak/smoothed/m=1w/p=8",829,"x3;x1 x3",TRUE,2,"x3;x1 x3",TRUE,2,2,0,0,TRUE,3.69753222659746e-07,0.199999877184603,0.19999899446312,0.200000738524356,0.199999866764619,5.17492244004036e-07,386478.96481915,1.41332036651756e-05,0.524547911864309,1.41332201855547e-05,2.09105035460871e-08,7.55795915724622e-07,7.47377241622216e-06,38.0210461616516
"rossler",3,10,Inf,3.69897000433602,5000,4,13,"smoothed",26,4,13,"weak/smoothed/m=2w/p=4",381,"x3;x1 x3",TRUE,2,"x3;x1 x3",TRUE,2,2,0,0,TRUE,2.04265950065619e-06,0.200000329186517,0.199999444524058,0.200001248357168,0.200000319252286,5.42228337877425e-07,368848.887601846,1.00103899486814e-05,0.0217786012873396,1.00104287582759e-05,-3.4021866186664e-07,1.7955740818224e-05,0.000112590417255365,68.2920501232147
"rossler",3,10,Inf,3.69897000433602,5000,4,13,"smoothed",26,8,13,"weak/smoothed/m=2w/p=8",381,"x3;x1 x3",TRUE,2,"x3;x1 x3",TRUE,2,2,0,0,TRUE,3.2017883190742e-07,0.199999887809886,0.19999899493466,0.200000808667768,0.199999887714869,5.50608091790682e-07,363234.559565646,1.01759788228475e-05,-0.366143224477955,1.01760015562067e-05,2.94615234188163e-08,4.78572155914238e-07,3.80371866554041e-06,35.7075779438019
"rossler",3,11,Inf,3.69897000433602,5000,4,13,"smoothed",NA,NA,NA,"sg",5000,"x3;x1 x3",TRUE,2,"x3;x1 x3",TRUE,2,2,0,0,TRUE,0.000103401350086685,0.199963615174481,0.199886741859818,0.200044679505804,0.199965591385647,4.85701562308848e-05,4117.0464932228,0.00332371127202675,0.982393153107296,0.00332371131216465,-1.00105954454302e-05,0.00353303066461043,0.0538578371182041,8.90056133270264
"rossler",3,11,Inf,3.69897000433602,5000,4,13,"raw",13,4,6,"weak/raw/m=1w/p=4",829,"x3;x1 x3",TRUE,2,"x3;x1 x3",TRUE,2,2,0,0,TRUE,4.19628578547148e-05,0.200008068092575,0.200005832067898,0.200010378375808,0.200008074307863,1.3381850698191e-06,149462.19235199,3.72631661452712e-05,0.775322303029854,3.7263220772807e-05,-2.45458409019306e-06,0.000469401785289327,0.00380715285362215,21.1787257194519
"rossler",3,11,Inf,3.69897000433602,5000,4,13,"raw",13,8,6,"weak/raw/m=1w/p=8",829,"x3;x1 x3",TRUE,2,"x3;x1 x3",TRUE,2,2,0,0,TRUE,2.57960734254918e-08,0.199999998348879,0.199999549838088,0.20000045594136,0.200000017400834,5.09582232096501e-08,3924783.96623059,1.41933027341981e-06,0.326811636840693,1.41938461470251e-06,1.34473148483982e-08,1.44737313193031e-06,1.42482793059062e-05,4.01254081726074
"rossler",3,11,Inf,3.69897000433602,5000,4,13,"raw",26,4,13,"weak/raw/m=2w/p=4",381,"x3;x1 x3",TRUE,2,"x3;x1 x3",TRUE,2,2,0,0,TRUE,2.15795622060533e-06,0.20000037670607,0.199999825535831,0.200000926077113,0.200000389434501,3.42186034115514e-07,584478.527744315,6.44274607626951e-06,0.345295539435594,6.4427510825869e-06,-9.28466617038749e-08,2.30460232211534e-05,0.000167565167754458,57.6711220741272
"rossler",3,11,Inf,3.69897000433602,5000,4,13,"raw",26,8,13,"weak/raw/m=2w/p=8",381,"x3;x1 x3",TRUE,2,"x3;x1 x3",TRUE,2,2,0,0,TRUE,2.13548897863204e-09,0.200000019564806,0.199999814790028,0.200000264748718,0.200000013295659,4.6670160830917e-08,4285393.70198973,8.79504467530324e-07,-0.464585659306884,8.79510515132356e-07,1.86020193038995e-08,8.798395007722e-07,8.86171767006116e-06,18.9325919151306
"rossler",3,11,Inf,3.69897000433602,5000,4,13,"smoothed",13,4,6,"weak/smoothed/m=1w/p=4",829,"x3;x1 x3",TRUE,2,"x3;x1 x3",TRUE,2,2,0,0,TRUE,4.109045976317e-05,0.20000772746321,0.200003468589735,0.200012119228373,0.200007801625743,2.59659605982221e-06,77026.9217921551,7.23049391671402e-05,0.594393958556942,7.23049697091866e-05,-2.45458409019306e-06,0.000469401785289327,0.00380715285362215,12.4130935668945
"rossler",3,11,Inf,3.69897000433602,5000,4,13,"smoothed",13,8,6,"weak/smoothed/m=1w/p=8",829,"x3;x1 x3",TRUE,2,"x3;x1 x3",TRUE,2,2,0,0,TRUE,9.16002598061071e-07,0.1999996620078,0.199996910011752,0.20000261351124,0.199999760957746,1.72773643792669e-06,115758.258358982,4.81223337023558e-05,0.382853070720716,4.81223681612109e-05,1.34473148483982e-08,1.44737313193031e-06,1.42482793059062e-05,15.5857882499695
"rossler",3,11,Inf,3.69897000433602,5000,4,13,"smoothed",26,4,13,"weak/smoothed/m=2w/p=4",381,"x3;x1 x3",TRUE,2,"x3;x1 x3",TRUE,2,2,0,0,TRUE,1.59824440926215e-06,0.200000295888841,0.19999815114817,0.200002345968091,0.200000255974202,1.27245837690294e-06,157176.265726653,2.39580970013506e-05,-0.184672083193869,2.39581016072855e-05,-9.28466617038749e-08,2.30460232211534e-05,0.000167565167754458,27.9346351623535
"rossler",3,11,Inf,3.69897000433602,5000,4,13,"smoothed",26,8,13,"weak/smoothed/m=2w/p=8",381,"x3;x1 x3",TRUE,2,"x3;x1 x3",TRUE,2,2,0,0,TRUE,7.19108916818936e-07,0.199999820636207,0.199997241599834,0.200002380471482,0.199999839942245,1.53029237388201e-06,130693.874814843,2.88385330537673e-05,-0.492845286893169,2.88385621554912e-05,1.86020193038995e-08,8.798395007722e-07,8.86171767006116e-06,60.3809638023376
"rossler",3,12,Inf,3.69897000433602,5000,4,13,"smoothed",NA,NA,NA,"sg",5000,"x3;x1 x3",TRUE,2,"x3;x1 x3",TRUE,2,2,0,0,TRUE,8.17255287659173e-05,0.199954236455409,0.199899124236755,0.200010612767851,0.199954732340077,3.45099924466053e-05,5794.11115923748,0.00228650375837449,0.616050157755879,0.00228650435230914,-6.64855746802384e-07,0.00237937647762038,0.124321945399086,12.884352684021
"rossler",3,12,Inf,3.69897000433602,5000,4,13,"raw",13,4,6,"weak/raw/m=1w/p=4",829,"x3;x1 x3",TRUE,2,"x3;x1 x3",TRUE,2,2,0,0,TRUE,4.28830007810355e-05,0.200007123502454,0.200005996680564,0.200008277891804,0.200007146591111,6.86266964506551e-07,291442.189316111,1.84561224960484e-05,0.802806418400438,1.84561231436515e-05,-1.88981921945528e-05,0.000326965186189982,0.00256699193669335,45.7905297279358
"rossler",3,12,Inf,3.69897000433602,5000,4,13,"raw",13,8,6,"weak/raw/m=1w/p=8",829,"x3;x1 x3",TRUE,2,"x3;x1 x3",TRUE,2,2,0,0,TRUE,2.19620130268906e-08,0.200000039298179,0.199999526326267,0.200000469382511,0.20000003958763,3.3772004182993e-08,5922066.05518385,9.08580788796244e-07,0.465575237015714,9.08592426972507e-07,-1.67951506047039e-08,9.26961299528012e-07,1.67860132276876e-05,5.85588192939758
"rossler",3,12,Inf,3.69897000433602,5000,4,13,"raw",26,4,13,"weak/raw/m=2w/p=4",381,"x3;x1 x3",TRUE,2,"x3;x1 x3",TRUE,2,2,0,0,TRUE,2.32490695228904e-06,0.200000183866476,0.199999857607943,0.200000499111271,0.200000177299916,1.91856854638837e-07,1042444.78351534,3.47472989331638e-06,0.555267418496431,3.47473035319342e-06,-9.73894341410262e-07,1.69568264912813e-05,0.000115914472833378,81.4438028335571
"rossler",3,12,Inf,3.69897000433602,5000,4,13,"raw",26,8,13,"weak/raw/m=2w/p=8",381,"x3;x1 x3",TRUE,2,"x3;x1 x3",TRUE,2,2,0,0,TRUE,1.12499400828164e-08,0.199999989686553,0.199999780585995,0.200000200060677,0.199999991124491,2.78059084659554e-08,7192715.58306986,5.04232935668206e-07,-0.0486889437094409,5.04259746465905e-07,1.6971819380757e-08,5.11879467510095e-07,5.59126441251889e-06,7.76945519447327
"rossler",3,12,Inf,3.69897000433602,5000,4,13,"smoothed",13,4,6,"weak/smoothed/m=1w/p=4",829,"x3;x1 x3",TRUE,2,"x3;x1 x3",TRUE,2,2,0,0,TRUE,4.24453126965929e-05,0.200007101431061,0.20000521332887,0.200009082021298,0.20000710954081,1.20864682014296e-06,165480.193392767,3.25047464210531e-05,0.439132997072978,3.25047650275713e-05,-1.88981921945528e-05,0.000326965186189982,0.00256699193669335,31.3270299434662
"rossler",3,12,Inf,3.69897000433602,5000,4,13,"smoothed",13,8,6,"weak/smoothed/m=1w/p=8",829,"x3;x1 x3",TRUE,2,"x3;x1 x3",TRUE,2,2,0,0,TRUE,4.79606840012561e-07,0.199999346864781,0.19999840472528,0.200000329755788,0.1999993514929,5.73778951990477e-07,348565.158758594,1.54365884382826e-05,0.235204424834223,1.54365917739142e-05,-1.67951506047039e-08,9.26961299528012e-07,1.67860132276876e-05,25.0177299976349
"rossler",3,12,Inf,3.69897000433602,5000,4,13,"smoothed",26,4,13,"weak/smoothed/m=2w/p=4",381,"x3;x1 x3",TRUE,2,"x3;x1 x3",TRUE,2,2,0,0,TRUE,2.12466338589401e-06,0.199999759448543,0.199998954548284,0.200000588021818,0.199999751580841,4.92948166073682e-07,405721.666790717,8.9278109648943e-06,0.112952888507753,8.92781163436177e-06,-9.73894341410262e-07,1.69568264912813e-05,0.000115914472833378,54.3764843940735
"rossler",3,12,Inf,3.69897000433602,5000,4,13,"smoothed",26,8,13,"weak/smoothed/m=2w/p=8",381,"x3;x1 x3",TRUE,2,"x3;x1 x3",TRUE,2,2,0,0,TRUE,4.30985968317319e-07,0.199999321511035,0.199998468735232,0.200000204798099,0.19999934404524,5.19330593252005e-07,385109.883076328,9.4175520474134e-06,-0.360747317866233,9.41755399513619e-06,1.6971819380757e-08,5.11879467510095e-07,5.59126441251889e-06,36.9540712833405
"rossler",3,13,Inf,3.69897000433602,5000,4,13,"smoothed",NA,NA,NA,"sg",5000,"x3;x1 x3",TRUE,2,"x3;x1 x3",TRUE,2,2,0,0,TRUE,0.000107598848431535,0.200149789839014,0.200002540306859,0.200294013457106,0.200149652244844,9.13081177952127e-05,2192.02472986841,0.00610225196118101,0.361764914232241,0.00610225316477408,-1.44401746842394e-05,0.00619979194042854,0.399241763914529,14.0369341373444
"rossler",3,13,Inf,3.69897000433602,5000,4,13,"raw",13,4,6,"weak/raw/m=1w/p=4",829,"x3;x1 x3",TRUE,2,"x3;x1 x3",TRUE,2,2,0,0,TRUE,4.39763503963787e-05,0.200007194522051,0.200004758240681,0.200009655668747,0.200007188128306,1.48489335408193e-06,134694.648325075,4.03440566760326e-05,0.870880150091523,4.03443466697953e-05,-7.20674893628672e-06,0.000387033128812454,0.00330455311974448,26.6565594673157
"rossler",3,13,Inf,3.69897000433602,5000,4,13,"raw",13,8,6,"weak/raw/m=1w/p=8",829,"x3;x1 x3",TRUE,2,"x3;x1 x3",TRUE,2,2,0,0,TRUE,3.00152451782054e-08,0.200000008781529,0.199999330362903,0.200000570359175,0.20000000100822,4.23536173952501e-08,4722146.85092399,1.15113315948088e-06,0.574298835539061,1.15115271621689e-06,3.80531736370388e-08,1.19012401911145e-06,1.18908172332399e-05,3.53830289840698
"rossler",3,13,Inf,3.69897000433602,5000,4,13,"raw",26,4,13,"weak/raw/m=2w/p=4",381,"x3;x1 x3",TRUE,2,"x3;x1 x3",TRUE,2,2,0,0,TRUE,2.375175824465e-06,0.200000230472866,0.199999734253753,0.200000732711573,0.200000234592098,2.99578050678211e-07,667606.435582713,5.50113911247119e-06,0.423810528278888,5.50115356903605e-06,-2.97812120129172e-07,1.99065823427257e-05,0.000107683702121275,87.2393367290497
"rossler",3,13,Inf,3.69897000433602,5000,4,13,"raw",26,8,13,"weak/raw/m=2w/p=8",381,"x3;x1 x3",TRUE,2,"x3;x1 x3",TRUE,2,2,0,0,TRUE,4.4776395924373e-09,0.199999998997736,0.199999874841943,0.200000135763502,0.19999999784632,4.60492196433048e-08,4343178.87242196,8.46655951483433e-07,-0.00103371425036042,8.46658022943181e-07,4.12289745199194e-08,8.57110796279782e-07,7.73508267998269e-06,40.8750257492065
"rossler",3,13,Inf,3.69897000433602,5000,4,13,"smoothed",13,4,6,"weak/smoothed/m=1w/p=4",829,"x3;x1 x3",TRUE,2,"x3;x1 x3",TRUE,2,2,0,0,TRUE,4.39344462951372e-05,0.200007282082716,0.200003946845422,0.200010670586427,0.200007227740512,1.93077546941502e-06,103589.06610778,5.24585246518813e-05,0.640717110628681,5.24586162714176e-05,-7.20674893628672e-06,0.000387033128812454,0.00330455311974448,38.9874196052551
"rossler",3,13,Inf,3.69897000433602,5000,4,13,"smoothed",13,8,6,"weak/smoothed/m=1w/p=8",829,"x3;x1 x3",TRUE,2,"x3;x1 x3",TRUE,2,2,0,0,TRUE,6.66537654855379e-07,0.200000364406158,0.199999324791339,0.200001432943002,0.200000372576284,6.43143499373969e-07,310973.169706236,1.74800607568148e-05,0.690875565175697,1.74800642664704e-05,3.80531736370388e-08,1.19012401911145e-06,1.18908172332399e-05,20.7485926151276
"rossler",3,13,Inf,3.69897000433602,5000,4,13,"smoothed",26,4,13,"weak/smoothed/m=2w/p=4",381,"x3;x1 x3",TRUE,2,"x3;x1 x3",TRUE,2,2,0,0,TRUE,2.12172208691186e-06,0.200000367916754,0.199999526855739,0.200001147536765,0.200000350160092,5.04367630448029e-07,396536.84750235,9.26168149506819e-06,0.0921507610272942,9.26168718155913e-06,-2.97812120129172e-07,1.99065823427257e-05,0.000107683702121275,40.8935625553131
"rossler",3,13,Inf,3.69897000433602,5000,4,13,"smoothed",26,8,13,"weak/smoothed/m=2w/p=8",381,"x3;x1 x3",TRUE,2,"x3;x1 x3",TRUE,2,2,0,0,TRUE,2.92320545781129e-07,0.200000100024784,0.199999275698147,0.200000932208609,0.200000128364996,4.97369013944935e-07,402116.180858702,9.14457263430142e-06,-0.233356579827725,9.14457890600306e-06,4.12289745199194e-08,8.57110796279782e-07,7.73508267998269e-06,39.7776656150818
"rossler",3,14,Inf,3.69897000433602,5000,4,13,"smoothed",NA,NA,NA,"sg",5000,"x3;x1 x3",TRUE,2,"x3;x1 x3",TRUE,2,2,0,0,TRUE,6.46435793207889e-05,0.200088963989172,0.20001860246156,0.200156089712842,0.200087888701584,3.9875319993241e-05,5017.83781886892,0.00269976622217552,0.898329062976634,0.00269976624397162,0.000107358852728471,0.00282315203419343,0.0585147069175889,16.0071396827698
"rossler",3,14,Inf,3.69897000433602,5000,4,13,"raw",13,4,6,"weak/raw/m=1w/p=4",829,"x3;x1 x3",TRUE,2,"x3;x1 x3",TRUE,2,2,0,0,TRUE,4.29820440589966e-05,0.200007466827417,0.20000482465028,0.200010167002382,0.200007468153474,1.60451948101393e-06,124652.564534203,4.42665705787123e-05,0.81917298916952,4.42667985165311e-05,8.19119057083696e-06,0.000446412922921219,0.00288276615976885,26.307293176651
"rossler",3,14,Inf,3.69897000433602,5000,4,13,"raw",13,8,6,"weak/raw/m=1w/p=8",829,"x3;x1 x3",TRUE,2,"x3;x1 x3",TRUE,2,2,0,0,TRUE,2.71058664402801e-08,0.20000000050256,0.199999619956347,0.200000400574279,0.200000000303482,4.36494099049347e-08,4581963.43865972,1.20456059295108e-06,0.312119403676118,1.20456259935327e-06,3.11751765283777e-08,1.24305562002609e-06,1.35113740792892e-05,15.9776251316071
"rossler",3,14,Inf,3.69897000433602,5000,4,13,"raw",26,4,13,"weak/raw/m=2w/p=4",381,"x3;x1 x3",TRUE,2,"x3;x1 x3",TRUE,2,2,0,0,TRUE,2.30475730851098e-06,0.200000416458053,0.199999858648356,0.200000930655882,0.200000415679336,3.22935131732865e-07,619320.711890766,6.02764055099411e-06,0.399295158785437,6.02767176547894e-06,7.49727109003968e-07,2.20645181324741e-05,0.000120746043333508,84.9230480194092
"rossler",3,14,Inf,3.69897000433602,5000,4,13,"raw",26,8,13,"weak/raw/m=2w/p=8",381,"x3;x1 x3",TRUE,2,"x3;x1 x3",TRUE,2,2,0,0,TRUE,2.56399901310544e-09,0.199999998078212,0.199999885976351,0.20000011488311,0.19999999954557,3.78088509736826e-08,5289766.66560914,7.06406633778705e-07,-0.539251521241883,7.06409766915632e-07,2.00090396455628e-08,7.10370824903395e-07,5.25762253572593e-06,28.9948627948761
"rossler",3,14,Inf,3.69897000433602,5000,4,13,"smoothed",13,4,6,"weak/smoothed/m=1w/p=4",829,"x3;x1 x3",TRUE,2,"x3;x1 x3",TRUE,2,2,0,0,TRUE,4.20938451133335e-05,0.200007959731108,0.200005130597453,0.20001098151849,0.200007960209533,1.75498724130128e-06,113965.478211244,4.84177768070577e-05,0.728369383709753,4.84177946842333e-05,8.19119057083696e-06,0.000446412922921219,0.00288276615976885,23.2454342842102
"rossler",3,14,Inf,3.69897000433602,5000,4,13,"smoothed",13,8,6,"weak/smoothed/m=1w/p=8",829,"x3;x1 x3",TRUE,2,"x3;x1 x3",TRUE,2,2,0,0,TRUE,9.8175253517384e-07,0.200000652581418,0.199998872557599,0.200002345519004,0.200000564286697,1.04610690233902e-06,191185.589005779,2.8868640951161e-05,0.499272706374983,2.88686440933773e-05,3.11751765283777e-08,1.24305562002609e-06,1.35113740792892e-05,17.4575707912445
"rossler",3,14,Inf,3.69897000433602,5000,4,13,"smoothed",26,4,13,"weak/smoothed/m=2w/p=4",381,"x3;x1 x3",TRUE,2,"x3;x1 x3",TRUE,2,2,0,0,TRUE,2.00372933730588e-06,0.200000717293953,0.199999524706569,0.200001889391044,0.20000069552732,7.35541648359609e-07,271909.409852396,1.37290130727127e-05,0.00182412432918885,1.37290763935987e-05,7.49727109003968e-07,2.20645181324741e-05,0.000120746043333508,41.8787350654602
"rossler",3,14,Inf,3.69897000433602,5000,4,13,"smoothed",26,8,13,"weak/smoothed/m=2w/p=8",381,"x3;x1 x3",TRUE,2,"x3;x1 x3",TRUE,2,2,0,0,TRUE,3.73296021871639e-07,0.200000218506388,0.199999015801363,0.200001418301946,0.200000226815971,7.14133542698981e-07,280059.981582849,1.3342607780673e-05,-0.291199392591277,1.33426080522944e-05,2.00090396455628e-08,7.10370824903395e-07,5.25762253572593e-06,39.4654424190521
"rossler",3,15,Inf,3.69897000433602,5000,4,13,"smoothed",NA,NA,NA,"sg",5000,"x3;x1 x3",TRUE,2,"x3;x1 x3",TRUE,2,2,0,0,TRUE,7.27861174318577e-05,0.199974740353373,0.19993144492628,0.200018220857659,0.199974518260862,2.66353441796679e-05,7507.86312021875,0.00180766573051528,0.979853410168008,0.00180766595742033,1.01891273367517e-05,0.00193348551131852,0.0255300027462823,16.3961226940155
"rossler",3,15,Inf,3.69897000433602,5000,4,13,"raw",13,4,6,"weak/raw/m=1w/p=4",829,"x3;x1 x3",TRUE,2,"x3;x1 x3",TRUE,2,2,0,0,TRUE,4.24715516516017e-05,0.200008149098461,0.200006633282377,0.200009689382301,0.200008139211009,9.20508810059727e-07,217279.983662548,2.54203354657156e-05,0.810969160749405,2.54203571045798e-05,-9.48018995175576e-06,0.000394960040965501,0.00283507618112538,26.9292480945587
"rossler",3,15,Inf,3.69897000433602,5000,4,13,"raw",13,8,6,"weak/raw/m=1w/p=8",829,"x3;x1 x3",TRUE,2,"x3;x1 x3",TRUE,2,2,0,0,TRUE,2.32071455386063e-08,0.20000003019967,0.199999512183469,0.200000529316498,0.200000011984054,4.12260230496097e-08,4851305.00566068,1.13876749041482e-06,0.349779916102398,1.13877631515402e-06,2.14233061236296e-08,1.16129444424215e-06,1.52900230336317e-05,4.48202443122864
"rossler",3,15,Inf,3.69897000433602,5000,4,13,"raw",26,4,13,"weak/raw/m=2w/p=4",381,"x3;x1 x3",TRUE,2,"x3;x1 x3",TRUE,2,2,0,0,TRUE,2.25215594618078e-06,0.200000381038585,0.199999937791416,0.200000809146935,0.200000384372738,2.54440279961561e-07,786040.576605844,4.75242285319886e-06,0.411240600555313,4.75243793274251e-06,-4.30490000415653e-07,1.99870143203444e-05,0.000127448597827151,94.488349199295
"rossler",3,15,Inf,3.69897000433602,5000,4,13,"raw",26,8,13,"weak/raw/m=2w/p=8",381,"x3;x1 x3",TRUE,2,"x3;x1 x3",TRUE,2,2,0,0,TRUE,6.69419124421254e-09,0.200000008170747,0.199999834716211,0.200000185639265,0.200000009337166,4.04694104843212e-08,4942004.51510532,7.5662730935616e-07,-0.560504789285087,7.56629074147527e-07,2.67094978502451e-08,7.59322118903285e-07,9.48851549792407e-06,39.7180516719818
"rossler",3,15,Inf,3.69897000433602,5000,4,13,"smoothed",13,4,6,"weak/smoothed/m=1w/p=4",829,"x3;x1 x3",TRUE,2,"x3;x1 x3",TRUE,2,2,0,0,TRUE,4.19527785160412e-05,0.200008018172297,0.200005568490989,0.200010436939203,0.200007963434143,1.49065141303638e-06,134174.872599313,4.1165123542043e-05,0.691835146255953,4.11651758119162e-05,-9.48018995175576e-06,0.000394960040965501,0.00283507618112538,41.5594403743744
"rossler",3,15,Inf,3.69897000433602,5000,4,13,"smoothed",13,8,6,"weak/smoothed/m=1w/p=8",829,"x3;x1 x3",TRUE,2,"x3;x1 x3",TRUE,2,2,0,0,TRUE,5.10196129398647e-07,0.19999984329446,0.199998574589854,0.200001126631783,0.199999824591552,7.95186242955361e-07,251513.184946761,2.19650641251473e-05,0.480632463725595,2.19650692643837e-05,2.14233061236296e-08,1.16129444424215e-06,1.52900230336317e-05,27.2967648506165
"rossler",3,15,Inf,3.69897000433602,5000,4,13,"smoothed",26,4,13,"weak/smoothed/m=2w/p=4",381,"x3;x1 x3",TRUE,2,"x3;x1 x3",TRUE,2,2,0,0,TRUE,1.9206769709182e-06,0.200000247964122,0.199999025001173,0.200001448226353,0.200000263141373,7.40414342506215e-07,270119.380000657,1.38294221213726e-05,-0.0518575593721374,1.38294265857317e-05,-4.30490000415653e-07,1.99870143203444e-05,0.000127448597827151,49.6364886760712
"rossler",3,15,Inf,3.69897000433602,5000,4,13,"smoothed",26,8,13,"weak/smoothed/m=2w/p=8",381,"x3;x1 x3",TRUE,2,"x3;x1 x3",TRUE,2,2,0,0,TRUE,4.10441341580636e-07,0.199999847081439,0.19999851878036,0.200001145576743,0.199999856239377,8.20815403049006e-07,243659.969703854,1.53461921278661e-05,-0.427918444023418,1.53462069980666e-05,2.67094978502451e-08,7.59322118903285e-07,9.48851549792407e-06,29.219206571579
"rossler",3,16,Inf,3.69897000433602,5000,4,13,"smoothed",NA,NA,NA,"sg",5000,"x3;x1 x3",TRUE,2,"x3;x1 x3",TRUE,2,2,0,0,TRUE,9.25766141002065e-06,0.200006579475945,0.199954577324283,0.200056752923005,0.200007312781142,3.11734385725896e-05,6415.95287332226,0.00210364286034325,0.767992599849383,0.00210364288679529,-5.05868606561504e-05,0.00211216371974961,0.0940330200096014,11.0686240196228
"rossler",3,16,Inf,3.69897000433602,5000,4,13,"raw",13,4,6,"weak/raw/m=1w/p=4",829,"x3;x1 x3",TRUE,2,"x3;x1 x3",TRUE,2,2,0,0,TRUE,4.32529809462691e-05,0.200007927637441,0.200006422742211,0.200009261116576,0.200007902987628,8.83973454460818e-07,226260.078261766,2.42581211491817e-05,0.847692180839008,2.42581274729175e-05,-8.90967132065894e-06,0.000365286813518807,0.00269117159924975,18.8800292015076
"rossler",3,16,Inf,3.69897000433602,5000,4,13,"raw",13,8,6,"weak/raw/m=1w/p=8",829,"x3;x1 x3",TRUE,2,"x3;x1 x3",TRUE,2,2,0,0,TRUE,2.28168881566404e-08,0.200000027119563,0.199999640687251,0.200000471807471,0.200000003843702,4.15323291571465e-08,4815525.8301782,1.14005825799669e-06,0.509334795508703,1.14007828529057e-06,4.30492378371352e-08,1.1667524317712e-06,1.69299303351411e-05,3.64059567451477
"rossler",3,16,Inf,3.69897000433602,5000,4,13,"raw",26,4,13,"weak/raw/m=2w/p=4",381,"x3;x1 x3",TRUE,2,"x3;x1 x3",TRUE,2,2,0,0,TRUE,2.34353256134412e-06,0.200000315537222,0.199999878296956,0.200000741875473,0.200000317019674,2.49998861046952e-07,800004.912750833,4.63918029482947e-06,0.439281049255398,4.63919235590669e-06,-3.41419147683183e-07,1.85664799067579e-05,0.000117311571277423,44.9869043827057
"rossler",3,16,Inf,3.69897000433602,5000,4,13,"raw",26,8,13,"weak/raw/m=2w/p=8",381,"x3;x1 x3",TRUE,2,"x3;x1 x3",TRUE,2,2,0,0,TRUE,1.78795743123242e-08,0.200000002276088,0.199999746558594,0.200000248797179,0.199999999894777,4.01955492372143e-08,4975675.2598273,7.46712047597084e-07,-0.272315797773668,7.4671492907191e-07,5.47373394826926e-08,7.67909224542696e-07,9.57500521819865e-06,7.97031664848328
"rossler",3,16,Inf,3.69897000433602,5000,4,13,"smoothed",13,4,6,"weak/smoothed/m=1w/p=4",829,"x3;x1 x3",TRUE,2,"x3;x1 x3",TRUE,2,2,0,0,TRUE,4.32886729984679e-05,0.200007893690255,0.200005755874901,0.200010146807077,0.200007826307383,1.37570214371321e-06,145385.995959514,3.77522074384218e-05,0.735110920710522,3.77522074718654e-05,-8.90967132065894e-06,0.000365286813518807,0.00269117159924975,14.5335872173309
"rossler",3,16,Inf,3.69897000433602,5000,4,13,"smoothed",13,8,6,"weak/smoothed/m=1w/p=8",829,"x3;x1 x3",TRUE,2,"x3;x1 x3",TRUE,2,2,0,0,TRUE,1.89001915673614e-07,0.199999919584089,0.199998944192307,0.200000876682418,0.199999925303294,5.96082377727085e-07,335523.969129755,1.63624012906239e-05,0.486682676543529,1.63624394083103e-05,4.30492378371352e-08,1.1667524317712e-06,1.69299303351411e-05,17.6795330047607
"rossler",3,16,Inf,3.69897000433602,5000,4,13,"smoothed",26,4,13,"weak/smoothed/m=2w/p=4",381,"x3;x1 x3",TRUE,2,"x3;x1 x3",TRUE,2,2,0,0,TRUE,2.09988078547774e-06,0.200000235917145,0.199999262162799,0.20000121550713,0.200000244058587,5.80003390572083e-07,344825.991208979,1.07630102273933e-05,0.027034986776341,1.07630163002291e-05,-3.41419147683183e-07,1.85664799067579e-05,0.000117311571277423,31.5839738845825
"rossler",3,16,Inf,3.69897000433602,5000,4,13,"smoothed",26,8,13,"weak/smoothed/m=2w/p=8",381,"x3;x1 x3",TRUE,2,"x3;x1 x3",TRUE,2,2,0,0,TRUE,3.41596919172179e-07,0.199999942221487,0.199999095441961,0.200000859899013,0.199999949163255,5.34177233796046e-07,374407.474728916,9.92340154895863e-06,-0.293407027652586,9.9234199731752e-06,5.47373394826926e-08,7.67909224542696e-07,9.57500521819865e-06,29.8551769256592
"rossler",3,17,Inf,3.69897000433602,5000,4,13,"smoothed",NA,NA,NA,"sg",5000,"x3;x1 x3",TRUE,2,"x3;x1 x3",TRUE,2,2,0,0,TRUE,5.24007436376595e-05,0.200057699601433,0.200009797090594,0.200105773968213,0.200057983741962,2.84216111852504e-05,7038.93887077677,0.00187861434873749,0.487336354700938,0.00187861438263663,3.03024531882276e-05,0.00192977763046606,0.0883182477931015,11.6662740707397
"rossler",3,17,Inf,3.69897000433602,5000,4,13,"raw",13,4,6,"weak/raw/m=1w/p=4",829,"x3;x1 x3",TRUE,2,"x3;x1 x3",TRUE,2,2,0,0,TRUE,4.36624765218774e-05,0.200008480752593,0.200007418471455,0.200009624525734,0.200008506596588,6.55244832805119e-07,305242.401897847,1.75996186672852e-05,0.8443233064579,1.75996812850945e-05,1.05073200263794e-05,0.000313897783856872,0.00236512129934424,14.7920737266541
"rossler",3,17,Inf,3.69897000433602,5000,4,13,"raw",13,8,6,"weak/raw/m=1w/p=8",829,"x3;x1 x3",TRUE,2,"x3;x1 x3",TRUE,2,2,0,0,TRUE,3.77564726150581e-08,0.199999993177729,0.199999668470661,0.200000286479663,0.199999992206163,2.89887822259185e-08,6899220.21033867,7.7888772528197e-07,0.564496918999597,7.78888952788923e-07,7.08850774366365e-08,8.56688002761601e-07,8.20003428997351e-06,3.71156907081604
"rossler",3,17,Inf,3.69897000433602,5000,4,13,"raw",26,4,13,"weak/raw/m=2w/p=4",381,"x3;x1 x3",TRUE,2,"x3;x1 x3",TRUE,2,2,0,0,TRUE,2.47052461155306e-06,0.200000490619127,0.200000197455853,0.200000774066303,0.200000489353488,1.74106555755354e-07,1148724.63294558,3.16259906786503e-06,0.53690327512555,3.16260010087874e-06,4.87687831365085e-07,1.61758680807342e-05,9.87941640985812e-05,50.1432504653931
"rossler",3,17,Inf,3.69897000433602,5000,4,13,"raw",26,8,13,"weak/raw/m=2w/p=8",381,"x3;x1 x3",TRUE,2,"x3;x1 x3",TRUE,2,2,0,0,TRUE,1.1753616559561e-08,0.199999993212761,0.199999857296425,0.200000114531417,0.199999992098809,2.8303389789808e-08,7066291.12569507,5.14779605920199e-07,-0.0547803163863304,5.14786814228954e-07,4.84430950688154e-08,5.35580038497864e-07,3.59817844070021e-06,10.9154579639435
"rossler",3,17,Inf,3.69897000433602,5000,4,13,"smoothed",13,4,6,"weak/smoothed/m=1w/p=4",829,"x3;x1 x3",TRUE,2,"x3;x1 x3",TRUE,2,2,0,0,TRUE,4.35544465613447e-05,0.200008654324502,0.200007527216599,0.200009698366095,0.200008643413317,6.81564924652457e-07,293455.012397103,1.83065659428578e-05,0.818956331997983,1.83065720496189e-05,1.05073200263794e-05,0.000313897783856872,0.00236512129934424,16.5078024864197
"rossler",3,17,Inf,3.69897000433602,5000,4,13,"smoothed",13,8,6,"weak/smoothed/m=1w/p=8",829,"x3;x1 x3",TRUE,2,"x3;x1 x3",TRUE,2,2,0,0,TRUE,7.73809691566927e-08,0.200000014972839,0.199999407999614,0.20000055928329,0.200000016026058,2.71698361410838e-07,736110.497639827,7.30015205131852e-06,0.59649460330757,7.30015504316879e-06,7.08850774366365e-08,8.56688002761601e-07,8.20003428997351e-06,15.8352494239807
"rossler",3,17,Inf,3.69897000433602,5000,4,13,"smoothed",26,4,13,"weak/smoothed/m=2w/p=4",381,"x3;x1 x3",TRUE,2,"x3;x1 x3",TRUE,2,2,0,0,TRUE,2.37380001877341e-06,0.200000521407584,0.200000036090152,0.200001005827288,0.200000512291528,3.04538831751862e-07,656732.381683556,5.5318665006613e-06,0.260850792093898,5.53186769122173e-06,4.87687831365085e-07,1.61758680807342e-05,9.87941640985812e-05,45.4989097118378
"rossler",3,17,Inf,3.69897000433602,5000,4,13,"smoothed",26,8,13,"weak/smoothed/m=2w/p=8",381,"x3;x1 x3",TRUE,2,"x3;x1 x3",TRUE,2,2,0,0,TRUE,1.40149247528891e-07,0.199999980427386,0.1999996153588,0.200000332915977,0.199999975415497,2.22557439958677e-07,898644.302579285,4.04785546271691e-06,-0.160926738252469,4.04786378413391e-06,4.84430950688154e-08,5.35580038497864e-07,3.59817844070021e-06,47.7236874103546
"rossler",3,18,Inf,3.69897000433602,5000,4,13,"smoothed",NA,NA,NA,"sg",5000,"x3;x1 x3",TRUE,2,"x3;x1 x3",TRUE,2,2,0,0,TRUE,7.21322573856728e-05,0.200040482727011,0.199988820099324,0.200088453847774,0.200039327562685,2.99933393808665e-05,6669.45834281778,0.00200561336252119,0.553719080750658,0.00200561389134383,4.41803280367159e-05,0.00209803306879867,0.0810564344874535,9.07674050331116
"rossler",3,18,Inf,3.69897000433602,5000,4,13,"raw",13,4,6,"weak/raw/m=1w/p=4",829,"x3;x1 x3",TRUE,2,"x3;x1 x3",TRUE,2,2,0,0,TRUE,4.33380004025396e-05,0.200009071090835,0.200007887467008,0.200010274594463,0.200009085170898,7.30486212253065e-07,273802.683494878,1.98534513873973e-05,0.855259935054797,1.98534554299368e-05,1.62770850900809e-05,0.000351672903430805,0.00220515589178233,22.8287100791931
"rossler",3,18,Inf,3.69897000433602,5000,4,13,"raw",13,8,6,"weak/raw/m=1w/p=8",829,"x3;x1 x3",TRUE,2,"x3;x1 x3",TRUE,2,2,0,0,TRUE,3.10960257543513e-08,0.200000011085604,0.199999614968821,0.200000403818382,0.20000001247865,2.92129674704906e-08,6846275.12356213,7.94194661418777e-07,0.511627827538369,7.94210400637059e-07,3.52892079570988e-08,8.36726886025474e-07,8.04528178405262e-06,3.78138256072998
"rossler",3,18,Inf,3.69897000433602,5000,4,13,"raw",26,4,13,"weak/raw/m=2w/p=4",381,"x3;x1 x3",TRUE,2,"x3;x1 x3",TRUE,2,2,0,0,TRUE,2.390442824893e-06,0.200000556033031,0.20000020586437,0.200000906432922,0.200000552489559,1.94814087213938e-07,1026622.63981929,3.57629550084681e-06,0.480879783724508,3.57629893804297e-06,8.46930347281382e-07,1.84986755412979e-05,0.000106257894837813,40.5856027603149
"rossler",3,18,Inf,3.69897000433602,5000,4,13,"raw",26,8,13,"weak/raw/m=2w/p=8",381,"x3;x1 x3",TRUE,2,"x3;x1 x3",TRUE,2,2,0,0,TRUE,4.52669768336023e-09,0.20000000299692,0.199999883077541,0.200000131714347,0.200000001766368,2.9909989215469e-08,6686729.31727207,5.49656618343391e-07,-0.155794149762129,5.49659558827064e-07,2.55213694598802e-08,5.5526055688344e-07,4.15372768997058e-06,20.904417514801
"rossler",3,18,Inf,3.69897000433602,5000,4,13,"smoothed",13,4,6,"weak/smoothed/m=1w/p=4",829,"x3;x1 x3",TRUE,2,"x3;x1 x3",TRUE,2,2,0,0,TRUE,4.31519108565837e-05,0.200009720039614,0.200008261598944,0.200011191089015,0.200009688289804,9.01461756185338e-07,221872.627338261,2.45002941823699e-05,0.814266458721447,2.45002947247772e-05,1.62770850900809e-05,0.000351672903430805,0.00220515589178233,17.7200744152069
"rossler",3,18,Inf,3.69897000433602,5000,4,13,"smoothed",13,8,6,"weak/smoothed/m=1w/p=8",829,"x3;x1 x3",TRUE,2,"x3;x1 x3",TRUE,2,2,0,0,TRUE,2.12332542215421e-07,0.20000051088695,0.199999853496534,0.200001176704048,0.20000050801361,3.74681297331546e-07,533788.340752526,1.01862258691841e-05,0.636547122392371,1.01862260155965e-05,3.52892079570988e-08,8.36726886025474e-07,8.04528178405262e-06,23.2450907230377
"rossler",3,18,Inf,3.69897000433602,5000,4,13,"smoothed",26,4,13,"weak/smoothed/m=2w/p=4",381,"x3;x1 x3",TRUE,2,"x3;x1 x3",TRUE,2,2,0,0,TRUE,2.26661212185251e-06,0.200000632833403,0.200000041930564,0.200001234505296,0.200000610663524,3.69826021648006e-07,540796.479848249,6.78907339114248e-06,0.161741379738563,6.78913894309416e-06,8.46930347281382e-07,1.84986755412979e-05,0.000106257894837813,37.547251701355
"rossler",3,18,Inf,3.69897000433602,5000,4,13,"smoothed",26,8,13,"weak/smoothed/m=2w/p=8",381,"x3;x1 x3",TRUE,2,"x3;x1 x3",TRUE,2,2,0,0,TRUE,1.25587188368046e-07,0.200000010364365,0.199999526976513,0.200000492915595,0.200000003508245,2.73430627276416e-07,731446.968835942,5.02484145678623e-06,-0.153995541611268,5.02485675535757e-06,2.55213694598802e-08,5.5526055688344e-07,4.15372768997058e-06,45.5356168746948
"rossler",3,19,Inf,3.69897000433602,5000,4,13,"smoothed",NA,NA,NA,"sg",5000,"x3;x1 x3",TRUE,2,"x3;x1 x3",TRUE,2,2,0,0,TRUE,6.14583364784149e-05,0.199984998242793,0.199952595308854,0.200018905172721,0.199985200853237,2.08156735962207e-05,9607.43354899388,0.00140602956855119,0.989523787863688,0.00140602965668167,4.7758825337107e-07,0.00150737430963926,0.0182111487498091,4.422030210495
"rossler",3,19,Inf,3.69897000433602,5000,4,13,"raw",13,4,6,"weak/raw/m=1w/p=4",829,"x3;x1 x3",TRUE,2,"x3;x1 x3",TRUE,2,2,0,0,TRUE,4.26768108408027e-05,0.200008402529383,0.200007073669283,0.200009709986145,0.200008390284915,8.02073560978351e-07,249364.148147396,2.20289858101028e-05,0.824200361079183,2.20289884716184e-05,-1.56716860854774e-06,0.000370426052939315,0.00246352874128491,17.2523703575134
"rossler",3,19,Inf,3.69897000433602,5000,4,13,"raw",13,8,6,"weak/raw/m=1w/p=8",829,"x3;x1 x3",TRUE,2,"x3;x1 x3",TRUE,2,2,0,0,TRUE,3.47864101968298e-08,0.200000003684732,0.199999455841149,0.20000060414811,0.199999998799412,3.74936963943055e-08,5334229.96484783,1.03003800769602e-06,0.452615046423425,1.03003886634662e-06,3.05776494528777e-08,1.0814702191985e-06,1.23195166807366e-05,16.6418159008026
"rossler",3,19,Inf,3.69897000433602,5000,4,13,"raw",26,4,13,"weak/raw/m=2w/p=4",381,"x3;x1 x3",TRUE,2,"x3;x1 x3",TRUE,2,2,0,0,TRUE,2.29365434378792e-06,0.200000439020774,0.200000039053087,0.200000894066686,0.200000428875545,2.27274483326686e-07,879995.087649425,4.21848057591688e-06,0.431026513084773,4.21848389125743e-06,-5.02585091315504e-08,1.9131403390984e-05,0.00011282047133393,43.8710820674896
"rossler",3,19,Inf,3.69897000433602,5000,4,13,"raw",26,8,13,"weak/raw/m=2w/p=8",381,"x3;x1 x3",TRUE,2,"x3;x1 x3",TRUE,2,2,0,0,TRUE,7.87980947158928e-09,0.199999990089779,0.19999981097979,0.200000153668175,0.199999994342502,3.76135030214976e-08,5317239.24326309,6.9885867656551e-07,-0.304566271233815,6.98858687382214e-07,3.1425365923952e-08,7.13039110916968e-07,7.80419573870317e-06,12.7501196861267
"rossler",3,19,Inf,3.69897000433602,5000,4,13,"smoothed",13,4,6,"weak/smoothed/m=1w/p=4",829,"x3;x1 x3",TRUE,2,"x3;x1 x3",TRUE,2,2,0,0,TRUE,4.22804072810479e-05,0.200008296596803,0.200006362137412,0.200010244212211,0.200008294784209,1.21368903101515e-06,164793.690700919,3.33340228126451e-05,0.728105751557792,3.33340436441106e-05,-1.56716860854774e-06,0.000370426052939315,0.00246352874128491,13.5829021930695
"rossler",3,19,Inf,3.69897000433602,5000,4,13,"smoothed",13,8,6,"weak/smoothed/m=1w/p=8",829,"x3;x1 x3",TRUE,2,"x3;x1 x3",TRUE,2,2,0,0,TRUE,3.91618988465917e-07,0.199999886500011,0.199998969304171,0.20000082842518,0.199999897695057,5.8329078008945e-07,342881.980175285,1.60243382038659e-05,0.522255991939254,1.60243387603167e-05,3.05776494528777e-08,1.0814702191985e-06,1.23195166807366e-05,17.7146184444427
"rossler",3,19,Inf,3.69897000433602,5000,4,13,"smoothed",26,4,13,"weak/smoothed/m=2w/p=4",381,"x3;x1 x3",TRUE,2,"x3;x1 x3",TRUE,2,2,0,0,TRUE,2.01256537035732e-06,0.200000375408491,0.199999342930196,0.200001347751843,0.200000361430205,6.01966314202314e-07,332245.105268444,1.11731997469293e-05,0.00907975065795574,1.11733605805208e-05,-5.02585091315504e-08,1.9131403390984e-05,0.00011282047133393,30.5031759738922
"rossler",3,19,Inf,3.69897000433602,5000,4,13,"smoothed",26,8,13,"weak/smoothed/m=2w/p=8",381,"x3;x1 x3",TRUE,2,"x3;x1 x3",TRUE,2,2,0,0,TRUE,3.37910833505461e-07,0.199999932521204,0.199998894331523,0.200000994446701,0.199999913144164,6.21801158907938e-07,321646.092611698,1.15530620446887e-05,-0.378464777239817,1.15531023444402e-05,3.1425365923952e-08,7.13039110916968e-07,7.80419573870317e-06,32.3506090641022
"rossler",3,20,Inf,3.69897000433602,5000,4,13,"smoothed",NA,NA,NA,"sg",5000,"x3;x1 x3",TRUE,2,"x3;x1 x3",TRUE,2,2,0,0,TRUE,7.00561445768306e-05,0.200001605079928,0.199957082077609,0.200044677058529,0.200000556363927,2.59537623842096e-05,7706.0332680555,0.00176508879111476,0.967738789693645,0.00176508912095851,2.12402416143743e-05,0.00190268506074047,0.0266746162143249,13.4000277519226
"rossler",3,20,Inf,3.69897000433602,5000,4,13,"raw",13,4,6,"weak/raw/m=1w/p=4",829,"x3;x1 x3",TRUE,2,"x3;x1 x3",TRUE,2,2,0,0,TRUE,4.25581801162256e-05,0.200008062564703,0.200006442421352,0.200009700378967,0.200008079849845,9.71812948688451e-07,205809.23532638,2.68784775501945e-05,0.82067028788796,2.68784883909149e-05,-1.5981196606965e-06,0.000420074981898001,0.00244663661306249,19.2493569850922
"rossler",3,20,Inf,3.69897000433602,5000,4,13,"raw",13,8,6,"weak/raw/m=1w/p=8",829,"x3;x1 x3",TRUE,2,"x3;x1 x3",TRUE,2,2,0,0,TRUE,2.86283450279257e-08,0.199999994215461,0.199999489215998,0.200000514611262,0.200000001849798,3.54564741330918e-08,5640718.84584645,9.80899219445885e-07,0.416730323998634,9.80914118201601e-07,1.64970348245855e-08,1.02265954859272e-06,1.0283246562881e-05,4.87509632110596
"rossler",3,20,Inf,3.69897000433602,5000,4,13,"raw",26,4,13,"weak/raw/m=2w/p=4",381,"x3;x1 x3",TRUE,2,"x3;x1 x3",TRUE,2,2,0,0,TRUE,2.25957266097865e-06,0.200000396901471,0.199999946164003,0.200000851439755,0.20000039990634,2.6859987276604e-07,744603.479691694,5.0210245399717e-06,0.42789704414868,5.02102777545803e-06,-5.54226644112431e-08,2.14112506395647e-05,0.000114967584931958,52.0340933799744
"rossler",3,20,Inf,3.69897000433602,5000,4,13,"raw",26,8,13,"weak/raw/m=2w/p=8",381,"x3;x1 x3",TRUE,2,"x3;x1 x3",TRUE,2,2,0,0,TRUE,2.07441658392726e-09,0.200000003762387,0.199999795038397,0.200000313778406,0.199999998838513,3.48693389331566e-08,5735698.03608572,6.52425835151558e-07,-0.38465158578875,6.52433218583893e-07,1.8139206464593e-08,6.56164278469548e-07,6.33291494694932e-06,13.3589568138123
"rossler",3,20,Inf,3.69897000433602,5000,4,13,"smoothed",13,4,6,"weak/smoothed/m=1w/p=4",829,"x3;x1 x3",TRUE,2,"x3;x1 x3",TRUE,2,2,0,0,TRUE,4.20967046157461e-05,0.200008118738267,0.200005751402356,0.200010591065266,0.200008097431336,1.45355263153724e-06,137599.487690936,4.02024707706659e-05,0.724261789876954,4.02024859215917e-05,-1.5981196606965e-06,0.000420074981898001,0.00244663661306249,19.7090249061584
"rossler",3,20,Inf,3.69897000433602,5000,4,13,"smoothed",13,8,6,"weak/smoothed/m=1w/p=8",829,"x3;x1 x3",TRUE,2,"x3;x1 x3",TRUE,2,2,0,0,TRUE,4.56917909200446e-07,0.199999959274025,0.199998826069038,0.200001101951672,0.19999996385733,7.0789947146218e-07,282525.940363009,1.95839562120108e-05,0.521346656223345,1.95839592757228e-05,1.64970348245855e-08,1.02265954859272e-06,1.0283246562881e-05,16.489021062851
"rossler",3,20,Inf,3.69897000433602,5000,4,13,"smoothed",26,4,13,"weak/smoothed/m=2w/p=4",381,"x3;x1 x3",TRUE,2,"x3;x1 x3",TRUE,2,2,0,0,TRUE,1.94474702852609e-06,0.200000357121513,0.199999199941399,0.200001645265589,0.200000354511324,7.19382216758616e-07,278016.817558381,1.34476450768379e-05,0.00771471877927846,1.34476665806771e-05,-5.54226644112431e-08,2.14112506395647e-05,0.000114967584931958,32.6070668697357
"rossler",3,20,Inf,3.69897000433602,5000,4,13,"smoothed",26,8,13,"weak/smoothed/m=2w/p=8",381,"x3;x1 x3",TRUE,2,"x3;x1 x3",TRUE,2,2,0,0,TRUE,3.81615649178401e-07,0.199999943288071,0.199998733386684,0.20000116052712,0.19999992532006,7.15734549002844e-07,279433.102116837,1.33918142430284e-05,-0.331270809930496,1.33918246109616e-05,1.8139206464593e-08,6.56164278469548e-07,6.33291494694932e-06,50.0367386341095
