"trial","log10n","n","index","t","k","x1","x2","x3","abs_x2x3","abs_x2x3_quantile","radius_quantile","leverage","leverage_quantile","leverage_x_n_over_p","residual","std_residual","deriv_error","deriv_error_quantile","y","fitted"
1,5,1e+05,10990,109.9,0.571198478537179,15.2545750596974,-6.28927216828032,-11.5077123944465,72.3751352829671,0.99981,0.99979,0.0017897007468618,0.99975,59.6566915620599,-11.7088149027598,-27.9798134365113,-14.0402046212207,0.99986,129.319663295418,141.028478198178
1,5,1e+05,14178,141.78,0.523959116070617,13.3992186884438,-8.85085184119121,-10.4057325484345,92.0995970852547,0.99999,0.99965,0.00322556641858877,1,107.518880619626,-9.7994880758429,-23.4172160387278,-11.0354973755392,0.99976,188.584906848126,198.384394923969
1,5,1e+05,14179,141.79,1.1821704133086,15.3427840837258,-7.50255933740264,-11.7645195847062,88.2640062602935,0.99997,0.99985,0.00277604526144974,0.99997,92.5348420483246,-16.664225298738,-39.8214438262905,-19.0648339363915,0.99994,165.717071377821,182.381296676559
1,5,1e+05,14180,141.8,0.974477363039886,16.9998795930551,-5.74023402856396,-12.80748452221,73.5179584746959,0.99983,0.99995,0.00177161669764609,0.99974,59.0538899215365,-16.1119906779805,-38.5018037269037,-19.2217648385143,0.99995,122.536850235435,138.648840913416
1,5,1e+05,14183,141.83,0.725117616937253,17.9735586902178,0.765225385862378,-11.9985468875319,9.18159267179945,0.9189,0.99993,0.000597657482326232,0.9974,19.9219160775411,16.0162728452401,38.2730728839564,18.5429462733694,0.99992,-59.4028046252802,-75.4190774705203
1,5,1e+05,14184,141.84,0.918542444751802,16.9463767621483,2.64889563849977,-10.3834163726139,27.5045863421442,0.99009,0.99978,0.00114220462171159,0.99948,38.0734873903864,17.3905359281176,41.5570623389896,19.5082872341114,0.99996,-102.944330537623,-120.334866465741
1,5,1e+05,33919,339.19,0.702324266757895,15.1803945173183,-6.71123331490041,-11.5171382561046,77.2942019566828,0.99988,0.9998,0.00207504933378522,0.99983,69.1683111261739,-13.2092133421089,-31.5652205645653,-15.5758533493148,0.9999,140.866075066874,154.075288408982
1,5,1e+05,33924,339.24,0.523263981320873,16.0920546970814,2.49135152338891,-9.67138250648868,24.0948135408174,0.98658,0.99962,0.000962499946137831,0.99913,32.0833315379277,13.266678271388,31.7025408667246,14.7129561314386,0.99988,-96.1278529966238,-109.394531268012
1,5,1e+05,89231,892.31,1.33306181583602,-14.1958693767259,-8.8976038958313,10.5345624179704,93.7323636110112,1,0.99975,0.00281833135856521,0.99998,93.9443786188405,17.2203148027267,41.1502956959992,18.6353447147853,0.99993,-200.752032800599,-217.972347603325
1,5,1e+05,89232,892.32,1.98935646969682,-16.2780369722212,-7.19773081129395,11.98199138473,86.2431485705297,0.99995,0.99992,0.00220951211685559,0.99987,73.6504038951864,22.7124991908092,54.2746209000169,26.2528006674896,0.99999,-164.967320367571,-187.67981955838
1,5,1e+05,89233,892.33,0.938695659968145,-17.8991972274878,-5.02914141783886,12.9569909480296,65.1625398272987,0.99967,0.99998,0.00113708530609491,0.99946,37.9028435364968,16.5265657437556,39.4924875059328,20.422859603745,0.99997,-106.847547665337,-123.374113409093
1,5,1e+05,89235,892.35,0.743423905694577,-18.6309314945142,-0.0182855726081561,12.4874357526696,0.228339913145125,0.29431,0.99996,0.000444777266462762,0.99535,14.8259088820921,-16.3472747631835,-39.0640472044233,-18.4841656239987,0.99991,36.773825521444,53.1211002846275
1,5,1e+05,89236,892.36,1.96619792466658,-17.7115912117336,2.27216133124155,11.0069892494711,25.0096553460396,0.98756,0.99987,0.00106094601252809,0.99937,35.3648670842696,-23.7074749729617,-56.6522515133347,-26.5674554154703,1,96.3655489852789,120.073023958241
1,5,1e+05,89237,892.37,1.27566113354539,-16.2974373730937,4.13906622475047,9.00298269915338,37.2639416120786,0.99649,0.99963,0.00150007685739652,0.99967,50.0025619132174,-19.6173773871709,-46.8784043445169,-20.9200211909511,0.99998,132.723999505693,152.341376892864
2,5,1e+05,18205,182.05,0.599887858066378,-14.277429351301,-5.85693438128264,10.2182749736645,59.8477660106555,0.99974,0.99972,0.00113759217569613,0.99958,37.9197391898711,9.64565092984961,25.8720315100414,11.2630530710208,0.99984,-113.350561485129,-122.996212414978
2,5,1e+05,18209,182.09,0.501395905615913,-15.4029140131618,0.929078349922509,9.48947315645782,8.81646406183578,0.91578,0.99968,0.000509455003209769,0.99701,16.9818334403256,-9.9643186333239,-26.7267774391114,-11.1508433622156,0.99982,59.7914299941491,69.755748627473
2,5,1e+05,34738,347.38,0.946297856314195,13.5348484862323,-9.50175149283471,-10.5861529504874,100.586994600671,1,0.99984,0.00439077612283365,1,146.359204094455,-11.098326940504,-29.7684693756525,-11.9592535942953,0.99985,209.519334875984,220.617661816488
2,5,1e+05,34739,347.39,3.23087073818539,15.7184504853356,-8.09754389723777,-12.1445696589886,98.3411859267221,0.99999,0.99994,0.00392092208383106,0.99998,130.697402794369,-20.5113009478519,-55.0164035889532,-23.1311350506276,0.99997,187.137171598277,207.648472546129
2,5,1e+05,34740,347.4,3.31586715075177,17.6263809676304,-6.20597351810858,-13.389274324863,83.0934818867908,0.99995,0.99998,0.00255039061752147,0.99993,85.013020584049,-21.0786027730521,-56.5380479864154,-24.9929008247151,1,140.27438384862,161.352986621672
2,5,1e+05,34741,347.41,0.669328983814155,18.911200122589,-3.90592473509981,-14.0094650188825,54.7199159427689,0.9996,1,0.00101558145907176,0.99938,33.8527153023921,-10.1112357250054,-27.1208455691932,-12.6267193078791,0.99988,74.4775286347302,84.5887643597356
2,5,1e+05,34743,347.43,2.64431593773781,18.8121942143465,0.995006578408778,-12.6516925449693,12.5885173102498,0.95084,0.99997,0.00079304041392905,0.99891,26.4346804643017,20.0747983193029,53.8455951238564,23.282926191943,0.99998,-66.1476466103623,-86.2224449296652
2,5,1e+05,34744,347.44,3.52008705871785,17.6355689250477,3.06775991299836,-10.8397691226056,33.253809180487,0.99603,0.99992,0.0015980640366733,0.99974,53.2688012224433,22.2478061376173,59.674141808354,24.7212076459496,0.99999,-114.90302400351,-137.150830141127
2,5,1e+05,34745,347.45,1.22493854460355,16.1434423888166,4.68899483395078,-8.64127775565862,40.5189067550171,0.99849,0.99975,0.00194641694776058,0.99983,64.8805649253527,14.3257222434507,38.4251451749805,14.9457284446246,0.99994,-138.196652126421,-152.522374369871
2,5,1e+05,41418,414.18,1.07117946722683,14.1684409617874,-7.82090266284426,-10.8803789256449,85.094384512331,0.99996,0.99982,0.00297586548035134,0.99995,99.1955160117112,-12.2401581473765,-32.8311442721631,-13.651857227405,0.9999,165.776755407682,178.016913555059
2,5,1e+05,41419,414.19,1.54114489732597,15.8415145375327,-6.33297622162813,-11.9815749956989,75.8790295454152,0.99992,0.99991,0.00218961394495474,0.99988,72.9871314984915,-14.4775983456702,-38.832514603008,-16.9795787238885,0.99996,134.036281214506,148.513879560177
2,5,1e+05,41420,414.2,0.66119995841705,17.1063804618562,-4.50578047819208,-12.6631836913654,57.0575258683146,0.99966,0.99995,0.00113609501919501,0.99957,37.8698339731669,-9.7937489456493,-26.2692671719175,-12.194832730455,0.99986,86.0355652502335,95.8293141958828
2,5,1e+05,41422,414.22,0.533246802250063,17.6844052832248,-0.392270160405643,-12.1170740353304,4.75316657548611,0.8329,0.99993,0.00036519230858855,0.99336,12.1730769529517,9.85652916323448,26.4376593083719,11.2100389941302,0.99983,-29.4018972621374,-39.2584264253719
2,5,1e+05,41423,414.23,1.35070922539454,16.9934032765658,1.50945699314485,-10.8789203780845,16.4212624425657,0.97372,0.99989,0.000817935986452744,0.99896,27.2645328817581,14.6834698720245,39.3847131695533,16.719871979262,0.99995,-77.0882894522181,-91.7717593242426
2,5,1e+05,41424,414.24,0.93139080113712,15.8933322499171,3.10813953114442,-9.20583493291176,28.6130194721733,0.99288,0.99974,0.00125666406392608,0.99961,41.8888021308692,12.9027650886554,34.6084206621356,14.2411563747179,0.99992,-107.585853418757,-120.488618507412
2,5,1e+05,45679,456.79,0.559617727549738,-13.0181264031587,-7.87066815518241,9.50237210316509,74.7900175110752,0.99991,0.99965,0.00195888372899646,0.99984,65.2961242998819,9.19431595015701,24.6614389952268,10.3215701166873,0.9998,-160.427766108922,-169.622082059079
2,5,1e+05,45680,456.8,1.06113338133282,-14.6320754658481,-6.49757522882156,10.589806961553,68.8080673913889,0.99984,0.99978,0.00155155925428734,0.99973,51.718641809578,12.583617694065,33.75238808235,14.4838832422951,0.99993,-133.899247545732,-146.482865239797
2,5,1e+05,45681,456.81,0.713728849372404,-15.9112645766986,-4.79951918944503,11.3332107946146,54.3939626867786,0.99958,0.99986,0.00088723702151767,0.99912,29.5745673839223,10.186354430342,27.3223325943402,12.2743295209597,0.99987,-91.6550951926917,-101.841449623034
2,5,1e+05,45684,456.84,0.929601037427933,-16.2333383630881,0.999833932028834,10.1676220588138,10.1659335424469,0.93016,0.99977,0.00058675463006625,0.99789,19.558487668875,-12.8228148925265,-34.3939743786734,-14.209232932707,0.99991,62.9386366531928,75.7614515457194
2,5,1e+05,45685,456.85,0.857883979386456,-15.276474912196,2.62343037151956,8.73706041190242,22.921069642386,0.98712,0.99961,0.000945886315947151,0.99923,31.529543864905,-12.4544204675204,-33.4058490316957,-13.5567987382993,0.99989,96.7829444042506,109.237364871771
3,5,1e+05,2654,26.54,0.784390244458593,-15.5891480912748,-6.51150761183748,11.3451137155415,73.8737943159105,0.99985,0.99981,0.00162414002829648,0.99973,54.1380009432159,15.7694538462383,29.8309074977198,19.0595039380093,0.99988,-140.143804052962,-155.913257899201
3,5,1e+05,2658,26.58,0.685260580491229,-16.7236369931114,1.82001538674004,10.3071849321143,18.7592351704231,0.97813,0.99974,0.000827298726275991,0.99894,27.5766242091997,-16.4855209707641,-31.1854840329739,-18.9284209213695,0.99987,83.7124404048472,100.197961375611
3,5,1e+05,2659,26.59,0.628528574422655,-15.5310575013817,3.49250693134649,8.58950550355209,29.9989075079945,0.99203,0.99953,0.00115570464491943,0.99951,38.523488163981,-13.9462155163047,-26.3819070125495,-15.5865643943248,0.99983,115.496165312752,129.442380829057
3,5,1e+05,20968,209.68,1.5588764610501,-14.9246242874004,-9.17338461677083,11.1365297890931,102.159671051477,0.99997,0.99984,0.00340615907472336,0.99997,113.538635824112,22.0009758028568,41.6190110598633,24.40194436096,0.99991,-215.828679232597,-237.829655035454
3,5,1e+05,20969,209.69,2.19163095178291,-17.1873133886851,-7.26816120591045,12.7132468082443,92.401927252846,0.99993,0.99992,0.0025811096538649,0.99992,86.0369884621632,27.3602648778503,51.7571209911598,32.3999888899259,0.99995,-172.791435732613,-200.151700610464
3,5,1e+05,20970,209.7,0.887181259763578,-18.8828043273341,-4.83406716354148,13.7156918852611,66.3025757677929,0.99976,0.99994,0.00122683388377459,0.99955,40.8944627924863,17.9427929989801,33.942189971975,22.6424603461993,0.9999,-104.560148408381,-122.502941407361
3,5,1e+05,20972,209.72,1.34133118984602,-19.3078948444813,0.672338819328536,12.8699649368958,8.65297703047218,0.91439,0.99993,0.000694569182674867,0.99811,23.1523060891622,-22.0369233052702,-41.6870125664293,-26.0232257868711,0.99992,55.9358355481762,77.9727588534464
3,5,1e+05,20973,209.73,2.43532019617883,-18.1129560801522,3.08459599214413,11.0727134791375,34.1548476199078,0.9948,0.99989,0.00148712950279347,0.99968,49.570983426449,-28.4592470041242,-53.8360537474989,-32.3850509251493,0.99994,117.256501881202,145.715748885327
3,5,1e+05,20974,209.74,1.36453586126363,-16.4674796032558,4.97846578300609,8.77098556760907,43.666051531582,0.99825,0.99968,0.00186191732147853,0.99979,62.0639107159511,-20.7506685471056,-39.2538181715286,-22.1989008329504,0.99989,150.080342895094,170.8310114422
3,5,1e+05,45054,450.54,0.552511267700754,-15.0356692594198,-6.49515830315677,10.9066181973962,70.8402117441789,0.99981,0.99973,0.00150100021925807,0.99969,50.0333406419358,13.364399462361,25.2812917943489,16.0402669309443,0.99985,-136.616455303236,-149.980854765597
3,5,1e+05,45059,450.59,0.501388744249309,-15.3833780738859,2.9913268409535,8.67635039626179,25.9537998218554,0.98835,0.99948,0.000992374040319783,0.99936,33.0791346773261,-12.7016743996214,-24.0276218679346,-14.3252995079339,0.99981,104.891421073687,117.593095473308
3,5,1e+05,48637,486.37,0.925031156943886,-7.3490416064464,-13.4718923236144,5.46865890251645,73.6731838892769,0.99984,0.99885,0.00197645414104062,0.99984,65.8818047013541,-17.6522059141332,-33.3924894856661,-15.9048818902096,0.99984,-206.247245895533,-188.595039981399
3,5,1e+05,48638,486.38,0.602528703344258,-9.48397931517287,-13.107173028138,7.13372399809514,93.5029547780133,0.99994,0.99941,0.00315075298499517,0.99995,105.025099499839,-14.0159026034937,-26.5137333314564,-14.0883606069638,0.9998,-251.201573590219,-237.185670986725
3,5,1e+05,48640,486.4,2.73354379448823,-15.0516520706756,-11.0684072556144,11.4056549228388,126.242433702983,1,0.99991,0.00550008173050508,1,183.336057683503,29.0784194120165,55.007335581675,29.6567399142672,0.99993,-277.111282127374,-306.189701539391
3,5,1e+05,48641,486.41,5.68043299829257,-18.0695158303456,-9.03145665692285,13.6213261038587,123.020416316812,0.99999,0.99997,0.00480112753541855,0.99999,160.037584513952,46.0361286247814,87.0860530713039,53.0924808916289,0.99999,-233.885552329649,-279.92168095443
3,5,1e+05,48642,486.42,3.85437287785749,-20.5642124944157,-6.1974289718265,15.2795150606526,94.6937093123476,0.99995,0.99999,0.00251952962941784,0.99991,83.9843209805947,37.3145511404575,70.5875380494204,47.1917336230104,0.99998,-152.986073008908,-190.300624149365
3,5,1e+05,48644,486.44,2.90514767060971,-21.6534700435269,0.740296409992596,14.8427104704966,10.9880052758681,0.93635,0.99998,0.000873340493027307,0.99912,29.1113497675769,-32.4494444049785,-61.3842675742524,-39.4103316540446,0.99997,55.9579891313726,88.407433536351
3,5,1e+05,48645,486.45,6.18233214678266,-20.1450487934852,3.82076880226753,12.6271150754794,48.2452873430338,0.99907,0.99995,0.00232359084559413,0.9999,77.4530281864711,-47.9633777209571,-90.7318096126313,-55.3641476142143,1,139.1540433947,187.117421115657
3,5,1e+05,48646,486.46,4.12446791263912,-18.0081617918743,6.16227466773967,9.69602586452031,59.7495745626821,0.99967,0.99988,0.0029697544452414,0.99994,98.9918148413801,-36.1347620818557,-68.3557436818325,-37.7119201449223,0.99996,183.798691217682,219.933453299538
4,5,1e+05,53573,535.73,0.852337496536489,-13.4981898671836,-7.05539455472625,9.77782150803462,68.9863886248727,0.99994,0.99982,0.00154235714416272,0.9999,51.4119048054239,10.1355360736744,30.7479082018143,11.3610881765361,0.99992,-141.462986063796,-151.59852213747
4,5,1e+05,53574,535.74,0.888718424881401,-14.8899866845,-5.6031426260542,10.6595509083803,59.7269840693407,0.99985,0.9999,0.00107095641980831,0.99957,35.6985473269437,10.5126131549185,31.8918369880987,12.1987869985065,0.99993,-109.997252561268,-120.509865716186
4,5,1e+05,53578,535.78,0.964117927392376,-15.495319221135,1.52137107351489,9.35784031728388,14.2367475692871,0.9594,0.99983,0.000634631232485823,0.99837,21.1543744161941,-11.3323000883885,-34.3784995978865,-12.6993661725638,0.99995,73.7471810014313,85.0794810898198
4,5,1e+05,53579,535.79,0.672721983515699,-14.499318732594,2.94664362149083,7.90324717403711,23.2880528744419,0.98657,0.99941,0.000876777452647296,0.99919,29.2259150882432,-8.99323149183894,-27.2825289495004,-9.90250575455043,0.99988,99.4198368257154,108.413068317554
4,5,1e+05,79246,792.46,0.515487529449541,-12.8050043484407,-7.14975738421926,9.25053130007299,66.1390544706482,0.99991,0.99958,0.00142555821510714,0.99986,47.518607170238,7.94391636473725,24.0992493510291,8.91563525317704,0.99986,-138.39455615647,-146.338472521208
4,5,1e+05,79247,792.47,0.704845448890184,-14.1734188850638,-5.85019801607888,10.1358527054358,59.2967453886084,0.99984,0.99984,0.00107074692480482,0.99956,35.6915641601606,9.33457486115506,28.3180533173028,10.7799730722173,0.9999,-112.651180837913,-121.985755699068
4,5,1e+05,79251,792.51,0.736806109825187,-15.3369133386716,0.84696646278304,9.46204228719759,8.01403248669129,0.89861,0.99979,0.00046909724356133,0.99674,15.6365747853777,-10.1035449161098,-30.6508574716983,-11.0681030729937,0.99991,57.4274911198708,67.5310360359806
4,5,1e+05,79252,792.52,0.710258612862017,-14.4975506235648,2.28583690195295,8.19307029436866,18.7280224191624,0.97803,0.99942,0.000721419650540281,0.99887,24.047321684676,-9.6556384795002,-29.2920555399834,-10.4205479978672,0.99989,85.9236013065187,95.5792397860189
4,5,1e+05,84715,847.15,0.560114173009339,12.3541304212429,-9.08234815970224,-9.61243797113124,87.3035083173557,1,0.99981,0.00324574075454602,1,108.191358484867,-6.45412443759355,-19.5797069131508,-6.68315970073041,0.99972,182.891573332699,189.345697770293
4,5,1e+05,84716,847.16,1.55623374818663,14.2430033615687,-7.95929628301047,-10.9578807797991,87.2170197603269,0.99999,0.99993,0.00305275068650226,0.99999,101.758356216742,-13.0077931229595,-39.4613985827343,-14.1644442693885,0.99997,170.633202715778,183.640995838737
4,5,1e+05,84717,847.17,1.97369832321995,15.9705570672531,-6.44767955209337,-12.1030716169863,78.0367273823643,0.99997,0.99997,0.00225233589095111,0.99996,75.0778630317038,-15.5498659320565,-47.1732177512795,-17.9647742023177,0.99999,138.375038976213,153.92490490827
4,5,1e+05,84718,847.18,0.997798794426237,17.2827954336414,-4.58097485381312,-12.8206254692569,58.730962884822,0.99981,0.99999,0.00115929719737455,0.99968,38.6432399124851,-10.7551353614157,-32.6275702032018,-13.1343925081012,0.99996,89.0098461261809,99.7649814875967
4,5,1e+05,84720,847.2,0.817936508718339,17.8869631624449,-0.361285851888153,-12.2795527236899,4.43642866658379,0.81555,0.99998,0.000360072149620288,0.99385,12.0024049873429,11.2195237096102,34.0363728749581,12.6612254732306,0.99994,-29.3825924662161,-40.6021161758262
4,5,1e+05,84721,847.21,1.98924347707958,17.171192844515,1.58788302048779,-11.0065500858153,17.4771139954146,0.97436,0.99996,0.000842922613394418,0.99911,28.0974204464806,16.2441790733481,49.2795371976872,18.2349892324131,1,-78.8789140682637,-95.1230931416118
4,5,1e+05,84722,847.22,1.5420286329824,16.0344866556367,3.22064164704794,-9.28465228889687,29.9025378399803,0.99373,0.99987,0.00130352390791799,0.99978,43.4507969305996,13.9726756521592,42.388537238027,15.0469971119641,0.99998,-110.572673375845,-124.545349028004
4,5,1e+05,84723,847.23,0.672733468308255,14.7442467143076,4.48662373554703,-7.3426177982425,32.9435632946449,0.99605,0.99951,0.00139864433035547,0.99984,46.6214776785157,7.15049375742115,21.6922641340987,7.24849166084155,0.99978,-121.445245642075,-128.595739399496
5,5,1e+05,37510,375.1,0.508407527348348,12.7417578956015,-8.45032722999332,-9.84158884761612,83.1646462254091,1,0.99976,0.00271433541726475,1,90.4778472421583,-7.06701818456008,-19.8773127406005,-7.8028403166808,0.99971,170.066103575126,177.133121759686
5,5,1e+05,37511,375.11,1.01896851751302,14.4775794375842,-7.26307244788443,-11.0451955202877,80.2220552648981,0.99999,0.99996,0.00238260591677753,0.99998,79.4201972259177,-11.9022093664882,-33.4771938748759,-13.515324438531,0.99998,152.388414016057,164.290623382545
5,5,1e+05,37512,375.12,1.00267587331069,15.98508795432,-5.72592978243498,-11.9925848979351,68.6686990354667,0.99995,0.99998,0.00162469644822468,0.99992,54.1565482741558,-12.5882318687248,-35.4067606975336,-14.7700704137063,0.99999,116.954223336659,129.542455205384
5,5,1e+05,37516,375.16,0.85626078836051,16.4685186882879,1.81311206330787,-10.2954993331713,18.6668940387509,0.97937,0.99993,0.000829376997021009,0.99882,27.6458999007003,13.547107949661,38.1037793329027,15.0987277719816,1,-82.8943301342017,-96.4414380838627
5,5,1e+05,37517,375.17,0.50416024688076,15.3634540972569,3.27436428283337,-8.62544315585846,28.2428429931525,0.99091,0.99969,0.00114279869408324,0.99957,38.0932898027748,10.549711177415,29.6730393102196,11.2830425223945,0.99995,-107.788631568054,-118.33834274547
5,5,1e+05,53931,539.31,0.51357077237037,-13.4890921276952,-6.86706901686014,9.74619864050121,66.9278187163503,0.99994,0.99972,0.0014680144123866,0.99987,48.9338137462201,9.56555424063924,26.904913531109,10.7442299591406,0.99992,-136.36067320878,-145.926227449419
5,5,1e+05,53936,539.36,0.531312715645726,-15.2905231075971,1.53068901472349,9.17903227111672,14.0502438631908,0.96019,0.99968,0.000658683256895315,0.9977,21.9561085631772,-10.499806732317,-29.5326737081432,-11.9006987870846,0.99996,73.4372179810454,83.9370247133623
6,5,1e+05,8591,85.91,0.543874888501581,6.64755580701848,-12.1760623597103,-5.4152220788447,65.9360817236932,0.99983,0.99744,0.00210994837501792,0.99985,70.3316125005974,9.69285543817159,21.7524972872594,7.952498773055,0.99966,153.861189646261,144.168334208089
6,5,1e+05,8592,85.92,0.673209863218622,8.270456452591,-11.9927622449938,-6.67102903072044,80.0040650948816,0.9999,0.99863,0.00294619347302043,0.99992,98.2064491006811,10.6984946144357,24.0093310544793,9.37204300810978,0.99977,188.578887161523,177.880392547088
6,5,1e+05,8595,85.95,2.47966279039749,15.0081794380484,-9.62200872941523,-11.7646164470088,113.19924215134,1,0.9999,0.00515649513684162,1,171.883171228054,-20.4798926709475,-45.9605337776692,-22.2006856219105,0.99991,228.790721143148,249.270613814095
6,5,1e+05,8596,85.96,4.44033525838326,17.4241483328019,-7.84125727632125,-13.4712840403613,105.631804002873,0.99996,0.99994,0.00412688434074279,0.99995,137.562811358093,-29.268725287474,-65.6842425308488,-34.1105894451382,0.99999,190.981579087892,220.250304375366
6,5,1e+05,8597,85.97,2.5276047527819,19.3562719148994,-5.48785552260494,-14.6673415447571,80.492251298328,0.99991,0.99998,0.00214644917530136,0.99986,71.5483058433787,-22.4690950949726,-50.4246589891124,-28.0601871003869,0.99994,125.712220137796,148.181315232768
6,5,1e+05,8599,85.99,1.86888846028801,20.2749120470024,0.0940120028506421,-14.1850958987313,1.33356927606816,0.62445,0.99996,0.000581252220427755,0.99722,19.3750740142585,20.2526726957885,45.4506116061496,23.9262440547629,0.99992,-40.4051171287777,-60.6577898245662
6,5,1e+05,8600,86,4.43131341672743,19.1991568661863,2.63458214120133,-12.4312110254026,32.7510465610308,0.99531,0.99992,0.00159864548426064,0.99975,53.288182808688,30.6088843851164,68.6917986965127,35.0655561180412,1,-108.3251580541,-138.934042439216
6,5,1e+05,8601,86.01,3.07165439980128,17.5688315699122,4.66456077878057,-10.0604599448992,46.9276268754697,0.99893,0.99988,0.00234186853299794,0.99989,78.0622844332648,24.7671278800474,55.5818546413362,26.5939634093274,0.99993,-148.152563085397,-172.919690965444
6,5,1e+05,14962,149.62,0.507351877754736,6.32718301931184,-12.0600354491093,-5.16009353257985,62.2309109236325,0.99974,0.99702,0.00190496913292523,0.99983,63.4989710975077,8.91783810783218,20.013220096619,7.2309791907262,0.9995,144.212854177489,135.295016069657
6,5,1e+05,14963,149.63,0.691820995540141,7.85151027609422,-11.9151544746646,-6.3393324180305,75.5341250270823,0.99989,0.99819,0.00264887953725969,0.99991,88.295984575323,11.1203287054016,24.9560020306371,9.60195049642991,0.99978,178.074402766605,166.954074061203
6,5,1e+05,14966,149.66,1.56419512896863,14.2756786480619,-9.84974235413988,-11.2085248194082,110.401081641153,0.99999,0.99987,0.00496715167123126,0.99999,165.571722374375,-15.356327039308,-34.4623382031815,-16.7295415546139,0.9999,228.676600578172,244.03292761748
6,5,1e+05,14967,149.67,3.85381729042423,16.6828095425024,-8.24904831151473,-12.9327223818629,106.682651727395,0.99997,0.99991,0.00429861404419614,0.99996,143.287134806538,-26.5880102742834,-59.6682396693283,-30.8034589479052,0.99997,198.942223777039,225.530234051323
6,5,1e+05,14968,149.68,3.04649203077449,18.7282414711487,-6.08335547035273,-14.2577912069562,86.7352121339843,0.99992,0.99995,0.00256433870252616,0.9999,85.477956750872,-24.8512694485489,-55.770683336064,-30.5471169613512,0.99996,141.369875916608,166.221145365157
6,5,1e+05,14970,149.7,0.821803587477964,20.1892969867639,-0.694935958838561,-14.325522591428,9.95532077793746,0.92743,0.99997,0.000422792136453922,0.99451,14.0930712151307,14.0207010751588,31.464955198011,16.2493070658037,0.99989,-18.1341537528954,-32.1548548280542
6,5,1e+05,14971,149.71,3.62942078672182,19.3769345710722,1.89283373796966,-12.8501909471873,24.3232749641885,0.98877,0.99993,0.00122530751369166,0.99957,40.843583789722,27.9695528037189,62.7686676407835,32.2429512455262,0.99998,-89.6678611330297,-117.637413936749
6,5,1e+05,14972,149.72,3.31987029184076,17.899152250239,4.03279807071921,-10.6702888203735,43.0311201688191,0.99828,0.99989,0.00210449996810204,0.99984,70.1499989367348,26.2699263561082,58.9544025950666,28.8138370416168,0.99995,-137.034846094193,-163.304772450301
6,5,1e+05,14973,149.73,1.10607006162248,16.2036128516624,5.63289734381405,-8.16272001674809,45.9797639006381,0.99878,0.99973,0.00221473130900486,0.99988,73.8243769668288,13.7233523151698,30.797651518895,14.1576660870266,0.99988,-152.965637655869,-166.688989971039
6,5,1e+05,68332,683.32,0.550597299720965,-13.859990851006,-6.86878012075711,10.0358307485061,68.9339147406214,0.99986,0.9996,0.00157831546796168,0.99973,52.6105155987226,10.6671364036532,23.9389576336302,12.6106343213778,0.99985,-138.799743046039,-149.466879449692
6,5,1e+05,68333,683.33,0.565317420493401,-15.2164817214788,-5.33982623656169,10.8744829411312,58.0678493180951,0.99964,0.99984,0.00106132797527194,0.99935,35.3775991757312,10.7838493959913,24.2008824157977,12.9127005652315,0.99986,-103.560873665751,-114.344723061742
6,5,1e+05,68337,683.37,0.592875406164531,-15.4190338787535,1.8796220269449,9.15845035851427,17.2144250265448,0.97608,0.99951,0.000773686556458476,0.99861,25.7895518819492,-11.7159140836544,-26.2926019012752,-13.3750049741391,0.99987,81.2406662607374,92.9565803443918
7,5,1e+05,40305,403.05,1.43004819142121,14.9023896789365,-8.68914807606088,-11.5726153104371,100.556168059677,1,0.9998,0.00377634156340606,0.99999,125.878052113535,-17.1417551810127,-39.5856248235927,-19.1002525434535,0.99993,199.005084104804,216.146839285817
7,5,1e+05,40306,403.06,2.24547819892364,16.9555747297617,-6.98089359766521,-12.9728600343025,90.5621555568694,0.99997,0.99995,0.00282213120027265,0.99994,94.0710400090882,-21.8117372581036,-50.3700606345411,-25.4524588571929,0.99999,161.217743359404,183.029480617508
7,5,1e+05,40307,403.07,0.953098306440921,18.5164952592637,-4.81794781615435,-13.8655217669315,66.8033603168282,0.99969,0.99999,0.00139559792922208,0.99947,46.5199309740693,-15.4844392297266,-35.7583687013937,-18.7484280195778,0.99991,101.253211241913,116.737650471639
7,5,1e+05,40309,403.09,1.18915228218624,19.0998829979802,0.108519077776072,-13.1740437833761,1.42963508195357,0.62164,0.99998,0.000490232885422195,0.99692,16.3410961807398,15.9470098563605,36.8265876257095,18.8181751285784,0.99992,-42.2329695088608,-58.1799793652213
7,5,1e+05,40310,403.1,2.51762334021558,18.1406135129576,2.32930596303632,-11.5916804840121,27.0005704730212,0.99044,0.99989,0.00119600618060871,0.9993,39.8668726869571,22.6548451808901,52.3170581015328,25.7752950868994,1,-99.2187797660945,-121.873624946985
7,5,1e+05,40311,403.11,1.54620704837141,16.725105969357,4.12771586190058,-9.50347089748079,39.227627566642,0.99775,0.99969,0.00171315164889967,0.9997,57.1050549633223,17.9226170462679,41.3888768541248,19.4395983138955,0.99994,-132.522598162208,-150.445215208476
7,5,1e+05,51324,513.24,0.739141025572265,14.6212041833627,-7.29074700609522,-11.1626765984061,81.3842509898383,0.9999,0.9997,0.00236836156437485,0.99987,78.9453854791615,-12.414232387639,-28.6683096672799,-14.7334730738984,0.9998,153.849645042482,166.263877430121
7,5,1e+05,51325,513.25,0.732080564835854,16.1491007539714,-5.71787641242873,-12.1221544184214,69.3129808169107,0.99972,0.99984,0.00158957254292884,0.99963,52.9857514309615,-13.1206565536182,-30.2996619824585,-15.9418223111841,0.99987,117.038047220132,130.15870377375
7,5,1e+05,51328,513.28,0.533103005479135,17.3561083497491,0.169367090422847,-11.6619646755027,1.97515302570392,0.68489,0.99983,0.000424144863639813,0.99577,14.1381621213271,11.5062499496106,26.5714968404338,12.9688197855258,0.99975,-44.2630513426991,-55.7693012923097
7,5,1e+05,51329,513.29,0.902388080034211,16.540499025132,1.95064568979109,-10.3044727118888,20.1003752810158,0.98136,0.99966,0.000848557016887107,0.99868,28.2852338962369,14.2061209650243,32.8063356862622,15.8845576007385,0.99986,-86.057307043609,-100.263428008633
7,5,1e+05,57830,578.3,0.6445754242839,14.9542148961849,-6.63007697811007,-11.3250635181171,75.0860429071023,0.99981,0.99972,0.00196276514649968,0.9998,65.4255048833227,-11.4097208137116,-26.3485811519356,-13.720075348197,0.99978,137.519518834314,148.929239648026
7,5,1e+05,57834,578.34,0.559673517403652,16.836509204788,0.661047321730266,-11.0496098861751,7.30431502142028,0.88878,0.99975,0.00050377439957392,0.99705,16.7924799857973,11.8646051083373,27.3990499537035,13.4669349038844,0.99976,-56.1031959465841,-67.9678010549214
7,5,1e+05,57835,578.35,0.648525154095752,15.9447961575111,2.2866229373726,-9.62694116856288,22.0131844927725,0.98424,0.99953,0.000885424477857309,0.9988,29.5141492619103,12.2061913520158,28.1878784455567,13.5531713030902,0.99977,-91.4301923625563,-103.636383714572
7,5,1e+05,71170,711.7,0.522135223285805,-13.5522042024869,-7.53234001926521,9.87930097899716,74.4142541264663,0.99979,0.99942,0.0017048935124319,0.99968,56.8297837477299,10.6270590771431,24.5411726607735,12.3748358242489,0.99972,-155.419377729015,-166.046436806158
7,5,1e+05,71171,711.71,0.66004382639179,-15.1035749631677,-6.04832720984946,10.8956227925941,65.9002918047028,0.99963,0.99965,0.00124406293275212,0.99936,41.4687644250707,12.1216553117242,27.9926585313929,14.5350948136483,0.99979,-124.133295379395,-136.25495069112
7,5,1e+05,71175,711.75,0.674480195990839,-16.0324246088591,1.54440816621605,9.80973438780021,15.150233896929,0.96525,0.99956,0.000653412107689253,0.99794,21.7804035896418,-12.872698277188,-29.7270494816369,-14.7550178788035,0.99981,75.7922956356982,88.6649939128861
7,5,1e+05,96329,963.29,1.01882051232125,-14.1248842650618,-8.18545915029886,10.4031198658959,85.1543126979532,0.99994,0.99962,0.00228777359786979,0.99985,76.259119928993,15.0818112379125,34.8285758966823,17.073623505719,0.9999,-178.653827133868,-193.735638371781
7,5,1e+05,96330,963.3,1.58185047578195,-15.9480983029253,-6.53503335052666,11.6320532852847,76.0158561544387,0.99983,0.99981,0.0016874876894521,0.99967,56.2495896484034,18.1860586497471,41.9972451552778,21.3210413413385,0.99998,-142.612508717397,-160.798567367144
7,5,1e+05,96331,963.31,0.630543064145678,-17.3049613644683,-4.49626748353141,12.3909120140932,55.7128547802658,0.99936,0.99992,0.000828795050179595,0.99861,27.6265016726532,12.1869510597462,28.1434466482737,14.8208109790619,0.99982,-88.1852803177822,-100.372231377528
7,5,1e+05,96333,963.33,0.772019321242136,-17.770760735295,0.0643492938737444,11.7451646421908,0.755793051155846,0.47467,0.99986,0.000418432732768254,0.99556,13.9477577589418,-13.1572335762497,-30.3841296626794,-15.3793191481716,0.99985,40.037953589708,53.1951871659577
7,5,1e+05,96334,963.34,1.64287201158605,-16.9083560359263,2.12536916159023,10.3592551463402,22.0172414250765,0.98426,0.99973,0.00091418670256717,0.99888,30.4728900855723,-18.5826055955354,-42.9129949402417,-21.0005988454731,0.99997,91.2963902716023,109.878995867138
7,5,1e+05,96335,963.35,1.01683557732985,-15.6281828173807,3.81598443223521,8.53150220788269,32.5560796088607,0.99513,0.99937,0.00125669571785637,0.99937,41.889857261879,-15.1305009711814,-34.9410155794097,-16.2747060854196,0.99988,122.327241742881,137.457742714063
7,5,1e+05,99410,994.1,1.01801118421868,14.7360686957878,-7.91919746522931,-11.3418640457863,89.8184610023664,0.99995,0.99976,0.00294263745844853,0.99996,98.0879152816176,-14.6364184358,-33.8000258924748,-16.9205159852812,0.99989,173.461925168515,188.098343604315
7,5,1e+05,99411,994.11,1.23561600430722,16.4940078390984,-6.28916166442365,-12.4949822367257,78.5829632808696,0.99986,0.99988,0.00207968272577871,0.99982,69.322757525957,-16.7253003290063,-38.6239015138496,-19.9452176617774,0.99995,136.457598014852,153.182898343858
7,5,1e+05,99414,994.14,0.77216705655182,18.1207783479706,0.107575310896162,-12.3360132560142,1.3270504612349,0.6071,0.99993,0.000444574518728054,0.99621,14.8191506242685,13.1764546938938,30.4285171798104,15.3753584544321,0.99984,-42.4624375239178,-55.6388922178116
7,5,1e+05,99415,994.15,1.43680204714871,17.2541787396616,2.07859334887093,-10.8926614902552,22.6414137251469,0.98525,0.99978,0.000973129601177903,0.99897,32.4376533725968,17.5315648390764,40.485816123362,20.0223913103307,0.99996,-90.7933686176798,-108.324933456756
7,5,1e+05,99416,994.16,0.875968949668314,16.0040773983118,3.69250632114682,-9.02584132992527,33.3279761644173,0.99566,0.99952,0.00136504642020735,0.99945,45.5015473402451,13.7702449283047,31.7997628425264,15.1438830847808,0.99983,-119.161378432934,-132.931623361239
8,5,1e+05,15313,153.13,0.530207599539419,13.1204582034924,-9.3764623258661,-10.246236090148,96.0734466812025,1,0.99983,0.00379444395358451,1,126.481465119484,-9.18998709543638,-24.5661342260876,-9.65029886590293,0.99982,201.010170237001,210.200157332437
8,5,1e+05,15314,153.14,1.65033233938067,15.2062990280763,-8.07381953582879,-11.7348805996488,94.7453082360629,0.99999,0.99992,0.0034598132184393,0.99999,115.32710728131,-17.6581106943703,-47.2026253129811,-19.7050327182265,0.99998,182.414582899086,200.072693593456
8,5,1e+05,15315,153.15,1.84004776849926,17.0614964599651,-6.3175430254533,-12.9538940584434,81.8367830613801,0.99994,0.99997,0.0023604042572434,0.99992,78.6801419081134,-18.9370906194917,-50.6215193970223,-22.6175997535775,0.99999,140.8396821068,159.776772726292
8,5,1e+05,15318,153.18,1.25229762891335,18.5415793995635,0.514792025740784,-12.5704571951771,6.47117112399304,0.87648,0.99998,0.000597307557686208,0.9977,19.9102519228736,17.47712762279,46.7188319862963,19.500084926084,0.99997,-53.0820232816469,-70.5591509044368
8,5,1e+05,15319,153.19,2.10904407155172,17.5230027233289,2.55862072766357,-10.945010511483,28.004130759176,0.99187,0.99991,0.00127270603318691,0.99965,42.4235344395635,20.9227162514048,55.929377317798,23.0585661515749,1,-102.562974340523,-123.485690591928
8,5,1e+05,15320,153.2,1.00700568934889,16.1425180180861,4.19549118082549,-8.90338166421659,37.3540592517441,0.99713,0.99982,0.00166686625746863,0.99986,55.5622085822878,15.085971281002,40.3269331688219,15.9026826858645,0.99994,-129.185340167277,-144.271311448279
8,5,1e+05,46290,462.9,0.931399849560465,14.5737370154027,-7.74821532733644,-11.1902202778039,86.704236272751,0.99996,0.99986,0.0028819602220282,0.99995,96.0653407342734,-13.159727852554,-35.1778122697434,-15.1940767697238,0.99993,167.437934793159,180.597662645713
8,5,1e+05,46291,462.91,1.16212116024455,16.2571665243889,-6.16595881267686,-12.2853729369156,75.7511035273965,0.99992,0.99993,0.00203268543421799,0.9999,67.7561811405998,-15.0466999517532,-40.221955355954,-18.0212491631291,0.99995,131.569271974998,146.615971926751
8,5,1e+05,46295,462.95,1.10460745115796,17.0254091046042,1.90966603028187,-10.7540501685525,20.5366442948317,0.98287,0.99989,0.000933246464294519,0.99908,31.108215476484,16.0390886996965,42.8747507226135,18.0428345194072,0.99996,-86.5726663601693,-102.611755059866
8,5,1e+05,46296,462.96,0.613535470083414,15.8372767127319,3.4853711384064,-8.96980052021245,31.2630838504111,0.99435,0.99977,0.00132274680002845,0.99969,44.0915600009484,12.5122540168169,33.4470232064491,13.7162966652724,0.99989,-114.720488730627,-127.232742747444
8,5,1e+05,50636,506.36,0.745335310502922,-14.6183928479252,-6.47903871377745,10.576472493568,68.5253747410296,0.99988,0.99985,0.0014751571728655,0.99979,49.1719057621835,12.3909053911769,33.1226411812443,14.1229240285165,0.99991,-133.519447942265,-145.910353333442
8,5,1e+05,50640,506.4,0.534791778918115,-16.2072830001938,0.994138691591564,10.1474468276981,10.0879695122828,0.92795,0.99984,0.0005628672623514,0.99739,18.76224207838,-12.5507926463883,-33.550042409535,-14.2004178072081,0.99992,62.6530875681282,75.2038802145165
8,5,1e+05,50641,506.41,0.531375675896508,-15.2542601142971,2.61230813702449,8.72204751994316,22.7846757078618,0.98621,0.99963,0.000903926320577343,0.99902,30.1308773525781,-12.1678400023187,-32.5263558734438,-13.3950224557953,0.99988,96.4986904353474,108.666530437666
9,5,1e+05,4040,40.4,0.672649899735928,14.6395733859444,-6.81516006865909,-11.1053410962427,75.6846771879523,0.99986,0.99973,0.00208942046778068,0.99984,69.6473489260227,-11.3448318075956,-27.2115248475223,-13.5410337050638,0.99981,140.073714475915,151.418546283511
9,5,1e+05,4041,40.41,0.524448232767687,16.0056085115913,-5.25984403710529,-11.9242870916819,62.7198903559147,0.99962,0.99984,0.00133116972751077,0.99956,44.3723242503591,-10.6963200968688,-25.6560154464454,-13.1026700022253,0.99977,102.964364386865,113.660684483734
9,5,1e+05,30817,308.17,0.980613407889292,14.3669394204972,-8.34224319175021,-11.1057655817883,92.6469973138471,0.99999,0.99976,0.00330337966408969,0.99999,110.112655469656,-13.3074028663174,-31.9189151407554,-15.3360432651431,0.99988,183.367788029002,196.67519089532
9,5,1e+05,30818,308.18,1.43659205498775,16.2403596413986,-6.78403154702229,-12.3714188043956,83.9280954504443,0.99994,0.99994,0.002511741073202,0.99993,83.7247024400668,-17.6932587542038,-42.4387561128328,-20.9722690686579,0.99998,150.128478176324,167.821736930528
9,5,1e+05,30819,308.19,0.651509026516035,17.6896264106637,-4.8274971366816,-13.1972174766213,63.7095295805539,0.99965,0.99998,0.00132231585391161,0.99955,44.0771951303871,-12.9022821105772,-30.9471992353957,-16.1335690801958,0.99989,97.9857844186271,110.888066529204
9,5,1e+05,30822,308.22,0.932675025510952,17.6383437354605,1.73711725531544,-11.3646297010412,19.741694353949,0.98139,0.99991,0.000922233347787888,0.99906,30.7411115929296,18.0853478803666,43.3792145682751,20.7239737058101,0.99997,-83.7565150009183,-101.841862881285
9,5,1e+05,30823,308.23,0.883236591638769,16.4152324636229,3.46536403798,-9.52699981237894,33.0145225396601,0.9951,0.99968,0.00141879474597995,0.9996,47.2931581993316,15.3401226608635,36.794563024782,17.0316684242584,0.99992,-117.887875785713,-133.227998446576
9,5,1e+05,45333,453.33,0.740774473861959,-14.2110653190618,-7.45156550457936,10.3848710091584,77.3835465813511,0.99988,0.99964,0.00191352678206253,0.99981,63.7842260687509,13.3289044011709,31.9704883645677,15.0429134438135,0.99987,-158.711031873228,-172.039936274399
9,5,1e+05,45334,453.34,0.628720867084451,-15.7880066303268,-5.81243195936141,11.4000946954858,66.2622747477882,0.99972,0.99981,0.00129179940776916,0.99953,43.0599802589719,13.5957407152355,32.6105175085458,16.1664899761813,0.9999,-121.190063911228,-134.785804626463
9,5,1e+05,45338,453.38,0.683448436372235,-16.137702132815,2.18960092209742,9.66490620448485,21.1622875373251,0.98388,0.99961,0.000871598601246501,0.99889,29.0532867082167,-14.7828699557596,-35.4579459564592,-16.9267799093166,0.99991,90.8141037620037,105.596973717763
9,5,1e+05,49133,491.33,1.20903772555448,-14.1499370908677,-8.86164933914586,10.4947929097226,93.001174652916,1,0.99974,0.00291142697360694,0.99997,97.0475657868979,16.1794454122845,38.8077486138439,17.8995159009994,0.99994,-199.615493728417,-215.794939140701
9,5,1e+05,49134,491.34,1.72547178867677,-16.2142787657718,-7.17512224300891,11.9285623937349,85.5888933584068,0.99996,0.99993,0.00227971946236219,0.99988,75.9906487454063,21.5888995229337,51.782775255042,25.3737547272488,0.99999,-164.248543286143,-185.837442809077
9,5,1e+05,49135,491.35,0.825913799670518,-17.8233281833407,-5.02565777240083,12.8956180400235,64.8089630327565,0.99967,0.99997,0.00117712962973233,0.9995,39.2376543244111,16.2431978737537,38.9606642073742,20.0598587042669,0.99995,-106.480014706554,-122.723212580308
9,5,1e+05,49137,491.37,0.577914341270673,-18.5644863605666,-0.0572247465050921,12.4422183285699,0.712002789813423,0.4732,0.99995,0.000445807886808835,0.99537,14.8602628936278,-15.0393111124747,-36.0730414489468,-17.3899149716496,0.99993,36.3239118310488,51.3632229435235
9,5,1e+05,49138,491.38,1.55515717279308,-17.6631219063528,2.21887463076208,10.9831352789616,24.370200236716,0.98834,0.99986,0.00107920562466708,0.99941,35.9735208222361,-22.7719109524497,-54.6203267899729,-25.8138954677296,1,95.1938855212239,117.965796473674
9,5,1e+05,49139,491.39,1.2898210767611,-16.2672013302998,4.07862112123835,9.00221125208008,36.7166089505834,0.99667,0.99963,0.0015437708150493,0.99966,51.4590271683099,-18.9278150928261,-45.3999424092747,-20.3699768458402,0.99996,131.645092432873,150.572907525699
9,5,1e+05,65434,654.34,0.584765101442126,-14.1767273463909,-6.93826630208809,10.2927126632971,71.4135814288296,0.99979,0.99958,0.00159027751924275,0.99972,53.0092506414251,12.2498047738293,29.3821779497143,14.1697965050908,0.99984,-143.054957615664,-155.304762389494
9,5,1e+05,65439,654.39,0.514936918651723,-15.5899964165525,2.17280944612826,9.19390141696264,19.9765958455484,0.98181,0.99952,0.000805132538469769,0.9987,26.8377512823257,-13.093155169624,-31.4050241795696,-14.5739587139428,0.99986,88.3056487648237,101.398803934448
9,5,1e+05,89178,891.78,0.523341602782695,13.9410950996891,-7.24841910600406,-10.6202363648914,76.9799241775579,0.99987,0.99962,0.0022157195360106,0.99986,73.8573178670201,-9.55824409071184,-22.9262452704632,-11.4281368191816,0.99971,147.345954055153,156.904198145865
9,5,1e+05,89179,891.79,0.548076368148987,15.4020231655598,-5.83745072993863,-11.5476709769815,67.408960373672,0.99974,0.99977,0.00158341022386487,0.99971,52.7803407954956,-10.8049976041765,-25.9166875075765,-13.1231447821375,0.99978,116.837528000159,127.642525604335
10,5,1e+05,26160,261.6,0.826189506127491,-14.7163635800488,-7.23593182584083,10.754449328114,77.8184621626926,0.99983,0.99961,0.00178077807024583,0.99969,59.3592690081944,14.8308023013127,32.0259115163089,17.412270627742,0.99991,-155.784418297222,-170.615220598535
10,5,1e+05,26161,261.61,0.633468829448239,-16.2552684586306,-5.4808272156122,11.7186472946432,64.2278810226405,0.99956,0.99979,0.00111688713826536,0.99913,37.229571275512,13.9483143930661,30.1202506431127,16.9813898921764,0.99986,-113.148910708673,-127.09722510174
10,5,1e+05,26164,261.64,0.680884507193825,-17.0428014067489,0.854161652279058,10.899588096273,9.31001017747368,0.91984,0.9997,0.000547462428308324,0.99672,18.2487476102775,-14.3459173716119,-30.9788419418721,-16.5384108699202,0.99983,60.5811824817844,74.9270998533963
10,5,1e+05,26165,261.65,0.835286461753561,-16.040891586788,2.67550242988352,9.39188600900926,25.1280138382933,0.98833,0.99945,0.000953298687854846,0.99875,31.7766229284949,-15.4070262274884,-33.2702202258687,-17.3857432228395,0.9999,101.2580713308,116.665097558288
10,5,1e+05,27451,274.51,0.713364157079109,-14.352535567615,-7.65477780646082,10.5204568195203,80.5317593758935,0.99988,0.99957,0.00194188943283339,0.99976,64.729647761113,13.800451439655,29.8009526195618,16.2041731697476,0.9998,-165.828748248781,-179.629199688436
10,5,1e+05,27452,274.52,0.741020561932064,-16.0106447000435,-5.97132487514159,11.6002114042078,69.2686309148469,0.99968,0.99977,0.00132717624464872,0.99946,44.2392081549573,14.8315601361451,32.0275479990015,18.0368134456292,0.99992,-126.927880799469,-141.759440935614
10,5,1e+05,27455,274.55,0.590149843990829,-17.302982457033,0.411308097588294,11.2535131237652,4.62866107412078,0.82944,0.99976,0.000464994685592392,0.99584,15.4998228530797,-13.6994582979831,-29.5828661429689,-15.6048922242812,0.99978,49.2127481445323,62.9122064425154
10,5,1e+05,27456,274.56,0.929369770054881,-16.3893803459076,2.32927393918795,9.83211354115136,22.9016858385408,0.98554,0.99954,0.000896706949047268,0.99857,29.8902316349089,-16.0435442314475,-34.6447290932363,-18.1348363639062,0.99993,95.1971303770649,111.240674608512
10,5,1e+05,55381,553.81,0.976600221381209,15.0659211367316,-7.55187403795937,-11.552077434654,87.2398336632596,0.99995,0.99971,0.00264272871565758,0.99993,88.0909571885861,-14.5321165751019,-31.3809239799322,-17.2024368773037,0.99989,165.595476565343,180.127593140445
10,5,1e+05,55382,553.82,0.917274026393471,16.7198156370546,-5.8571418989704,-12.6030853446589,73.8180592285012,0.99974,0.99993,0.00174776368606691,0.99968,58.2587895355636,-15.1371181101949,-32.6873755957294,-18.4842767040174,0.99995,124.807894402802,139.945012512996
10,5,1e+05,55385,553.85,0.686791858424546,17.8858076251202,0.500795002623496,-12.0094954165925,6.01429528865929,0.86633,0.99991,0.00051653301616797,0.99643,17.217767205599,14.3946983016971,31.0841803934847,16.77977401445,0.99985,-52.6154511376673,-67.0101494393644
10,5,1e+05,55386,553.86,1.04097975957306,16.9356381675215,2.38375558936397,-10.4837563802459,24.9907128689414,0.98814,0.99966,0.00101607100689125,0.99893,33.8690335630417,16.7141800931568,36.0929126999225,19.159645280008,0.99996,-96.7384383793345,-113.452618472491
10,5,1e+05,73752,737.52,0.688449448487491,-14.3982212900654,-7.31976989841338,10.5152610261409,76.9692911331056,0.9998,0.99955,0.00174749850906921,0.99967,58.2499503023071,13.393920439982,28.9230819852123,15.920360064075,0.99979,-156.021832023527,-169.415752463509
10,5,1e+05,73753,737.53,0.57063272295632,-15.9438612723226,-5.64041143262712,11.4969038594964,64.8472679689185,0.99957,0.99972,0.00114472969139475,0.99919,38.1576563798251,13.3344522794842,28.7946653286184,16.4418168109163,0.99982,-116.454634320823,-129.789086600307
10,5,1e+05,73756,737.56,0.590339785021109,-16.9646473238653,0.544729663672794,10.9292044724331,5.95346187647969,0.86528,0.99968,0.000475115122772375,0.99593,15.8371707590792,-13.5871660566111,-29.3403801794261,-15.3268738718662,0.99977,52.1861448298977,65.7733108865088
10,5,1e+05,73757,737.57,0.85228086849035,-16.0482348870754,2.37112054333252,9.51757073294353,22.5673074875028,0.98509,0.99946,0.000868220343660439,0.99852,28.9406781220146,-15.4523675934253,-33.3681312184111,-17.1991523828913,0.99988,94.2484030379248,109.70077063135
10,5,1e+05,92557,925.57,1.70846886634712,15.3275828130991,-8.54094361586483,-11.8913225161259,101.563115128295,1,0.99985,0.00368133689899535,0.99999,122.711229966512,-18.8937462868451,-40.7995086510278,-21.578013836022,0.99997,198.118704955213,217.012451242058
10,5,1e+05,92558,925.58,2.20246158409276,17.3679654971313,-6.72953789991889,-13.2649018384952,89.2666596608574,0.99996,0.99997,0.00260921109795424,0.99992,86.9737032651412,-22.2316078485182,-48.0073492557378,-26.7217201844796,1,155.464826508523,177.696434357041
10,5,1e+05,92559,925.59,0.786153302882263,18.8492719452945,-4.46713047458509,-14.0697578707503,62.8514441544621,0.99952,0.99999,0.00118667000043848,0.99924,39.5556666812827,-13.5682455306244,-29.2995228421909,-17.1721420089784,0.99987,91.5118108976005,105.080056428225
10,5,1e+05,92561,925.61,1.24829589302136,19.1359449561372,0.5477780873881,-13.0730184062696,7.1611130189758,0.88976,0.99998,0.000598670823577561,0.99711,19.955694119252,18.6228531220161,40.2145368908406,22.1271761087762,0.99998,-54.0678858234819,-72.6907389454981
10,5,1e+05,92562,925.62,2.21569494230475,18.0465071225408,2.74108421632887,-11.3478446410938,31.1053978350543,0.99335,0.9999,0.0013244110217926,0.99944,44.1470340597532,23.0112304886126,49.6908809474498,26.5702181115852,0.99999,-108.812793194355,-131.824023682967
10,5,1e+05,92563,925.63,1.0169332547882,16.5583062535791,4.48349665265901,-9.16185607003643,41.0771510221519,0.9975,0.99959,0.00174464324848196,0.99966,58.1547749493987,16.5157394208123,35.6643962053578,18.1649494577704,0.99994,-137.934780410118,-154.45051983093
10,5,1e+05,94850,948.5,0.736218915172575,15.7901729879304,-6.27106423058407,-11.9304769875753,74.8167874905898,0.99975,0.99978,0.00184657051918874,0.99973,61.5523506396248,-13.643312723114,-29.4616243398446,-16.4135794119806,0.99981,131.950163618237,145.593476341351
10,5,1e+05,94854,948.54,0.743583614734763,16.9061212407599,1.48373361900341,-10.8115782781453,16.0415021657712,0.97079,0.99967,0.000717914405023884,0.99798,23.9304801674628,14.5357248018803,31.3887156522361,16.5652065077587,0.99984,-75.9814794430997,-90.51720424498
11,5,1e+05,79107,791.07,0.962692178395691,-14.7809226512964,-7.96062342901795,10.8930885054739,86.715775571042,0.99995,0.99984,0.0023617444727255,0.99992,78.7248157575167,17.3246174281123,35.5159966971969,19.8846251739323,0.99992,-177.86582434301,-195.190441771122
11,5,1e+05,79108,791.08,0.894984459936814,-16.5822418958982,-6.15352677718746,12.0802685269621,74.3362558562763,0.9999,0.99992,0.00158967029846655,0.99973,52.9890099488851,18.4399815855352,37.8025274038966,22.2153811496935,0.99994,-134.899310751746,-153.339292337281
11,5,1e+05,79112,791.12,0.777391242797437,-16.8051527598732,2.76594755894747,10.0323322391649,27.7489048674681,0.99117,0.99978,0.00112909205072943,0.9994,37.6364016909812,-19.7246982227668,-40.4362358845648,-22.2633798684208,0.99995,105.84006911231,125.564767335077
11,5,1e+05,92435,924.35,0.707200906611455,-8.49727318355327,-12.8895022561447,6.34826086258111,81.8259227108343,0.99994,0.99881,0.00244575923900717,0.99993,81.5253079669057,-14.4978727302965,-29.7210834318374,-13.6065966625929,0.99984,-221.93427068733,-207.436397957034
11,5,1e+05,92437,924.37,0.841495904832662,-13.4760075118077,-11.3357183395144,10.1777068934294,115.37161868605,0.99999,0.99987,0.00469487420606289,0.99999,156.495806868763,14.7821062082057,30.303770772816,14.4381183594954,0.99985,-267.97294789693,-282.755054105136
11,5,1e+05,92438,924.38,4.0065656162211,-16.3426572021894,-9.72073155255021,12.3136013062045,119.697212742746,1,0.99996,0.00474404394319725,1,158.134798106575,34.8816910498651,71.5085357157373,38.6476728711882,0.99997,-245.227561480207,-280.109252530072
11,5,1e+05,92439,924.39,4.38644620992698,-18.9757555048789,-7.37937266396953,14.156831885333,104.468538223038,0.99998,0.99998,0.00323210582769519,0.99997,107.736860923173,38.9457556577397,79.8399927184328,47.2941160058129,1,-185.223043345723,-224.168799003463
11,5,1e+05,92440,924.4,0.804180591484064,-20.7903953019895,-4.38220496289289,15.1865499506385,66.5505745629089,0.99974,1,0.00115477291541051,0.99943,38.4924305136838,19.0480771857795,39.0491420214761,25.1259057445519,0.99996,-96.5716646322267,-115.619741818006
11,5,1e+05,92442,924.42,3.42267459215842,-20.4665978990368,2.0959674022092,13.4567435380211,28.2048957955815,0.9915,0.99997,0.00135321140565539,0.99959,45.1070468551798,-38.1906674758193,-78.2920388033489,-45.0863511691687,0.99999,94.562628578221,132.75329605404
11,5,1e+05,92443,924.43,4.17848421436965,-18.7122380421146,4.69414610297724,11.0027842197695,51.6486766671303,0.99908,0.99993,0.00248399698079854,0.99994,82.7998993599512,-39.8227487890914,-81.6378555160269,-43.6780868040629,0.99998,156.60420042651,196.426949215601
11,5,1e+05,92444,924.44,1.40842132925595,-16.6625405901489,6.58654398537111,8.1309048184759,53.5545622277574,0.99929,0.99977,0.00251572339811232,0.99995,83.857446603744,-22.0072085605964,-45.1154520321104,-21.5905769477775,0.99993,179.580906822985,201.588115383582
12,5,1e+05,35620,356.2,0.651727894577806,6.01331832180814,-13.9183695073358,-4.99409494467417,69.5096587946931,0.99983,0.9985,0.0022568365460629,0.99986,75.2278848687634,15.6231840475208,28.7469307375397,12.6062032004713,0.99976,168.323957473382,152.700773425862
12,5,1e+05,35621,356.21,1.29610869160336,7.79110535141788,-13.8202683201712,-6.39032099791084,88.3159508431522,0.99992,0.99924,0.00341103810513411,0.99995,113.701270171137,20.8822387863071,38.4236830475025,18.3650040014955,0.99988,219.624486903582,198.742248117274
12,5,1e+05,35622,356.22,1.0582273205165,10.0615932697166,-13.4782817201606,-8.16642543977717,110.069382724003,0.99997,0.99959,0.00510661748119926,0.99997,170.220582706642,16.3743117069511,30.1290187123735,16.1377867123935,0.99985,269.662058537892,253.287746830941
12,5,1e+05,35624,356.24,3.7790218441743,16.0746228193617,-11.3834923304008,-12.7895481252368,145.589722992926,1,0.99995,0.00813534428381159,1,271.17814279372,-35.0819373461322,-64.551375696557,-36.2582931820178,0.99995,297.226598110395,332.308535456528
12,5,1e+05,35625,356.25,6.62247803880542,19.3521713849024,-9.20776003801475,-15.193982559886,139.902545433212,0.99999,0.99997,0.00675284718268651,0.99998,225.09490608955,-53.7571063493464,-98.9140119053036,-63.2892882569938,0.99999,247.183310219956,300.940416569302
12,5,1e+05,35626,356.26,4.24098564089714,22.0170924577161,-6.1419872976744,-16.9433421048931,104.065791988405,0.99996,0.99999,0.00324491642142076,0.99994,108.163880714025,-40.7177883641926,-74.9214397225892,-52.8299936081458,0.99998,155.954380089726,196.672168453919
12,5,1e+05,35628,356.28,4.13066294933727,22.8655717556856,1.29070051194457,-16.0954545154727,20.7744113831011,0.9818,0.99998,0.00119699029762882,0.9996,39.8996765876274,42.3922311112961,78.0024435390038,51.515102547843,0.99997,-71.8818229416424,-114.274054052938
12,5,1e+05,35629,356.29,7.08001187053349,21.0693615117041,4.47478375667343,-13.4672560140188,60.2630584584938,0.99965,0.99996,0.00322391220694721,0.99992,107.463740231574,56.5518905112658,104.056463436611,64.2865897291718,1,-157.1569688872,-213.708859398466
12,5,1e+05,35630,356.3,3.95275763998658,18.7204158282765,6.81546412002977,-10.135243919045,69.0763912780013,0.99982,0.99989,0.00391047116403495,0.99996,130.349038801165,38.6857592141097,71.1824706970425,38.9848707492727,0.99996,-196.867169066131,-235.55292828024
12,5,1e+05,35638,356.38,0.564480681611737,18.3099173995804,6.27178348178182,10.4072814925522,65.2722161552425,0.99974,0.99987,0.00116269159656962,0.99956,38.7563865523208,-17.0377722798068,-31.3497977211184,-19.5551033385226,0.9999,108.021911563673,125.05968384348
12,5,1e+05,35642,356.42,0.631402166102564,18.8410758446713,-1.81463841534841,9.87019350490286,17.9108323009191,0.97605,0.99985,0.000905802879637461,0.99916,30.1934293212487,18.1687251018279,33.4307706100747,20.5528706396277,0.99994,-86.1442425222162,-104.312967624044
12,5,1e+05,77400,774,0.843938046340893,15.4603073400223,-7.5466153082096,-11.8640328996165,89.533292297348,0.99994,0.99983,0.00278453771476188,0.99989,92.817923825396,-16.8788044430901,-31.0572941330092,-19.908202561034,0.99991,167.904149313529,184.782953756619
12,5,1e+05,77401,774.01,0.701099514535876,17.142229898355,-5.75187641054606,-12.9238160971686,74.3361929435395,0.99987,0.99988,0.00176724590000697,0.99981,58.908196666899,-16.5416696491079,-30.4369602406129,-20.2597614371292,0.99992,123.269393404816,139.811063053924
12,5,1e+05,77404,774.04,0.544169331971967,18.0800624214814,0.862543155440844,-12.0586305303783,10.4010892279678,0.93136,0.99986,0.000634634166318619,0.99763,21.1544722106206,16.6262069255634,30.5925103015745,19.3626160878321,0.99989,-62.0979689366841,-78.7241758622475
12,5,1e+05,77405,774.05,0.644457459153323,17.0170599517308,2.76440499820306,-10.3993288610919,28.7479566815598,0.99113,0.99977,0.00118596933913856,0.99958,39.5323113046188,17.9174586538024,32.968435969704,20.4693173471574,0.99993,-105.436940550043,-123.354399203846
13,5,1e+05,35213,352.13,0.971138565622135,15.2280187275409,-8.34903502995119,-11.7880096451864,98.4185054610635,0.9999,0.99973,0.00345336276560291,0.99989,115.112092186764,-17.1800916705801,-31.5494517520544,-20.4335858003136,0.99983,191.263287731984,208.443379402564
13,5,1e+05,35214,352.14,1.31204592479376,17.1870834112472,-6.57335102034113,-13.095489144394,86.0812469291682,0.99984,0.99983,0.00243111025345539,0.99978,81.0370084485129,-20.3412530637407,-37.3545959134655,-24.779290443519,0.99988,149.505475011153,169.846728074893
13,5,1e+05,35217,352.17,0.93497931369095,18.8665158579374,0.483604144907468,-12.8603436783056,6.21931550776316,0.86938,0.99985,0.000577994111950573,0.99761,19.2664703983524,17.4575877500938,32.0590444445656,20.53702448515,0.99984,-52.3710708147153,-69.828658564809
13,5,1e+05,35218,352.18,1.52233127064494,17.8233494762665,2.61261105494272,-11.1959039149778,29.2505423383475,0.99293,0.99976,0.00126305221747135,0.99936,42.1017405823782,21.560226234059,39.5931133766675,24.733081105891,0.99987,-105.100820581504,-126.661046815563
13,5,1e+05,35219,352.19,0.675129284580448,16.3917215391692,4.31379303631523,-9.08590276468002,39.1947040749139,0.99769,0.99953,0.00166855580750196,0.99957,55.6185269167322,15.512848309633,28.4877327005076,17.0772984949259,0.99978,-133.609774088534,-149.122622398167
13,5,1e+05,53339,533.39,0.706280634523873,7.82250275282816,-13.0682347932996,-6.3792364404226,83.3653596054153,0.99982,0.99861,0.00302029736864682,0.99985,100.676578954894,16.2642145315917,29.8675386306706,13.8661507433518,0.99975,202.416878626189,186.152664094597
13,5,1e+05,53340,533.4,0.508775855829646,9.92792221775025,-12.7230035060764,-8.01642257562322,101.992972535844,0.99992,0.99927,0.00434481053032542,0.99996,144.827017677514,13.1150308685284,24.0843903249888,12.0733741557273,0.9997,244.94762984318,231.832598974652
13,5,1e+05,53342,533.42,2.36854202664499,15.3525712089639,-10.7817171496731,-12.1572496383211,131.076026918343,1,0.99982,0.00656625735136182,1,218.875245045394,-25.2417475245763,-46.3538443760391,-26.7427634812878,0.99989,270.323078421673,295.56482594625
13,5,1e+05,53343,533.43,5.91802792556535,18.2712807008097,-8.84866350911402,-14.2807564525844,126.365608504528,0.99999,0.99996,0.00556846765611628,0.99998,185.615588537209,-41.4177691397725,-76.0594258871526,-48.2064477949036,0.99999,229.31818955578,270.735958695552
13,5,1e+05,53344,533.44,4.41052125147729,20.6927110239209,-6.16520063429374,-15.8654331886585,97.8135787580625,0.99989,0.99999,0.00293583022955533,0.99984,97.8610076518442,-34.680289860504,-63.686745838201,-43.7037841863509,0.99998,152.149544754361,186.829834614865
13,5,1e+05,53346,533.46,2.74030838911572,21.8696933099074,0.431749821368382,-15.4637819964187,6.67648511463337,0.8791,0.99998,0.000735771861065529,0.99837,24.5257287021843,28.646493089074,52.60630553718,34.658409113409,0.99996,-48.545430804455,-77.1919238935291
13,5,1e+05,53347,533.47,6.19067007425651,20.4971108352917,3.40245327981032,-13.3312395295026,45.3589196610931,0.99854,0.99994,0.00223045776494868,0.99975,74.3485921649559,43.6976231111134,80.2461406177686,50.7115839316424,1,-129.846378379374,-173.544001490487
13,5,1e+05,53348,533.48,4.45123170960641,18.4867934383214,5.69579916238827,-10.465172742629,59.6075221417145,0.99952,0.99981,0.00312297859510794,0.99986,104.099286503598,34.2410344894078,62.8800990284543,36.2328915888508,0.99997,-174.471999346354,-208.713033835762
13,5,1e+05,64250,642.5,1.3217546368178,15.4661443257288,-8.80203887815562,-12.033544982449,105.919730777551,0.99996,0.99978,0.00403683734959729,0.99993,134.561244986576,-19.7981865291062,-36.3573106974648,-23.3716357467837,0.99985,207.411165497262,227.209352026368
13,5,1e+05,64251,642.51,1.99747911784441,17.6194094392535,-6.94045099686924,-13.4988269640208,93.6879470590037,0.99987,0.99987,0.00288614324798932,0.99983,96.2047749329773,-24.1594429456781,-44.3663045684692,-29.8586168287645,0.99993,163.300160915916,187.459603861594
13,5,1e+05,64252,642.52,0.612868461640923,19.1953681413091,-4.59168087453078,-14.3755318633609,66.0078547182023,0.99964,0.99991,0.0012958244015792,0.99938,43.1941467193066,-14.8879644548609,-27.3401984844633,-19.6585715524431,0.99981,96.3848508882449,111.272815343106
13,5,1e+05,64254,642.54,1.40754574843563,19.5039618118191,0.646437312359564,-13.3608671950176,8.63696308034023,0.9108,0.99989,0.000663899273321729,0.99803,22.129975777391,20.7305928760791,38.0695779903982,24.5306130369645,0.99986,-56.6546354030519,-77.385228279131
13,5,1e+05,64255,642.55,2.24810054200007,18.3463982622707,2.92799532846,-11.5474395288655,33.8108489961926,0.99577,0.9998,0.00149686496550418,0.9995,49.8954988501392,25.6257767756531,47.0590741594735,29.5014264077121,0.99992,-113.89906534036,-139.524842116013
13,5,1e+05,64256,642.56,1.02304498953997,16.7777780002632,4.72525767060633,-9.25341170531885,43.7247546398363,0.99831,0.99962,0.00194483690119306,0.99967,64.8278967064354,18.3994151549754,33.7886125306288,20.1020237854511,0.99982,-143.56289007229,-161.962305227265
13,5,1e+05,84568,845.68,0.943371422700743,14.4762932528793,-9.74782276123475,-11.3565513292043,110.701649535949,0.99997,0.9997,0.00459743042262966,0.99997,153.247680754322,-16.0192887040535,-29.4177578188498,-17.9798159406625,0.99979,227.737935286526,243.75722399058
13,5,1e+05,84569,845.69,2.41290028646175,16.8722672534265,-8.10027713212955,-13.064508908343,105.826142752754,0.99995,0.99984,0.00388606357738258,0.99992,129.53545257942,-26.1184315916138,-47.9637834965711,-30.810757541176,0.99994,196.20274899885,222.321180590463
13,5,1e+05,84570,845.7,1.74929969370139,18.8721908057595,-5.8898541632877,-14.3424717617834,84.4750670179764,0.99983,0.99992,0.00222608046873972,0.99974,74.2026822913239,-23.0926852925268,-42.4073150732698,-29.041534220114,0.99991,136.534720147856,159.627405440383
13,5,1e+05,84572,845.72,0.707175931410584,20.1675284955175,-0.472783860519999,-14.2482477544191,6.73634157897965,0.8802,0.99995,0.000429596132883576,0.99564,14.3198710961192,15.8780828100189,29.1584478788115,18.3144177021061,0.9998,-24.4728293817213,-40.3509121917402
13,5,1e+05,84573,845.73,2.71508889023796,19.2842103456736,2.08886846413776,-12.7008101665377,26.5303218258808,0.99083,0.99986,0.00123269834029101,0.99934,41.089944676367,28.1061836783627,51.614083492544,32.5617705030304,0.99995,-94.8338609997309,-122.940044678094
13,5,1e+05,84574,845.74,2.30615316719749,17.7703466542401,4.1880431105518,-10.4779653521888,43.8821706058349,0.99835,0.99974,0.00200795621776742,0.99969,66.9318739255805,25.1213302098407,46.1327105000267,27.7940438451464,0.9999,-139.810813642776,-164.932143852617
14,5,1e+05,4045,40.45,0.835705511098721,15.410430444405,-7.45044768482045,-11.8107361760873,87.995271999155,0.99985,0.99964,0.00246761611717504,0.99981,82.2538705725014,-15.422992035965,-26.7960402510415,-18.9566087454569,0.99981,164.948886634226,180.371878670191
14,5,1e+05,4046,40.46,0.707299225842207,17.0535175645395,-5.67351188323831,-12.838924908866,72.8417930384558,0.99967,0.99982,0.00156637441739968,0.99951,52.2124805799893,-14.724025315578,-25.5816494032765,-18.7213955802814,0.99978,121.117381046692,135.84140636227
14,5,1e+05,4049,40.49,0.768423646918188,17.9504668279928,0.839006526577098,-11.9539623741209,10.0294524503445,0.92653,0.99977,0.000590676003440988,0.99705,19.6892001146996,16.0650022982175,27.9114744540018,18.8787804430337,0.99979,-61.2131351302975,-77.278137428515
14,5,1e+05,4050,40.5,0.878201970501621,16.90686063466,2.71133192733263,-10.3209598059674,27.9835478426362,0.99022,0.99954,0.00107612735449397,0.99914,35.8709118164656,16.9560746484465,29.4596312907328,19.5670878284725,0.99982,-103.997741323293,-120.953815971739
14,5,1e+05,8398,83.98,1.71842354104569,16.08300349977,-8.65036232148802,-12.5055051528583,108.17715058546,0.99994,0.99983,0.00383760570825756,0.99994,127.920190275252,-23.787666285715,-41.3288979067077,-27.8729718782299,0.9999,207.305961881713,231.093628167428
14,5,1e+05,8399,83.99,1.868565586347,18.2369800117256,-6.629143049354,-13.9479575368093,92.4630057578244,0.99988,0.9999,0.00255541023942938,0.99983,85.1803413143127,-25.3466075352065,-44.0374159668203,-31.6189130028535,0.99994,156.691119458742,182.037726993948
14,5,1e+05,8402,84.02,1.80820429889136,19.5933645666736,1.27067635284333,-13.2447614573909,16.8298051829575,0.97323,0.99988,0.000845989582862282,0.99865,28.1996527620761,25.1829028397052,43.7529940077277,29.8918525154957,0.99992,-73.0580388256669,-98.2409416653721
14,5,1e+05,8403,84.03,2.21960474692509,18.2507850646293,3.52135655775055,-11.2198737050459,39.5091758483962,0.99696,0.99978,0.00164805541048828,0.99956,54.9351803496094,27.1473286633122,47.1660044869402,31.0620463743123,0.99993,-126.843727052495,-153.991055715807
14,5,1e+05,8404,84.04,0.783359512303248,16.5837674964937,5.24581331943155,-8.77949443211976,46.055588829889,0.99828,0.99946,0.00191455295464581,0.99966,63.8184318215269,16.0056277854615,27.8083166601066,17.5823543672611,0.99975,-151.273224643489,-167.27885242895
14,5,1e+05,19867,198.67,0.664921887466282,-14.525569362758,-7.79559400731329,10.6730396441718,83.2026838899227,0.99982,0.99949,0.00204445837026321,0.99971,68.1486123421068,14.8641294670453,25.8250675722868,17.9556545630527,0.99977,-170.910477858778,-185.774607325823
14,5,1e+05,19868,198.68,0.807450172334094,-16.2469849354746,-6.0619944338739,11.8008786203512,71.5368605113903,0.99963,0.99969,0.00141797859530327,0.99944,47.2659531767757,16.1529551946845,28.0642845798471,20.084826912471,0.99984,-130.385736095733,-146.538691290417
14,5,1e+05,19871,198.71,0.64163953686234,-17.5489171618415,0.535529288598886,11.4235706426707,6.11765665952854,0.86891,0.99968,0.000548006994776392,0.99652,18.2668998258797,-14.5803333489157,-25.3319977330004,-17.2502963252019,0.99974,52.4496574296486,67.0299907785643
14,5,1e+05,19872,198.72,0.928998623608867,-16.5787672914768,2.50401989904154,9.9322805873965,24.8706282337049,0.98702,0.99947,0.000990701792503372,0.99899,33.0233930834457,-17.4671447016992,-30.3475688378784,-20.2471778666607,0.99985,99.1438401378144,116.610984839514
14,5,1e+05,65361,653.61,0.621159697294334,7.3829003178872,-12.9689121624423,-6.0292960888462,78.193411377603,0.99974,0.99808,0.00246286999585281,0.9998,82.095666528427,15.8240037336745,27.4927614558443,13.0875425803584,0.99967,189.092140183783,173.268136450108
14,5,1e+05,65362,653.62,0.606303336164911,9.35162067143823,-12.6886068249296,-7.5605028851774,95.9322485087621,0.99989,0.99885,0.003550298043665,0.99992,118.343268122167,14.558560662621,25.2941696788222,13.0136914429155,0.99965,231.287293577329,216.728732914708
14,5,1e+05,65364,653.64,1.27760993383063,14.5039695619546,-11.0198861838228,-11.5045144465261,126.778439800863,0.99999,0.99976,0.00572058069363015,1,190.686023121005,-18.6367308643007,-32.3796179900175,-19.5675435191883,0.99983,268.202449073456,286.839179937757
14,5,1e+05,65365,653.65,3.97160227001909,17.3867313207149,-9.30815199047572,-13.6256675773792,126.829784781942,1,0.99991,0.00528953494951559,0.99999,176.31783165052,-37.3825755006929,-64.9488111948889,-42.9431429408794,0.99998,238.028930017745,275.411505518438
14,5,1e+05,65366,653.66,3.72656840540709,19.9339697450444,-6.86661004716957,-15.3554291170965,105.439743854055,0.99993,0.99998,0.00327266286792809,0.9999,109.08876226427,-37.3812636905457,-64.9465320445513,-46.4418948010518,0.99999,171.576894322594,208.958158013139
14,5,1e+05,65367,653.67,0.583680347983136,21.5516265164817,-3.81044243725693,-16.1618765113876,61.5839001246971,0.9995,1,0.00104757180899042,0.99911,34.9190602996806,-13.962461557898,-24.2585019195106,-18.9273051123524,0.9998,78.8839032376276,92.8463647955256
14,5,1e+05,65368,653.68,1.04792084276808,21.8149386494142,-0.513388170629695,-15.6605415126352,8.03993675824219,0.90413,0.99999,0.000483419391760387,0.99575,16.1139797253462,19.183270510088,33.329180715146,22.9000204935024,0.99986,-21.3503543781161,-40.533624888204
14,5,1e+05,65369,653.69,4.32038013893024,20.7745644539167,2.53626578863046,-13.8788695154124,35.2005019368066,0.99542,0.99996,0.0015841334873656,0.99952,52.8044495788532,40.1659261960544,69.7846288554149,47.2524800738021,1,-107.576302728695,-147.74222892475
14,5,1e+05,65370,653.7,3.9245026474105,18.9307534926334,4.98677538342838,-11.2324532528526,56.0137213768356,0.99919,0.99985,0.00263839172088426,0.99984,87.946390696142,37.3455633258378,64.8845059209911,40.9408614645151,0.99997,-162.101671347413,-199.447234673251
14,5,1e+05,65371,653.71,1.03334682881675,16.9065877509243,6.74067779615027,-8.24058150520343,55.5471047794913,0.99916,0.99953,0.00254985957219735,0.99982,84.995319073245,17.8841366070092,31.0720541940913,17.8756716990357,0.99976,-176.080596662213,-193.964733269223
14,5,1e+05,96947,969.47,1.61730699178441,15.4997662469404,-9.28411975532161,-12.1171676882786,112.497235913292,0.99997,0.99979,0.00425397373176016,0.99997,141.799124392005,-22.001978596034,-38.2264286130127,-25.3056071156569,0.99989,222.65351135409,244.655489950124
14,5,1e+05,96948,969.48,2.27267028215717,17.8428672257289,-7.38830584342137,-13.7439136065134,101.544237210481,0.99992,0.99989,0.00317676661665209,0.99989,105.89222055507,-28.1528914846417,-48.9130780620585,-34.3523730972703,0.99995,178.900159850421,207.053051335063
14,5,1e+05,96949,969.49,0.954767092509831,19.6119143258106,-4.94272721015101,-14.7797271379956,73.0521594835782,0.99968,0.99995,0.00149341280073258,0.99947,49.7804266910861,-18.2176590291972,-31.6515189457255,-23.9779513515426,0.99988,109.484409066536,127.702068095733
14,5,1e+05,96951,969.51,1.68552714029509,20.0879315527787,0.628360269056052,-13.8710621720582,8.71602435852773,0.91333,0.99992,0.000668709367966894,0.99774,22.2903122655631,23.7377495907693,41.2421722075797,27.8926210701465,0.99991,-55.2760790871584,-79.0138286779277
14,5,1e+05,96952,969.52,2.54558501779144,18.8694826625077,3.06883827173403,-11.9700416222767,36.7341218446921,0.99596,0.99984,0.00155140136398489,0.99948,51.7133787994963,29.9635046298109,52.0588530584977,34.5215672412199,0.99996,-118.200171455238,-148.163676085049
14,5,1e+05,96953,969.53,1.4522354213521,17.1941425312497,4.9795589208556,-9.5354206762157,47.4821890923608,0.99856,0.99958,0.00202904351209509,0.9997,67.6347837365031,21.4197420464539,37.2148457773481,23.313996823551,0.99987,-151.490782398717,-172.910524445171
15,5,1e+05,50704,507.04,0.759298315328091,-13.0602876812386,-7.80571711575643,9.52779881802558,74.3713023093462,0.99996,0.99978,0.00192369174395226,0.99993,64.123058131742,9.69375098426715,28.3694014587995,10.8729343249422,0.9999,-158.554435982333,-168.2481869666
15,5,1e+05,50705,507.05,1.21138050961465,-14.6573172207428,-6.42534960098705,10.5994642844541,68.1052636107939,0.99992,0.9999,0.00150661827887794,0.99985,50.2206092959315,12.7243828680987,37.2387455058866,14.6814110876579,0.99995,-131.656198600244,-144.380581468343
15,5,1e+05,50706,507.06,0.720887323230824,-15.9133513344698,-4.72460849391692,11.3218752498789,53.4914279726455,0.99965,0.99994,0.000852096234223396,0.99912,28.4032078074465,10.042393449762,29.3897266234611,11.9922238525188,0.99991,-89.4191861641316,-99.4615796138937
15,5,1e+05,50709,507.09,0.998615505794426,-16.1739133534723,1.04483923775692,10.1023006748977,10.5552801367513,0.93249,0.99989,0.000590320039192732,0.99775,19.6773346397577,-12.1664275609566,-35.6058525081118,-13.8740715185171,0.99994,64.1917641488851,76.3581917098416
15,5,1e+05,50710,507.1,0.900649318790735,-15.2125430345653,2.6518436757172,8.66856933266323,22.9876907623391,0.98704,0.99974,0.000940119473958634,0.99932,31.3373157986211,-11.9306521256367,-34.9158401496793,-13.2654066914999,0.99993,97.0908311462288,109.021483271866
15,5,1e+05,76207,762.07,0.530506908185656,6.91227858972026,-11.172930197909,-5.56537671415628,62.1815655523364,0.99988,0.99676,0.00194607335230589,0.99994,64.8691117435297,7.07331643564643,20.7005269615092,5.93177686834912,0.99968,141.912237892588,134.838921456941
15,5,1e+05,76208,762.08,0.634814673602753,8.40215821313244,-10.9537898448743,-6.70571625335085,73.4530065985628,0.99995,0.99851,0.002581378467946,0.99996,86.0459489315334,7.37644668512337,21.5876576249309,6.491346238641,0.99975,168.654199570489,161.277752885366
15,5,1e+05,76211,762.11,1.64531442044966,14.2155972742906,-8.71599806043149,-11.0328184121555,96.1620238814401,1,0.99992,0.00385603647191939,1,128.53454906398,-13.7768402985587,-40.3188315748887,-14.9952118790165,0.99996,193.279462717569,207.056303016127
15,5,1e+05,76212,762.12,2.78894013844834,16.2054764190199,-7.17870941643727,-12.403386027214,89.0403040692677,0.99998,0.99997,0.00306440677952973,0.99997,102.146892650991,-19.2693969348581,-56.3931607487314,-22.0449679526566,0.99999,162.568714360869,181.838111295727
15,5,1e+05,76213,762.13,1.76107258313736,17.800729727057,-5.20854507583613,-13.3578193338336,69.5748041151476,0.99993,0.99998,0.00169603361886238,0.9999,56.5344539620793,-15.5843298800298,-45.6085690204425,-18.7286354073733,0.99997,110.512601446518,126.096931326548
15,5,1e+05,76215,762.15,1.00404613268415,18.7587241942753,-0.568778399961437,-13.0789022789251,7.43899711145899,0.89495,0.99999,0.000379747659003111,0.99359,12.6582553001037,11.3687467864776,33.2713871227427,13.1187515153824,0.99992,-23.6409072664656,-35.0096540529432
15,5,1e+05,76216,762.16,3.10287135833563,18.0324395313374,1.61834416702781,-11.7564481593654,19.0259793036739,0.98054,0.99996,0.000971509425418366,0.99935,32.3836475139455,19.8250004722143,58.0191711371526,22.5106306817392,1,-81.3384878651647,-101.163488337379
15,5,1e+05,76217,762.17,2.50128259559535,16.7899617290829,3.44869690042774,-9.88753762036167,34.099120344204,0.99616,0.99991,0.001592717275721,0.99988,53.0905758573665,18.0878440445767,52.9352683040421,19.6694952288235,0.99998,-119.319317987348,-137.407162031925
15,5,1e+05,76218,762.18,0.733681297249298,15.3580886889596,4.85378890410034,-7.74996702683611,37.6167039620006,0.99754,0.99976,0.00171965447928259,0.99992,57.3218159760863,9.28122149682247,27.1621067117088,9.5712568730037,0.99989,-133.214320987177,-142.495542483999
16,5,1e+05,29380,293.8,0.906266141116692,-6.01216242728245,-13.8870919899214,4.43055849299897,61.5275733590044,0.99962,0.99807,0.00151125622432716,0.99967,50.3752074775719,-15.8441558439441,-28.351775812646,-13.3553750039297,0.99979,-175.330427781316,-159.486271937372
16,5,1e+05,29381,293.81,1.30894765128593,-7.8543750033179,-13.7153293906766,5.87461855862144,80.5723285760749,0.99987,0.99893,0.00249078316624408,0.99988,83.0261055414692,-19.4128150366701,-34.7375893820433,-17.7580999860891,0.99982,-225.455591522214,-206.042776485544
16,5,1e+05,29382,293.82,0.547626704880256,-10.1831344138313,-13.2680913392551,7.69259704296882,102.066080202194,0.99997,0.99947,0.0039676186088827,0.99997,132.253953629423,-11.6885168091214,-20.9156114985587,-12.2837844872415,0.99973,-270.580889130927,-258.892372321806
16,5,1e+05,29383,293.83,0.592313435440862,-13.0036441466112,-12.3823151930065,9.87470316704489,122.27168705173,0.99998,0.99977,0.00562222121169881,0.99999,187.407373723294,10.9304928129093,19.5591917174806,9.22629483479358,0.99958,-294.27864295805,-305.209135770959
16,5,1e+05,29384,293.84,4.39541709804363,-16.1652840531923,-10.8514157565134,12.2736157473861,133.186107310577,1,0.99991,0.00633100029972081,1,211.033343324027,38.7054808435908,69.2601818870383,41.2479011928772,0.99996,-280.710152142616,-319.415632986207
16,5,1e+05,29385,293.85,6.51875157152487,-19.2522911400183,-8.49471793687988,14.5109034212315,123.266031572667,0.99999,0.99997,0.00488638412422807,0.99998,162.879470807602,50.5210998712114,90.4032320475032,60.7106320541111,1,-222.845497708915,-273.366597580126
16,5,1e+05,29386,293.86,2.82835561477019,-21.5794900069718,-5.31131357757231,15.9749643851471,84.8480452400659,0.99989,0.99999,0.00204280953178967,0.99981,68.0936510596558,31.6062117810247,56.5566407910033,41.6578155279515,0.99997,-128.004750176883,-159.610961957908
16,5,1e+05,29388,293.88,5.29887852167875,-21.7303306662753,1.96247375363405,14.5882015531,28.6289626606821,0.99231,0.99998,0.00152662578834003,0.99968,50.8875262780009,-44.8855740543921,-80.3189355965876,-54.3144184183452,0.99998,90.1372465179565,135.022820572349
16,5,1e+05,29389,293.89,6.26931763468649,-19.8220534885636,4.93859860331932,11.9321497286721,58.9280979846172,0.99956,0.99995,0.00313517754192056,0.99992,104.505918064019,-51.389866919894,-91.9578171475404,-57.7245284112409,0.99999,165.786095216236,217.17596213613
16,5,1e+05,29390,293.9,2.35270432538295,-17.5164477904412,7.08500259184045,8.7376232537663,61.9060833994596,0.99966,0.99983,0.0032807283661618,0.99994,109.357612205393,-30.6589521805765,-54.8615999132938,-30.504469409322,0.99995,196.276301732383,226.935253912959
16,5,1e+05,87773,877.73,1.11940828758733,-14.8610931726572,-8.71486857643858,11.0394839717381,96.2076519653976,0.99994,0.99976,0.00312091528223042,0.99991,104.030509407681,19.5155340717692,34.9213964010796,22.4002734395927,0.99987,-201.491975925448,-221.007509997217
16,5,1e+05,87774,877.74,1.48449875690449,-16.945550863536,-6.84954134139938,12.4661650927536,85.3875131715258,0.9999,0.99987,0.00227961708079612,0.99985,75.9872360265374,23.119787529954,41.3709028957704,27.9792100362844,0.99991,-158.579964277627,-181.699751807581
16,5,1e+05,87775,877.75,0.607498038263802,-18.4644069165505,-4.5139095773967,13.3249614015902,60.1476708890792,0.9996,0.99992,0.00106365881373776,0.9992,35.4552937912586,14.5142104719799,25.9719511378333,18.5356309475803,0.99983,-92.9837692806787,-107.497979752659
16,5,1e+05,87777,877.77,0.799206713353313,-18.7479714427342,0.671977177356659,12.3961466786675,8.32992765523012,0.91068,0.99989,0.000694129383268906,0.99795,23.1376461089635,-19.630569489531,-35.127242544416,-23.0286605867161,0.99988,56.3780355879645,76.0086050774954
16,5,1e+05,87778,877.78,1.43985878597565,-17.6158021759359,2.93468417744982,10.6865519247148,31.3616548449564,0.9941,0.99982,0.00140485965094171,0.99957,46.8286550313904,-24.60160395746,-44.02248796991,-28.028920919834,0.99992,112.429637866806,137.031241824266
16,5,1e+05,87779,877.79,0.595266048730815,-16.0737891323063,4.72288030058451,8.51926973537407,40.235491208564,0.99758,0.99961,0.00174341330796058,0.99974,58.1137769320194,-17.2978020923875,-30.9529527357139,-18.7942456952559,0.99984,142.78582826537,160.083630357758
16,5,1e+05,97055,970.55,1.20024068962166,-14.8778058725899,-8.95412130519716,11.0774728644125,99.1890357829793,0.99996,0.99979,0.00333283839346143,0.99996,111.094613115381,20.1156495038715,35.995252172271,23.2562626569166,0.99989,-208.874837644555,-228.990487148427
16,5,1e+05,97056,970.56,1.689021919493,-17.0530976155109,-7.07246398530727,12.5811818986553,88.9799558708391,0.99992,0.99988,0.00248158499597992,0.99987,82.7194998659974,24.5304053320604,43.8950840561024,30.0678649142671,0.99994,-166.091187075773,-190.621592407833
16,5,1e+05,97057,970.57,0.736369872023422,-18.6643146812948,-4.69089391855908,13.5159122564397,63.4017106075113,0.9997,0.99994,0.00117268890789296,0.99935,39.0896302630988,15.6283337717251,27.9655804818728,20.4413697817534,0.99985,-99.4411987332019,-115.069532504927
16,5,1e+05,97059,970.59,0.909799049566708,-19.0315026076232,0.65325893434466,12.6412917788536,8.25803679619383,0.90974,0.9999,0.000707782183500339,0.99807,23.5927394500113,-20.8387614650757,-37.2891998217028,-24.4643775517099,0.9999,55.5800885552278,76.4188500203034
16,5,1e+05,97060,970.6,1.6818244295001,-17.8733215936372,2.99278278171881,10.8934771900957,32.6018109675651,0.99471,0.99986,0.00147466278402052,0.99962,49.1554261340172,-26.1564311903379,-46.8047197005327,-29.995828814076,0.99993,114.64180836098,140.798239551318
16,5,1e+05,97061,970.61,0.762331025843527,-16.2822125810619,4.83706526324594,8.66240398549107,41.9006134144221,0.99788,0.99963,0.00184412851016423,0.99976,61.4709503388077,-18.7573535565497,-33.5646965424857,-20.4947146903265,0.99986,146.320644535045,165.077998091594
17,5,1e+05,39422,394.22,0.598294067403555,-15.739682836969,1.40071301790625,9.61028525010305,13.4612516556118,0.95605,0.99976,0.000631840876298061,0.99782,21.0613625432687,-11.6178136118457,-30.9476086945144,-13.1154288145605,0.99989,71.8497121844045,83.4675257962502
17,5,1e+05,71955,719.55,1.17667598427186,14.7651109254856,-8.43975872793242,-11.4328769974748,96.4907234248155,1,0.99992,0.00357342349326568,0.99999,119.114116442189,-15.6189959268861,-41.6059845936617,-17.5269695062794,0.99995,190.262892236333,205.881888163219
17,5,1e+05,71956,719.56,1.81167030354074,16.7130632309672,-6.7782005650833,-12.7479649687825,86.4082633550635,0.99997,0.99997,0.00264239966089527,0.99997,88.0799886965089,-19.6348037501067,-52.3033200181759,-23.1535018718981,0.99999,153.231418928788,172.866222678895
17,5,1e+05,71957,719.57,0.701140329474117,18.1838762736476,-4.69486126005664,-13.572339004915,63.7202486025312,0.99983,0.99999,0.00131443666470824,0.9997,43.8145554902748,-13.9594075672151,-37.1851621510722,-16.9405465651876,0.99994,95.8576345806472,109.817042147862
17,5,1e+05,71959,719.59,0.948880319115817,18.7358420132711,0.0211472562435431,-12.8883902570546,0.272554091332718,0.32181,0.99998,0.000479274216795552,0.99617,15.9758072265184,14.4246204042839,38.4243991815742,16.8206259254969,0.99993,-40.101648904671,-54.5262693089549
17,5,1e+05,71960,719.6,2.23987257614076,17.8369337132208,2.15449589484111,-11.385401186101,24.5298001165737,0.98821,0.99995,0.00113043085759846,0.99955,37.6810285866155,20.4716403359145,54.5324908470509,23.1740117332298,1,-94.4127538263405,-114.884394162255
17,5,1e+05,71961,719.61,1.36869578456084,16.4983789329137,3.89581959668406,-9.3990303584109,36.6169266601256,0.99694,0.99985,0.00162639037153644,0.99987,54.2130123845479,16.3314292909283,43.5037692980759,17.6604984512098,0.99996,-126.804520733186,-143.135950024115
17,5,1e+05,74319,743.19,0.80571207155665,-13.7163369526968,-8.13254433765983,10.0770621715371,81.95215490338,0.99996,0.99981,0.00227375356458063,0.99994,75.7917854860209,12.9849755142141,34.5894636071637,14.4786836736779,0.9999,-173.775668045018,-186.760643559232
17,5,1e+05,74320,743.2,1.16770133651301,-15.4828844230719,-6.58494665860167,11.2714742262391,74.2220565435881,0.99993,0.99991,0.00172619305038928,0.9999,57.5397683463093,16.2101641790468,43.1807424914675,18.9355541606611,0.99998,-141.600291896413,-157.81045607546
17,5,1e+05,74324,743.24,1.43188587993004,-16.7475079941742,1.70793823124669,10.3667635486432,17.7057917990223,0.977,0.99988,0.000811511539073879,0.99863,27.050384635796,-16.3039137234707,-43.4304731476007,-18.6816307403605,0.99997,81.0744693307689,97.3783830542396
17,5,1e+05,74325,743.25,0.998914850641433,-15.5767201304523,3.39459421573718,8.67464909262442,29.4469136333727,0.99311,0.99969,0.00119411817788095,0.99961,39.8039392626984,-14.2403458012043,-37.9335272758115,-15.7159510576834,0.99992,113.915470359517,128.155816160721
18,5,1e+05,7349,73.49,0.637055331279635,-14.6711665508012,0.60137722356982,8.98812859954754,5.4052558222844,0.85187,0.99918,0.000378568610073214,0.99302,12.6189536691071,-7.69172752001712,-18.4198245769125,-8.62962264344564,0.99973,50.5794449526957,58.2711724727128
18,5,1e+05,7350,73.5,0.511863226526147,-13.9405333650981,1.91848328089705,7.86340573306567,15.0858124297965,0.96702,0.99853,0.000564637608529753,0.99717,18.8212536176584,-7.24472009102104,-17.3493500436874,-8.21516218299178,0.99968,76.2566147536501,83.5013348446711
18,5,1e+05,19112,191.12,0.591914075820617,-6.97243236031244,-11.8154915928867,5.11273324734866,60.4094567007205,0.99969,0.99664,0.00135313790531355,0.99959,45.1045968437849,-8.91469595123422,-21.3485377830805,-7.73054494534259,0.99965,-161.734272549237,-152.819576598003
18,5,1e+05,19115,191.15,0.946793041709913,-12.8951574531842,-9.99012230268349,9.61456683332157,96.0506985522067,0.99998,0.99975,0.00320753805994741,0.99997,106.91793533158,10.5229367031048,25.1998848894106,10.9005020951301,0.99982,-219.741033938959,-230.263970642064
18,5,1e+05,19116,191.16,3.82807044622268,-15.1950146405333,-8.57097421388417,11.2876231843244,96.7459272488856,0.99999,0.99989,0.00307791384261335,0.99996,102.597128087112,21.8199784480145,52.2535638760566,24.3053172295403,0.99997,-199.894616634735,-221.714595082749
18,5,1e+05,19117,191.17,4.38107719465501,-17.2576961270329,-6.62310719675696,12.6838726363597,84.0066481406227,0.99994,0.99994,0.00211703825693162,0.99987,70.5679418977206,24.0706469506474,57.6433698580537,28.4936270450868,1,-153.174341750253,-177.2449887009
18,5,1e+05,19118,191.18,1.40092490913233,-18.6996829438895,-4.21245650749151,13.4624062680342,56.7098008902754,0.99949,0.99998,0.000874218395334165,0.99882,29.1406131778055,13.1736492963915,31.5476995831955,16.509920170051,0.99991,-84.7199499095154,-97.8935992059069
18,5,1e+05,19120,191.2,3.80034090520159,-18.7355983595135,1.02181524995216,12.2850668107624,12.5530686139182,0.94894,0.99995,0.000738673257660113,0.99842,24.6224419220038,-21.7377448118169,-52.0566342332502,-25.4304009647822,0.99998,65.6914946212897,87.4292394331066
18,5,1e+05,19121,191.21,4.68099033114536,-17.5071223138073,3.2511479650452,10.4711694397359,34.0433212156407,0.99521,0.99987,0.00146906509552356,0.99969,48.9688365174519,-25.2679009790125,-60.5105032970758,-28.3225886908659,0.99999,119.366893497831,144.634794476844
18,5,1e+05,19122,191.22,2.33713544080929,-15.9188223206844,4.9868771903086,8.23964471308083,41.0900962759096,0.99797,0.99972,0.00173366131312066,0.99983,57.7887104373552,-16.9122565042716,-40.5007584054065,-17.7688785640016,0.99992,145.917725533316,162.829982037588
18,5,1e+05,19125,191.25,0.513125127528649,-12.0491148519666,7.51639154110601,1.5957155722866,11.9940230295461,0.94416,0.99586,0.000475052799817748,0.99588,15.8350933272583,7.55123777845225,18.0833856706009,7.19060048288736,0.99955,83.2381987596677,75.6869609812155
18,5,1e+05,33270,332.7,0.696581722983951,-13.3068335221516,-7.01549422217432,9.62359012425813,67.5142409133068,0.99983,0.99947,0.0014164898773553,0.99963,47.2163292451768,9.32117307958845,22.3219520621651,10.8538465229984,0.99981,-138.52959759865,-147.850770678238
18,5,1e+05,33271,332.71,0.741843667497275,-14.6717772271952,-5.60868483035335,10.4889737051515,58.8293477060584,0.9996,0.99974,0.00100444607938181,0.99917,33.4815359793935,10.0889932230643,24.1606953500206,11.9854485608633,0.99984,-108.447143394262,-118.536136617326
18,5,1e+05,33274,332.74,0.793835519319426,-15.9980486526977,-0.32105198415255,10.3820238637193,3.3331693609662,0.78206,0.99978,0.000299556168732265,0.98969,9.98520562440883,-7.90014263258621,-18.9189282961627,-8.88065015498058,0.99974,29.7928865443512,37.6930291769375
18,5,1e+05,33275,332.75,1.1608941401946,-15.3838635075354,1.34271653577463,9.32748462373718,12.5241678414755,0.94871,0.99956,0.000568825098535356,0.99724,18.9608366178452,-10.7623619661324,-25.7732504087654,-12.1529273461098,0.99986,69.1566328842548,79.9189948503873
18,5,1e+05,33276,332.76,0.874551934782976,-14.4354000754301,2.75716155191217,7.93204273698087,21.8699232625278,0.98529,0.99892,0.000797078065450467,0.99858,26.5692688483489,-9.36798640919812,-22.4340586490179,-10.4030323869141,0.99979,94.7091222001134,104.077108609312
18,5,1e+05,75672,756.72,0.901336228180444,14.1963329880865,-7.29873935632229,-10.8286008930447,79.0351355119723,0.99991,0.9998,0.00233452411644276,0.99991,77.8174705480921,-10.4266399011084,-24.9692773704269,-12.324403859372,0.99987,151.182723702371,161.60936360348
18,5,1e+05,75673,756.73,1.10124739021635,15.6942349097543,-5.82651243043474,-11.7783345157345,68.6266124657455,0.99984,0.99985,0.00163867791966718,0.99978,54.6225973222394,-11.6276466858003,-27.845397751984,-13.9518004579926,0.99989,118.430836039823,130.058482725623
18,5,1e+05,75676,756.76,1.02514378172136,17.1160776435482,-0.211164966096986,-11.5789412350376,2.4450667333357,0.7335,0.99988,0.000356735808780306,0.99224,11.8911936260102,9.36653835864121,22.4305909186326,10.8180378260509,0.9998,-34.1396798906841,-43.5062182493254
18,5,1e+05,75677,756.77,1.46509259810365,16.4199400126135,1.54124907454867,-10.3599490293419,15.9672618538445,0.97151,0.99981,0.000727048285526849,0.99835,24.234942850895,12.7078324988313,30.432181167637,14.3997599756743,0.9999,-76.4304179929976,-89.138250491829
18,5,1e+05,75678,756.78,0.855703212675563,15.3747423674705,3.01178446250122,-8.76672571254314,26.4034882880474,0.98988,0.99954,0.0010507508148956,0.99925,35.0250271631866,10.3493469997213,24.7841795909115,11.5659461309097,0.99983,-102.835914886728,-113.18526188645
18,5,1e+05,79571,795.71,0.587124901673592,-14.7977699194431,0.442839591926699,9.1478788894132,4.0510429543826,0.80965,0.99931,0.000357820282526733,0.99231,11.9273427508911,-7.22437234666919,-17.3006221239163,-8.42086727946827,0.99971,47.3530980476206,54.5774703942898
18,5,1e+05,92469,924.69,0.98250453105476,13.6506118203452,-9.25196062044647,-10.6498183085089,98.5316996052346,1,0.99984,0.00387212322410698,1,129.070774136899,-10.7876815296499,-25.8338846313301,-12.0469780457427,0.99985,203.784814806908,214.572496336558
18,5,1e+05,92470,924.7,2.90779901005252,15.7622980391645,-7.82959502116843,-12.143332047987,95.0773721433138,0.99997,0.99992,0.0033684919323613,0.99998,112.283064412043,-19.3765761077684,-46.4022070305334,-22.1820047856803,0.99993,179.410410862605,198.786986970373
18,5,1e+05,92471,924.71,2.77431172891571,17.5724205821416,-5.94089279870028,-13.3019276742881,79.0253263290098,0.9999,0.99996,0.00212795218264108,0.99988,70.9317394213695,-19.2168102052005,-46.0196063870481,-22.9039215421393,0.99996,131.806305001062,151.023115206263
18,5,1e+05,92472,924.72,0.5668593074645,18.7528058402735,-3.67433751192607,-13.8321780101491,50.8240905343296,0.9991,1,0.000830471651229785,0.99872,27.6823883743262,-8.03432386111962,-19.2402598416013,-10.2273794447762,0.99978,67.064909965167,75.0992338262866
18,5,1e+05,92473,924.73,0.651364306571005,19.0739907782352,-1.24214338063522,-13.5276475268412,16.8032778310322,0.97433,0.99997,0.000331889974816468,0.99127,11.0629991605489,8.10550986875034,19.410733089578,9.25903870953644,0.99977,-3.83622686201761,-11.9417367307679
18,5,1e+05,92474,924.74,2.91757990942808,18.5342702712589,1.0836983089342,-12.3805362351157,13.4167661816935,0.95583,0.99993,0.00075947777103316,0.99847,25.3159257011053,19.2104203240777,46.0043041693028,22.328168840676,0.99994,-68.4162123547389,-87.6266326788166
18,5,1e+05,92475,924.75,3.0595187259134,17.3655413815939,3.07944163844257,-10.5860650016813,32.599169353437,0.9943,0.99986,0.00144596966675463,0.99967,48.1989888918211,20.436084467091,48.9394729523573,22.7306792408603,0.99995,-114.304260519759,-134.74034498685
18,5,1e+05,92476,924.76,1.30733696535655,15.9101544955,4.6392224830783,-8.43488690262795,39.1313169608943,0.99749,0.9997,0.00171977847193568,0.99981,57.3259490645227,12.6978193318104,30.4082020576769,13.4288597575,0.99988,-135.316937040336,-148.014756372147
18,5,1e+05,95596,955.96,0.514210541940499,15.3691190484539,0.155737710800073,-9.96825651097353,1.55243344968694,0.64763,0.99964,0.000341580022594636,0.99166,11.3860007531545,6.79657574473281,16.2761528688938,7.7809132659817,0.99966,-42.3622764827347,-49.1588522274675
19,5,1e+05,43116,431.16,1.01920006000492,13.9918342181632,-9.23065789366741,-10.9165619383282,100.767048627739,1,0.99987,0.00404281233522983,1,134.760411174328,-13.4009651034407,-35.0527027518889,-14.4697856328262,0.99991,206.395085113912,219.796050217352
19,5,1e+05,43117,431.17,2.01256670236246,16.1384056752527,-7.72668465862079,-12.428421027896,96.0304900871241,0.99999,0.99995,0.00341058472599225,0.99998,113.686157533075,-21.3395581498297,-55.8175611165929,-24.4122539788379,0.99999,178.728167572018,200.067725721848
19,5,1e+05,43118,431.18,1.49825225937028,17.9376428258099,-5.74301338104475,-13.562560973215,77.889969150409,0.99994,0.99998,0.00203126085613826,0.99991,67.7086952046087,-19.0864169596527,-49.924053612642,-23.4214568888299,0.99998,127.3255179588,146.411934918453
19,5,1e+05,43121,431.21,1.78309666482319,18.5887021348346,1.45221121102061,-12.3044124930936,17.8686057674926,0.97691,0.99997,0.000913971545804605,0.99921,30.4657181934868,21.9609060977779,57.4428115934658,24.7681389383068,1,-77.7909918274062,-99.7518979251841
19,5,1e+05,43122,431.22,1.89988274397267,17.3203766321228,3.43116553590987,-10.3920929728484,35.6569912544085,0.99615,0.99992,0.00161055329850781,0.99981,53.6851099502604,21.3163696553121,55.7569073204436,23.2537986343247,0.99997,-121.550042113037,-142.866411768349
19,5,1e+05,43123,431.23,0.62349646928611,15.8121296910033,4.95244404469685,-8.15776901443612,40.4008945735567,0.99776,0.99977,0.00180315230007818,0.99986,60.1050766692725,12.0763668080761,31.5879709243915,12.357058193815,0.99989,-139.209302183101,-151.285668991177
19,5,1e+05,74614,746.14,0.781451390186985,-13.737957972425,-8.38269733188966,10.1213525599795,84.8442350996545,0.99996,0.99982,0.00238086298950022,0.99995,79.3620996500073,13.367847658738,34.9660779501598,14.8330581225229,0.99992,-181.415200061159,-194.783047719897
19,5,1e+05,74615,746.15,1.21132108474371,-15.5918889498957,-6.81955633892323,11.3895262775765,77.6715161235799,0.99993,0.99991,0.00185090784333044,0.99988,61.6969281110148,17.3027713433214,45.2585986158286,20.3587232063196,0.99996,-149.398259816582,-166.701031159904
19,5,1e+05,74619,746.19,0.973538965859971,-17.0345202333707,1.74216304008526,10.6021756089931,18.4707184904811,0.97847,0.99988,0.000832125173665282,0.99894,27.7375057888427,-17.5530248937288,-45.9131830615999,-19.9326268665488,0.99995,82.7840367979477,100.337061691677
19,5,1e+05,74620,746.2,0.878137911682465,-15.8230283079848,3.49231598842016,8.855321241502,30.9255799542941,0.99343,0.99976,0.00123588853472997,0.99965,41.1962844909991,-15.5003253009517,-40.5439676275514,-17.0050126754481,0.99994,117.455454113521,132.955779414472
20,5,1e+05,435,4.35,0.730563270747045,-13.1556994777031,-9.86456867732999,9.80831330401445,96.75478019622,1,0.99972,0.00348978728368859,1,116.32624278962,12.4322912028423,29.58095970017,12.9740866782208,0.99983,-218.661290095794,-231.093581298636
20,5,1e+05,436,4.36,2.23931480761978,-15.4494173116914,-8.38651812659774,11.4684256864626,96.1801599030581,0.99999,0.99991,0.00325888272758695,0.99999,108.629424252899,23.4007538375489,55.6789368048165,25.978580548236,0.99997,-195.746117381544,-219.146871219093
20,5,1e+05,437,4.37,2.08009179615267,-17.4651739918759,-6.37902040124427,12.8152612611801,81.7488130323433,0.99993,0.99998,0.0021329324358195,0.99989,71.0977478606499,24.0328810312876,57.1829981832284,28.4393537779549,1,-146.265939834989,-170.298820866276
20,5,1e+05,440,4.4,1.78474641579538,-18.6390310541423,1.29654574335694,12.1212897369962,15.7158066124986,0.97115,0.99997,0.000865949181554663,0.99884,28.8649727184888,-23.1085970829401,-54.9837892215422,-26.9733524916567,0.99998,72.6729642678732,95.7815613508132
20,5,1e+05,441,4.41,2.0615633408907,-17.3476042447044,3.47709585263602,10.2405142725049,35.6072497057869,0.99684,0.99987,0.00163204310261268,0.99974,54.4014367537559,-24.9414812507624,-59.3448898279242,-27.8198275899416,0.99999,123.839655202432,148.781136453194
20,5,1e+05,442,4.42,0.773878479825197,-15.7414308262051,5.15659401222523,7.98003167684401,41.1497835621815,0.99819,0.9996,0.00183902792804193,0.99981,61.300930934731,-15.6016693197009,-37.122067354402,-16.2830787751971,0.99988,147.202223333534,162.803892653234
20,5,1e+05,15672,156.72,0.96220108104232,-14.1204480726015,-8.33279489859684,10.4158716522461,86.793322168276,0.99997,0.99975,0.00265228299909244,0.99996,88.4094333030812,14.9336142857983,35.5325205272771,16.7972949846508,0.9999,-183.516125550487,-198.449739836285
20,5,1e+05,15673,156.73,1.36867769454231,-15.9947490260422,-6.67699886491163,11.6885723764791,78.0445844901885,0.99992,0.99989,0.00198065361236035,0.99985,66.0217870786784,18.3629852302035,43.6922460395135,21.7541441024089,0.99995,-147.658985807885,-166.021971038089
20,5,1e+05,15674,156.74,0.548255057838326,-17.4059477289319,-4.61734449799675,12.4927815403383,57.6834761099562,0.99959,0.99995,0.000974425553574827,0.99912,32.4808517858276,12.4469158345676,29.6157570383787,15.6951660720001,0.99986,-92.4497207360825,-104.89663657065
20,5,1e+05,15676,156.76,0.550949659959507,-17.9359870278237,0.0253431931141596,11.8941527140421,0.301435809161275,0.32461,0.99992,0.00044554539031973,0.99545,14.8515130106577,-14.0207134017941,-33.3603960315282,-16.0060481420976,0.99987,38.641132819223,52.6618462210171
20,5,1e+05,15677,156.77,1.10471693128247,-17.0694634861079,2.13137305504162,10.4971847435429,22.3734167161812,0.98744,0.99986,0.00101659211187695,0.99922,33.8864037292316,-19.5139504869598,-46.4308125934098,-22.0706254444641,0.99996,91.6773632025906,111.19131368955
20,5,1e+05,15678,156.78,0.704713975977555,-15.76810694242,3.85858316591703,8.64095585571961,33.3418468023119,0.99577,0.99961,0.00141660109081072,0.99962,47.2200363603573,-15.5738119068694,-37.0557843987604,-17.0100886644453,0.99991,124.175801694974,139.749613601843
20,5,1e+05,30339,303.39,0.515421395348113,-14.0848845701222,-6.7001207136158,10.189009791155,68.2675955529519,0.99982,0.99963,0.00152869295086394,0.99969,50.9564316954648,10.9887431639331,26.1462318879329,12.8794019327284,0.99982,-135.888573063491,-146.877316227424
20,5,1e+05,60929,609.29,0.968700075328475,-14.4226147971713,-7.83187379758687,10.5964383978491,82.9899682358579,0.99994,0.99979,0.00238181585579728,0.99994,79.3938618599092,15.4625260838994,36.7909947963642,17.2738730476065,0.99992,-171.363070595283,-186.825596679182
20,5,1e+05,60930,609.3,1.09951746905333,-16.1483188389547,-6.12264473200853,11.7316114908461,71.8284892923993,0.99987,0.99988,0.00163960342694288,0.99975,54.6534475647627,16.6134090099769,39.5293654555174,19.4850353113922,0.99993,-132.12957399323,-148.742983003207
20,5,1e+05,60934,609.34,0.883082531661604,-16.5941777664225,2.40413456084409,9.98332016163278,24.001245032553,0.98944,0.99978,0.00105144471691917,0.99927,35.0481572306389,-17.7772495949322,-42.298567115877,-20.0014313271055,0.99994,96.9885981208992,114.765847715831
20,5,1e+05,60935,609.35,0.505647893730974,-15.2959883130475,4.00157977602973,8.13618968283697,32.5576120887822,0.99537,0.99946,0.00134801407676585,0.99958,44.9338025588618,-13.0254608069368,-30.9923267497187,-14.1282312813295,0.99984,123.666866073555,136.692326880492
1,4.8,63096,10989,109.89,0.563704750413834,13.6805576051818,-7.65706772826659,-10.4738285262016,80.1988143993762,0.999904906808673,0.999587929504247,0.0035511950559075,0.99987320907823,74.6887344158466,-9.59729688098238,-23.0489224350675,-11.3850707179143,0.999762267021681,156.45298761659,166.050284497572
1,4.8,63096,10990,109.9,0.725273165205828,15.2545750596974,-6.28927216828032,-11.5077123944465,72.3751352829671,0.999762267021681,0.99974641815646,0.00270568286603995,0.999714720426018,56.9059220385522,-11.8963131810829,-28.570252975855,-14.482700855262,0.999904906808673,128.877167061377,140.773480242459
1,4.8,63096,10995,109.95,0.549912016305555,15.6914302469876,2.58264886511544,-9.26363117932252,23.9247065521254,0.985561683783441,0.999524534043363,0.00143019414563518,0.998969823760619,30.0798432709991,11.527199131849,27.6837865889138,12.9742612598935,0.999841511347788,-96.1140883066924,-107.641287438541
1,4.8,63096,11828,118.28,0.524561248893793,14.8882335203365,-6.13640936850838,-11.1915577998064,68.6759801309347,0.99974641815646,0.999698871560796,0.0024451380076726,0.999683022695575,51.4261425773702,-10.6018818330074,-25.4615393339509,-12.6348847672485,0.999825662482566,121.989151656757,132.591033489765
1,4.8,63096,14178,141.78,0.707034025168355,13.3992186884438,-8.85085184119121,-10.4057325484345,92.0995970852547,1,0.999635476099911,0.00486684169115525,1,102.359414448377,-10.0473480221157,-24.1297677993857,-11.3693819295641,0.99974641815646,188.251022294101,198.298370316217
1,4.8,63096,14179,141.79,1.55830314101972,15.3427840837258,-7.50255933740264,-11.7645195847062,88.2640062602935,0.999984151134779,0.999841511347788,0.00418864390174442,0.999968302269557,88.0955585414886,-16.148682037565,-38.7827660567591,-18.8154176369599,0.999968302269557,165.966487677252,182.115169714817
1,4.8,63096,14180,141.8,1.37587689060976,16.9998795930551,-5.74023402856396,-12.80748452221,73.5179584746959,0.999793964752124,0.999968302269557,0.00267847005177285,0.999698871560796,56.3335821288866,-15.6352633280774,-37.5497367821161,-19.1334218153839,0.999984151134779,122.625193258566,138.260456586643
1,4.8,63096,14183,141.83,0.940601950082825,17.9735586902178,0.765225385862378,-11.9985468875319,9.18159267179945,0.921770001267909,0.999936604539115,0.000935568462104155,0.99708380879929,19.6768758949746,16.3325080517645,39.2242436514794,18.6283678023883,0.999952453404336,-59.3173830962612,-75.6498911480258
1,4.8,63096,14184,141.84,1.40327996259533,16.9463767621483,2.64889563849977,-10.3834163726139,27.5045863421442,0.989175225053886,0.999730569291239,0.00175264308690156,0.999445289717256,36.8615894037136,17.5869575092651,42.2369365589936,19.6954474565018,1,-102.757170315233,-120.344127824498
1,4.8,63096,14185,141.85,0.735697903037366,15.6252412100071,4.15051281497784,-8.41989132029828,34.9468668256187,0.995007607455306,0.99949283631292,0.00216018553913223,0.999587929504247,45.433022259029,11.689723993052,28.0741072141995,12.5912951384827,0.999809813617345,-124.490456105731,-136.180180098783
1,4.8,63096,33918,339.18,0.563695189910994,13.4936740553928,-8.05160529764576,-10.38036994541,83.5786416439863,0.999952453404336,0.999572080639026,0.00390992575922033,0.999920755673894,82.2335585679219,-9.23847930659363,-22.1871841203121,-10.9421186736792,0.999698871560796,166.18758630126,175.426065607853
1,4.8,63096,33919,339.19,0.928060608976387,15.1803945173183,-6.71123331490041,-11.5171382561046,77.2942019566828,0.99987320907823,0.999762267021681,0.00314151328884166,0.999793964752124,66.0723074909177,-12.9858593830686,-31.1869132928609,-15.3689784243803,0.999936604539115,141.072949991808,154.058809374877
1,4.8,63096,33920,339.2,0.586599848098702,16.5442413233567,-5.02983872243424,-12.3125699976989,61.9302413471078,0.99961962723469,0.999889057943451,0.00188141860444883,0.999524534043363,39.5699960887678,-10.7653414172601,-25.8541047953962,-13.1918027924663,0.999857360213009,99.3572861522204,110.12262756948
1,4.8,63096,33923,339.23,0.540055399530051,17.0435184910942,0.831185291554425,-11.1693578214765,9.28380593731964,0.922816026372512,0.999793964752124,0.000869491186314927,0.996719284899201,18.2871386305756,12.9226854940809,31.0351945239976,14.6036919201166,0.999920755673894,-60.7619542923745,-73.6846397864555
1,4.8,63096,33924,339.24,0.682485328651243,16.0920546970814,2.49135152338891,-9.67138250648868,24.0948135408174,0.985736021300875,0.999603778369469,0.00147889186649017,0.999080765817168,31.1040537360212,13.0073566529316,31.2385412576704,14.4146842900837,0.999889057943451,-96.4261248379787,-109.43348149091
2,4.8,63096,18204,182.04,0.584411275602303,-12.8935013706193,-7.17699110341805,9.32266632179062,66.9086932516264,0.999698871560796,0.999350196525929,0.00231912205349136,0.999587929504247,48.7757750290303,8.29528768056863,19.6942938997245,9.55058234737353,0.999635476099911,-139.599376423578,-147.894664104146
2,4.8,63096,18205,182.05,0.758336096428922,-14.277429351301,-5.85693438128264,10.2182749736645,59.8477660106555,0.99961962723469,0.999556231773805,0.00173852432786238,0.999397743121592,36.5646436636016,9.67273852193092,22.9645749010402,11.3581519415733,0.999730569291239,-113.255462614576,-122.928201136507
2,4.8,63096,18209,182.09,0.75296853441538,-15.4029140131618,0.929078349922509,9.48947315645782,8.81646406183578,0.917047039431977,0.999524534043363,0.000785233075840604,0.996434005325219,16.5150220510796,-9.98702650729035,-23.7107431101693,-11.3963506001211,0.99974641815646,59.5459227562435,69.5329492635339
2,4.8,63096,18210,182.1,0.69259127301492,-14.5398265482735,2.37631463249192,8.19163079314588,19.465892117724,0.982011537973881,0.999128312412831,0.00118802833239079,0.998510206669203,24.9866118868431,-9.36380212796647,-22.2311121962675,-10.5230840672266,0.999667173830354,88.0306189279405,97.394421055907
2,4.8,63096,34735,347.35,0.581599400079935,7.70061638036092,-11.3662872495361,-6.18846358122863,70.3398546975377,0.999762267021681,0.997701914542919,0.00373499849233464,0.99987320907823,78.5544882907821,8.38121396241277,19.8982961614318,6.96247422769949,0.999445289717256,162.411945520432,154.03073155802
2,4.8,63096,34736,347.36,0.515906348910969,9.39831027962081,-11.0419470491577,-7.48726299548289,82.6739615392403,0.999904906808673,0.998843032838849,0.00493101679098147,0.999952453404336,103.709145147922,6.55201361352948,15.5554920707705,5.67943075834938,0.999255103334601,189.662249026278,183.110235412749
2,4.8,63096,34738,347.38,1.18620541387505,13.5348484862323,-9.50175149283471,-10.5861529504874,100.586994600671,1,0.99974641815646,0.00666686487874178,1,140.217502129697,-11.2427698427611,-26.6920716986054,-12.369503751607,0.999778115886902,209.109084718672,220.351854561433
2,4.8,63096,34739,347.39,3.34873605127609,15.7184504853356,-8.09754389723777,-12.1445696589886,98.3411859267221,0.999984151134779,0.999904906808673,0.00595358059788012,0.999968302269557,125.215707134615,-20.4925228806819,-48.6524137438128,-23.4622201008174,0.999952453404336,186.806086548088,207.298609428769
2,4.8,63096,34740,347.4,3.30340511740604,17.6263809676304,-6.20597351810858,-13.389274324863,83.0934818867908,0.999920755673894,0.999968302269557,0.00387409819429832,0.999889057943451,81.4800332224823,-20.6774188954212,-49.091385434173,-25.0919567371204,0.999984151134779,140.175327936215,160.852746831636
2,4.8,63096,34741,347.41,0.728217600162292,18.911200122589,-3.90592473509981,-14.0094650188825,54.7199159427689,0.999461138582478,1,0.00155712589623874,0.999191707873716,32.7494718496931,-9.44343620810602,-22.4201757994957,-12.3952228975966,0.999793964752124,74.7090250450128,84.1524612531188
2,4.8,63096,34743,347.43,2.7116907593578,18.8121942143465,0.995006578408778,-12.6516925449693,12.5885173102498,0.951423228096868,0.999952453404336,0.00122650962961626,0.998636997590972,25.7959505300892,20.7380767974699,49.2353966603401,23.8518968483819,0.999968302269557,-65.5786759539234,-86.3167527513933
2,4.8,63096,34744,347.44,3.5559790047201,17.6355689250477,3.06775991299836,-10.8397691226056,33.253809180487,0.995498922277165,0.99987320907823,0.00244004419684995,0.99961962723469,51.3190095481482,22.6139147397151,53.6889255993509,25.1372847111685,1,-114.486946938291,-137.100861678006
2,4.8,63096,34745,347.45,1.67522252839531,16.1434423888166,4.68899483395078,-8.64127775565862,40.5189067550171,0.99809813617345,0.999603778369469,0.00295841759747372,0.999730569291239,62.2214389100673,14.3825061296716,34.1462904771647,15.2319612326756,0.999904906808673,-137.91041933837,-152.292925468041
2,4.8,63096,41418,414.18,1.19866890893417,14.1684409617874,-7.82090266284426,-10.8803789256449,85.094384512331,0.999936604539115,0.999714720426018,0.00450888912050588,0.999920755673894,94.8309559824798,-11.6094139500527,-27.5625414259564,-13.6315320457011,0.999841511347788,165.797080589386,177.406494539439
2,4.8,63096,41419,414.19,1.59351234917339,15.8415145375327,-6.33297622162813,-11.9815749956989,75.8790295454152,0.99987320907823,0.999857360213009,0.00333244155734293,0.999809813617345,70.0879108340364,-14.2944404846395,-33.9372090368916,-17.1420374665639,0.999936604539115,133.873822471831,148.16826295647
2,4.8,63096,41420,414.2,0.783219416179221,17.1063804618562,-4.50578047819208,-12.6631836913654,57.0575258683146,0.999524534043363,0.999920755673894,0.00174502749065019,0.999429440852035,36.7014181833549,-10.0222476524993,-23.7943635476925,-12.5466314291947,0.999809813617345,85.6837665514939,95.7060142039932
2,4.8,63096,41422,414.22,0.683915169287045,17.6844052832248,-0.392270160405643,-12.1170740353304,4.75316657548611,0.835171801698998,0.999889057943451,0.000574540082706749,0.992836312919995,12.0837270194883,9.83488551667879,23.3495369050707,11.2754753630229,0.999714720426018,-29.3364608932447,-39.1713464099234
2,4.8,63096,41423,414.23,1.54006071223742,16.9934032765658,1.50945699314485,-10.8789203780845,16.4212624425657,0.974039558767592,0.999825662482566,0.00125593370809014,0.998668695321415,26.4147977485517,14.6799297560091,34.8524200938064,16.8437590845489,0.999920755673894,-76.9644023469312,-91.6443321029404
2,4.8,63096,41424,414.24,1.25098589582045,15.8933322499171,3.10813953114442,-9.20583493291176,28.6130194721733,0.992376695828579,0.999587929504247,0.00191525774585304,0.999461138582478,40.281700910781,12.5760430944835,29.8574682802781,14.1082109484401,0.999857360213009,-107.718798845035,-120.294841939518
2,4.8,63096,45679,456.79,0.728578102238058,-13.0181264031587,-7.87066815518241,9.50237210316509,74.7900175110752,0.999857360213009,0.99949283631292,0.00298485836092837,0.99974641815646,62.7775410470455,9.17706067967973,21.7877591616966,10.333320293101,0.999651324965133,-160.416015932508,-169.593076612188
2,4.8,63096,45680,456.8,1.23604567926614,-14.6320754658481,-6.49757522882156,10.589806961553,68.8080673913889,0.99974641815646,0.999651324965133,0.00236527833804659,0.999603778369469,49.7465340057958,12.4573421256771,29.5756538507036,14.4953528495744,0.999889057943451,-133.887777938453,-146.34512006413
2,4.8,63096,45681,456.81,0.881388906064233,-15.9112645766986,-4.79951918944503,11.3332107946146,54.3939626867786,0.999429440852035,0.999778115886902,0.00136020258886455,0.998922277164955,28.6077808489992,10.0416696177813,23.8404742923832,12.2617974710983,0.999762267021681,-91.667627242553,-101.709296860334
2,4.8,63096,45684,456.84,1.16667851821426,-16.2333383630881,0.999833932028834,10.1676220588138,10.1659335424469,0.931089134018004,0.999635476099911,0.000902188861589895,0.997495879295042,18.9748361369587,-12.4360100769882,-29.5250082730527,-14.2002413686872,0.99987320907823,62.9476282172126,75.3836382942008
2,4.8,63096,45685,456.85,1.10786373153437,-15.276474912196,2.62343037151956,8.73706041190242,22.921069642386,0.986877139596805,0.999445289717256,0.00144126053133202,0.999017370356282,30.312591494975,-11.8498518382253,-28.1333781005414,-13.4509415755003,0.999825662482566,96.8888015670497,108.738653405275
2,4.8,63096,61787,617.87,0.516460722774539,13.6782631957118,-6.81409967719685,-10.3478244189042,70.5111070325445,0.999778115886902,0.999540382908584,0.00301674455720682,0.999778115886902,63.4481715271738,-7.67897434069803,-18.2310708606773,-9.45305190580186,0.99961962723469,133.078047817736,140.757022158434
2,4.8,63096,61788,617.88,0.634754956653393,14.9779187969197,-5.4799438498422,-11.1463098708478,61.081152225188,0.999635476099911,0.999698871560796,0.00212066102522854,0.999540382908584,44.6017426826067,-8.71290448712934,-20.6857806862692,-10.7104843901754,0.999683022695575,103.794926377231,112.50783086436
2,4.8,63096,61792,617.92,0.651071361029175,15.7016709827706,1.08416663082247,-9.906812503502,10.7406355341117,0.936255864080132,0.999572080639026,0.000888103022480885,0.997416634968936,18.678582768818,9.61817145121218,22.8350242489875,10.8038382573154,0.999698871560796,-64.2167240022754,-73.8348954534876
2,4.8,63096,61793,617.93,0.566730424132112,14.8208820488532,2.43516141136115,-8.5328174000679,20.7787876628364,0.983992646126537,0.999302649930265,0.0013118848963536,0.998779637377964,27.5915631401089,8.46027245415087,20.0859932289134,9.44009643454785,0.999603778369469,-88.6901149903088,-97.1503874444597
3,4.8,63096,2653,26.53,0.589814146310659,-13.8284351469627,-8.08437429229297,10.1594492517312,82.1327903545505,0.999857360213009,0.999476987447699,0.00321223322084898,0.999793964752124,67.5596891008957,12.4533653241315,20.2203861140581,14.9834932103362,0.999714720426018,-173.374109598355,-185.827474922486
3,4.8,63096,2654,26.54,0.616181929627593,-15.5891480912748,-6.51150761183748,11.3451137155415,73.8737943159105,0.999762267021681,0.999698871560796,0.00241894677981409,0.999603778369469,50.87528867305,15.547398607097,25.2441323868891,19.1663421720772,0.999793964752124,-140.036965818895,-155.584364425992
3,4.8,63096,2658,26.58,0.730222175429388,-16.7236369931114,1.82001538674004,10.3071849321143,18.7592351704231,0.978382147838215,0.999587929504247,0.0012258029933629,0.998636997590972,25.7810885564086,-17.1027746857813,-27.7695786453895,-19.6980185486455,0.999809813617345,82.9428427775712,100.045617463352
3,4.8,63096,20968,209.68,1.44431027471033,-14.9246242874004,-9.17338461677083,11.1365297890931,102.159671051477,0.999952453404336,0.99974641815646,0.00514395171496914,0.999952453404336,108.187592469231,21.5079316772562,34.9221814111705,24.5982563564668,0.999857360213009,-215.63236723709,-237.140298914346
3,4.8,63096,20969,209.69,2.08783473523619,-17.1873133886851,-7.26816120591045,12.7132468082443,92.401927252846,0.999889057943451,0.99987320907823,0.00386055125933565,0.99987320907823,81.1951140863473,27.2371395042489,44.2246302974161,33.067598375717,0.999920755673894,-172.123826246822,-199.360965751071
3,4.8,63096,20970,209.7,0.798643529992176,-18.8828043273341,-4.83406716354148,13.7156918852611,66.3025757677929,0.999635476099911,0.999904906808673,0.00178985782078692,0.999397743121592,37.6442896867905,17.7999250091051,28.9015336109948,23.0774481278967,0.999841511347788,-104.125160626683,-121.925085635788
3,4.8,63096,20972,209.72,1.28247445266981,-19.3078948444813,0.672338819328536,12.8699649368958,8.65297703047218,0.915763281349055,0.999889057943451,0.00101510501075243,0.997812856599468,21.349688586145,-22.0682582411575,-35.8319772115148,-25.9689694994949,0.99987320907823,55.9900918355524,78.0583500767099
3,4.8,63096,20973,209.73,2.39062708610811,-18.1129560801522,3.08459599214413,11.0727134791375,34.1548476199078,0.994864967668315,0.999825662482566,0.00224605868281164,0.999556231773805,47.2391062168945,-28.6491279654402,-46.5172597297639,-32.7216417322708,0.999904906808673,116.919911074081,145.569039039521
3,4.8,63096,20974,209.74,1.07311700410347,-16.4674796032558,4.97846578300609,8.77098556760907,43.666051531582,0.998177380499556,0.99949283631292,0.00282643837238281,0.999651324965133,59.4456518479552,-20.5388935377565,-33.3487653240375,-22.2756974150298,0.999825662482566,150.003546313015,170.542439850772
3,4.8,63096,45053,450.53,0.500610387713391,-13.3630987672317,-7.95120716302824,9.78055933013331,77.7672534041787,0.999825662482566,0.99936604539115,0.0028642361995215,0.999714720426018,60.2406157483362,10.1048415008218,16.4071149805624,12.5852485939349,0.999603778369469,-165.248246458681,-175.353087959502
3,4.8,63096,45058,450.58,0.501935095565563,-16.4400911379183,1.3469227275931,10.226965549781,13.7749323333117,0.957414099150501,0.999508685178141,0.000986208940797888,0.997575123621149,20.7419464428612,-14.067892538242,-22.841875391154,-16.257576897161,0.999762267021681,71.6019365441284,85.6698290823705
3,4.8,63096,48637,486.37,0.866062378075034,-7.3490416064464,-13.4718923236144,5.46865890251645,73.6731838892769,0.99974641815646,0.998573602130088,0.00301971997795733,0.99974641815646,63.5107505763985,-17.4862341027354,-28.3921972924839,-15.1726743899524,0.999730569291239,-205.515038395275,-188.02880429254
3,4.8,63096,48638,486.38,0.645587198231182,-9.48397931517287,-13.107173028138,7.13372399809514,93.5029547780133,0.999904906808673,0.999223405604159,0.00479515151959058,0.999920755673894,100.851626760029,-14.0352094779148,-22.7888082818221,-13.2507432056738,0.999651324965133,-250.363956188929,-236.328746711014
3,4.8,63096,48640,486.4,2.43297038748181,-15.0516520706756,-11.0684072556144,11.4056549228388,126.242433702983,1,0.999857360213009,0.00832555702061439,1,175.103115257562,27.611325477861,44.8321917611627,29.4129786860336,0.999889057943451,-277.355043355608,-304.966368833469
3,4.8,63096,48641,486.41,5.24048206446192,-18.0695158303456,-9.03145665692285,13.6213261038587,123.020416316812,0.999984151134779,0.999952453404336,0.00723767104525206,0.999984151134779,152.222697423741,44.3377097400495,71.9906296027141,52.4528434228442,0.999984151134779,-234.525189798434,-278.862899538483
3,4.8,63096,48642,486.42,4.05516085530782,-20.5642124944157,-6.1974289718265,15.2795150606526,94.6937093123476,0.999920755673894,0.999984151134779,0.00375041097862898,0.999857360213009,78.8786437025246,36.036920862058,58.5127341266193,46.5599706754605,0.999968302269557,-153.617835956457,-189.654756818515
3,4.8,63096,48644,486.44,3.06637680873493,-21.6534700435269,0.740296409992596,14.8427104704966,10.9880052758681,0.937492075567389,0.999968302269557,0.00128384787607631,0.998843032838849,27.0018885296368,-32.4821929795385,-52.7409633285949,-39.5624919026307,0.999952453404336,55.8058288827865,88.288021862325
3,4.8,63096,48645,486.45,6.32492136982191,-20.1450487934852,3.82076880226753,12.6271150754794,48.2452873430338,0.998922277164955,0.999920755673894,0.00353565247687153,0.999841511347788,74.361842893562,-47.6326101983486,-77.3405215989837,-55.2664418119843,1,139.25174919693,186.884359395279
3,4.8,63096,48646,486.46,3.91456584538169,-18.0081617918743,6.16227466773967,9.69602586452031,59.7495745626821,0.999556231773805,0.999809813617345,0.00453196450625852,0.999904906808673,95.3162774956292,-35.5116547047842,-57.6598655054649,-37.5288800382509,0.999936604539115,183.981731324353,219.493386029137
4,4.8,63096,53572,535.72,0.51633084686645,-11.8981601917435,-8.19267597888238,8.66754163882196,71.0103601803395,1,0.999429440852035,0.00270556518290436,1,56.9034469268445,6.27064405551593,19.826478791882,6.71198741662946,0.999793964752124,-157.514180473939,-163.784824529455
4,4.8,63096,53573,535.73,1.30846595377514,-13.4981898671836,-7.05539455472625,9.77782150803462,68.9863886248727,0.999984151134779,0.999889057943451,0.00242097374447414,0.999936604539115,50.91791979378,10.2177735078269,32.3064852604709,11.4575612943144,0.999968302269557,-141.366512946017,-151.584286453844
4,4.8,63096,53574,535.74,1.31192895006794,-14.8899866845,-5.6031426260542,10.6595509083803,59.7269840693407,0.999904906808673,0.999952453404336,0.00167963908766164,0.999603778369469,35.3261692916996,10.415630894842,32.9320693715673,12.2317274576764,0.999984151134779,-109.964312102098,-120.37994299694
4,4.8,63096,53577,535.77,0.661253822577485,-16.1606434566319,-0.169098595730459,10.4719936275149,1.77079941691108,0.659075060225688,0.999968302269557,0.000513772235080109,0.992281602637251,10.8056576482048,-8.7555952725542,-27.6833802787608,-9.70331366334411,0.999936604539115,33.8283596851611,42.5839549577153
4,4.8,63096,53578,535.78,1.22423778614028,-15.495319221135,1.52137107351489,9.35784031728388,14.2367475692871,0.958571066311652,0.999904906808673,0.0010017958271317,0.998320020286548,21.069769836234,-11.4842092576622,-36.3106930121936,-12.6890114921747,1,73.7575356818204,85.2417449394827
4,4.8,63096,53579,535.79,0.869478790470528,-14.499318732594,2.94664362149083,7.90324717403711,23.2880528744419,0.986132242931406,0.999397743121592,0.00138254860012061,0.999191707873716,29.0777621577367,-9.48354898806004,-29.9850192769515,-10.2073353819908,0.999952453404336,99.115007198275,108.598556186335
5,4.8,63096,37510,375.1,0.61491467314715,12.7417578956015,-8.45032722999332,-9.84158884761612,83.1646462254091,1,0.999762267021681,0.00436516398973639,1,91.8081290321358,-6.89272356846439,-19.3667508560478,-7.85243025733746,0.999809813617345,170.016513634469,176.909237202934
5,4.8,63096,37511,375.11,1.22888045745858,14.4775794375842,-7.26307244788443,-11.0451955202877,80.2220552648981,0.999984151134779,0.999936604539115,0.00382620927635398,0.999968302269557,80.4728335002768,-12.1366292050507,-34.1007544712571,-13.9870065540785,0.999968302269557,151.916731900509,164.05336110556
5,4.8,63096,37512,375.12,1.24520333108798,15.98508795432,-5.72592978243498,-11.9925848979351,68.6686990354667,0.999920755673894,0.999968302269557,0.00260193684526816,0.999889057943451,54.7239357296799,-12.6652571811097,-35.5860608535864,-15.1286027014402,0.999984151134779,116.595691048925,129.260948230035
5,4.8,63096,37516,375.16,0.940137289415955,16.4685186882879,1.81311206330787,-10.2954993331713,18.6668940387509,0.979982883225561,0.999889057943451,0.00133027121872309,0.998795486243185,27.9782642721841,14.0403765787732,39.4497867824359,15.5439745836557,1,-82.4490833225276,-96.4894599013008
5,4.8,63096,37517,375.17,0.709225775860878,15.3634540972569,3.27436428283337,-8.62544315585846,28.2428429931525,0.990839355902117,0.999667173830354,0.0018288717012707,0.999556231773805,38.4648296211254,10.9131603310131,30.6631268588539,11.7923353820353,0.999904906808673,-107.279338708414,-118.192499039427
5,4.8,63096,53931,539.31,0.743546342578352,-13.4890921276952,-6.86706901686014,9.74619864050121,66.9278187163503,0.999904906808673,0.999714720426018,0.00227290580262738,0.999809813617345,47.8037548408591,9.89813717555512,27.8111772093986,11.1582369238165,0.999889057943451,-135.946666244104,-145.844803419659
5,4.8,63096,53932,539.32,0.722996794771158,-14.8197456485325,-5.42448914235647,10.5758749505575,57.3687188402189,0.999651324965133,0.999857360213009,0.00155378228517444,0.999381894256371,32.6791490217888,10.1011462988514,28.38157976121,11.8096733850499,0.999920755673894,-104.0511196803,-114.152265979152
6,4.8,63096,8592,85.92,0.627340221726065,8.270456452591,-11.9927622449938,-6.67102903072044,80.0040650948816,0.999841511347788,0.99860529986053,0.00451755142416967,0.99987320907823,95.0131415531364,11.3983855665894,23.3718454704598,9.77296348143247,0.99974641815646,188.979807634846,177.581422068257
6,4.8,63096,8595,85.95,1.87083807831638,15.0081794380484,-9.62200872941523,-11.7646164470088,113.19924215134,1,0.999841511347788,0.00793999976603798,1,166.994075079311,-20.2027508762724,-41.4247762369493,-22.0345187140663,0.999857360213009,228.956888050992,249.159638927265
6,4.8,63096,8596,85.96,3.24140534453266,17.4241483328019,-7.84125727632125,-13.4712840403613,105.631804002873,0.999936604539115,0.999904906808673,0.00635486390744273,0.999920755673894,133.655497701335,-29.1079592838616,-59.6844809616676,-33.979308835313,0.999984151134779,191.112859697717,220.220818981579
6,4.8,63096,8597,85.97,1.81570853213062,19.3562719148994,-5.48785552260494,-14.6673415447571,80.492251298328,0.999857360213009,0.999968302269557,0.00329805931227891,0.999778115886902,69.36478345585,-22.381227902802,-45.8916393841511,-28.0383046075574,0.999904906808673,125.734102630625,148.115330533427
6,4.8,63096,8599,85.99,1.25551949701872,20.2749120470024,0.0940120028506421,-14.1850958987313,1.33356927606816,0.62614111829593,0.999936604539115,0.000923640362014478,0.997622670216813,19.4260040938885,20.4070778326975,41.8437389069799,23.9230547572738,0.99987320907823,-40.4083064262668,-60.8153842589643
6,4.8,63096,8600,86,3.139741641742,19.1991568661863,2.63458214120133,-12.4312110254026,32.7510465610308,0.995229491568404,0.99987320907823,0.00250940398796714,0.999667173830354,52.7777846749248,30.2866095410708,62.1012470479068,34.8486438248569,1,-108.542070347284,-138.828679888355
6,4.8,63096,8601,86.01,1.9043526302272,17.5688315699122,4.66456077878057,-10.0604599448992,46.9276268754697,0.999001521491061,0.999809813617345,0.00364805094587611,0.999825662482566,76.7258074936663,24.2077213959936,49.6367770991626,26.3507965898854,0.999889057943451,-148.395729904839,-172.603451300832
6,4.8,63096,14963,149.63,0.565396823669065,7.85151027609422,-11.9151544746646,-6.3393324180305,75.5341250270823,0.999825662482566,0.998193229364778,0.00406247300097386,0.999857360213009,85.4419321564822,10.8996709687416,22.3492549951099,9.1237045388273,0.999714720426018,177.596156809002,166.696485840261
6,4.8,63096,14966,149.66,1.23297520565392,14.2756786480619,-9.84974235413988,-11.2085248194082,110.401081641153,0.999984151134779,0.999793964752124,0.00764680782816374,0.999984151134779,160.82766224194,-15.3373799463236,-31.4485654071856,-16.8206003855384,0.999841511347788,228.585541747248,243.922921693572
6,4.8,63096,14967,149.67,2.77116464057996,16.6828095425024,-8.24904831151473,-12.9327223818629,106.682651727395,0.999952453404336,0.999857360213009,0.00662233670248798,0.999936604539115,139.280985526727,-26.3266253645755,-53.9814885349292,-30.5209642212323,0.999952453404336,199.224718503712,225.551343868288
6,4.8,63096,14968,149.68,2.22691736665203,18.7282414711487,-6.08335547035273,-14.2577912069562,86.7352121339843,0.99987320907823,0.999920755673894,0.0039410352648864,0.999841511347788,82.8878536910907,-24.493603638114,-50.2229649892416,-30.2787163251966,0.999936604539115,141.638276552762,166.131880190876
6,4.8,63096,14970,149.7,0.529559173871313,20.1892969867639,-0.694935958838561,-14.325522591428,9.95532077793746,0.928600862178268,0.999952453404336,0.000669481705047039,0.9949283631292,14.0805392205493,13.9350910604387,28.5732389888625,16.1899463096942,0.999825662482566,-18.193514509005,-32.1286055694436
6,4.8,63096,14971,149.71,2.5095340363321,19.3769345710722,1.89283373796966,-12.8501909471873,24.3232749641885,0.988747305692912,0.999889057943451,0.00192790293722324,0.999476987447699,40.5476545756793,27.5298876324037,56.4487203740195,31.9256942641658,0.999968302269557,-89.9851181143901,-117.515005746794
6,4.8,63096,14972,149.72,2.21207955771436,17.899152250239,4.03279807071921,-10.6702888203735,43.0311201688191,0.998415113477875,0.999825662482566,0.00329270162198317,0.999762267021681,69.25210051355,25.9135923550519,53.1345840661878,28.4953752104271,0.999920755673894,-137.353307925383,-163.266900280434
6,4.8,63096,14973,149.73,0.70575594041443,16.2036128516624,5.63289734381405,-8.16272001674809,45.9797639006381,0.998874730569291,0.999667173830354,0.00345251353935528,0.999809813617345,72.6132647597203,13.3796708805623,27.4343764245625,13.7954642350479,0.999809813617345,-153.327839507848,-166.70751038841
7,4.8,63096,5141,51.41,0.567531091956403,-13.092195273666,-7.31659193111335,9.49447572156493,69.4672044545536,0.999778115886902,0.999381894256371,0.0024163350573123,0.999587929504247,50.8203589253923,8.86379968416549,21.4256884057734,10.5375206112498,0.999714720426018,-145.06393752616,-153.927737210326
7,4.8,63096,5142,51.42,0.742307684857251,-14.5359853152811,-5.94699151196978,10.4345083425992,62.0539325450153,0.99961962723469,0.999603778369469,0.00180403556714752,0.999255103334601,37.9424760482466,10.5119761273147,25.4096812944817,12.5160389893554,0.999778115886902,-117.368614448312,-127.880590575627
7,4.8,63096,5146,51.46,0.961936922943587,-15.6346932926126,1.10763766130134,9.62382872394646,10.6597151405567,0.931184227209332,0.999508685178141,0.00084897423517335,0.997353239508051,17.8556261141659,-11.04805130646,-26.7054889796392,-12.4096569439763,0.999762267021681,64.3832914746659,75.4313427811259
7,4.8,63096,5147,51.47,0.783636197667304,-14.7114433188375,2.59195370415653,8.25029061197381,21.3843713120734,0.98415113477875,0.999033219221504,0.00126869018082234,0.998589450995309,26.6830918830554,-10.2604548732977,-24.8017009465478,-11.3146459267866,0.999730569291239,93.1494402764806,103.409895149778
7,4.8,63096,40304,403.04,0.646666747839882,12.696611157698,-9.91275334757905,-9.9692933782615,98.8231463083593,0.999984151134779,0.99961962723469,0.00634912921950754,1,133.534885744682,-6.75659543460975,-16.3321277131783,-7.28857787273645,0.999524534043363,211.53133033916,218.28792577377
7,4.8,63096,40305,403.05,2.63829170395507,14.9023896789365,-8.68914807606088,-11.5726153104371,100.556168059677,1,0.999809813617345,0.00618396368517992,0.999984151134779,130.061124226704,-17.3649729742018,-41.9748317174378,-19.4378251905763,0.999952453404336,198.667511457681,216.032484431883
7,4.8,63096,40306,403.06,3.93944078264297,16.9555747297617,-6.98089359766521,-12.9728600343025,90.5621555568694,0.999968302269557,0.999952453404336,0.00460724284263014,0.999952453404336,96.899531466197,-22.034545737052,-53.2621819024431,-26.0313913247774,1,160.63881089182,182.673356628872
7,4.8,63096,40307,403.07,1.80220546980931,18.5164952592637,-4.81794781615435,-13.8655217669315,66.8033603168282,0.999730569291239,0.999984151134779,0.00226299781405941,0.99949283631292,47.5953700252974,-15.1646188899351,-36.6561080693743,-19.0264687330518,0.999936604539115,100.975170528439,116.139789418374
7,4.8,63096,40309,403.09,2.01528461007379,19.0998829979802,0.108519077776072,-13.1740437833761,1.42963508195357,0.617028020793711,0.999968302269557,0.000796863643364231,0.997067959934069,16.7596361472365,16.077508958146,38.8627574575765,18.6525926618328,0.999920755673894,-42.3985519756063,-58.4760609337523
7,4.8,63096,40310,403.1,4.00098933910412,18.1406135129576,2.32930596303632,-11.5916804840121,27.0005704730212,0.991314821858755,0.999904906808673,0.00195501892032896,0.999397743121592,41.1179579323586,22.7184627310731,54.9153546874153,25.753209633487,0.999984151134779,-99.2408652195069,-121.95932795058
7,4.8,63096,40311,403.11,2.55283685822908,16.725105969357,4.12771586190058,-9.50347089748079,39.227627566642,0.997797007734246,0.999730569291239,0.00280081980614938,0.999714720426018,58.9068421629338,18.1632230945302,43.9043719775341,19.719654208367,0.999968302269557,-132.242542267737,-150.405765362267
7,4.8,63096,51323,513.23,0.532699001380554,12.8551218505818,-8.50447595811841,-9.93701900095732,84.5091391890074,0.999936604539115,0.99949283631292,0.00445713930897507,0.999936604539115,93.7425539463636,-6.83413198607914,-16.519550043447,-8.12301701131881,0.999572080639026,172.981817289137,179.815949275216
7,4.8,63096,51324,513.24,1.3161524542991,14.6212041833627,-7.29074700609522,-11.1626765984061,81.3842509898383,0.999920755673894,0.99974641815646,0.00388742996120916,0.999857360213009,81.760426944151,-12.3830638739729,-29.9324981978666,-14.485041331203,0.99987320907823,154.098076785177,166.48114065915
7,4.8,63096,51325,513.25,1.24989550252553,16.1491007539714,-5.71787641242873,-12.1221544184214,69.3129808169107,0.999762267021681,0.999857360213009,0.00260524942791728,0.999667173830354,54.7936059679563,-12.957922375936,-31.3220534201573,-15.6077930684919,0.999889057943451,117.372076462824,130.32999883876
7,4.8,63096,51328,513.28,1.03679158553059,17.3561083497491,0.169367090422847,-11.6619646755027,1.97515302570392,0.680613668061367,0.999841511347788,0.00068543580440975,0.995736655255484,14.4160858383459,11.1838335041034,27.0337034205583,12.8437505095922,0.999809813617345,-44.3881206186327,-55.5719541227361
7,4.8,63096,51329,513.29,1.50638119300264,16.540499025132,1.95064568979109,-10.3044727118888,20.1003752810158,0.982233422086979,0.999698871560796,0.00138337491941778,0.998779637377964,29.0951413051947,13.9531326119712,33.7276881564225,15.6855222788619,0.999904906808673,-86.2563423654856,-100.209474977457
7,4.8,63096,51330,513.3,0.909921811680168,15.4003605826516,3.41726241237894,-8.58795862111649,29.347308195007,0.993089894763535,0.999445289717256,0.00188012210695443,0.999286801065044,39.5427281534655,10.3886635354816,25.1116085420205,11.424835418894,0.99974641815646,-110.596716043201,-120.985379578682
7,4.8,63096,57829,578.29,0.67918535575508,13.3248524103874,-7.92783063945301,-10.2314414855876,81.1131352952122,0.999904906808673,0.999556231773805,0.00401518267506728,0.99987320907823,84.447322022015,-8.38208154565996,-20.2612732449179,-9.80282205464675,0.999698871560796,161.300255371811,169.682336917471
7,4.8,63096,57830,578.3,1.17754943152509,14.9542148961849,-6.63007697811007,-11.3250635181171,75.0860429071023,0.999841511347788,0.999778115886902,0.00321868303298725,0.999793964752124,67.6953415497879,-11.8679180730141,-28.6872812696677,-14.0535474196419,0.999857360213009,137.186046762869,149.053964835884
7,4.8,63096,57831,578.31,0.722260463168531,16.2765120713257,-5.00798758729411,-12.0935576568495,60.5643866317281,0.999556231773805,0.999825662482566,0.00193456166032935,0.99936604539115,40.6877008400468,-10.3171367563395,-24.9387131092294,-12.6568316153399,0.999793964752124,97.029488489055,107.346625245394
7,4.8,63096,57834,578.34,1.11836574815385,16.836509204788,0.661047321730266,-11.0496098861751,7.30431502142028,0.889121338912134,0.999793964752124,0.000815608763134037,0.997147204260175,17.1538835062351,11.7210671601574,28.3323113907126,13.5060375890551,0.999825662482566,-56.0640932614134,-67.7851604215709
7,4.8,63096,57835,578.35,1.20835136951058,15.9447961575111,2.2866229373726,-9.62694116856288,22.0131844927725,0.985102066692025,0.999587929504247,0.00143786082104044,0.998969823760619,30.2410887881225,11.9457162273853,28.8753359497707,13.6144938129679,0.999841511347788,-91.3688698526786,-103.314586080064
8,4.8,63096,15313,153.13,0.574966748505108,13.1204582034924,-9.3764623258661,-10.246236090148,96.0734466812025,1,0.999730569291239,0.00587546632006952,1,123.572807643702,-8.6116366146891,-21.0975084507146,-9.60747859497951,0.999730569291239,201.052990507924,209.664627122613
8,4.8,63096,15314,153.14,1.76349454335247,15.2062990280763,-8.07381953582879,-11.7348805996488,94.7453082360629,0.999984151134779,0.99987320907823,0.0053660343919948,0.999984151134779,112.858435332435,-17.2476932012329,-42.2548429932192,-19.6339092305549,0.999968302269557,182.485706386757,199.73339958799
8,4.8,63096,15315,153.15,1.91663183323617,17.0614964599651,-6.3175430254533,-12.9538940584434,81.8367830613801,0.999904906808673,0.999952453404336,0.00367190972696089,0.99987320907823,77.2276053774415,-18.9948247633022,-46.535112185302,-22.775512561662,0.999984151134779,140.681769298716,159.676594062018
8,4.8,63096,15316,153.16,0.508261404645363,18.3710657348382,-4.16786734256095,-13.6214617224857,56.7724454710921,0.999587929504247,0.999984151134779,0.00163132565088079,0.999223405604159,34.3100410893247,-10.6413539684308,-26.0700799767919,-13.4824709312101,0.999793964752124,80.5220672936632,91.163421262094
8,4.8,63096,15318,153.18,1.38120616320863,18.5415793995635,0.514792025740784,-12.5704571951771,6.47117112399304,0.877583365031064,0.999968302269557,0.000927120082530703,0.997226448586281,19.4991895757857,16.5696279824582,40.5936620443117,19.1999806612478,0.999952453404336,-53.3821275464831,-69.9517555289413
8,4.8,63096,15319,153.19,2.2355806635983,17.5230027233289,2.55862072766357,-10.945010511483,28.004130759176,0.99175859008495,0.999857360213009,0.00197036260801305,0.999540382908584,41.4406663717305,20.3691668318626,49.9020904616691,22.9538905616236,1,-102.667649930475,-123.036816762337
8,4.8,63096,15320,153.2,1.1904384940336,16.1425180180861,4.19549118082549,-8.90338166421659,37.3540592517441,0.996766831494865,0.999714720426018,0.00258413930659438,0.999778115886902,54.349617896293,14.6847101470423,35.9758325026241,15.8085766531053,0.999904906808673,-129.279446200036,-143.964156347079
8,4.8,63096,46290,462.9,1.0981801267764,14.5737370154027,-7.74821532733644,-11.1902202778039,86.704236272751,0.999936604539115,0.999778115886902,0.00448848266061953,0.999920755673894,94.40176731815,-13.5136284536755,-33.1068185128629,-15.4559479570881,0.999889057943451,167.176063605795,180.689692059471
8,4.8,63096,46291,462.91,1.15339955691416,16.2571665243889,-6.16595881267686,-12.2853729369156,75.7511035273965,0.99987320907823,0.999889057943451,0.00316586365466071,0.999841511347788,66.584444384824,-15.0509856166216,-36.8731648170831,-18.020639176359,0.999920755673894,131.569881961768,146.62086757839
8,4.8,63096,46294,462.94,0.683781450914778,17.837455594362,0.000101493521567547,-12.1271590936468,0.00123082808302412,0.0267687333586915,0.999904906808673,0.000680446682630378,0.995007607455306,14.3111546290821,12.3081557755567,30.1535506090202,13.7331587910144,0.999825662482566,-39.7824297343743,-52.090585509931
8,4.8,63096,46295,462.95,1.45490450023511,17.0254091046042,1.90966603028187,-10.7540501685525,20.5366442948317,0.982566248256625,0.999825662482566,0.00146190575304656,0.999001521491061,30.7468017980752,16.4935538004117,40.4072891432688,18.2144319630569,0.999936604539115,-86.4010689165196,-102.894622716931
8,4.8,63096,46296,462.96,0.913238431873392,15.8372767127319,3.4853711384064,-8.96980052021245,31.2630838504111,0.99416761759858,0.999635476099911,0.00206537999265746,0.999572080639026,43.4390720055718,12.9973703674859,31.8420462258441,14.0164687110679,0.999841511347788,-114.420316684831,-127.417687052317
8,4.8,63096,50635,506.35,0.588187103176379,-13.0117066969415,-7.84991439911355,9.49500923177149,74.5350096881991,0.999857360213009,0.999540382908584,0.00287735904418068,0.999793964752124,60.516615417208,9.94544312572046,24.3651793241121,11.0825496363947,0.99974641815646,-158.976770830032,-168.922213955753
8,4.8,63096,50636,506.36,0.794516337868756,-14.6183928479252,-6.47903871377745,10.576472493568,68.5253747410296,0.999809813617345,0.999762267021681,0.00227605961728706,0.999667173830354,47.8700858707815,12.5825434776107,30.8257685766226,14.5967519035202,0.99987320907823,-133.045620067262,-145.628163544872
8,4.8,63096,50640,506.4,0.7597458737128,-16.2072830001938,0.994138691591564,10.1474468276981,10.0879695122828,0.927713325725878,0.99974641815646,0.000878900100372963,0.996893622416635,18.4850269110442,-12.6909867526398,-31.0914419919926,-14.3095277093189,0.999857360213009,62.5439776660173,75.2349644186572
8,4.8,63096,50641,506.41,0.722632265913486,-15.2542601142971,2.61230813702449,8.72204751994316,22.7846757078618,0.986163940661849,0.999524534043363,0.00140019999319524,0.998906428299734,29.4490062568824,-12.1272755383248,-29.7104150583332,-13.5271660247217,0.999809813617345,96.3665468664209,108.493822404746
9,4.8,63096,4040,40.4,0.702494198928517,14.6395733859444,-6.81516006865909,-11.1053410962427,75.6846771879523,0.999809813617345,0.999683022695575,0.00326271851084981,0.999793964752124,68.6214957201932,-11.2852043335021,-25.5914060247588,-13.6304241016424,0.999730569291239,139.984324079337,151.269528412839
9,4.8,63096,4041,40.41,0.568425904736156,16.0056085115913,-5.25984403710529,-11.9242870916819,62.7198903559147,0.999635476099911,0.999778115886902,0.00208131467122593,0.999587929504247,43.7742101652237,-10.4997177902286,-23.8101617989702,-13.0738117744482,0.999714720426018,102.993222614642,113.492940404871
9,4.8,63096,4044,40.44,0.890992290882976,16.8542063315354,0.33104435483785,-11.1782591035413,3.70049957314217,0.798212248003043,0.999730569291239,0.000702692894352874,0.994912514263979,14.7790369540296,11.172932309384,25.3368072714251,12.7678943207984,0.999698871560796,-47.4550291664537,-58.6279614758378
9,4.8,63096,4045,40.45,1.02663308578921,16.0407312390319,1.98423494418916,-9.84269734202728,19.5302240111283,0.981377583365031,0.999603778369469,0.00129443948787776,0.998700393051858,27.224651309045,12.1873087058648,27.6371039658505,13.9154951714092,0.99974641815646,-84.9540684315439,-97.1413771374086
9,4.8,63096,4046,40.46,0.540347347568357,14.9510094317237,3.34283681738786,-8.19741194235325,27.4026104481934,0.990966146823887,0.999397743121592,0.00167881385975908,0.999429440852035,35.3088130984529,8.53109201266744,19.3459181667292,9.72239389733944,0.999667173830354,-105.774845790566,-114.305937803233
9,4.8,63096,30817,308.17,1.08348455633389,14.3669394204972,-8.34224319175021,-11.1057655817883,92.6469973138471,0.999984151134779,0.999714720426018,0.00514831545154313,0.999984151134779,108.279370576855,-13.1582413555067,-29.8388834751428,-15.4361476113022,0.999809813617345,183.267683682843,196.42592503835
9,4.8,63096,30818,308.18,1.89608372963446,16.2403596413986,-6.78403154702229,-12.3714188043956,83.9280954504443,0.999904906808673,0.999904906808673,0.00391316482763093,0.999889057943451,82.3016826547338,-17.4045663677296,-39.4682551984604,-21.0221248283401,0.999952453404336,150.078622416642,167.483188784371
9,4.8,63096,30819,308.19,0.85176162594952,17.6896264106637,-4.8274971366816,-13.1972174766213,63.7095295805539,0.999667173830354,0.999968302269557,0.00206905787632082,0.999572080639026,43.5164252547795,-12.4599900872659,-28.2554622818015,-15.8684633381559,0.999825662482566,98.250890160667,110.710880247933
9,4.8,63096,30821,308.21,1.0390768258672,18.4028122130817,-0.339852688926824,-12.7111865894446,4.31993094187334,0.819814251299607,0.999936604539115,0.000616850602742134,0.993438569798402,12.9736018768726,12.0993668124935,27.4376785382427,13.9380475645432,0.999762267021681,-29.9464282205709,-42.0457950330644
9,4.8,63096,30822,308.22,2.23612502132571,17.6383437354605,1.73711725531544,-11.3646297010412,19.741694353949,0.981567769747686,0.999857360213009,0.00144210448829472,0.999017370356282,30.3303415978145,18.3552287679895,41.6240679563469,21.0948831299339,0.999968302269557,-83.3856055767945,-101.740834344784
9,4.8,63096,30823,308.23,1.7067554602013,16.4152324636229,3.46536403798,-9.52699981237894,33.0145225396601,0.994357803981235,0.999667173830354,0.00221183882974304,0.99961962723469,46.5193942671557,15.5431902024455,35.2472210192934,17.3823791344245,0.99987320907823,-117.537165075546,-133.080355277992
9,4.8,63096,45333,453.33,1.00045963048936,-14.2110653190618,-7.45156550457936,10.3848710091584,77.3835465813511,0.999825662482566,0.999651324965133,0.00297417603295089,0.999762267021681,62.5528703250231,13.501627356777,30.617578332766,15.3897266507341,0.999793964752124,-158.364218666308,-171.865846023085
9,4.8,63096,45334,453.34,1.06032982001086,-15.7880066303268,-5.81243195936141,11.4000946954858,66.2622747477882,0.999730569291239,0.999762267021681,0.00201511324166844,0.999556231773805,42.3818616987707,14.0272093037261,31.8094380994279,16.5735001588224,0.999841511347788,-120.783053728587,-134.810263032313
9,4.8,63096,45337,453.37,1.0176586499604,-17.0045253361321,0.33808457943696,11.0248995046802,3.72734851237457,0.799226575377203,0.99974641815646,0.000711813834494748,0.99505515405097,14.9708685670935,-12.2174160059215,-27.7053781518812,-14.2826856255209,0.999778115886902,47.1328159457237,59.3502319516452
9,4.8,63096,45338,453.38,1.53200584018689,-16.137702132815,2.18960092209742,9.66490620448485,21.1622875373251,0.983992646126537,0.99961962723469,0.00136732491807063,0.998811335108406,28.7575776768614,-14.8904673923215,-33.7670445012737,-16.8993020271375,0.999857360213009,90.8415816441827,105.732049036504
9,4.8,63096,45339,453.39,0.788558403906474,-14.9377329414228,3.70313177509421,7.94749540551808,29.4306227685892,0.992297451502472,0.999350196525929,0.00175175921213636,0.999461138582478,36.842999749652,-10.7700503615303,-24.4231937290488,-11.9388167747304,0.999683022695575,116.040195299823,126.810245661353
9,4.8,63096,49133,491.33,1.60727798756689,-14.1499370908677,-8.86164933914586,10.4947929097226,93.001174652916,1,0.999698871560796,0.0045220628375665,0.999952453404336,95.1080255996986,16.2088042915975,36.7566310315446,18.1407846847951,0.999904906808673,-199.374224944621,-215.583029236219
9,4.8,63096,49134,491.34,2.82360268287562,-16.2142787657718,-7.17512224300891,11.9285623937349,85.5888933584068,0.999936604539115,0.999889057943451,0.00355116552229235,0.999857360213009,74.6881132648526,21.8479883256377,49.544582760078,25.6116448398801,0.999984151134779,-164.010653173512,-185.858641499149
9,4.8,63096,49135,491.35,1.50110089489554,-17.8233281833407,-5.02565777240083,12.8956180400235,64.8089630327565,0.999698871560796,0.999952453404336,0.00183594946262669,0.999524534043363,38.6136890979646,16.1628566092941,36.6524356834611,20.0865201187016,0.999920755673894,-106.45335329212,-122.616209901414
9,4.8,63096,49137,491.37,1.4503480892459,-18.5644863605666,-0.0572247465050921,12.4422183285699,0.712002789813423,0.470505261823253,0.999920755673894,0.000704700709228887,0.994960060859643,14.821265316502,-15.2450623566494,-34.5711578729306,-17.5487882770715,0.999889057943451,36.1650385256268,51.4101008822762
9,4.8,63096,49138,491.38,3.16587053191702,-17.6631219063528,2.21887463076208,10.9831352789616,24.370200236716,0.988192595410169,0.999793964752124,0.00168860295161771,0.999445289717256,35.5146972784237,-22.8371989886815,-51.7878112363955,-25.9111609142001,1,95.0966200747534,117.933819063435
9,4.8,63096,49139,491.39,2.43112802045855,-16.2672013302998,4.07862112123835,9.00221125208008,36.7166089505834,0.996148725751236,0.999635476099911,0.00240775044627325,0.999683022695575,50.6398073860189,-18.8900844167951,-42.8369576541069,-20.4488294757651,0.999936604539115,131.566239802948,150.456324219743
10,4.8,63096,5034,50.34,0.725024265858192,14.5729670359433,-6.82651005621128,-11.0544857717242,75.4635582869201,0.999793964752124,0.999635476099911,0.00310329660632866,0.999825662482566,65.2685342243043,-10.7369696102361,-23.828513710753,-12.98351738469,0.999762267021681,140.222678825953,150.959648436189
10,4.8,63096,5035,50.35,0.631298607158861,15.9384814690052,-5.28650126409723,-11.8755948441525,62.7803471555189,0.999540382908584,0.999793964752124,0.00200450141348556,0.999413591986814,42.1586737284282,-10.1306483954085,-22.4829074638222,-12.6409365617215,0.99974641815646,103.764055087067,113.894703482475
10,4.8,63096,5038,50.38,0.833883187863201,16.8278893562226,0.269791845020181,-11.1763285296128,3.01528229455592,0.771871434005325,0.999714720426018,0.000659090741264643,0.99429440852035,13.861996470278,10.4459840147889,23.182730542648,11.9925059836364,0.999730569291239,-46.3626324353122,-56.8086164501011
10,4.8,63096,5039,50.39,1.03622392181969,16.031770877915,1.92134566088679,-9.86095244542329,18.946298193225,0.979396475212375,0.999556231773805,0.00120785202842444,0.998018891847344,25.4035438618227,12.0068500099635,26.646754202658,13.6412157629317,0.999809813617345,-83.6877563316338,-95.6946063415974
10,4.8,63096,10563,105.63,0.697892115511624,15.8537035743982,1.36634888948832,-9.92895700632753,13.5664193793729,0.955940154684925,0.99949283631292,0.000947280233981893,0.996941169012299,19.9231978811072,9.95184347505345,22.086086419254,11.4267635762667,0.999714720426018,-71.3973305817464,-81.3491740567999
10,4.8,63096,26159,261.59,0.516006754216111,-12.8797896043053,-8.60326512799845,9.47349004380851,81.5029465343382,0.999936604539115,0.99923925446938,0.00328190627826483,0.999857360213009,69.025052844466,9.40860854639965,20.880487314899,10.6978639236592,0.999651324965133,-179.323988034137,-188.732596580536
10,4.8,63096,26160,261.6,1.30773996257242,-14.7163635800488,-7.23593182584083,10.754449328114,77.8184621626926,0.99987320907823,0.999651324965133,0.00281882819923429,0.999714720426018,59.2855946862956,14.7298906569962,32.6899874191232,17.2677396922643,0.999904906808673,-155.9289492327,-170.658839889696
10,4.8,63096,26161,261.61,1.26303697375205,-16.2552684586306,-5.4808272156122,11.7186472946432,64.2278810226405,0.999603778369469,0.999841511347788,0.00177092292924817,0.999144161278053,37.2460510479475,14.0702859693778,31.2261293741484,17.1266937914564,0.999889057943451,-113.003606809393,-127.073892778771
10,4.8,63096,26164,261.64,1.61641460533469,-17.0428014067489,0.854161652279058,10.899588096273,9.31001017747368,0.92153226828959,0.999730569291239,0.000868801926384033,0.996434005325219,18.272642115709,-14.4355643712919,-32.0367902704925,-16.6611468055151,0.999841511347788,60.4584465461895,74.8940109174814
10,4.8,63096,26165,261.65,1.84158373121561,-16.040891586788,2.67550242988352,9.39188600900926,25.1280138382933,0.988319386331939,0.999508685178141,0.0015096737122567,0.998763788512743,31.751457516183,-15.811231987384,-35.0898039085529,-17.7202461371337,0.999936604539115,100.923568416506,116.73480040389
10,4.8,63096,26166,261.66,0.70932046872743,-14.7619656563494,4.13063455630617,7.57128488712234,31.2742109903862,0.993184987954862,0.998700393051858,0.00177042796624935,0.999128312412831,37.2356409861562,-10.4357292137254,-23.1599721036644,-11.3405446572866,0.999698871560796,121.51635654211,131.952085755836
10,4.8,63096,27451,274.51,1.24386487367621,-14.352535567615,-7.65477780646082,10.5204568195203,80.5317593758935,0.999920755673894,0.99961962723469,0.00307374598912593,0.999793964752124,64.6470256432966,14.3654831093237,31.8812592061144,16.6916676716792,0.999857360213009,-165.341253746849,-179.706736856173
10,4.8,63096,27452,274.52,1.54379729231813,-16.0106447000435,-5.97132487514159,11.6002114042078,69.2686309148469,0.999714720426018,0.999825662482566,0.00210364368221274,0.99949283631292,44.2438339242983,15.2635764127156,33.8743940821791,18.4252771885373,0.999952453404336,-126.539417056561,-141.802993469276
10,4.8,63096,27455,274.55,1.433911401306,-17.302982457033,0.411308097588294,11.2535131237652,4.62866107412078,0.832556738937492,0.999809813617345,0.00073503195314893,0.995387980220616,15.4591920386283,-13.3506195430546,-29.6289765526986,-15.6275736463312,0.999825662482566,49.1900667224823,62.5406862655369
10,4.8,63096,27456,274.56,1.97928689241301,-16.3893803459076,2.32927393918795,9.83211354115136,22.9016858385408,0.985577532648662,0.999603778369469,0.00141510493623942,0.998494357803981,29.7624870189874,-16.2453032299806,-36.053136481069,-18.5403399109911,0.999968302269557,94.7916268299799,111.036930059961
10,4.8,63096,27457,274.57,0.8865245370736,-15.1315229179717,3.88715265570153,8.03835196323178,31.24630118134,0.99315329022442,0.99898567262584,0.00179644002637227,0.999175859008495,37.7827266346615,-11.757120268586,-26.0925299864765,-13.0724323029529,0.999793964752124,120.574302296282,132.331422564868
10,4.8,63096,55381,553.81,1.46415740714404,15.0659211367316,-7.55187403795937,-11.552077434654,87.2398336632596,0.999984151134779,0.99974641815646,0.00421085030455311,0.999968302269557,88.5626036053609,-14.781113556158,-32.803666194354,-17.5085835893129,0.999920755673894,165.289329853334,180.070443409492
10,4.8,63096,55382,553.82,1.50051713641323,16.7198156370546,-5.8571418989704,-12.6030853446589,73.8180592285012,0.999778115886902,0.999968302269557,0.00278663040478472,0.999698871560796,58.6084106734322,-15.1387645574067,-33.5973996309088,-18.5926953441846,0.999984151134779,124.699475762634,139.838240320041
10,4.8,63096,55385,553.85,1.72944766098159,17.8858076251202,0.500795002623496,-12.0094954165925,6.01429528865929,0.869024977811589,0.999952453404336,0.000823645886849554,0.996117028020794,17.3229202922198,14.8007984913422,32.8473528922733,17.0316202513252,0.99987320907823,-52.3636049007921,-67.1644033921343
10,4.8,63096,55386,553.86,2.1022787524283,16.9356381675215,2.38375558936397,-10.4837563802459,24.9907128689414,0.988113351084062,0.999698871560796,0.00161496103907974,0.998922277164955,33.965860573925,17.0380825662099,37.8125484910397,19.3151508157022,1,-96.5829328436403,-113.62101540985
10,4.8,63096,55387,553.87,0.908538038141836,15.6649018368171,3.90349161892276,-8.59054016950825,33.5331015536948,0.99467478128566,0.999334347660708,0.00208406893648179,0.999476987447699,43.8321378720851,11.7373729704164,26.0487048866331,13.0081690168989,0.999778115886902,-120.622419069606,-132.359792040022
11,4.8,63096,19581,195.81,1.49430503741418,-13.9228926814731,-7.65920712742096,10.1842760490728,78.003479702681,0.999984151134779,0.99974641815646,0.00304239797601393,0.999968302269557,63.987714231525,13.0279150767942,34.21188191102,14.497617639957,0.999968302269557,-162.002306640283,-175.030221717077
11,4.8,63096,19582,195.82,1.80779684343794,-15.5474562790289,-6.08135910062986,11.2504062308884,68.4177603179958,0.999857360213009,0.999952453404336,0.00216213524933122,0.999714720426018,45.4740285639342,14.7295776595681,38.6805232086564,17.1138414822337,0.999984151134779,-127.053101639898,-141.782679299466
11,4.8,63096,19583,195.83,0.762158642868934,-16.7248080807645,-4.1740464199632,11.8692340484622,49.5427338876888,0.998811335108406,0.999984151134779,0.0010533917745202,0.99759097248637,22.1549358017089,8.95098901919035,23.5056935439229,10.9263618254008,0.99987320907823,-76.8386418490286,-85.789630868219
11,4.8,63096,19585,195.85,1.36874421811101,-17.0690283227854,0.0157421633603866,11.1730728576044,0.175888338161909,0.258891213389121,0.999968302269557,0.000619578279417641,0.993565360720172,13.0309703727118,-11.6823727809438,-30.6784282570341,-13.0940811047326,0.999936604539115,38.6036445400212,50.286017320965
11,4.8,63096,19586,195.86,2.22101963947465,-16.2819819042788,1.90704066144879,9.89456968457613,18.8693467160252,0.978160263725117,0.999762267021681,0.00126092788569088,0.99835171801699,26.5198352918507,-15.8110187386263,-41.5204353720666,-17.5139395470876,1,84.1862829604656,99.9973016990919
11,4.8,63096,19587,195.87,1.28149290841935,-15.1218909805775,3.47376680219565,8.22476954267835,28.570931393066,0.99175859008495,0.999445289717256,0.00171576234888393,0.999461138582478,36.0859137217268,-12.3807861980482,-32.5124928184165,-13.3802275720912,0.999952453404336,112.600726933115,124.981513131163
11,4.8,63096,36746,367.46,0.513789946359751,14.1417819419806,-5.86147242487529,-10.5538580423791,61.8611478914534,0.99974641815646,0.999730569291239,0.00202549517376024,0.999667173830354,42.6002144945253,-7.86560901484395,-20.655437588277,-9.39501277832986,0.999778115886902,109.343268277777,117.208877292621
11,4.8,63096,36750,367.5,0.524084662504814,15.576917470214,0.265166563643135,-10.1063776375177,2.67987342902039,0.743771395968049,0.999714720426018,0.000581699014964705,0.992741219728667,12.2342936827377,7.53629633497255,19.7906479078753,8.44883089960322,0.999730569291239,-45.2524132057508,-52.7887095407233
11,4.8,63096,36751,367.51,0.527884179197309,14.8818763877508,1.64418913614185,-8.95156734374616,14.7180697780296,0.964260808926081,0.999302649930265,0.00094989129150853,0.996988715607962,19.9781136430074,8.01407458469694,21.0453147492596,8.83899253702634,0.99974641815646,-73.901235890764,-81.9153104754609
11,4.8,63096,43294,432.94,1.01895677986739,-13.746495130638,-6.86779709791055,9.9470669158141,68.3144372971502,0.999841511347788,0.999635476099911,0.00226036703607469,0.999778115886902,47.5400395027228,10.3844186494908,27.2699432301178,11.7452265431353,0.999889057943451,-138.332065865167,-148.716484514658
11,4.8,63096,43295,432.95,0.975948098424658,-15.0950283265412,-5.36554197412454,10.7829545569214,57.8563952802394,0.999603778369469,0.999793964752124,0.00150485920482022,0.999033219221504,31.6501987957788,10.5514108870166,27.7084722408316,12.2419381353111,0.999904906808673,-104.050786115836,-114.602197002853
11,4.8,63096,43298,432.98,0.814246748488289,-16.1137036281694,0.112906996929794,10.3487788843158,1.16844954571856,0.573586281222265,0.999778115886902,0.00057771521029606,0.992614428806897,12.1505063029467,-9.1153852501246,-23.9374053263674,-10.4228025342047,0.999841511347788,41.1860291206735,50.3014143707981
11,4.8,63096,43299,432.99,1.2433376310914,-15.3804706216864,1.77297216099769,9.16565765139901,16.2504558531659,0.971868264232281,0.999603778369469,0.00105668202954116,0.997638519082034,22.2241364453097,-11.6707770167215,-30.6479772666874,-13.033749395719,0.999920755673894,78.7568654338858,90.4276424506073
11,4.8,63096,43300,433,0.634908633910824,-14.3467786870021,3.15616278585285,7.66789950834828,24.2011390739083,0.987225814631672,0.998811335108406,0.00138270717365148,0.998763788512743,29.081097276238,-9.18500063830959,-24.1202184185419,-9.88688478254529,0.999809813617345,101.652689563866,110.837690202176
11,4.8,63096,62669,626.69,0.589437044451244,13.6207151048272,-6.77284324059192,-10.2961803861076,69.7344157319642,0.999904906808673,0.999667173830354,0.00267899054385887,0.99987320907823,56.3445291184397,-8.18501557475736,-21.4942133589931,-9.54660034062715,0.999793964752124,131.101333580603,139.28634915536
11,4.8,63096,62670,626.7,0.609383171030256,14.903074757638,-5.45304191739933,-11.0819222982235,60.4301868175752,0.999683022695575,0.999841511347788,0.00189166161993547,0.999603778369469,39.7854271904828,-8.74199001488009,-22.9568529034339,-10.2653266775729,0.999825662482566,102.733911539567,111.475901554447
11,4.8,63096,62674,626.74,0.812457758176772,15.6335703036304,1.03515453396738,-9.8664369775467,10.2132869714108,0.929583491821986,0.999698871560796,0.000825213835916563,0.996101179155573,17.3558973969972,9.39026326537927,24.6592471669379,10.4255774311521,0.999857360213009,-63.0158537685811,-72.4061170339604
11,4.8,63096,62675,626.75,0.511823368451936,14.7690053137681,2.37540523419649,-8.51389939431035,20.2239611846672,0.980807024217066,0.999223405604159,0.00120623595669257,0.998193229364778,25.3695546411582,8.06066804065102,21.167671227908,8.84007162526154,0.999762267021681,-87.6962342804474,-95.7569023210985
12,4.8,63096,35620,356.2,0.694277345178443,6.01331832180814,-13.9183695073358,-4.99409494467417,69.5096587946931,0.99987320907823,0.998415113477875,0.00349097127909899,0.999857360213009,73.4221079420099,15.4223546400958,25.7153240949733,12.2812819616382,0.999730569291239,167.999036234549,152.576681594453
12,4.8,63096,35621,356.21,1.42036220812099,7.79110535141788,-13.8202683201712,-6.39032099791084,88.3159508431522,0.999920755673894,0.999255103334601,0.00526488963494402,0.999920755673894,110.731158802143,21.0805756826714,35.1498748692463,18.1194547951552,0.99987320907823,219.378937697241,198.29836201457
12,4.8,63096,35622,356.22,1.12191925117018,10.0615932697166,-13.4782817201606,-8.16642543977717,110.069382724003,0.999952453404336,0.999635476099911,0.00787952810549312,0.999952453404336,165.722235114731,17.1377345849137,28.5755586218287,16.2347222669215,0.999857360213009,269.75899409242,252.621259507507
12,4.8,63096,35624,356.24,4.2787599922224,16.0746228193617,-11.3834923304008,-12.7895481252368,145.589722992926,1,0.999920755673894,0.0125624641725535,1,264.213746477145,-34.2806029258542,-57.1596772984046,-36.3704041961695,0.999920755673894,297.114487096244,331.395090022098
12,4.8,63096,35625,356.25,7.61084966934216,19.3521713849024,-9.20776003801475,-15.193982559886,139.902545433212,0.999984151134779,0.999952453404336,0.0104465598379549,0.999968302269557,219.712046511867,-53.2045156971896,-88.7135198481485,-63.3529712146681,0.999984151134779,247.119627262281,300.324142959471
12,4.8,63096,35626,356.26,4.92454037647112,22.0170924577161,-6.1419872976744,-16.9433421048931,104.065791988405,0.999936604539115,0.999984151134779,0.00502547650253702,0.999904906808673,105.695821801359,-40.1952672838308,-67.0218231527689,-52.74110135244,0.999968302269557,156.043272345432,196.238539629263
12,4.8,63096,35628,356.28,4.56676386189666,22.8655717556856,1.29070051194457,-16.0954545154727,20.7744113831011,0.98199568910866,0.999968302269557,0.00186736110036798,0.999698871560796,39.2743386629393,42.1197661500785,70.2307437891356,51.7804280529923,0.999952453404336,-71.6164974364931,-113.736263586572
12,4.8,63096,35629,356.29,7.71437563073369,21.0693615117041,4.47478375667343,-13.4672560140188,60.2630584584938,0.999714720426018,0.999936604539115,0.00500404620794798,0.999889057943451,105.245099845562,56.1522440379036,93.6285792793669,64.5000198355735,1,-156.943538780799,-213.095782818702
12,4.8,63096,35630,356.3,4.37457088806768,18.7204158282765,6.81546412002977,-10.135243919045,69.0763912780013,0.999857360213009,0.999857360213009,0.00605955733772961,0.999936604539115,127.444609927129,38.1250811679353,63.5699827464563,39.0795629767995,0.999936604539115,-196.772476838604,-234.897558006539
12,4.8,63096,35638,356.38,0.742973367527717,18.3099173995804,6.27178348178182,10.4072814925522,65.2722161552425,0.999793964752124,0.999841511347788,0.00180924061224863,0.999635476099911,38.0519485568132,-16.0810189581345,-26.8135848212649,-19.3353683073806,0.999889057943451,108.241646594815,124.322665552949
12,4.8,63096,35642,356.42,0.551799803634722,18.8410758446713,-1.81463841534841,9.87019350490286,17.9108323009191,0.976052364650691,0.999825662482566,0.00142320563441177,0.999191707873716,29.9328609029483,17.6305302487226,29.3972489864437,20.1246899905435,0.999904906808673,-86.5724231713005,-104.202953420023
13,4.8,63096,35213,352.13,1.22574056013707,15.2280187275409,-8.34903502995119,-11.7880096451864,98.4185054610635,0.999920755673894,0.999762267021681,0.00563786925330516,0.999920755673894,118.575666135514,-17.2047173597082,-32.1646660498102,-20.4803710651655,0.999857360213009,191.216502467132,208.42121982684
13,4.8,63096,35214,352.14,1.59032815458428,17.1870834112472,-6.57335102034113,-13.095489144394,86.0812469291682,0.99987320907823,0.99987320907823,0.00394874125750876,0.999809813617345,83.0499261279243,-20.2766385524917,-37.907702522389,-25.0109059840529,0.999904906808673,149.273859470619,169.55049802311
13,4.8,63096,35217,352.17,1.12433731511027,18.8665158579374,0.483604144907468,-12.8603436783056,6.21931550776316,0.866536705971852,0.999889057943451,0.000939003091272222,0.997907949790795,19.7491130156374,17.8984466880556,33.4616110509242,20.862070374824,0.99987320907823,-52.0460249250412,-69.9444716130969
13,4.8,63096,35218,352.18,1.97693913984896,17.8233494762665,2.61261105494272,-11.1959039149778,29.2505423383475,0.993771395968049,0.999793964752124,0.0020755071731397,0.99949283631292,43.6520668654741,21.9783184712432,41.0890373369029,24.9784206249745,0.999889057943451,-104.855481062421,-126.833799533664
13,4.8,63096,35219,352.19,0.988625386938931,16.3917215391692,4.31379303631523,-9.08590276468002,39.1947040749139,0.998113985038671,0.999540382908584,0.00274579672915693,0.999635476099911,57.7495968076285,15.8345217083452,29.6030496845099,17.2233044907951,0.999841511347788,-133.463768092665,-149.29828980101
13,4.8,63096,53338,533.38,0.807371136707481,6.14129932611448,-13.1855648837289,-5.06595560636885,66.7974863458665,0.999698871560796,0.997987194116901,0.00335591987283998,0.999730569291239,70.5817067655705,12.8816803684481,24.0826360903702,10.1842644178917,0.99961962723469,158.928014689659,146.046334321211
13,4.8,63096,53339,533.39,1.2131887740357,7.82250275282816,-13.0682347932996,-6.3792364404226,83.3653596054153,0.999857360213009,0.998763788512743,0.00492935323590289,0.99987320907823,103.67415725751,16.3382009089655,30.5446910346973,14.064841584276,0.999809813617345,202.615569467113,186.277368558148
13,4.8,63096,53340,533.4,0.821038226047842,9.92792221775025,-12.7230035060764,-8.01642257562322,101.992972535844,0.999952453404336,0.999413591986814,0.00711803488087974,0.999952453404336,149.706509614663,12.7419365947248,23.8213814751171,12.089584855302,0.999698871560796,244.963840542755,232.22190394803
13,4.8,63096,53342,533.42,3.12879273981032,15.3525712089639,-10.7817171496731,-12.1572496383211,131.076026918343,1,0.999857360213009,0.0107672247773115,1,226.456271516416,-25.9270691614878,-48.471329333348,-27.0821707859492,0.999920755673894,269.983671117012,295.9107402785
13,4.8,63096,53343,533.43,6.45538324520736,18.2712807008097,-8.84866350911402,-14.2807564525844,126.365608504528,0.999984151134779,0.999952453404336,0.00911233601937474,0.999968302269557,191.65065115949,-41.6059408625922,-77.7833872858301,-48.2766586474114,0.999984151134779,229.247978703272,270.853919565864
13,4.8,63096,53344,533.44,4.84567555924748,20.6927110239209,-6.16520063429374,-15.8654331886585,97.8135787580625,0.999904906808673,0.999984151134779,0.00477416841511048,0.999857360213009,100.410310106604,-34.2188478260782,-63.9730249514394,-43.4213714058883,0.999968302269557,152.431957534824,186.650805360902
13,4.8,63096,53346,533.46,3.48625090462278,21.8696933099074,0.431749821368382,-15.4637819964187,6.67648511463337,0.876283758082921,0.999968302269557,0.00119762735176964,0.998510206669203,25.1884984624191,29.1560954750554,54.508077910525,34.8370321199826,0.999936604539115,-48.3668077978815,-77.5229032729369
13,4.8,63096,53347,533.47,6.90344989300298,20.4971108352917,3.40245327981032,-13.3312395295026,45.3589196610931,0.9987320907823,0.999936604539115,0.00367518593307692,0.999762267021681,77.2965105444737,44.1969386564696,82.6273249706788,50.8863742462145,1,-129.671588064802,-173.868526721271
13,4.8,63096,53348,533.48,4.68945073377077,18.4867934383214,5.69579916238827,-10.465172742629,59.6075221417145,0.999603778369469,0.999841511347788,0.00513418216975786,0.999889057943451,107.982119394347,34.2434875358086,64.0190895288732,36.2195895324164,0.999952453404336,-174.485301402789,-208.728788938597
13,4.8,63096,53349,533.49,0.558449106392748,16.4627657417277,7.28084529973276,-7.38296036261462,53.7541922542559,0.999302649930265,0.999572080639026,0.00434657424546135,0.999841511347788,91.4171495305432,11.3267134980831,21.175585131141,10.3461280858025,0.999635476099911,-176.897642926139,-188.224356424222
13,4.8,63096,53351,533.51,0.560469040578833,13.7958366987563,8.82741887127381,-1.69404304538557,14.9540275475867,0.96589324204387,0.9987320907823,0.00108324690516904,0.998256624825662,22.7828489095152,-12.1985638830062,-22.8055320747696,-11.4205487448171,0.999667173830354,-84.3565143482963,-72.15795046529
14,4.8,63096,4044,40.44,0.541154121606564,13.4708906243068,-8.81399693958435,-10.4577426627322,92.1745118242823,0.999936604539115,0.999445289717256,0.00464105845420363,0.999952453404336,97.6107414088108,-9.45255229562997,-18.4771039698312,-11.4833178964095,0.999572080639026,188.161195216648,197.613747512278
14,4.8,63096,4045,40.45,1.21631058571634,15.410430444405,-7.45044768482045,-11.8107361760873,87.995271999155,0.999904906808673,0.999683022695575,0.00396879963606495,0.999889057943451,83.4717939457181,-16.0152584585147,-31.3053645604795,-19.2917915641047,0.999889057943451,164.613703815578,180.628962274093
14,4.8,63096,4046,40.46,0.807826302455786,17.0535175645395,-5.67351188323831,-12.838924908866,72.8417930384558,0.999667173830354,0.999889057943451,0.00251962628424528,0.999524534043363,52.9927800102468,-15.4515276117936,-30.2034279469491,-19.1136848355324,0.99987320907823,120.725091791441,136.176619403235
14,4.8,63096,4049,40.49,0.800331061807696,17.9504668279928,0.839006526577098,-11.9539623741209,10.0294524503445,0.929028781539242,0.999825662482566,0.000956051713898661,0.997115506529732,20.1076796467166,16.0712940523267,31.4148985213078,18.6860587680576,0.999857360213009,-61.4058568052736,-77.4771508576004
14,4.8,63096,4050,40.5,1.01533385031149,16.90686063466,2.71133192733263,-10.3209598059674,27.9835478426362,0.990411436541144,0.999572080639026,0.00174015427642751,0.999080765817168,36.5989247418234,17.0468354687705,33.3218099685834,19.4296465068626,0.999904906808673,-104.135182644903,-121.182018113673
14,4.8,63096,8397,83.97,0.819924276056245,13.6668395168653,-10.1095302732594,-10.7538170986692,108.716039512091,1,0.999587929504247,0.00668268520404182,1,140.550235211408,-11.5381258283678,-22.5538186809404,-12.5771887291392,0.999635476099911,229.846069129651,241.384194958019
14,4.8,63096,8398,83.98,2.41830920632407,16.08300349977,-8.65036232148802,-12.5055051528583,108.17715058546,0.999984151134779,0.999904906808673,0.00617681196175784,0.999984151134779,129.910709179691,-24.022318828209,-46.9569348788956,-27.670573669446,0.999952453404336,207.508360090497,231.530678918706
14,4.8,63096,8399,83.99,2.36928130890099,18.2369800117256,-6.629143049354,-13.9479575368093,92.4630057578244,0.999952453404336,0.999968302269557,0.00410925297539514,0.999904906808673,86.4258085785105,-25.6888725732713,-50.2145827453944,-31.5535963984353,1,156.75643606316,182.445308636431
14,4.8,63096,8402,84.02,1.96403572778751,19.5933645666736,1.27067635284333,-13.2447614573909,16.8298051829575,0.973944465576265,0.999952453404336,0.00137555795568256,0.99847850893876,28.9307349239156,25.1406274122097,49.1429163292694,29.2430492110386,0.999968302269557,-73.7068421301239,-98.8474695423337
14,4.8,63096,8403,84.03,2.63600946374158,18.2507850646293,3.52135655775055,-11.2198737050459,39.5091758483962,0.996846075820971,0.999841511347788,0.00267625942902563,0.999587929504247,56.2870883112671,27.2017947008632,53.1719236386786,30.4437922790402,0.999984151134779,-127.461981147767,-154.66377584863
14,4.8,63096,8404,84.04,1.07333482686898,16.5837674964937,5.24581331943155,-8.77949443211976,46.055588829889,0.99809813617345,0.999476987447699,0.00310173194408011,0.999683022695575,65.2356262478928,16.4830216663954,32.2197111998808,17.4704153172832,0.999809813617345,-151.385163693467,-167.868185359862
14,4.8,63096,10608,106.08,0.510098093988616,14.7718955925718,-6.86721077067111,-11.2180255559407,77.0365459234196,0.999730569291239,0.999540382908584,0.00301461987963129,0.999635476099911,63.4034853084052,-11.1179913071653,-21.7325728431192,-13.7565147755049,0.999730569291239,143.059261669341,154.177252976507
14,4.8,63096,19867,198.67,1.0456323073495,-14.525569362758,-7.79559400731329,10.6730396441718,83.2026838899227,0.999857360213009,0.999524534043363,0.00320708212444413,0.999730569291239,67.451351241309,15.4645534417173,30.2288898123021,18.4441915805676,0.999841511347788,-170.421940841263,-185.88649428298
14,4.8,63096,19868,198.68,1.06666755159026,-16.2469849354746,-6.0619944338739,11.8008786203512,71.5368605113903,0.999603778369469,0.99974641815646,0.00218631372975346,0.999429440852035,45.9825503641747,16.1007996279778,31.4725736943134,19.9166243862466,0.999920755673894,-130.553938621957,-146.654738249935
14,4.8,63096,19871,198.71,0.731391394577319,-17.5489171618415,0.535529288598886,11.4235706426707,6.11765665952854,0.871941169012299,0.999730569291239,0.000797762892089818,0.995990237099024,16.778549146433,-15.2168943301212,-29.7447853068815,-17.5930609506601,0.999825662482566,52.1068928041904,67.3237871343115
14,4.8,63096,19872,198.72,1.09551344606455,-16.5787672914768,2.50401989904154,9.9322805873965,24.8706282337049,0.987511094205655,0.99949283631292,0.00152364339316507,0.998763788512743,32.0452678450477,-17.7669143965974,-34.7293634842717,-20.2411570634983,0.999936604539115,99.1498609409768,116.916775337574
14,4.8,63096,19873,198.73,0.652652932184151,-15.2629280444054,4.09010928677743,8.06236178026025,32.9759407908019,0.99404082667681,0.998906428299734,0.0019032473385553,0.999270952199823,40.029098024495,-12.3917817278305,-24.2224779293135,-13.7815471755461,0.99974641815646,125.132386379613,137.524168107443
15,4.8,63096,50704,507.04,1.10363104576659,-13.0602876812386,-7.80571711575643,9.52779881802558,74.3713023093462,1,0.999809813617345,0.00307617411421035,0.999984151134779,64.698093970072,9.80311038187747,31.1795955016138,10.7372035159853,0.999936604539115,-158.69016679129,-168.493277173168
15,4.8,63096,50705,507.05,1.90681216744103,-14.6573172207428,-6.42534960098705,10.5994642844541,68.1052636107939,0.999968302269557,0.999952453404336,0.00240303609235832,0.999904906808673,50.5406550944802,12.646779851166,40.2241191618404,14.5188642530233,1,-131.818745434879,-144.465525286045
15,4.8,63096,50706,507.06,0.954114303747173,-15.9133513344698,-4.72460849391692,11.3218752498789,53.4914279726455,0.999683022695575,0.999984151134779,0.00135259042952175,0.999286801065044,28.4476819137015,10.0210031753877,31.8726213780668,12.0339078329028,0.999952453404336,-89.3775021837477,-99.3985053591354
15,4.8,63096,50709,507.09,1.62366922642172,-16.1739133534723,1.04483923775692,10.1023006748977,10.5552801367513,0.930772156713579,0.999936604539115,0.000945676419243909,0.997860403195131,19.8894664495379,-12.9645431282782,-41.2347912913659,-14.2810648014894,0.999984151134779,63.7847708659129,76.749313994191
15,4.8,63096,50710,507.1,1.75767679990792,-15.2125430345653,2.6518436757172,8.66856933266323,22.9876907623391,0.987099023709902,0.999762267021681,0.00150772942647645,0.999461138582478,31.7105652976528,-12.4628409507288,-39.6390864233287,-13.4269036626561,0.999968302269557,96.9293341750726,109.392175125801
15,4.8,63096,50711,507.11,0.733737075430677,-14.041694284814,3.93623935951803,6.99290748307259,27.5257576723385,0.991996323063269,0.999381894256371,0.00169405983538967,0.999651324965133,35.6294664579155,-7.59437103380314,-24.1545190963978,-7.85016831588131,0.999889057943451,112.530699613393,120.125070647196
15,4.8,63096,61825,618.25,0.537665704552544,-13.4642584170639,-5.48663105816797,9.52563539885399,52.2636470281365,0.999651324965133,0.999698871560796,0.00135979557457619,0.999302649930265,28.5992205244865,7.02231609817825,22.3350515189991,7.87293581160526,0.999904906808673,-98.3327669713395,-105.355083069518
15,4.8,63096,61830,618.3,0.525397138149904,-13.8747208940517,1.73890174639726,7.88192651465902,13.7058957813155,0.957889565107138,0.999350196525929,0.000892604637455487,0.997432483834158,18.7732607349638,-6.76828841654098,-21.5270956711996,-7.52864853274835,0.99987320907823,72.8403345053558,79.6086229218968
16,4.8,63096,20523,205.23,0.616511794110684,15.0990402306918,-6.16204395125045,-11.3629906827587,70.0192480048086,0.999857360213009,0.999762267021681,0.00258481424702137,0.999762267021681,54.3638132433535,-10.4414363511775,-17.9614502463172,-13.2125296215247,0.999857360213009,124.380275348133,134.82171169931
16,4.8,63096,29380,293.8,0.858248805637842,-6.01216242728245,-13.8870919899214,4.43055849299897,61.5275733590044,0.999603778369469,0.998034740712565,0.00238015059633294,0.999730569291239,50.0593273420745,-15.7452610745114,-27.085135980666,-13.0782704042914,0.999841511347788,-175.053323181677,-159.308062107166
16,4.8,63096,29381,293.81,1.39049320408441,-7.8543750033179,-13.7153293906766,5.87461855862144,80.5723285760749,0.999920755673894,0.998906428299734,0.00389192865453493,0.999904906808673,81.8550434621787,-19.3694680295234,-33.319528521637,-17.5634888159348,0.999904906808673,-225.26098035206,-205.891512322537
16,4.8,63096,29382,293.82,0.783220944949337,-10.1831344138313,-13.2680913392551,7.69259704296882,102.066080202194,0.999952453404336,0.999445289717256,0.00616400506465318,0.999952453404336,129.641354519786,-11.8098324538506,-20.3153772050967,-12.4265613414373,0.999762267021681,-270.723665985123,-258.913833531272
16,4.8,63096,29383,293.83,0.517214652480108,-13.0036441466112,-12.3823151930065,9.87470316704489,122.27168705173,0.999968302269557,0.999809813617345,0.00868904885149218,0.999984151134779,182.748075444584,10.8353688154166,18.639096320944,8.95534839429433,0.999524534043363,-294.549589398549,-305.384958213966
16,4.8,63096,29384,293.84,5.07441056134115,-16.1652840531923,-10.8514157565134,12.2736157473861,133.186107310577,1,0.999920755673894,0.00972503458533177,1,204.536927398698,39.0823312651938,67.2297684839791,41.4305732593787,0.999936604539115,-280.527480076114,-319.609811341308
16,4.8,63096,29385,293.85,7.10512825689032,-19.2522911400183,-8.49471793687988,14.5109034212315,123.266031572667,0.999984151134779,0.999952453404336,0.00745021105394439,0.999968302269557,156.692838886558,51.0027535344935,87.7353832580398,60.7444368491947,1,-222.811692913832,-273.814446448325
16,4.8,63096,29386,293.86,3.26868796251395,-21.5794900069718,-5.31131357757231,15.9749643851471,84.8480452400659,0.999936604539115,0.999984151134779,0.00303538451271471,0.999825662482566,63.8402070714159,31.9866356044395,55.0236906717752,41.4753570617916,0.999952453404336,-128.187208643043,-160.173844247483
16,4.8,63096,29388,293.88,5.43976407002715,-21.7303306662753,1.96247375363405,14.5882015531,28.6289626606821,0.991774438950171,0.999968302269557,0.00229542023041328,0.999683022695575,48.277278286052,-44.5411132185705,-76.6200130023986,-54.1096308429671,0.999968302269557,90.3420340933346,134.883147311905
16,4.8,63096,29389,293.89,6.73201175715141,-19.8220534885636,4.93859860331932,11.9321497286721,58.9280979846172,0.999556231773805,0.999936604539115,0.00483027808499145,0.999920755673894,101.59040868354,-51.1510988851201,-87.9905682292389,-57.4242242933966,0.999984151134779,166.08639933408,217.2374982192
16,4.8,63096,29390,293.9,2.77098820637065,-17.5164477904412,7.08500259184045,8.7376232537663,61.9060833994596,0.999667173830354,0.99987320907823,0.00507810564093096,0.999936604539115,106.80271784006,-30.5080358785025,-52.4801904752106,-30.2320680005689,0.999920755673894,196.548703141136,227.056739019638
16,4.8,63096,29397,293.97,0.530225875918544,-15.3721332615863,7.48338272146082,-8.30507528239204,62.150056868684,0.999683022695575,0.999603778369469,0.00212311417245408,0.999556231773805,44.6533372750541,10.4677256373612,18.0066733066241,11.933246395291,0.999730569291239,-102.272124643936,-112.739850281297
16,4.8,63096,29398,293.98,0.577904583137017,-16.4789480669413,6.07068308160773,-9.66010686796453,58.6434473298749,0.999540382908584,0.999778115886902,0.00178537512515135,0.999381894256371,37.5500096321831,11.6531402404825,20.0458338875168,13.8695114366697,0.99987320907823,-88.960269071561,-100.613409312043
17,4.8,63096,17234,172.34,0.516804876485524,-12.6263326695931,-7.43501400256097,9.14686577741585,68.0070751346326,0.999968302269557,0.999461138582478,0.00243377360023582,0.999904906808673,51.1871263601597,7.75054680036513,22.0473129670983,8.73733066192329,0.999793964752124,-144.437788195366,-152.188334995732
17,4.8,63096,17235,172.35,0.946445722992538,-14.0677251601823,-6.16476774142358,10.1001703259894,62.2652042085429,0.999841511347788,0.999793964752124,0.00191360781029038,0.999698871560796,40.2469994660272,10.1943973582488,28.9991241724627,11.7089515387234,0.999968302269557,-120.368692085219,-130.563089443468
17,4.8,63096,17239,172.39,0.857659872713736,-15.5848185345281,0.640381989347508,9.73991535931489,6.23726637387441,0.87411246354761,0.999809813617345,0.000712136863237072,0.995102700646634,14.9776625076021,-9.99861309784786,-28.4421935488209,-11.0729406973388,0.999904906808673,53.162516105054,63.1611292029019
17,4.8,63096,17240,172.4,0.881178460065892,-14.7697072728447,2.14650478829816,8.48915366294728,18.2220089861152,0.978223659186002,0.999381894256371,0.00115111274614097,0.99822492709522,24.2102032768368,-10.3493050357659,-29.4397767012706,-11.3422109236631,0.999936604539115,84.3128399456803,94.6621449814462
17,4.8,63096,39417,394.17,1.15496936105599,-13.393473511005,-7.313782666122,9.72878075256398,71.1541880306038,0.999984151134779,0.999714720426018,0.00264522775764971,0.999984151134779,55.6344301988887,10.5020007771833,29.8741371259589,11.6859750194621,0.999952453404336,-147.563694796275,-158.065695573458
17,4.8,63096,39418,394.18,1.21811847049334,-14.8606628215739,-5.87546102153933,10.6786016909304,62.7417079996057,0.999857360213009,0.999936604539115,0.00191079701557492,0.999683022695575,40.1878828315718,11.7630220168276,33.4612556409114,13.5520714866241,1,-117.144012669129,-128.907034685956
17,4.8,63096,39421,394.21,0.5748653710388,-16.3730952291303,-0.351727731451742,10.7006424726126,3.7637127019682,0.800668822112337,0.999968302269557,0.000499870188898194,0.99074426271079,10.5132698129068,-8.18773119338316,-23.2909337574076,-9.29237570518483,0.999841511347788,29.3131579554401,37.5008891488232
17,4.8,63096,39422,394.22,1.21865393346638,-15.739682836969,1.40071301790625,9.61028525010305,13.4612516556118,0.955781666032712,0.999841511347788,0.00100385258373467,0.99771776340814,21.1130275411075,-11.9783795471783,-34.0738646598311,-13.409691965311,0.999984151134779,71.5554490336539,83.5338285808322
17,4.8,63096,39423,394.23,0.859277669721699,-14.7436432352348,2.88671484508354,8.14941931912662,23.5250497273334,0.987162419170787,0.999350196525929,0.00144211702729652,0.998874730569291,30.3306053181003,-10.3889528796312,-29.5525595080434,-11.2831079544665,0.999920755673894,99.3521708601217,109.741123739753
17,4.8,63096,56984,569.84,0.670842566914134,-13.2222971138017,-6.44539906728359,9.48127685056573,61.1106129692939,0.999809813617345,0.999572080639026,0.00187652147913199,0.999651324965133,39.4669997491041,8.39217621291053,23.8725008966283,9.51712643930938,0.999857360213009,-122.260036303663,-130.652212516573
17,4.8,63096,56985,569.85,0.531338169787157,-14.4026541174898,-5.07974696587181,10.1914839821817,51.7701598362186,0.999318498795486,0.999778115886902,0.00125775460586014,0.998494357803981,26.4530948704505,7.9195172388399,22.5279686208472,9.15450474441016,0.999809813617345,-92.4967114267825,-100.416228665622
17,4.8,63096,56989,569.89,0.609081957867239,-14.7437862748957,1.33847237091656,8.78379830159312,11.7568713383862,0.942452770381641,0.999413591986814,0.000850622083137649,0.996719284899201,17.890283652551,-8.93865839890816,-25.4270317053534,-10.015376772378,0.999889057943451,67.2980070368686,76.2366654357767
18,4.8,63096,19112,191.12,0.534325477843253,-6.97243236031244,-11.8154915928867,5.11273324734866,60.4094567007205,0.999778115886902,0.996624191707874,0.00217748646326477,0.999698871560796,45.7968952953847,-8.6460920568492,-21.1555728699406,-7.7478156674016,0.999762267021681,-161.751543271296,-153.105451214447
18,4.8,63096,19113,191.13,0.514088382832294,-8.66611127509513,-11.5070283404054,6.41529913354215,73.8210289418475,0.999936604539115,0.998399264612654,0.00319682453553815,0.999936604539115,67.2356136314383,-7.69861933098835,-18.8372621045178,-7.4066014095913,0.999683022695575,-192.2320740677,-184.533454736711
18,4.8,63096,19115,191.15,1.0586608931115,-12.8951574531842,-9.99012230268349,9.61456683332157,96.0506985522067,0.999984151134779,0.999857360213009,0.0052316437480434,1,110.031931308849,10.5416310398397,25.7936466747068,10.596141449658,0.999857360213009,-220.045394584431,-230.587025624271
18,4.8,63096,19116,191.16,3.40076910780163,-15.1950146405333,-8.57097421388417,11.2876231843244,96.7459272488856,1,0.999936604539115,0.00503373795374285,0.999984151134779,105.86957664312,21.8977430586237,53.580195065928,24.0553941573707,0.999952453404336,-200.144539706905,-222.042282765528
18,4.8,63096,19117,191.17,3.90266918600965,-17.2576961270329,-6.62310719675696,12.6838726363597,84.0066481406227,0.999952453404336,0.999952453404336,0.00346030977107761,0.999952453404336,72.7772351053043,24.1274281615216,59.0358697639564,28.5007731389416,1,-153.167195656398,-177.294623817919
18,4.8,63096,19118,191.18,1.14470290655647,-18.6996829438895,-4.21245650749151,13.4624062680342,56.7098008902754,0.999572080639026,0.999984151134779,0.00142674529791492,0.999001521491061,30.0073071057466,13.0889408851935,32.0264971580658,16.4671547914602,0.999920755673894,-84.7627152881062,-97.8516561732997
18,4.8,63096,19120,191.2,2.58953971682291,-18.7355983595135,1.02181524995216,12.2850668107624,12.5530686139182,0.949426271078991,0.999968302269557,0.00119644471541471,0.998652846456194,25.1636252546021,-22.1924697357044,-54.3013430311241,-25.567232137352,0.999968302269557,65.5546634487199,87.7471331844242
18,4.8,63096,19121,191.21,3.4548450545945,-17.5071223138073,3.2511479650452,10.4711694397359,34.0433212156407,0.994991758590085,0.999920755673894,0.00238530965271019,0.999793964752124,50.1678326158008,-25.3352579653109,-61.9912317078892,-28.0607471684923,0.999984151134779,119.628735020205,144.963992985516
18,4.8,63096,19122,191.22,1.66457538937707,-15.9188223206844,4.9868771903086,8.23964471308083,41.0900962759096,0.998034740712565,0.999809813617345,0.00280887292267122,0.999920755673894,59.0762153096211,-16.8126066148671,-41.1376980531577,-17.4494956038649,0.999936604539115,146.237108493453,163.04971510832
18,4.8,63096,33270,332.7,0.625649784313417,-13.3068335221516,-7.01549422217432,9.62359012425813,67.5142409133068,0.999904906808673,0.999587929504247,0.00230083497877545,0.99974641815646,48.3911612736054,8.96805172387107,21.9433555065443,10.6076869009495,0.99987320907823,-138.775757220698,-147.74380894457
18,4.8,63096,33271,332.71,0.676491492502778,-14.6717772271952,-5.60868483035335,10.4889737051515,58.8293477060584,0.999714720426018,0.999841511347788,0.00163331380427205,0.999334347660708,34.3518559314498,9.93350008551212,24.3056497121308,11.943086427882,0.999889057943451,-108.489505527243,-118.423005612756
19,4.8,63096,32401,324.01,0.649377105345914,14.0357507002969,-6.67726133962064,-10.6073729301842,70.8282011816573,0.99987320907823,0.999825662482566,0.00298468228315208,0.999857360213009,62.7738377792545,-9.06096109562569,-24.1209111425824,-10.5840278799684,0.999857360213009,131.867601869995,140.92856296562
19,4.8,63096,32402,324.02,0.540438423595359,15.3159997789528,-5.26848778867384,-11.3756032852294,59.9322269970292,0.999778115886902,0.999857360213009,0.00199955363931411,0.999683022695575,42.0546121420545,-9.11246444700629,-24.2580166603179,-10.7214586186907,0.99987320907823,99.8790671477557,108.991531594762
19,4.8,63096,32406,324.06,0.552182394507567,15.6895771433129,1.4330004156839,-9.7573406132068,13.9822731546948,0.960472930138202,0.999809813617345,0.00102654274386407,0.998034740712565,21.590246988949,10.2592391283901,27.3108109387942,11.4185207647926,0.999889057943451,-71.9693477671381,-82.2285868955283
19,4.8,63096,43116,431.16,1.56032403201137,13.9918342181632,-9.23065789366741,-10.9165619383282,100.767048627739,1,0.99987320907823,0.00653889453067311,1,137.526029769117,-13.1021950381388,-34.878958087603,-14.2352414412053,0.999936604539115,206.629629305533,219.731824343671
19,4.8,63096,43117,431.17,3.72050896248854,16.1384056752527,-7.72668465862079,-12.428421027896,96.0304900871241,0.999984151134779,0.999936604539115,0.00552018947753921,0.999968302269557,116.100625091605,-21.2388337663106,-56.5392585447228,-24.367289074605,0.999984151134779,178.773132476251,200.011966242562
19,4.8,63096,43118,431.18,2.95769006553179,17.9376428258099,-5.74301338104475,-13.562560973215,77.889969150409,0.999936604539115,0.999968302269557,0.00330093608797724,0.999889057943451,69.4252878023373,-19.4936139969354,-51.8933616539726,-23.5043338342955,0.999968302269557,127.242641013334,146.73625501027
19,4.8,63096,43120,431.2,0.552232542623588,19.2547062534606,-0.893666007795736,-13.5875668860962,12.1427466547551,0.946462533282617,0.999984151134779,0.000570373738654108,0.992503486750349,11.9961004713732,10.6408359731517,28.3266483855775,12.0870350047488,0.999904906808673,-13.78533379559,-24.4261697687417
19,4.8,63096,43121,431.21,2.96220497559184,18.5887021348346,1.45221121102061,-12.3044124930936,17.8686057674926,0.977573855711931,0.999952453404336,0.00147076354696963,0.999318498795486,30.9330989198652,21.6731032977075,57.6953143613419,24.8074392754116,1,-77.7516914903014,-99.424794788009
19,4.8,63096,43122,431.22,3.03007977549173,17.3203766321228,3.43116553590987,-10.3920929728484,35.6569912544085,0.996434005325219,0.999920755673894,0.00260439779319182,0.999793964752124,54.7756943864104,21.4786809918383,57.1777486070567,23.4220405343586,0.999952453404336,-121.381800213003,-142.860481204841
19,4.8,63096,43123,431.23,1.1234355023534,15.8121296910033,4.95244404469685,-8.15776901443612,40.4008945735567,0.998003042982123,0.999793964752124,0.00291194450537708,0.999841511347788,61.2440168370907,12.2578171611599,32.6311652181243,12.5509402569793,0.999920755673894,-139.015420119937,-151.273237281097
20,4.8,63096,435,4.35,0.636236969494308,-13.1556994777031,-9.86456867732999,9.80831330401445,96.75478019622,1,0.999587929504247,0.00513018065661061,1,107.897959569834,11.4004487336759,24.0393957761799,12.5627738360521,0.999698871560796,-219.072602937963,-230.473051671639
20,4.8,63096,436,4.36,2.06781035103383,-15.4494173116914,-8.38651812659774,11.4684256864626,96.1801599030581,0.999984151134779,0.999857360213009,0.00478981638310065,0.999984151134779,100.739418169373,22.2940570505982,47.0100496406743,25.5549659213859,0.999952453404336,-196.169732008394,-218.463789058993
20,4.8,63096,437,4.37,2.26750934043643,-17.4651739918759,-6.37902040124427,12.8152612611801,81.7488130323433,0.999889057943451,0.999968302269557,0.00314701264337646,0.999825662482566,66.1879699154936,23.2108901361077,48.9433168232331,28.1363627675315,1,-146.568930845412,-169.77982098152
20,4.8,63096,440,4.4,2.23014123258917,-18.6390310541423,1.29654574335694,12.1212897369962,15.7158066124986,0.970949030049448,0.999952453404336,0.00131234387876353,0.998526055534424,27.6012164581546,-23.2482453706628,-49.0220854128526,-26.825842216585,0.999968302269557,72.8204745429448,96.0687199136076
20,4.8,63096,441,4.41,2.71890749950501,-17.3476042447044,3.47709585263602,10.2405142725049,35.6072497057869,0.996053632559909,0.999793964752124,0.00243665465983108,0.99961962723469,51.2477208055673,-25.0418070494344,-52.8040540048098,-27.8138464621153,0.999984151134779,123.845636330258,148.887443379693
20,4.8,63096,442,4.42,1.07021889740059,-15.7414308262051,5.15659401222523,7.98003167684401,41.1497835621815,0.997686065677697,0.999429440852035,0.00273175268682416,0.999698871560796,57.4542225092858,-15.3764896786232,-32.4234185572787,-16.2184152026394,0.999809813617345,147.266886906091,162.643376584714
20,4.8,63096,15672,156.72,0.920422608125455,-14.1204480726015,-8.33279489859684,10.4158716522461,86.793322168276,0.999952453404336,0.999635476099911,0.00390625297467535,0.999936604539115,82.156312563372,14.4292603992571,30.4260568683299,16.7260326376938,0.999825662482566,-183.587387897444,-198.016648296701
20,4.8,63096,15673,156.73,1.2697207534532,-15.9947490260422,-6.67699886491163,11.6885723764791,78.0445844901885,0.99987320907823,0.999825662482566,0.00292734679663026,0.999762267021681,61.5679578267277,17.9389261461124,37.8266641515797,21.6080313233767,0.999920755673894,-147.805098586917,-165.74402473303
20,4.8,63096,15674,156.74,0.532259791147477,-17.4059477289319,-4.61734449799675,12.4927815403383,57.6834761099562,0.999461138582478,0.999920755673894,0.00145857368918617,0.998795486243185,30.6767218309636,11.9558134400131,25.2104577481817,15.1837297224511,0.999778115886902,-92.9611570856314,-104.916970525645
20,4.8,63096,15676,156.76,0.664452359402171,-17.9359870278237,0.0253431931141596,11.8941527140421,0.301435809161275,0.323617978952707,0.99987320907823,0.000684283464038506,0.994706479016102,14.3918498156579,-14.0129830656398,-29.5482795273451,-16.0447618888183,0.999793964752124,38.6024190725023,52.6154021381421
20,4.8,63096,15677,156.77,1.42355173178318,-17.0694634861079,2.13137305504162,10.4971847435429,22.3734167161812,0.986496766831495,0.999778115886902,0.00152198466777329,0.998906428299734,32.0103815326079,-19.0457646511397,-40.1605835879322,-21.7344895377637,0.999936604539115,92.0134991092909,111.059263760431
20,4.8,63096,15678,156.78,1.01260299575369,-15.76810694242,3.85858316591703,8.64095585571961,33.3418468023119,0.995039305185749,0.999445289717256,0.00210759125376908,0.999461138582478,44.3268592492714,-15.2092708952337,-32.0708150230654,-16.8148010217962,0.999841511347788,124.371089337623,139.580360232856
20,4.8,63096,60929,609.29,0.992240523589082,-14.4226147971713,-7.83187379758687,10.5964383978491,82.9899682358579,0.999904906808673,0.999667173830354,0.003503840225827,0.999904906808673,73.6927676295934,15.2123706026153,32.0773511774113,17.6445560244337,0.99987320907823,-170.992387618456,-186.204758221071
20,4.8,63096,60930,609.3,1.03954729771689,-16.1483188389547,-6.12264473200853,11.7316114908461,71.8284892923993,0.999793964752124,0.999809813617345,0.00241849615886501,0.999603778369469,50.865811213249,16.4303092244797,34.6455403115466,19.8892368293094,0.999889057943451,-131.725372475313,-148.155681699793
20,4.8,63096,60933,609.33,0.714361020927302,-17.535045262652,0.430822120835642,11.4427153807491,4.92977490845296,0.840497020413338,0.999841511347788,0.000788674049990421,0.99594269050336,16.5873926193985,-14.6532975523772,-30.898469658233,-16.8291375888028,0.999857360213009,49.5172125728118,64.170510125189
20,4.8,63096,60934,609.34,1.29183144010237,-16.5941777664225,2.40413456084409,9.98332016163278,24.001245032553,0.988525421579815,0.999651324965133,0.00157299556168079,0.998953974895398,33.0832426532703,-17.9624842945306,-37.8763397096921,-20.2878954513143,0.999904906808673,96.7021339966904,114.664618291221
20,4.8,63096,60935,609.35,0.759829252860654,-15.2959883130475,4.00157977602973,8.13618968283697,32.5576120887822,0.994627234689996,0.999286801065044,0.00200863321697869,0.999381894256371,42.2455738194959,-13.1905391972498,-27.8140448390632,-14.3687350336862,0.999762267021681,123.426362321198,136.616901518448
1,4.6,39811,10989,109.89,0.754194938441895,13.6805576051818,-7.65706772826659,-10.4738285262016,80.1988143993762,0.999849287885258,0.999346914169451,0.00527081061836165,0.999799050513677,69.9454138425319,-9.04861265027986,-19.7266447648102,-10.9537322057109,0.999572982341564,156.884326128793,165.932938779073
1,4.6,39811,10990,109.9,0.895323543060979,15.2545750596974,-6.28927216828032,-11.5077123944465,72.3751352829671,0.999623219713145,0.999598101027354,0.00402965149350979,0.999572982341564,53.4748185360394,-11.5615215610607,-25.2049720316722,-14.1237420791041,0.999824169199467,129.236125837535,140.797647398595
1,4.6,39811,10994,109.94,1.09386809159549,16.6493742131756,1.02498955380305,-10.7568755849521,11.025685106135,0.935168671975082,0.999547863655774,0.00138173092270613,0.996558740046721,18.3360299212846,12.2783126379102,26.7676295892546,13.9725009350593,0.999799050513677,-64.719981937229,-76.9982945751393
1,4.6,39811,10995,109.95,0.922816376429922,15.6914302469876,2.58264886511544,-9.26363117932252,23.9247065521254,0.985179975383688,0.999246439426289,0.00217408564760422,0.99861847228153,28.8508412389238,11.5634459833946,25.2091674146801,12.8761690340725,0.999748813142096,-96.2121805325134,-107.775626515908
1,4.6,39811,11827,118.27,0.532672901836111,13.4104997776882,-7.435075780772,-10.230499760619,76.0645409953723,0.999748813142096,0.99927155811208,0.0047218882455627,0.999723694456306,62.6610309813656,-7.66358419047592,-16.7071802931092,-9.61270266949981,0.999422270226822,148.094982904169,155.758567094645
1,4.6,39811,11828,118.28,0.686498410839391,14.8882335203365,-6.13640936850838,-11.1915577998064,68.6759801309347,0.999598101027354,0.999522744969983,0.00362301649886799,0.999497626284193,48.0786366121445,-10.0586665139128,-21.9286368857343,-12.5283440509336,0.999723694456306,122.095692373072,132.154358886985
1,4.6,39811,11832,118.32,0.641381597051663,16.2943096948812,0.769771327742809,-10.5413644183405,8.11444008452677,0.90849262766572,0.999472507598402,0.00118164430596051,0.995679586044058,15.6808138215313,10.1529821128517,22.1342518665006,11.8085390027963,0.999673457084725,-58.2136069823269,-68.3665890951786
1,4.6,39811,11833,118.33,0.569213827406102,15.4267490664079,2.26769251975706,-9.16476923754747,20.782878645286,0.981060510914069,0.999171083368918,0.00187665563362853,0.998191454623094,24.9038458101284,9.79919146050679,21.3629620799162,11.298640130861,0.999623219713145,-88.8276868908779,-98.6268783513847
1,4.6,39811,14178,141.78,0.86994313508345,13.3992186884438,-8.85085184119121,-10.4057325484345,92.0995970852547,1,0.999422270226822,0.00722292530979361,1,95.8506265027312,-9.27761937456592,-20.2258963598715,-10.7249609943273,0.999497626284193,188.895443229338,198.173062603904
1,4.6,39811,14179,141.79,1.62087034114139,15.3427840837258,-7.50255933740264,-11.7645195847062,88.2640062602935,0.99997488131421,0.999748813142096,0.00621655069881178,0.999949762628419,82.4956999567986,-15.515757769394,-33.825499400089,-18.4424361806752,0.999949762628419,166.339469133537,181.855226902931
1,4.6,39811,14180,141.8,1.53563817683089,16.9998795930551,-5.74023402856396,-12.80748452221,73.5179584746959,0.999673457084725,0.999949762628419,0.00398556986049343,0.999522744969983,52.8898405720347,-15.2098013866985,-33.1584918589083,-18.9302092227209,0.99997488131421,122.828405851229,138.038207237927
1,4.6,39811,14183,141.83,1.72313755142028,17.9735586902178,0.765225385862378,-11.9985468875319,9.18159267179945,0.92102685187511,0.999899525256839,0.00143465299499373,0.996734570847253,19.0383234612318,15.1798034688806,33.093094179579,17.6899506710864,0.999924643942629,-60.2558002275631,-75.4356036964437
1,4.6,39811,14184,141.84,2.22609604137266,16.9463767621483,2.64889563849977,-10.3834163726139,27.5045863421442,0.988947778252242,0.999572982341564,0.00265138266801967,0.999171083368918,35.1847317988437,16.9658652360809,36.9868409196917,19.25832476115,1,-103.194293010584,-120.160158246665
1,4.6,39811,14185,141.85,0.821019036762945,15.6252412100071,4.15051281497784,-8.41989132029828,34.9468668256187,0.995001381527718,0.999196202054708,0.00324581928826671,0.999346914169451,43.0731038950621,10.8883011831788,23.7373018200958,12.0833366692628,0.999698575770516,-124.998414574951,-135.88671575813
1,4.6,39811,30702,307.02,0.555043961069908,-14.1720679988759,-6.01298426446921,10.1593560671264,61.0880481687706,0.999372032855241,0.99929667679787,0.00250047899314712,0.998995252568386,33.18218973206,9.54170831320434,20.8016297767146,11.4604082025707,0.999648338398935,-116.974102120951,-126.515810434156
1,4.6,39811,30706,307.06,0.505727571720691,-15.4950450344434,0.783642536644576,9.6166721299105,7.53603334196226,0.899525256838562,0.999221320740499,0.00107018043983235,0.994750194669815,14.2016511633886,-9.35297802742841,-20.3901837962363,-10.795022979837,0.999547863655774,56.8210446834358,66.1740227108642
1,4.6,39811,30707,307.07,0.504307893802537,-14.6555959494227,2.26055744062226,8.34218825117685,18.8579957222694,0.977443420160257,0.998744065710482,0.00163371072809992,0.997538368792545,21.6798859321286,-9.14756645105166,-19.9423713685888,-10.5289754982418,0.999472507598402,86.614958240776,95.7625246918277
1,4.6,39811,33918,339.18,0.749019089353518,13.4936740553928,-8.05160529764576,-10.38036994541,83.5786416439863,0.999924643942629,0.99932179548366,0.00581300765480066,0.999899525256839,77.140549248423,-9.12699587312773,-19.8975259874242,-10.7669353405745,0.999522744969983,166.362769634364,175.489765507492
1,4.6,39811,33919,339.19,1.1307806193207,15.1803945173183,-6.71123331490041,-11.5171382561046,77.2942019566828,0.999799050513677,0.999623219713145,0.00467483940729688,0.999673457084725,62.0366772146321,-13.0738522054434,-28.5019646803463,-15.4368957955479,0.999899525256839,141.00503262064,154.078884826084
1,4.6,39811,33920,339.2,0.653323895696346,16.5442413233567,-5.02983872243424,-12.3125699976989,61.9302413471078,0.999397151541031,0.999824169199467,0.00280590594147427,0.999246439426289,37.235307145344,-10.6465952171642,-23.2103649388982,-13.1401629644574,0.999773931827887,99.4089259802293,110.055521197394
1,4.6,39811,33923,339.23,1.31052052031984,17.0435184910942,0.831185291554425,-11.1693578214765,9.28380593731964,0.922182311421466,0.999673457084725,0.00133359739784335,0.996382909246188,17.6972820018471,13.4597253805451,29.343196739193,15.2367315064577,0.999874406571048,-60.1289147060334,-73.5886400865785
1,4.6,39811,33924,339.24,1.32202424736473,16.0920546970814,2.49135152338891,-9.67138250648868,24.0948135408174,0.985406043555801,0.999372032855241,0.00223759267104089,0.998744065710482,29.6936006089363,13.424820495748,29.267101508956,15.0400492341161,0.999849287885258,-95.8007598939462,-109.225580389694
2,4.6,39811,18204,182.04,0.608648367375271,-12.8935013706193,-7.17699110341805,9.32266632179062,66.9086932516264,0.999824169199467,0.999497626284193,0.00362853347102604,0.999723694456306,48.1518486716726,8.49778967165048,20.6058912422785,9.71864203637932,0.999748813142096,-139.431316734572,-147.929106406222
2,4.6,39811,18205,182.05,0.813292375851061,-14.277429351301,-5.85693438128264,10.2182749736645,59.8477660106555,0.999773931827887,0.999723694456306,0.00272100180933289,0.999598101027354,36.1086010104506,10.0018100132851,24.2529195618059,11.6629645770334,0.999824169199467,-112.950649979116,-122.952459992401
2,4.6,39811,18209,182.09,0.803273599910125,-15.4029140131618,0.929078349922509,9.48947315645782,8.81646406183578,0.915023485971214,0.999698575770516,0.00123128142544819,0.996759689533044,16.3395149428393,-10.2325730747498,-24.8124860762773,-11.3664509979322,0.999799050513677,59.5758223584324,69.8083954331822
2,4.6,39811,18210,182.1,0.836567491608458,-14.5398265482735,2.37631463249192,8.19163079314588,19.465892117724,0.980834442741956,0.99929667679787,0.00186426064262235,0.998718947024692,24.7393601478128,-9.5917867144415,-23.2586733131658,-10.4415276172226,0.999773931827887,88.1121753779445,97.703962092386
2,4.6,39811,18211,182.11,0.524032065250423,-13.4926807663146,3.5476223804064,6.68578194677286,23.7186296648884,0.986762452588481,0.998291929366256,0.00208977806172409,0.999045489939966,27.7320514717659,-5.85897656560861,-14.2071572216897,-6.26986754021374,0.999547863655774,101.796097234335,107.655073799944
2,4.6,39811,34734,347.34,0.585479945467882,6.28512842281759,-11.5088349525914,-5.09907631321571,58.6844276994679,0.999748813142096,0.995704704729849,0.00440704896093632,0.999824169199467,58.4830087279453,6.88923061648491,16.7053719039261,5.45316807744206,0.999346914169451,133.536902644961,126.647672028476
2,4.6,39811,34735,347.35,0.849494333753421,7.70061638036092,-11.3662872495361,-6.18846358122863,70.3398546975377,0.999874406571048,0.99789003039361,0.00594998118371558,0.999874406571048,78.958233634967,8.47587000669236,20.5527392757499,7.10109367261791,0.999673457084725,162.550564965351,154.074694958659
2,4.6,39811,34736,347.36,0.676873621295983,9.39831027962081,-11.0419470491577,-7.48726299548289,82.6739615392403,0.999899525256839,0.999020371254176,0.00784496861381082,0.999924643942629,104.105348494807,6.68634101202531,16.2133944268145,5.84402114212844,0.999422270226822,189.826839410057,183.140498398032
2,4.6,39811,34738,347.38,1.26838299423348,13.5348484862323,-9.50175149283471,-10.5861529504874,100.586994600671,1,0.999849287885258,0.0106046714220412,1,140.727524660961,-10.9638885336346,-26.5858186005983,-11.8608518895311,0.999849287885258,209.617736580748,220.581625114382
2,4.6,39811,34739,347.39,3.35146668532551,15.7184504853356,-8.09754389723777,-12.1445696589886,98.3411859267221,0.99997488131421,0.999899525256839,0.00947896874695754,0.999949762628419,125.789074928376,-20.5124707488993,-49.7397273519649,-23.0554876146811,0.999924643942629,187.212819034224,207.725289783123
2,4.6,39811,34740,347.4,3.55638689246452,17.6263809676304,-6.20597351810858,-13.389274324863,83.0934818867908,0.999924643942629,0.999949762628419,0.00617542584031127,0.999899525256839,81.9499593762106,-21.2747989672005,-51.5882612606869,-25.1391338421091,1,140.128150831226,161.402949798427
2,4.6,39811,34741,347.41,0.789375389070442,18.911200122589,-3.90592473509981,-14.0094650188825,54.7199159427689,0.999623219713145,1,0.00247500130643002,0.999397151541031,32.8440923367619,-10.336587583662,-25.0647059759314,-12.859775790728,0.999874406571048,74.2444721518813,84.5810597355433
2,4.6,39811,34743,347.43,2.58517431042811,18.8121942143465,0.995006578408778,-12.6516925449693,12.5885173102498,0.949436085504006,0.999924643942629,0.0019179550678218,0.998894777825224,25.4519030683512,20.3188812524967,49.2703012702829,23.5556815258146,0.999949762628419,-65.8748912764907,-86.1937725289874
2,4.6,39811,34744,347.44,3.3388706841682,17.6355689250477,3.06775991299836,-10.8397691226056,33.253809180487,0.995302805757203,0.999874406571048,0.00384573557900442,0.999748813142096,51.0341930452484,22.5681181140361,54.7243701444074,25.0977232725182,0.99997488131421,-114.526508376941,-137.094626490978
2,4.6,39811,34745,347.45,1.7196989640816,16.1434423888166,4.68899483395078,-8.64127775565862,40.5189067550171,0.998191454623094,0.999748813142096,0.00468121412544101,0.999849287885258,62.1212718493107,14.3227538989917,34.7305735416278,15.0709471146692,0.999899525256839,-138.071433456376,-152.394187355368
3,4.6,39811,2653,26.53,1.02377905947885,-13.8284351469627,-8.08437429229297,10.1594492517312,82.1327903545505,0.999899525256839,0.999698575770516,0.00554318077704032,0.999874406571048,73.5598566382507,12.9686669610796,26.9660725900841,14.8625479936559,0.999773931827887,-173.495054815035,-186.463721776115
3,4.6,39811,2654,26.54,1.59334919971519,-15.5891480912748,-6.51150761183748,11.3451137155415,73.8737943159105,0.999824169199467,0.999773931827887,0.00417491524087675,0.999773931827887,55.4025168848481,15.9835321718478,33.2349569994749,18.8854466062018,0.999824169199467,-140.31786138477,-156.301393556618
3,4.6,39811,2655,26.55,0.581281019748499,-16.9212000428692,-4.56935674568565,12.0968765216675,55.2749443360077,0.999572982341564,0.999849287885258,0.00214534034910003,0.999221320740499,28.469381546007,11.0097976028736,22.8929466885243,13.7137960360201,0.999748813142096,-89.3343102882789,-100.344107891153
3,4.6,39811,2657,26.57,0.573944288504827,-17.4896335383694,-0.190358522629737,11.5814173298644,2.20462149287143,0.720554620582251,0.999824169199467,0.000952872459759373,0.992891411921328,12.6449351651601,-11.6388795082659,-24.2010123807677,-13.2657443549924,0.999723694456306,33.0603197067331,44.6991992149991
3,4.6,39811,2658,26.58,1.51964334556307,-16.7236369931114,1.82001538674004,10.3071849321143,18.7592351704231,0.979678983195599,0.999748813142096,0.00207826453614857,0.999171083368918,27.5792631495369,-17.2313584289172,-35.8295932507512,-19.4843656173455,0.999849287885258,83.1564957088712,100.387854137788
3,4.6,39811,2659,26.59,1.05580373047103,-15.5310575013817,3.49250693134649,8.58950550355209,29.9989075079945,0.992640225063425,0.999623219713145,0.00296277732011209,0.999572982341564,39.3170426303274,-14.4370615771735,-30.0193421302234,-15.9060318360582,0.999799050513677,115.176697871019,129.613759448192
3,4.6,39811,20964,209.64,0.545306734928383,-6.571334742762,-12.1348987453713,4.8134209142635,58.4103754134401,0.999673457084725,0.996784808218834,0.0032233797129519,0.999673457084725,42.7753232507761,-9.90070791767948,-20.5867888505897,-8.40593002276219,0.999623219713145,-158.534838156136,-148.634130238456
3,4.6,39811,20965,209.65,0.598565856078262,-8.23423377137493,-11.882355265967,6.09746799935341,72.4522809911821,0.999799050513677,0.99859335359574,0.00483284235189115,0.999824169199467,64.1334289570462,-10.0943608684404,-20.989456259906,-8.98389969870269,0.999698575770516,-191.784712326736,-181.690351458296
3,4.6,39811,20967,209.67,0.620824216999925,-12.5060131248116,-10.5167928844341,9.35184100960644,98.3513749861885,0.99997488131421,0.999673457084725,0.00863666945933074,0.99997488131421,114.611482615139,8.03166519583274,16.7004417138681,8.41603057203685,0.999648338398935,-230.131435400671,-238.163100596504
3,4.6,39811,20968,209.68,3.09461923364448,-14.9246242874004,-9.17338461677083,11.1365297890931,102.159671051477,1,0.999799050513677,0.00888722866809762,1,117.936486835211,21.6730177688828,45.0652462705559,24.1108722171635,0.999924643942629,-216.119751376393,-237.792769145276
3,4.6,39811,20969,209.69,4.44369012768041,-17.1873133886851,-7.26816120591045,12.7132468082443,92.401927252846,0.999949762628419,0.999924643942629,0.00667575184517327,0.999924643942629,88.5894522360643,27.3431578151693,56.8553098555781,32.4094884792479,1,-172.781936143291,-200.125093958461
3,4.6,39811,20970,209.7,1.7494758755358,-18.8828043273341,-4.83406716354148,13.7156918852611,66.3025757677929,0.999773931827887,0.99997488131421,0.00306980995870049,0.999648338398935,40.7374014219418,18.147531122047,37.7346139766389,22.8140294375518,0.999899525256839,-104.388579317028,-122.536110439075
3,4.6,39811,20972,209.72,2.29802673817775,-19.3078948444813,0.672338819328536,12.8699649368958,8.65297703047218,0.915299791514908,0.999949762628419,0.00168966233843841,0.998342166737836,22.4223824518572,-21.6189109152772,-44.9527405406819,-25.7102282278821,0.999949762628419,56.2488331071652,77.8677440224424
3,4.6,39811,20973,209.73,4.15928672071532,-18.1129560801522,3.08459599214413,11.0727134791375,34.1548476199078,0.995403280500364,0.999874406571048,0.00382534582481806,0.999723694456306,50.7636142106106,-28.4823311278646,-59.224021330321,-32.372591511428,0.99997488131421,117.268961294924,145.751292422788
3,4.6,39811,20974,209.74,2.20354276488495,-16.4674796032558,4.97846578300609,8.77098556760907,43.666051531582,0.998744065710482,0.999723694456306,0.00483124567960546,0.999799050513677,64.112240583591,-20.4675935192112,-42.5587775705698,-21.8796341866664,0.999874406571048,150.399609541378,170.86720306059
5,4.6,39811,37510,375.1,0.669939308134527,12.7417578956015,-8.45032722999332,-9.84158884761612,83.1646462254091,1,0.999723694456306,0.00677968671525118,1,89.9687026069549,-6.66838125774458,-18.5932559123769,-7.76684704352647,0.999748813142096,170.10209684828,176.770478106025
5,4.6,39811,37511,375.11,1.3240098198422,14.4775794375842,-7.26307244788443,-11.0451955202877,80.2220552648981,0.99997488131421,0.999899525256839,0.00594954727379425,0.999949762628419,78.9524755056742,-11.913387460606,-33.2177560455308,-13.7401198510746,0.999949762628419,152.163618603513,164.077006064119
5,4.6,39811,37512,375.12,1.29221896635013,15.98508795432,-5.72592978243498,-11.9925848979351,68.6686990354667,0.999899525256839,0.999949762628419,0.00405188013402784,0.999824169199467,53.7698000052608,-12.3675697801898,-34.4841395608842,-14.666594046549,0.99997488131421,117.057699703816,129.425269484006
5,4.6,39811,37515,375.15,1.3030242518032,17.2434254228888,0.0496132258418457,-11.6042780048547,0.57572566538642,0.437994524126498,0.999924643942629,0.00103505424837415,0.994097108839265,13.7355148940077,11.1474148930693,31.0820167379545,12.563190169135,0.999924643942629,-40.6719321702328,-51.8193470633021
5,4.6,39811,37516,375.16,1.87274059953638,16.4685186882879,1.81311206330787,-10.2954993331713,18.6668940387509,0.979277084222953,0.999874406571048,0.00206049449378251,0.998819421767853,27.3434487639919,13.8002444766541,38.4788252635965,15.3870406711218,1,-82.6060172350615,-96.4062617117156
5,4.6,39811,37517,375.17,1.18307797749474,15.3634540972569,3.27436428283337,-8.62544315585846,28.2428429931525,0.990756323629148,0.999598101027354,0.00283788388147669,0.999497626284193,37.6596650684895,10.588114077531,29.5225343398496,11.5186542953886,0.999899525256839,-107.55301979506,-118.141133872591
6,4.6,39811,8592,85.92,0.716879390172212,8.270456452591,-11.9927622449938,-6.67102903072044,80.0040650948816,0.999748813142096,0.998241691994675,0.00700781180716905,0.999799050513677,92.9959986184024,11.9843812865598,21.606998772238,9.56480042291469,0.999572982341564,188.771644576328,176.787263289768
6,4.6,39811,8595,85.95,1.74492997079681,15.0081794380484,-9.62200872941523,-11.7646164470088,113.19924215134,1,0.999748813142096,0.0123044894913089,1,163.284677046166,-18.4424270747446,-33.2504023055396,-21.7056637353483,0.999773931827887,229.28574302971,247.728170104455
6,4.6,39811,8596,85.96,3.25636929684549,17.4241483328019,-7.84125727632125,-13.4712840403613,105.631804002873,0.999899525256839,0.999849287885258,0.00986866937871137,0.999874406571048,130.96053221196,-27.6362264854601,-49.8261777110097,-33.7196380336021,0.99997488131421,191.372530499428,219.008756984888
6,4.6,39811,8597,85.97,1.80819926041576,19.3562719148994,-5.48785552260494,-14.6673415447571,80.492251298328,0.999773931827887,0.999949762628419,0.00514964988868977,0.999648338398935,68.3375705728762,-21.8388182310292,-39.3738573082758,-28.2348916236699,0.999849287885258,125.537515614513,147.376333845542
6,4.6,39811,8599,85.99,1.56518013335299,20.2749120470024,0.0940120028506421,-14.1850958987313,1.33356927606816,0.62334530657356,0.999899525256839,0.00145543449800238,0.997488131420964,19.3141009333242,19.4419382375903,35.0524508178535,23.1994887114965,0.999799050513677,-41.1318724720441,-60.5738107096345
6,4.6,39811,8600,86,3.54820186576023,19.1991568661863,2.63458214120133,-12.4312110254026,32.7510465610308,0.995528873929316,0.999799050513677,0.00390788944803432,0.999472507598402,51.8589956052315,29.8036387139729,53.7338699181101,34.7277834679513,1,-108.66293070419,-138.466569418163
6,4.6,39811,8601,86.01,2.31316278468243,17.5688315699122,4.66456077878057,-10.0604599448992,46.9276268754697,0.998869659139434,0.999698575770516,0.0056750567028822,0.999723694456306,75.3098941328145,24.0523931687283,43.3647776417903,26.4970941434071,0.999824169199467,-148.249432351317,-172.301825520045
6,4.6,39811,14963,149.63,0.592906529218633,7.85151027609422,-11.9151544746646,-6.3393324180305,75.5341250270823,0.999723694456306,0.997864911707819,0.00632324049448372,0.999773931827887,83.9115091086304,11.0863566808377,19.9879234032794,8.88135923653894,0.999497626284193,177.353811506714,166.267454825876
6,4.6,39811,14966,149.66,1.0854100989654,14.2756786480619,-9.84974235413988,-11.2085248194082,110.401081641153,0.99997488131421,0.999673457084725,0.0119011179439252,0.99997488131421,157.931802155203,-14.1815392908744,-25.5683205264848,-16.448295682826,0.999748813142096,228.95784644996,243.139385740835
6,4.6,39811,14967,149.67,2.94677613169838,16.6828095425024,-8.24904831151473,-12.9327223818629,106.682651727395,0.999924643942629,0.999773931827887,0.0103172464725574,0.999899525256839,136.913299772994,-25.4315309248784,-45.8512662715622,-30.3889304615832,0.999924643942629,199.356752263361,224.78828318824
6,4.6,39811,14968,149.68,2.18783360028907,18.7282414711487,-6.08335547035273,-14.2577912069562,86.7352121339843,0.999799050513677,0.999874406571048,0.00616105313592835,0.999748813142096,81.7592287981479,-23.9338822799311,-43.1511108226604,-30.2585111759576,0.999899525256839,141.658481702001,165.592363981932
6,4.6,39811,14970,149.7,0.706485899495633,20.1892969867639,-0.694935958838561,-14.325522591428,9.95532077793746,0.93082313933335,0.999924643942629,0.0010658663366561,0.995478636557735,14.1444015762053,13.6461643642249,24.6030770895311,16.0281213925805,0.999723694456306,-18.3553394261187,-32.0015037903435
6,4.6,39811,14971,149.71,2.89718211134435,19.3769345710722,1.89283373796966,-12.8501909471873,24.3232749641885,0.989299439853307,0.999824169199467,0.00300199096902364,0.999221320740499,39.8374208226001,27.1335322783535,48.9198553188855,32.0133196050303,0.999949762628419,-89.8974927735256,-117.031025051879
6,4.6,39811,14972,149.72,2.49357420315092,17.899152250239,4.03279807071921,-10.6702888203735,43.0311201688191,0.998342166737836,0.999723694456306,0.00510249999977377,0.999623219713145,67.7118758303312,25.1154175615634,45.2813360524114,28.401604354106,0.999874406571048,-137.447078781704,-162.562496343267
6,4.6,39811,14973,149.73,0.578367031392256,16.2036128516624,5.63289734381405,-8.16272001674809,45.9797639006381,0.998744065710482,0.999472507598402,0.00534870708655986,0.999698575770516,70.9791259410115,12.5073209672101,22.54982233297,13.5120397447901,0.999698575770516,-153.611263998106,-166.118584965316
7,4.6,39811,5141,51.41,1.11463461280434,-13.092195273666,-7.31659193111335,9.49447572156493,69.4672044545536,0.99997488131421,0.999874406571048,0.00458962610871278,0.99997488131421,60.9058683379882,8.98681816503316,30.7710153705624,10.0048148610617,0.999924643942629,-145.596643276348,-154.583461441382
7,4.6,39811,5142,51.42,1.55973690936413,-14.5359853152811,-5.94699151196978,10.4345083425992,62.0539325450153,0.999924643942629,0.999924643942629,0.00339388500486356,0.999824169199467,45.0379853095411,10.3711358676593,35.5109422860742,12.1141385381158,1,-117.770514899552,-128.141650767211
7,4.6,39811,5143,51.43,0.697233923777585,-15.626236707186,-4.29910371437728,11.01793894893,47.3672622601268,0.999522744969983,0.99997488131421,0.00179839761009255,0.998945015196805,23.8653357517982,7.32917068469872,25.0952027348055,8.98346304618686,0.999899525256839,-76.3285386489749,-83.6577093336736
7,4.6,39811,5145,51.45,0.614926294090869,-16.1833280693736,-0.619160890906528,10.6197405047737,6.57532799213183,0.875813217452463,0.999949762628419,0.000715880959497724,0.991082866544422,9.49997895952129,-6.92753075725038,-23.7199809205897,-7.74213738632056,0.999874406571048,22.4353003521378,29.3628311093882
7,4.6,39811,5146,51.46,1.75102599969951,-15.6346932926126,1.10763766130134,9.62382872394646,10.6597151405567,0.932506091281304,0.999899525256839,0.00152306575985988,0.998643590967321,20.2115903219272,-10.6770160198089,-36.5582810316122,-11.9746164051746,0.99997488131421,64.8183320134675,75.4953480332764
7,4.6,39811,5147,51.47,1.51316945515845,-14.7114433188375,2.59195370415653,8.25029061197381,21.3843713120734,0.98603401070056,0.999723694456306,0.00233092078718778,0.999497626284193,30.9320958195776,-9.78450650678367,-33.5023135646694,-10.6577716161025,0.999949762628419,93.8063145871648,103.590821093948
8,4.6,39811,5692,56.92,0.520766978243812,-13.1443743010293,-6.54177779046817,9.43409231945387,61.7157356086296,0.999748813142096,0.999472507598402,0.00282126569340995,0.999572982341564,37.4391361734478,7.63355223093099,18.6812600241373,9.17431613915146,0.999799050513677,-124.566824891529,-132.20037712246
8,4.6,39811,5693,56.93,0.532168833183232,-14.3495786267235,-5.18969104831515,10.168351937683,52.7706050271116,0.999346914169451,0.999698575770516,0.00193985377150674,0.998543116224159,25.7425061658183,7.40188736846588,18.1143166924823,9.0633004524723,0.999773931827887,-95.5582882888736,-102.960175657339
8,4.6,39811,5697,56.97,0.511936676238715,-14.8141055340683,1.25159332628506,8.87594068893343,11.1090681307711,0.937730777925699,0.999422270226822,0.00124715459714648,0.99580517947301,16.5501572223329,-8.94613993096402,-21.893498754809,-9.98026044889842,0.999849287885258,65.7081334326736,74.6542733636377
8,4.6,39811,15310,153.1,0.574719353135587,7.5734131786209,-11.1198873364167,-6.07404840595517,67.5427339501629,0.999874406571048,0.996207078445656,0.00499580293592621,0.999874406571048,66.2959702273861,7.60782896375548,18.6183085923218,6.41114341427917,0.999522744969983,154.93639820744,147.328569243684
8,4.6,39811,15311,153.11,0.558879902858275,9.1915959678062,-10.8136081334326,-7.30900447362401,79.0367102232762,0.999899525256839,0.998216573308884,0.00651786800240143,0.999924643942629,86.4942810145344,6.47514597309552,15.8463428241835,5.5062691368976,0.99932179548366,180.516990702892,174.041844729797
8,4.6,39811,15313,153.13,0.910667835949972,13.1204582034924,-9.3764623258661,-10.246236090148,96.0734466812025,1,0.999849287885258,0.00883260088458049,1,117.211557938678,-8.58965345514349,-21.0210849232894,-9.53795365017157,0.999824169199467,201.122515452732,209.712168907875
8,4.6,39811,15314,153.14,2.83903949106191,15.2062990280763,-8.07381953582879,-11.7348805996488,94.7453082360629,0.99997488131421,0.999899525256839,0.00807671409528805,0.99997488131421,107.180688282504,-17.489688996915,-42.8017544137266,-19.8403632195771,0.999949762628419,182.279252397735,199.76894139465
8,4.6,39811,15315,153.15,3.25898544077333,17.0614964599651,-6.3175430254533,-12.9538940584434,81.8367830613801,0.999924643942629,0.999924643942629,0.00554912293068082,0.999899525256839,73.638710997778,-19.142556299696,-46.8467446010644,-22.830853301995,0.99997488131421,140.626428558383,159.768984858079
8,4.6,39811,15316,153.16,1.05240196417227,18.3710657348382,-4.16786734256095,-13.6214617224857,56.7724454710921,0.999623219713145,0.99997488131421,0.00249108692960366,0.999196202054708,33.0575539181504,-10.7859194131652,-26.3959109810343,-13.6456592299855,0.999874406571048,80.3588789948878,91.144798408053
8,4.6,39811,15318,153.18,2.22974660594175,18.5415793995635,0.514792025740784,-12.5704571951771,6.47117112399304,0.881414684383713,0.999949762628419,0.00143371850749149,0.996885282961995,19.0259225005812,16.6810269662324,40.8227510336729,19.177436494396,0.999924643942629,-53.4046717133349,-70.0856986795673
8,4.6,39811,15319,153.19,3.27636754969072,17.5230027233289,2.55862072766357,-10.945010511483,28.004130759176,0.990329305970712,0.999874406571048,0.00298836001110498,0.999623219713145,39.6565334673668,20.4373549535445,50.0154489735105,22.9361702801215,1,-102.685370211977,-123.122725165521
8,4.6,39811,15320,153.2,1.78210253621012,16.1425180180861,4.19549118082549,-8.90338166421659,37.3540592517441,0.996106603702494,0.999824169199467,0.00390023481969898,0.999849287885258,51.7574161356787,14.8126461244672,36.2503439454365,15.8361673039772,0.999899525256839,-129.251855549165,-144.064501673632
9,4.6,39811,4039,40.39,0.665344391626161,13.0042699701624,-8.04621305643297,-9.9958025151297,80.4283567067621,0.999899525256839,0.999648338398935,0.00643359609629401,0.999899525256839,85.3759647298535,-7.5405967570056,-18.9433864735211,-8.93802194885774,0.999723694456306,161.15951819248,168.700114949486
9,4.6,39811,4040,40.4,1.00806540160585,14.6395733859444,-6.81516006865909,-11.1053410962427,75.6846771879523,0.999849287885258,0.999748813142096,0.00535396618090669,0.999799050513677,71.0489158760254,-11.5419223594876,-28.9954632171541,-13.6217191881484,0.999824169199467,139.993028992831,151.534951352318
9,4.6,39811,4041,40.41,0.926598864982434,16.0056085115913,-5.25984403710529,-11.9242870916819,62.7198903559147,0.999698575770516,0.999824169199467,0.00341271321478237,0.999623219713145,45.2878419312336,-10.992322407659,-27.6147655576958,-13.3078201268907,0.999799050513677,102.7592142622,113.751536669859
9,4.6,39811,4044,40.44,0.73723724030688,16.8542063315354,0.33104435483785,-11.1782591035413,3.70049957314217,0.798924920248173,0.999799050513677,0.00113211035696068,0.995302805757203,15.0234818069872,11.4448232564681,28.7515321472397,12.8055377799901,0.999773931827887,-47.417385707262,-58.8622089637301
9,4.6,39811,4045,40.45,1.00573180943753,16.0407312390319,1.98423494418916,-9.84269734202728,19.5302240111283,0.981412172515134,0.999698575770516,0.00210856086357668,0.998894777825224,27.9813055132837,12.8257435228929,32.2206615993218,14.1516231058361,0.999874406571048,-84.7179404971169,-97.5436840200098
9,4.6,39811,4046,40.46,0.617823463915872,14.9510094317237,3.34283681738786,-8.19741194235325,27.4026104481934,0.991308934716536,0.999522744969983,0.00274021638310856,0.999522744969983,36.3635848093117,9.24693267515201,23.2300207801584,10.0666703290522,0.999748813142096,-105.430569358853,-114.677502034005
9,4.6,39811,30817,308.17,1.52728800624108,14.3669394204972,-8.34224319175021,-11.1057655817883,92.6469973138471,1,0.999773931827887,0.00846415357099801,0.99997488131421,112.322139271667,-13.8967511171716,-34.9112325751068,-15.6920953259497,0.999899525256839,183.011735968196,196.908487085367
9,4.6,39811,30818,308.18,2.29759772278776,16.2403596413986,-6.78403154702229,-12.3714188043956,83.9280954504443,0.999924643942629,0.999924643942629,0.00643262446213362,0.999874406571048,85.3630708206671,-17.8136755975034,-44.7512779467922,-20.9731721567857,1,150.127575088196,167.941250685699
9,4.6,39811,30819,308.19,1.23105753317934,17.6896264106637,-4.8274971366816,-13.1972174766213,63.7095295805539,0.999748813142096,0.99997488131421,0.00339221455481455,0.999598101027354,45.015817880574,-12.7186746975154,-31.9516847260381,-15.8058165030602,0.999924643942629,98.3135369957626,111.032211693278
9,4.6,39811,30821,308.21,0.777073553599511,18.4028122130817,-0.339852688926824,-12.7111865894446,4.31993094187334,0.820803295571576,0.999949762628419,0.000990259666249589,0.993820803295572,13.1410758576875,12.2177878461151,30.693363466946,13.754358617228,0.999849287885258,-30.130117167886,-42.3479050140011
9,4.6,39811,30822,308.22,1.9361879209727,17.6383437354605,1.73711725531544,-11.3646297010412,19.741694353949,0.981613122001457,0.999874406571048,0.00234673433576045,0.999171083368918,31.1419468803198,18.5470600428681,46.5936765565981,20.902605482196,0.99997488131421,-83.5778832245324,-102.124943267401
9,4.6,39811,30823,308.23,1.53052750685838,16.4152324636229,3.46536403798,-9.52699981237894,33.0145225396601,0.994674838612444,0.999723694456306,0.00360826857587598,0.999673457084725,47.8829267580662,15.7067335810931,39.4582463499125,17.2202110370024,0.999949762628419,-117.699333172969,-133.406066754062
9,4.6,39811,30824,308.24,0.523561145079936,15.0360720708328,4.79046249400416,-7.45605559361882,35.7179546744409,0.996006128959333,0.999572982341564,0.00378794775559484,0.999723694456306,50.2673293659953,7.54032435777665,18.9427021558158,8.13088804008081,0.999698575770516,-128.625343299404,-136.16566765718
10,4.6,39811,5034,50.34,0.77173265806914,14.5729670359433,-6.82651005621128,-11.0544857717242,75.4635582869201,0.999773931827887,0.999572982341564,0.00494338952553195,0.999824169199467,65.6004268003174,-10.3204780008745,-22.6552225704579,-12.6546329033083,0.999748813142096,140.551563307335,150.87204130821
10,4.6,39811,5035,50.35,0.597744688038017,15.9384814690052,-5.28650126409723,-11.8755948441525,62.7803471555189,0.999522744969983,0.999773931827887,0.00320216725343243,0.999397151541031,42.4938268421329,-9.87536339262205,-21.6781195216972,-12.3283587324547,0.999723694456306,104.076632916334,113.951996308956
10,4.6,39811,5039,50.39,0.700671347789473,16.031770877915,1.92134566088679,-9.86095244542329,18.946298193225,0.979905051367712,0.999497626284193,0.00193244845361543,0.997965386450981,25.6442351289613,11.727872751797,25.7446958801185,13.3751873448476,0.999799050513677,-83.9537847497179,-95.6816575015149
10,4.6,39811,10558,105.58,0.640564815877555,13.9825359541072,-6.84771961656442,-10.5922689482223,72.5328878606679,0.999723694456306,0.999472507598402,0.00462265976955402,0.999698575770516,61.3442360285717,-9.09694099711942,-19.9693486079424,-10.891096433925,0.999572982341564,136.152373310992,145.249314308112
10,4.6,39811,10559,105.59,0.546023707702305,15.3147590747847,-5.44388023637249,-11.4073737487317,62.1003764996352,0.999472507598402,0.999623219713145,0.00317823404968828,0.999372032855241,42.1762252507134,-9.47884345022598,-20.8076901144695,-11.6044226934503,0.999673457084725,104.678436394838,114.157279845064
10,4.6,39811,26159,261.59,0.77738181287366,-12.8797896043053,-8.60326512799845,9.47349004380851,81.5029465343382,0.99997488131421,0.999246439426289,0.00526136061296913,0.999874406571048,69.8200091209713,9.60248143961928,21.0790967457933,10.974903352932,0.999598101027354,-179.046948604864,-188.649430044483
10,4.6,39811,26160,261.6,1.63205295260444,-14.7163635800488,-7.23593182584083,10.754449328114,77.8184621626926,0.999874406571048,0.999598101027354,0.00452434269403621,0.999673457084725,60.0395356640919,15.1102323882009,33.1695564698674,17.5775821912925,0.999924643942629,-155.619106733672,-170.729339121873
10,4.6,39811,26161,261.61,1.26896005400415,-16.2552684586306,-5.4808272156122,11.7186472946432,64.2278810226405,0.999572982341564,0.999849287885258,0.00284521694467712,0.999196202054708,37.7569772615136,14.17066975736,31.1070550509622,17.0762791561147,0.999874406571048,-113.054021444735,-127.224691202095
10,4.6,39811,26164,261.64,1.08297953461437,-17.0428014067489,0.854161652279058,10.899588096273,9.31001017747368,0.923362889653613,0.999698575770516,0.00139034869534305,0.996257315817236,18.4503906367674,-14.6704622942254,-32.204185548288,-17.1237647698989,0.999899525256839,59.9958285818057,74.6662908760312
10,4.6,39811,26165,261.65,1.20863870243115,-16.040891586788,2.67550242988352,9.39188600900926,25.1280138382933,0.988219336364321,0.999447388912612,0.00241578609967872,0.998794303082063,32.0582868047698,-15.6059106521294,-34.2576554311448,-17.7536682959704,0.999949762628419,100.890146257669,116.496056909798
10,4.6,39811,27450,274.5,0.556053220637062,-12.4578057538958,-8.93674665095097,9.17740159117116,82.0161129343309,1,0.999221320740499,0.0053963593503751,0.999949762628419,71.6114873659277,7.94867099397052,17.4486986448191,9.06514895933705,0.999472507598402,-183.94168535262,-191.89035634659
10,4.6,39811,27451,274.51,1.4823478864489,-14.352535567615,-7.65477780646082,10.5204568195203,80.5317593758935,0.999949762628419,0.999547863655774,0.00492519414113349,0.999773931827887,65.3589679842217,14.3835702573321,31.5744082309039,16.8067619899954,0.999849287885258,-165.226159428533,-179.609729685865
10,4.6,39811,27452,274.52,1.47097422765584,-16.0106447000435,-5.97132487514159,11.6002114042078,69.2686309148469,0.999673457084725,0.999824169199467,0.00336643175548973,0.999472507598402,44.6736715392672,15.0660534253236,33.0725760551201,18.4137175339108,0.99997488131421,-126.550976711187,-141.617030136511
10,4.6,39811,27455,274.55,1.05870412788439,-17.302982457033,0.411308097588294,11.2535131237652,4.62866107412078,0.833865012182563,0.999799050513677,0.00119031299977153,0.995327924442993,15.7958502779681,-14.3519856641633,-31.505074621746,-16.1036570657135,0.999824169199467,48.7139833031,63.0659689672633
10,4.6,39811,27456,274.56,1.48302028953852,-16.3893803459076,2.32927393918795,9.83211354115136,22.9016858385408,0.985581874356334,0.999522744969983,0.00227992690516406,0.998492878852578,30.2553900071622,-16.921941327794,-37.1465688966071,-18.9474419406922,1,94.3845248002788,111.306466128073
10,4.6,39811,27457,274.57,0.721766675572596,-15.1315229179717,3.88715265570153,8.03835196323178,31.24630118134,0.993318429579764,0.998995252568386,0.00289199569628877,0.999221320740499,38.3777468883174,-12.1583920875898,-26.6897597979377,-13.2796080700779,0.999773931827887,120.367126529157,132.525518616747
11,4.6,39811,19580,195.8,0.742516108583967,-12.0970162304047,-8.85847412478253,8.88886909335142,78.7418168620327,1,0.999397151541031,0.00531141390847539,1,70.4842330367712,7.54259505959519,20.1308467786693,8.01977037199404,0.999773931827887,-177.150560589063,-184.693155648658
11,4.6,39811,19581,195.81,1.98360231864718,-13.9228926814731,-7.65920712742096,10.1842760490728,78.003479702681,0.99997488131421,0.999799050513677,0.00494178858638354,0.99997488131421,65.5791818041717,13.4637166468382,35.9340538299381,14.8618673666224,0.999949762628419,-161.638056913618,-175.101773560456
11,4.6,39811,19582,195.82,2.3975303614353,-15.5474562790289,-6.08135910062986,11.2504062308884,68.4177603179958,0.999899525256839,0.999924643942629,0.00350976655418237,0.999799050513677,46.5757720961848,14.6964513915668,39.2241673875134,17.0284664789103,0.99997488131421,-127.138476643222,-141.834928034788
11,4.6,39811,19583,195.83,0.849153372188952,-16.7248080807645,-4.1740464199632,11.8692340484622,49.5427338876888,0.999070608625757,0.99997488131421,0.00170687086428566,0.998015623822562,22.6507453260254,9.12397337850319,24.3514743459081,10.9970238389794,0.999874406571048,-76.76797983545,-85.8919532139532
11,4.6,39811,19585,195.85,1.78170005072658,-17.0690283227854,0.0157421633603866,11.1730728576044,0.175888338161909,0.26135992564869,0.999949762628419,0.000994119615600449,0.993619853809249,13.1922986722232,-11.7610133952824,-31.3896154773837,-13.3869240373109,0.999899525256839,38.3108016074429,50.0718150027253
11,4.6,39811,19586,195.86,2.70267061400758,-16.2819819042788,1.90704066144879,9.89456968457613,18.8693467160252,0.978146743362387,0.999824169199467,0.00203417051989177,0.998668709653111,26.9941208558038,-15.5567973122105,-41.5203919320219,-17.4426031045853,1,84.2576194029679,99.8144167151784
11,4.6,39811,19587,195.87,1.92831727515891,-15.1218909805775,3.47376680219565,8.22476954267835,28.570931393066,0.991936901861295,0.999547863655774,0.00278021833683575,0.999598101027354,36.894424069256,-12.6168719253769,-33.6738633784601,-13.5582674423797,0.999924643942629,112.422687062827,125.039558988203
11,4.6,39811,36746,367.46,0.693410507334673,14.1417819419806,-5.86147242487529,-10.5538580423791,61.8611478914534,0.999799050513677,0.999773931827887,0.00330151560241855,0.999773931827887,43.812212549295,-7.75822484249407,-20.7063529653541,-9.41696487074736,0.999849287885258,109.32131618536,117.079541027854
11,4.6,39811,36750,367.5,0.861838061560099,15.576917470214,0.265166563643135,-10.1063776375177,2.67987342902039,0.744819271055738,0.999748813142096,0.000935972955536773,0.992790937178167,12.4206731109582,7.86775011336812,20.9986709844095,8.87248057287852,0.999799050513677,-44.8287635324755,-52.6965136458436
11,4.6,39811,36751,367.51,0.809164274743023,14.8818763877508,1.64418913614185,-8.95156734374616,14.7180697780296,0.964155635377157,0.999422270226822,0.00153384640664286,0.997287181934641,20.3546530982863,8.01937720907401,21.403356879255,9.03147852986865,0.999824169199467,-73.7087498979217,-81.7281271069957
12,4.6,39811,35620,356.2,0.929487352130338,6.01331832180814,-13.9183695073358,-4.99409494467417,69.5096587946931,0.999849287885258,0.998392404109417,0.00539626310825519,0.999773931827887,71.6102102009158,16.4054697730113,23.4476966734303,12.6130395595889,0.999623219713145,168.3307938325,151.925324059489
12,4.6,39811,35621,356.21,1.56691286810692,7.79110535141788,-13.8202683201712,-6.39032099791084,88.3159508431522,0.999874406571048,0.999045489939966,0.00815920037599194,0.999874406571048,108.275308722872,21.4945861982605,30.7213718516518,18.1483419584393,0.999799050513677,219.407824860525,197.913238662265
12,4.6,39811,35622,356.22,1.24840881878821,10.0615932697166,-13.4782817201606,-8.16642543977717,110.069382724003,0.999924643942629,0.999522744969983,0.0121969312661557,0.999924643942629,161.857343545641,17.3265562220976,24.7641695307764,15.9370286221273,0.999748813142096,269.461300447626,252.134744225529
12,4.6,39811,35624,356.24,4.16263594879507,16.0746228193617,-11.3834923304008,-12.7895481252368,145.589722992926,1,0.999874406571048,0.0194104448958697,1,257.583073916489,-33.6848994515466,-48.1445100776219,-36.3503614093105,0.999874406571048,297.134529883103,330.819429334649
12,4.6,39811,35625,356.25,8.0503832778353,19.3521713849024,-9.20776003801475,-15.193982559886,139.902545433212,0.99997488131421,0.999924643942629,0.0160803176209584,0.999949762628419,213.391174935991,-52.1508525065953,-74.5371749638715,-63.1560598643123,0.99997488131421,247.316538612637,299.467391119233
12,4.6,39811,35626,356.26,5.37672650283152,22.0170924577161,-6.1419872976744,-16.9433421048931,104.065791988405,0.999899525256839,0.99997488131421,0.00769746622480519,0.999824169199467,102.14794262524,-39.6012476143397,-56.6005152426673,-52.8019128339923,0.999949762628419,155.98246086388,195.583708478219
12,4.6,39811,35628,356.28,6.04033151551362,22.8655717556856,1.29070051194457,-16.0954545154727,20.7744113831011,0.981939664916732,0.999949762628419,0.00290157993733142,0.999623219713145,38.5049329617004,42.1678917483173,60.2689193758516,51.935659232681,0.999924643942629,-71.4612662568045,-113.629158005122
12,4.6,39811,35629,356.29,9.3300170667794,21.0693615117041,4.47478375667343,-13.4672560140188,60.2630584584938,0.999673457084725,0.999899525256839,0.00776599507533117,0.999849287885258,103.05734331467,55.6318648500201,79.512449837095,64.6366303413038,1,-156.806928275068,-212.438793125089
12,4.6,39811,35630,356.3,4.81065413256554,18.7204158282765,6.81546412002977,-10.135243919045,69.0763912780013,0.999824169199467,0.999773931827887,0.00939976360206757,0.999899525256839,124.737996253971,37.2588538924541,53.2526234577652,38.9023597183105,0.999899525256839,-196.949680097093,-234.208533989547
12,4.6,39811,35632,356.32,0.514250720590198,14.9632873324127,9.24450152510615,-3.46677938131986,32.048647277818,0.994323177011379,0.999397151541031,0.00334719359497296,0.999723694456306,44.4183747364895,-12.2687338119649,-17.5352216651098,-12.4258378062468,0.999598101027354,-134.602545928487,-122.333812116522
12,4.6,39811,35633,356.33,0.594499912782132,14.119526463152,9.67463877743263,-0.540350068158305,5.22769172279271,0.844615809700836,0.999095727311547,0.00116805784667762,0.995930772901962,15.5005169780276,-14.7688833240319,-21.1085876344045,-13.58032099863,0.999673457084725,-60.3790292621937,-45.6101459381618
12,4.6,39811,35637,356.37,0.54461214497001,16.939060300898,7.75731927156247,8.791522508927,68.1986469848746,0.999799050513677,0.999673457084725,0.00320423030745368,0.999698575770516,42.5212042566794,-13.6113430577428,-19.4541605788697,-15.5592061166906,0.999723694456306,125.517279111339,139.128622169082
12,4.6,39811,35638,356.38,0.739836482336075,18.3099173995804,6.27178348178182,10.4072814925522,65.2722161552425,0.999748813142096,0.999748813142096,0.00280133747784903,0.999572982341564,37.1746821102159,-15.5459320950026,-22.2191930687064,-18.7897099997626,0.999824169199467,108.787304902433,124.333236997435
12,4.6,39811,35641,356.41,0.610390444155017,19.6696112939217,0.133825328774258,11.1518412404775,1.49239882044522,0.6331415940318,0.999799050513677,0.00118119996327146,0.996006128959333,15.6749172459333,12.1904838464557,17.4233820481191,14.2565568064741,0.999698575770516,-40.5889749313147,-52.7794587777704
12,4.6,39811,35642,356.42,1.16145344835738,18.8410758446713,-1.81463841534841,9.87019350490286,17.9108323009191,0.974981788952802,0.999723694456306,0.00219452640008979,0.999070608625757,29.1220968379915,17.3600366307317,24.812021770122,20.3338368733712,0.999849287885258,-86.3632762884727,-103.723312919204
12,4.6,39811,35643,356.43,0.619480780886885,17.6289465190033,-3.41665346267559,8.09545893111316,27.6593777889358,0.990454899399663,0.999623219713145,0.0028802933761213,0.999598101027354,38.2224531989216,13.9812902019215,19.9829115711866,16.198432635692,0.999773931827887,-114.78538041412,-128.766670616042
13,4.6,39811,11971,119.71,0.503837711139267,14.4744804008699,-5.65557346333389,-10.7796059304508,60.9648532454544,0.999623219713145,0.999598101027354,0.00318221970375469,0.999447388912612,42.229116208726,-7.83623563289628,-18.8762979420215,-9.53772232023918,0.999748813142096,105.988366776544,113.82460240944
13,4.6,39811,11975,119.75,0.688592201077054,15.5779448140457,0.614369740747825,-9.97898352459953,6.13078552093502,0.870915073723343,0.999547863655774,0.00110118942190585,0.995528873929316,14.6131506918312,8.26884867831235,19.918396868271,9.5012784920989,0.999723694456306,-53.1713071158151,-61.4401557941274
13,4.6,39811,11976,119.76,0.639582849126037,14.8062278425722,1.97096112231088,-8.73732686726912,17.2209315683098,0.975961417698626,0.999171083368918,0.00172047757957785,0.998090979879933,22.8313109735246,8.09175873841319,19.4918141792515,9.1921495600574,0.999698575770516,-79.7520880797848,-87.8438468181979
13,4.6,39811,13608,136.08,1.14581384909583,14.6855789932841,-6.67268019111187,-11.1192973814435,74.1955153762403,0.999824169199467,0.999723694456306,0.00487767649278126,0.999773931827887,64.7283929513716,-11.1052533338056,-26.7508636124389,-13.2068652542488,0.999824169199467,136.391609090636,147.496862424442
13,4.6,39811,13609,136.09,0.929299642247927,16.0061470943174,-5.11305043778727,-11.8970432222894,60.830182056101,0.999598101027354,0.999799050513677,0.00304857215409637,0.999372032855241,40.4555686755769,-10.1435222711487,-24.434199983464,-12.3604901188191,0.999799050513677,98.7495097119142,108.893031983063
13,4.6,39811,13612,136.12,1.17492580826309,16.730304285731,0.416906187995682,-11.0425706911801,4.60371605253273,0.827057848333375,0.999773931827887,0.00116143842530381,0.996056366330914,15.4126750499233,10.5032173296555,25.3006505868816,11.9892106959794,0.999773931827887,-50.2148293150564,-60.7180466447118
13,4.6,39811,13613,136.13,1.35769288677439,15.9065162395422,2.03594004621366,-9.70023409820241,19.7490950581776,0.981688478058828,0.999572982341564,0.00208285329635447,0.99861847228153,27.6401575270559,11.9295841181545,28.7365509012218,13.2993830393382,0.999849287885258,-85.706782290154,-97.6363664083085
13,4.6,39811,13614,136.14,0.686952525756285,14.822539363287,3.36314530984559,-8.06358571131533,27.1190104655481,0.991484765517068,0.999070608625757,0.00264063819321247,0.999120845997337,35.0421490366606,8.27832418902082,19.9412219301585,9.03363191056556,0.999648338398935,-105.29216912643,-113.570493315451
13,4.6,39811,35209,352.09,0.678983312888383,7.41729037936716,-11.3289293509016,-5.96617801986255,67.5904092819247,0.999698575770516,0.997287181934641,0.00511497612693359,0.999799050513677,67.8774381964511,8.09579576572003,19.5015387630713,6.67771432557333,0.999547863655774,155.591018897767,147.495223132047
13,4.6,39811,35210,352.1,0.656147150561752,9.04630401309696,-11.0439194436388,-7.21310326007025,79.6609313428644,0.999899525256839,0.998467760166788,0.00680887527330128,0.999924643942629,90.3560445017991,7.13811328324175,17.1946275470244,6.17272355164391,0.999472507598402,183.074406694448,175.936293411206
13,4.6,39811,35212,352.12,0.689456540664455,13.0592580216742,-9.64682466016907,-10.2271195105823,98.6592286971816,1,0.999623219713145,0.00964620957467327,1,128.008416459106,-8.30804049913161,-20.0128039945152,-9.09534091851049,0.999673457084725,208.459977838688,216.76801833782
13,4.6,39811,35213,352.13,3.04865309455496,15.2280187275409,-8.34903502995119,-11.7880096451864,98.4185054610635,0.99997488131421,0.999849287885258,0.00903065389152512,0.99997488131421,119.839787358502,-17.9676459136797,-43.2813219857209,-20.3284324205128,0.999949762628419,191.368441111785,209.336087025465
13,4.6,39811,35214,352.14,4.20831763741255,17.1870834112472,-6.57335102034113,-13.095489144394,86.0812469291682,0.999924643942629,0.999924643942629,0.00633746337378399,0.999899525256839,84.1002514579048,-20.738848556511,-49.9567270136408,-24.722970291083,1,149.561795163589,170.3006437201
13,4.6,39811,35215,352.15,1.4756493378619,18.599925452904,-4.37219533687391,-13.8482707603023,60.547344841961,0.999572982341564,0.99997488131421,0.00286083330518054,0.99927155811208,37.9642115708475,-12.3464650394622,-29.7407535369763,-15.6940202434777,0.999874406571048,87.6118391342311,99.9583041736933
13,4.6,39811,35217,352.17,2.82539896880334,18.8665158579374,0.483604144907468,-12.8603436783056,6.21931550776316,0.8728492125292,0.999949762628419,0.00151529105549655,0.997714199593077,20.1084174034578,17.758389050961,42.7772540796323,20.3193427698917,0.999924643942629,-52.5887525299736,-70.3471415809346
13,4.6,39811,35218,352.18,4.39618795272128,17.8233494762665,2.61261105494272,-11.1959039149778,29.2505423383475,0.993217954836603,0.999899525256839,0.00331774268008164,0.999497626284193,44.02755127891,22.1465023534404,53.347550581849,24.6668632071833,0.99997488131421,-105.167038480212,-127.313540833652
13,4.6,39811,35219,352.19,2.52600607895469,16.3917215391692,4.31379303631523,-9.08590276468002,39.1947040749139,0.997864911707819,0.999648338398935,0.00436837190716304,0.999673457084725,57.9697513320226,16.393086712728,39.4884487240053,17.385302922712,0.999899525256839,-133.301769660748,-149.694856373476
14,4.6,39811,4044,40.44,0.524933620557392,13.4708906243068,-8.81399693958435,-10.4577426627322,92.1745118242823,0.999899525256839,0.999246439426289,0.00713587735919223,0.999924643942629,94.6954711822673,-8.752065343027,-15.2547811653379,-11.1147451839174,0.999346914169451,188.52976792914,197.281833272167
14,4.6,39811,4045,40.45,1.37614730753106,15.410430444405,-7.45044768482045,-11.8107361760873,87.995271999155,0.999849287885258,0.999547863655774,0.006108095916775,0.999824169199467,81.0564688475766,-15.2600037274182,-26.5980666642844,-18.8675790811572,0.999824169199467,165.037916298526,180.297920025944
14,4.6,39811,4046,40.46,1.24349997248111,17.0535175645395,-5.67351188323831,-12.838924908866,72.8417930384558,0.999547863655774,0.999824169199467,0.00388767771126534,0.999346914169451,51.5907791210614,-14.7984202371858,-25.7935302654974,-18.755898584999,0.999799050513677,121.082878041975,135.881298279161
14,4.6,39811,4049,40.49,1.42789054526677,17.9504668279928,0.839006526577098,-11.9539623741209,10.0294524503445,0.930170053502801,0.999723694456306,0.00149661704685787,0.996860164276205,19.8606070841529,15.7885236907853,27.5192728101116,18.5954415257767,0.999773931827887,-61.4964740475545,-77.2849977383399
14,4.6,39811,4050,40.5,1.72753722551502,16.90686063466,2.71133192733263,-10.3209598059674,27.9835478426362,0.990304187284921,0.999422270226822,0.00269189231352709,0.998894777825224,35.7223082979423,16.7039180262963,29.1147979485678,19.4744586719544,0.999849287885258,-104.090370479811,-120.794288506107
14,4.6,39811,4051,40.51,0.727395378281125,15.5797497276138,4.19950835704261,-8.34836322742842,35.0590211412129,0.995453517871945,0.998869659139434,0.00324567229715996,0.999196202054708,43.0711532740783,10.6871751860697,18.6276624258768,12.2893241790437,0.999447388912612,-124.90977372803,-135.5969489141
14,4.6,39811,7198,71.98,0.669282589492707,14.7898297603436,-6.45322772204824,-11.1664242515069,72.0594785359762,0.999497626284193,0.99932179548366,0.00400264694976722,0.999422270226822,53.1164592390609,-9.93439914019589,-17.3155796892617,-12.9098034524961,0.999522744969983,130.82807159156,140.762470731756
14,4.6,39811,7202,72.02,0.633327327677809,16.561397490874,0.578550114128495,-10.8408846091961,6.27199502790423,0.876541659340383,0.999397151541031,0.00114537686791961,0.995051618899299,15.1995328295825,10.468618804206,18.2467203685514,12.044863002126,0.999422270226822,-53.9951659317091,-64.4637847359151
14,4.6,39811,7203,72.03,0.71825579418847,15.7138629676804,2.14841937306631,-9.47801917198363,20.3627600073835,0.98183919017357,0.999070608625757,0.00189175304381211,0.997764436964658,25.1041934757346,10.5896500761673,18.4576769251547,12.3712076899494,0.999472507598402,-87.601413859961,-98.1910639361283
14,4.6,39811,8394,83.94,0.646783861371501,7.46737618537652,-11.9228271022014,-6.0402961930709,72.0174071560697,0.999472507598402,0.996583858732511,0.00512160044982296,0.999673457084725,67.9653451693006,10.7096440614033,18.6668254991414,8.45589658915463,0.999095727311547,168.577940252212,157.868296190809
14,4.6,39811,8395,83.95,0.601528591239638,9.23251771723512,-11.6307735038671,-7.39980348481265,86.0654383049827,0.999824169199467,0.998040742508352,0.0069763194330334,0.999899525256839,92.5780843161642,9.91737147734187,17.2859006066207,8.08300422358002,0.999020371254176,201.131360991461,191.213989514119
14,4.6,39811,8397,83.97,0.813222557873497,13.6668395168653,-10.1095302732594,-10.7538170986692,108.716039512091,1,0.999447388912612,0.0102367110091054,1,135.844567327832,-10.7550765467813,-18.7460139643864,-12.6066618061026,0.999497626284193,229.816596052688,240.571672599469
14,4.6,39811,8398,83.98,3.09684218073191,16.08300349977,-8.65036232148802,-12.5055051528583,108.17715058546,0.99997488131421,0.999849287885258,0.009494985519889,0.99997488131421,126.0016228441,-23.3593124579896,-40.7150981800301,-27.4490630360121,0.999924643942629,207.729870723931,231.08918318192
14,4.6,39811,8399,83.99,3.15859599909366,18.2369800117256,-6.629143049354,-13.9479575368093,92.4630057578244,0.999924643942629,0.999949762628419,0.00634444664907506,0.999849287885258,84.1929218487757,-25.3154068956491,-44.1245554241999,-31.2802237412564,1,157.029808720339,182.345215615988
14,4.6,39811,8400,84,0.807158032601001,19.7097074379164,-4.12155190876684,-14.7060048276452,60.6115622677152,0.999221320740499,1,0.00256435566846264,0.998819421767853,34.0298545057221,-12.3452196436378,-21.5176208952517,-16.3352484820514,0.999673457084725,84.0652954182638,96.4105150619017
14,4.6,39811,8402,84.02,3.47190166871044,19.5933645666736,1.27067635284333,-13.2447614573909,16.8298051829575,0.974504533922785,0.999924643942629,0.00213471251660173,0.998241691994675,28.3283466661438,24.7623506509243,43.1605827326428,29.469519702918,0.999949762628419,-73.4803716382446,-98.2427222891689
14,4.6,39811,8403,84.03,4.2532953012228,18.2507850646293,3.52135655775055,-11.2198737050459,39.5091758483962,0.996709452161463,0.999748813142096,0.00413702163507285,0.999447388912612,54.8996561046283,27.0800548902771,47.2003230215418,30.644896475246,0.99997488131421,-127.260876951561,-154.340931841838
14,4.6,39811,8404,84.04,1.75545941207705,16.5837674964937,5.24581331943155,-8.77949443211976,46.055588829889,0.9979151490794,0.99927155811208,0.00479077568817469,0.999547863655774,63.5751903073075,16.5083620284155,28.7739453799089,17.687211834423,0.999723694456306,-151.168367176327,-167.676729204742
14,4.6,39811,10608,106.08,0.792658538908196,14.7718955925718,-6.86721077067111,-11.2180255559407,77.0365459234196,0.999598101027354,0.999372032855241,0.00464441665615702,0.999497626284193,61.632957166089,-11.1428112173951,-19.4218324504928,-14.0146808240461,0.999598101027354,142.8010956208,153.943906838195
14,4.6,39811,10609,106.09,0.691628266321405,16.1643750187465,-5.27776301794995,-12.0546493685902,63.621582631899,0.99932179548366,0.999572982341564,0.00297726799388742,0.999120845997337,39.5093387015507,-10.4449800083288,-18.2055181329665,-13.3318407929784,0.999547863655774,104.67554423896,115.120524247288
14,4.6,39811,10612,106.12,0.734070500545716,16.9845088226224,0.429355744457868,-11.2569808696094,4.83324940161912,0.840898244203863,0.999472507598402,0.00112386386954314,0.994976262841928,14.9140481701273,11.3596361303511,19.7997565711088,13.4114077519251,0.999572982341564,-50.1625363558559,-61.522172486207
14,4.6,39811,10613,106.13,0.926672432048198,16.1354989831459,2.10525828854039,-9.87703525661687,20.7937103401983,0.982467157318329,0.999221320740499,0.00197650320827657,0.997990505136771,26.2288564082329,12.4779123175433,21.7489031838699,14.6085488089671,0.999648338398935,-87.8357077704658,-100.313620088009
14,4.6,39811,19867,198.67,1.25016519378846,-14.525569362758,-7.79559400731329,10.6730396441718,83.2026838899227,0.999773931827887,0.999346914169451,0.00500031146185793,0.999623219713145,66.3557998693421,15.1608018651125,26.4251585972905,17.8991538547454,0.999748813142096,-170.966978567085,-186.127780432198
14,4.6,39811,19868,198.68,1.26835893794011,-16.2469849354746,-6.0619944338739,11.8008786203512,71.5368605113903,0.999447388912612,0.999648338398935,0.0034121143361306,0.999221320740499,45.2798946118985,16.270441687489,28.3592520939969,19.9388415301898,0.999874406571048,-130.531721478014,-146.802163165503
14,4.6,39811,19871,198.71,1.16958292286223,-17.5489171618415,0.535529288598886,11.4235706426707,6.11765665952854,0.873200874130265,0.999623219713145,0.00125036524062628,0.995729823415639,16.5927635315242,-14.6413294931127,-25.5197223321683,-17.3130676126511,0.999698575770516,52.3868861421993,67.028215635312
14,4.6,39811,19872,198.72,1.73472864897927,-16.5787672914768,2.50401989904154,9.9322805873965,24.8706282337049,0.98744065710482,0.99929667679787,0.00236770772297659,0.998543116224159,31.4202707198071,-17.3625772188644,-30.2628357489447,-20.2309842123354,0.999899525256839,99.1600337921397,116.522611011004
14,4.6,39811,19873,198.73,0.906105354441373,-15.2629280444054,4.09010928677743,8.06236178026025,32.9759407908019,0.994147346210846,0.998668709653111,0.00295462694602699,0.999095727311547,39.2088844494269,-12.3119631438462,-21.4596550772691,-14.118244787374,0.999623219713145,124.795688767785,137.107651911631
16,4.6,39811,29380,293.8,1.00927734470861,-6.01216242728245,-13.8870919899214,4.43055849299897,61.5275733590044,0.999623219713145,0.997864911707819,0.00357950377113221,0.999648338398935,47.5012082108481,-16.402806618931,-24.3943858418931,-13.2973519528348,0.999773931827887,-175.272404730221,-158.86959811129
16,4.6,39811,29381,293.81,1.54890518196926,-7.8543750033179,-13.7153293906766,5.87461855862144,80.5723285760749,0.999874406571048,0.998844540453643,0.00584088862508813,0.999849287885258,77.5105390177946,-20.1775864030576,-30.0082686767907,-17.6955693111126,0.999849287885258,-225.393060847238,-205.21547444418
16,4.6,39811,29382,293.82,0.832863329936837,-10.1831344138313,-13.2680913392551,7.69259704296882,102.066080202194,0.999924643942629,0.999447388912612,0.00924001556029949,0.999924643942629,122.618086490361,-12.8389417723129,-19.0941773972954,-12.4316023094447,0.999623219713145,-270.72870695313,-257.889765180818
16,4.6,39811,29383,293.83,0.604701013722136,-13.0036441466112,-12.3823151930065,9.87470316704489,122.27168705173,0.999949762628419,0.999698575770516,0.0130204732628151,0.99997488131421,172.786020355311,9.82252761476241,14.608142017636,9.32508285692887,0.999447388912612,-294.179854935914,-304.002382550677
16,4.6,39811,29384,293.84,4.83404767189813,-16.1652840531923,-10.8514157565134,12.2736157473861,133.186107310577,1,0.999874406571048,0.0145843413846886,1,193.539071621945,37.6458378459361,55.9871926244142,41.5314535697786,0.999924643942629,-280.426599765714,-318.072437611651
16,4.6,39811,29385,293.85,7.69553115417661,-19.2522911400183,-8.49471793687988,14.5109034212315,123.266031572667,0.99997488131421,0.999924643942629,0.0111996491015609,0.999949762628419,148.623076794081,49.6744222518884,73.8762000331782,60.7837278558197,1,-222.772401907207,-272.446824159095
16,4.6,39811,29386,293.86,3.69569454671779,-21.5794900069718,-5.31131357757231,15.9749643851471,84.8480452400659,0.999899525256839,0.99997488131421,0.00460327263632818,0.999723694456306,61.0869623082871,31.0737460992032,46.213124955221,41.5285638724343,0.999899525256839,-128.134001832401,-159.207747931604
16,4.6,39811,29388,293.88,5.63613939938393,-21.7303306662753,1.96247375363405,14.5882015531,28.6289626606821,0.990781442314938,0.999949762628419,0.00350545771535245,0.999598101027354,46.5185923686322,-43.8877104047237,-65.2701556631454,-53.9526813443412,0.999949762628419,90.4989835919605,134.386693996684
16,4.6,39811,29389,293.89,7.34283195799967,-19.8220534885636,4.93859860331932,11.9321497286721,58.9280979846172,0.999572982341564,0.999899525256839,0.00730288779848865,0.999874406571048,96.9117553818772,-50.9213999851692,-75.7307153407472,-57.8320013831856,0.99997488131421,165.678622244291,216.60002222946
16,4.6,39811,29390,293.9,2.89777335403775,-17.5164477904412,7.08500259184045,8.7376232537663,61.9060833994596,0.999698575770516,0.999799050513677,0.00766437527376967,0.999899525256839,101.708814674682,-30.0226452934093,-44.6499193885793,-30.3462634515321,0.999874406571048,196.434507690173,226.457152983582
16,4.6,39811,29392,293.92,0.531101236074608,-13.9608767382514,9.2490988080844,2.55852506741732,23.6640511515036,0.985179975383688,0.998894777825224,0.00232623516219852,0.999145964683128,30.8699160140951,13.0600015094567,19.4229392151522,13.01432009288,0.999698575770516,128.038987224778,114.978985715322
16,4.6,39811,29393,293.93,0.783675621876534,-13.1562275868186,9.58608366238892,-0.101120471878359,0.969349303406198,0.572630679962824,0.998467760166788,0.00100102507765054,0.993469141694507,13.2839364554485,14.3755875742468,21.3794893847841,13.2247599510323,0.999748813142096,59.6622832546804,45.2866956804336
16,4.6,39811,29398,293.98,0.507499591464609,-16.4789480669413,6.07068308160773,-9.66010686796453,58.6434473298749,0.999547863655774,0.999648338398935,0.00275926584649382,0.999397151541031,36.6163775382552,11.2860549684436,16.7847116611907,13.7678850647391,0.999799050513677,-89.0618954434915,-100.347950411935
16,4.6,39811,29402,294.02,0.521124177525453,-16.986622832319,-1.3571913207522,-9.25418486268709,12.5596993762753,0.950767375850895,0.999572982341564,0.00158928166406455,0.997764436964658,21.0902974426912,-12.6815840802481,-18.8601537728878,-14.7788874014662,0.999824169199467,68.7349780906818,81.4165621709299
17,4.6,39811,17234,172.34,0.664156278461295,-12.6263326695931,-7.43501400256097,9.14686577741585,68.0070751346326,0.999949762628419,0.999397151541031,0.00382765489994629,0.999899525256839,50.7942564072539,7.5030865960922,21.5686486484598,8.52097880345818,0.999748813142096,-144.654140053832,-152.157226649924
17,4.6,39811,17235,172.35,1.15649664547767,-14.0677251601823,-6.16476774142358,10.1001703259894,62.2652042085429,0.999799050513677,0.999723694456306,0.00300513888943759,0.999623219713145,39.8791947758,10.0571513440729,28.9106570964637,11.618979781264,0.999949762628419,-120.458663842679,-130.515815186751
17,4.6,39811,17236,172.36,0.643360608042618,-15.2071287322252,-4.61791436547371,10.7441785026158,49.6156962524435,0.999070608625757,0.999849287885258,0.00177172984959547,0.998291929366256,23.5114456807484,8.16974396953563,23.485046449892,9.65959540455928,0.999824169199467,-83.2993126458363,-91.4690566153719
17,4.6,39811,17239,172.39,0.923466963813688,-15.5848185345281,0.640381989347508,9.73991535931489,6.23726637387441,0.873200874130265,0.999748813142096,0.00111705497010073,0.995327924442993,14.8236918048934,-9.56580461134221,-27.498213709717,-10.9930548591709,0.999849287885258,53.2424019432219,62.8082065545641
17,4.6,39811,17240,172.4,1.03133490384575,-14.7697072728447,2.14650478829816,8.48915366294728,18.2220089861152,0.977569013589209,0.999346914169451,0.00181083282595539,0.998367285423627,24.0303552113701,-10.0491061645612,-28.8875301275849,-11.2577557610725,0.999924643942629,84.3972951082708,94.446401272832
17,4.6,39811,17241,172.41,0.547512167352498,-13.7344475854706,3.37909453582613,6.99822727197411,23.6476715351972,0.986862927331642,0.998467760166788,0.0021458975481381,0.998844540453643,28.4767757629753,-6.87353184105859,-19.7589073983243,-7.52622810618575,0.999723694456306,100.904922331085,107.778454172143
17,4.6,39811,39417,394.17,1.15347972022031,-13.393473511005,-7.313782666122,9.72878075256398,71.1541880306038,0.99997488131421,0.999648338398935,0.00414514317188088,0.99997488131421,55.0074316052499,9.70400507743153,27.8954898517366,11.1659023347338,0.999899525256839,-148.083767481003,-157.787772558435
17,4.6,39811,39418,394.18,1.21948091967186,-14.8606628215739,-5.87546102153933,10.6786016909304,62.7417079996057,0.999824169199467,0.999899525256839,0.00299403439340034,0.999598101027354,39.731834411887,11.104843997434,31.9223929257806,13.0445828902791,0.99997488131421,-117.651501265474,-128.756345262908
17,4.6,39811,39419,394.19,0.53596654274092,-15.9405061632911,-4.15219902556968,11.240159982801,46.6713813278336,0.998744065710482,0.99997488131421,0.00154632530360782,0.997839793022029,20.5202522206436,7.27389357197085,20.909801952951,8.78544383623417,0.999773931827887,-73.5579662846129,-80.8318598565837
17,4.6,39811,39421,394.21,0.68113661825428,-16.3730952291303,-0.351727731451742,10.7006424726126,3.7637127019682,0.798096003617091,0.999949762628419,0.000789302484402981,0.991183341287584,10.4743070688557,-8.21784439135068,-23.6233176912917,-9.21791554412544,0.999799050513677,29.3876181164995,37.6054625078502
17,4.6,39811,39422,394.22,1.37169302222793,-15.739682836969,1.40071301790625,9.61028525010305,13.4612516556118,0.953932330260481,0.999799050513677,0.00158531349401832,0.997940267765191,21.0376385034545,-11.7012851795458,-33.6369446814729,-13.0831056883521,1,71.8820353106129,83.5833204901587
17,4.6,39811,39423,394.23,1.09679647614572,-14.7436432352348,2.88671484508354,8.14941931912662,23.5250497273334,0.986536384416367,0.99932179548366,0.00228024037063788,0.999020371254176,30.2595497984883,-10.3258699114009,-29.6831253719909,-11.0924550071016,0.999874406571048,99.5428238074866,109.868693718888
18,4.6,39811,19112,191.12,0.589521930275825,-6.97243236031244,-11.8154915928867,5.11273324734866,60.4094567007205,0.999698575770516,0.996006128959333,0.00326718042889033,0.999623219713145,43.3565733515177,-8.95259491444264,-19.6103310047182,-7.87127600452823,0.999648338398935,-161.875003608423,-152.92240869398
18,4.6,39811,19113,191.13,0.587813407805584,-8.66611127509513,-11.5070283404054,6.41529913354215,73.8210289418475,0.999899525256839,0.998065861194142,0.00479037044797256,0.999899525256839,63.5698126347451,-8.02750131326383,-17.5839473804355,-7.37771516040902,0.999497626284193,-192.203187818517,-184.175686505254
18,4.6,39811,19115,191.15,0.780981593732856,-12.8951574531842,-9.99012230268349,9.61456683332157,96.0506985522067,0.99997488131421,0.999773931827887,0.00784036909654476,1,104.044311367515,10.4096415175791,22.8019381811705,11.1219888272516,0.999799050513677,-219.519547206837,-229.929188724416
18,4.6,39811,19116,191.16,3.15397015864946,-15.1950146405333,-8.57097421388417,11.2876231843244,96.7459272488856,1,0.999899525256839,0.0075464908128571,0.99997488131421,100.144448583551,21.4517434025194,46.9892576143522,24.4128996385195,0.999924643942629,-199.787034225756,-221.238777628275
18,4.6,39811,19117,191.17,3.96725329011441,-17.2576961270329,-6.62310719675696,12.6838726363597,84.0066481406227,0.999924643942629,0.999924643942629,0.00520918147907508,0.999924643942629,69.1275746211527,23.8010832092356,52.1354003464378,28.7865571343104,1,-152.881411661029,-176.682494870265
18,4.6,39811,19118,191.18,1.02651076335034,-18.6996829438895,-4.21245650749151,13.4624062680342,56.7098008902754,0.999472507598402,0.99997488131421,0.00217482972784044,0.998894777825224,28.8607154316852,12.8314070844972,28.1067268862284,16.5697787989925,0.999874406571048,-84.6600912805739,-97.4914983650712
18,4.6,39811,19120,191.2,2.99778608585359,-18.7355983595135,1.02181524995216,12.2850668107624,12.5530686139182,0.94900906784557,0.999949762628419,0.00182281654980554,0.998367285423627,24.1893832214361,-21.991862012486,-48.1723676315569,-25.7188624026239,0.999949762628419,65.4030331834479,87.3948951959339
18,4.6,39811,19121,191.21,4.28193610897258,-17.5071223138073,3.2511479650452,10.4711694397359,34.0433212156407,0.994197583582427,0.999874406571048,0.00359863148062726,0.999723694456306,47.7550392917506,-25.4758515010122,-55.8039189013166,-28.5447113465478,0.99997488131421,119.144770842149,144.620622343162
18,4.6,39811,19122,191.22,1.74204479345182,-15.9188223206844,4.9868771903086,8.23964471308083,41.0900962759096,0.997638843535706,0.999698575770516,0.00423255121404601,0.999874406571048,56.1673654607952,-16.9010732090938,-37.0211813594537,-17.7680932172295,0.999899525256839,145.918510880088,162.819584089182
18,4.6,39811,33271,332.71,0.584263954623674,-14.6717772271952,-5.60868483035335,10.4889737051515,58.8293477060584,0.999623219713145,0.999748813142096,0.00247560795715078,0.99929667679787,32.8521427940433,9.508238085146,20.8274470031675,11.6575351661638,0.999824169199467,-108.775056788962,-118.283294874108
19,4.6,39811,32400,324,0.755259279895029,12.5267661026507,-7.7982278408331,-9.58953111806105,74.781348545399,1,0.999824169199467,0.00581315886928169,0.99997488131421,77.1425559149911,-6.35931951525748,-20.690446321049,-6.91977002821997,0.999874406571048,149.611344895572,155.97066441083
19,4.6,39811,32401,324.01,1.50646875158116,14.0357507002969,-6.67726133962064,-10.6073729301842,70.8282011816573,0.999949762628419,0.999899525256839,0.00491608404848951,0.999924643942629,65.2380740181386,-9.79184982044418,-31.8583997246239,-10.8604874057379,0.999949762628419,131.591142344225,141.382992164669
19,4.6,39811,32402,324.02,1.2634889145191,15.3159997789528,-5.26848778867384,-11.3756032852294,59.9322269970292,0.999874406571048,0.999949762628419,0.00327658108092282,0.999849287885258,43.4813231375394,-9.72574003259567,-31.6433073686738,-11.0214296059251,0.99997488131421,99.5790961605214,109.304836193117
19,4.6,39811,32405,324.05,0.638019831532217,16.34645357225,-0.138455062672862,-10.9017140386374,1.50939750046116,0.62404862977569,0.999924643942629,0.000871419634360379,0.992690462435005,11.5640290211737,8.01268280019086,26.0697678371377,9.06768448740739,0.999899525256839,-36.0347580407702,-44.0474408409611
19,4.6,39811,32406,324.06,1.34561674044111,15.6895771433129,1.4330004156839,-9.7573406132068,13.9822731546948,0.959709627992263,0.999874406571048,0.00166357515903291,0.998367285423627,22.0761968854198,10.3066729098753,33.5334090508819,11.5362677928372,1,-71.8516007390935,-82.1582736489688
19,4.6,39811,32407,324.07,0.968807296499047,14.7407356212903,2.75784366426649,-8.29990345924899,22.8898361691133,0.986636859159529,0.999748813142096,0.00233193763798973,0.999397151541031,30.9455897686697,8.40847933585843,27.357516778772,9.15516440499154,0.999924643942629,-94.1117564512189,-102.520235787077
20,4.6,39811,435,4.35,0.88968606073515,-13.1556994777031,-9.86456867732999,9.80831330401445,96.75478019622,1,0.999572982341564,0.00823937095899766,1,109.339199082885,11.3364745213449,22.9540150287216,12.5756626081121,0.999648338398935,-219.059714165903,-230.396188687247
20,4.6,39811,436,4.36,2.59128797892382,-15.4494173116914,-8.38651812659774,11.4684256864626,96.1801599030581,0.99997488131421,0.999824169199467,0.00768733011908692,0.99997488131421,102.013433123656,21.9220654812281,44.3876462271653,25.4781042838707,0.999924643942629,-196.24659364591,-218.168659127138
20,4.6,39811,437,4.37,2.59728653002236,-17.4651739918759,-6.37902040124427,12.8152612611801,81.7488130323433,0.999874406571048,0.999949762628419,0.00506110511994886,0.999824169199467,67.1625519767613,22.9355846289763,46.4398127720207,28.0678816523679,1,-146.637411960576,-169.572996589552
20,4.6,39811,440,4.4,2.15961111994203,-18.6390310541423,1.29654574335694,12.1212897369962,15.7158066124986,0.971515410313732,0.999924643942629,0.00209102162513814,0.998543116224159,27.7485539727915,-22.6264950301787,-45.8139702949204,-26.6069565150131,0.999949762628419,73.0393602445167,95.6658552746954
20,4.6,39811,441,4.41,2.94297591063292,-17.3476042447044,3.47709585263602,10.2405142725049,35.6072497057869,0.995855416844591,0.999773931827887,0.00388481197776804,0.999572982341564,51.5527498823078,-24.2114629210022,-49.02320229359,-27.3832259979743,0.99997488131421,124.276256794399,148.487719715401
20,4.6,39811,442,4.42,1.21860100687316,-15.7414308262051,5.15659401222523,7.98003167684401,41.1497835621815,0.997538368792545,0.999422270226822,0.00436182521910935,0.999698575770516,57.8828745993208,-14.8197974079079,-30.0070230637603,-15.9377135977535,0.999799050513677,147.547588510977,162.367385918885
20,4.6,39811,15672,156.72,1.09347209899617,-14.1204480726015,-8.33279489859684,10.4158716522461,86.793322168276,0.999924643942629,0.999648338398935,0.00627512451551293,0.999899525256839,83.2729940290285,14.1216603604241,28.5934400093568,16.5603341139106,0.999824169199467,-183.753086421227,-197.874746781651
20,4.6,39811,15673,156.73,1.61610907369951,-15.9947490260422,-6.67699886491163,11.6885723764791,78.0445844901885,0.999849287885258,0.999799050513677,0.00470129795553213,0.999773931827887,62.3877909692299,17.6553706729091,35.7484721551272,21.608476911,0.999899525256839,-147.804652999294,-165.460023672203
20,4.6,39811,15674,156.74,0.60787335506691,-17.4059477289319,-4.61734449799675,12.4927815403383,57.6834761099562,0.999472507598402,0.999874406571048,0.00234991390585179,0.998794303082063,31.1841408352885,12.2901118166943,24.8849332139285,15.6964853070249,0.999773931827887,-92.4484015010577,-104.738513317752
20,4.6,39811,15676,156.76,0.518144674197306,-17.9359870278237,0.0253431931141596,11.8941527140421,0.301435809161275,0.321569415488182,0.999849287885258,0.00109074710176671,0.994473889126121,14.4745776228116,-13.0084958981267,-26.339512322323,-15.4558900596735,0.999748813142096,39.191290901647,52.1997867997738
20,4.6,39811,15677,156.77,1.50127475530397,-17.0694634861079,2.13137305504162,10.4971847435429,22.3734167161812,0.987013639446384,0.999748813142096,0.00242012360627117,0.998894777825224,32.1158469630871,-18.261165187485,-36.9750806889981,-21.4524595495551,0.999874406571048,92.2955290974996,110.556694284985
20,4.6,39811,15678,156.78,1.08391352999442,-15.76810694242,3.85858316591703,8.64095585571961,33.3418468023119,0.994875788098767,0.999447388912612,0.00335663074584764,0.999397151541031,44.5436088743134,-14.791467547379,-29.9496609585382,-16.8330327845977,0.999849287885258,124.352857574821,139.1443251222
20,4.6,39811,30339,303.39,0.613773254571305,-14.0848845701222,-6.7001207136158,10.189009791155,68.2675955529519,0.999723694456306,0.999472507598402,0.00363181187097833,0.999522744969983,48.1953541318395,10.9798568872655,22.2319381152374,13.2704267531589,0.999698575770516,-135.497548243061,-146.477405130326
20,4.6,39811,30344,303.44,0.525696224540328,-15.3163091674075,2.10373611496183,8.9825259142501,18.8968641693885,0.981512647258295,0.999346914169451,0.00189137407562998,0.998291929366256,25.099164441635,-11.6009805693071,-23.4895850411342,-13.2154976784209,0.999673457084725,85.8586991961124,97.4596797654195
1,4.4,25119,10989,109.89,0.817954734214555,13.6805576051818,-7.65706772826659,-10.4738285262016,80.1988143993762,0.999840757991958,0.999323221465823,0.00846245190151969,0.999800947489948,70.8561097714244,-9.13491878019357,-19.9756875133934,-10.8402342754221,0.999562084477885,156.997824059082,166.132742839275
1,4.4,25119,10990,109.9,1.22645819115461,15.2545750596974,-6.28927216828032,-11.5077123944465,72.3751352829671,0.999562084477885,0.999562084477885,0.00647155661814361,0.999522273975875,54.1863435637165,-11.5533494776002,-25.264165391154,-13.829258394484,0.999800947489948,129.530609522155,141.083958999755
1,4.4,25119,10991,109.91,0.518141155633047,16.4757481678419,-4.61107620317185,-12.1758577234139,56.14380780164,0.999243600461802,0.999800947489948,0.00366374180773924,0.998885305943708,30.6765101562006,-8.55933677883928,-18.7170396289353,-10.7265983127129,0.999522273975875,86.8233620450179,95.3826988238572
1,4.4,25119,10994,109.94,0.770165224828525,16.6493742131756,1.02498955380305,-10.7568755849521,11.025685106135,0.934471913690832,0.999482463473864,0.00218647317701617,0.996894780843186,18.3073399111564,12.5894606640592,27.5298706248678,14.3149239418997,0.999840757991958,-64.3775589303886,-76.9670195944478
1,4.4,25119,10995,109.95,0.850478124869222,15.6914302469876,2.58264886511544,-9.26363117932252,23.9247065521254,0.985508977268203,0.999243600461802,0.00345287711459213,0.998686253433656,28.9109400804799,11.5395891052446,25.2340750417093,12.9755175468692,0.999761136987937,-96.1128320197167,-107.652421124961
1,4.4,25119,11827,118.27,0.599966599161323,13.4104997776882,-7.435075780772,-10.230499760619,76.0645409953723,0.999721326485927,0.999283410963812,0.0075760052840736,0.999681515983917,63.4338922435483,-7.69784544099721,-16.833182511613,-9.48454969821628,0.999442652971854,148.223135875452,155.92098131645
1,4.4,25119,11828,118.28,0.778583599432053,14.8882335203365,-6.13640936850838,-11.1915577998064,68.6759801309347,0.999522273975875,0.999442652971854,0.00581270096887192,0.999402842469844,48.6697452123646,-9.81079505362101,-21.4536528418839,-12.0521987729381,0.999681515983917,122.571837651068,132.382632704689
1,4.4,25119,11833,118.33,0.614079738268737,15.4267490664079,2.26769251975706,-9.16476923754747,20.782878645286,0.98152792706716,0.999163979457781,0.00298357092157016,0.998248337911541,24.981439326307,9.83206654023108,21.5001680413829,11.3215196212997,0.999601894979896,-88.8048074004392,-98.6368739406703
1,4.4,25119,14175,141.75,0.625143734988474,7.95959785607624,-10.7718256007799,-6.34973334255667,68.398220177478,0.999482463473864,0.996218002309009,0.00729637106432756,0.999601894979896,61.0925149216147,6.81963283675617,14.9127603409552,5.53170152980937,0.99904454795175,155.556276839991,148.736644003235
1,4.4,25119,14178,141.78,0.941027099851601,13.3992186884438,-8.85085184119121,-10.4057325484345,92.0995970852547,1,0.999363031967833,0.0115961825427357,1,97.0948364303257,-9.15613815317656,-20.0220887539668,-10.4364375693258,0.999482463473864,189.183966654339,198.340104807516
1,4.4,25119,14179,141.79,2.31805775936305,15.3427840837258,-7.50255933740264,-11.7645195847062,88.2640062602935,0.99996018949799,0.999721326485927,0.00997882720610259,0.999920378995979,83.552720196697,-15.6323473028295,-34.1838709610884,-18.3584389791489,0.999920378995979,166.423466335063,182.055813637893
1,4.4,25119,14180,141.8,2.00267805087659,16.9998795930551,-5.74023402856396,-12.80748452221,73.5179584746959,0.999641705481906,0.999920378995979,0.00639143024068345,0.999442652971854,53.5154454052425,-15.4277937913341,-33.7365657223971,-18.9269761062022,0.99996018949799,122.831638967748,138.259432759082
1,4.4,25119,14183,141.83,1.3128333991939,17.9735586902178,0.765225385862378,-11.9985468875319,9.18159267179945,0.919622596440941,0.999880568493969,0.00227303214106141,0.997093833353239,19.0320981171072,15.8044331916173,34.5601779674891,18.13997103872,0.999880568493969,-59.8057798599296,-75.6102130515469
1,4.4,25119,14184,141.84,1.88306156939919,16.9463767621483,2.64889563849977,-10.3834163726139,27.5045863421442,0.989529837971257,0.999522273975875,0.00422773697925841,0.99912416895577,35.3988417273306,17.0765560694232,37.3419792836419,19.2229100786576,1,-103.229707693077,-120.3062637625
1,4.4,25119,14185,141.85,0.959909805727062,15.6252412100071,4.15051281497784,-8.41989132029828,34.9468668256187,0.995023687248696,0.999203789959791,0.00517973173903246,0.999243600461802,43.3698938509188,10.9361863733106,23.9145904674211,12.0688255831739,0.999721326485927,-125.01292566104,-135.949112034351
2,4.4,25119,18204,182.04,1.37818227275422,-12.8935013706193,-7.17699110341805,9.32266632179062,66.9086932516264,0.99996018949799,0.999800947489948,0.00598857616733512,0.99996018949799,50.1423482490969,8.23479440344221,26.1998529693577,9.24751925819055,0.999880568493969,-139.902439512761,-148.137233916203
2,4.4,25119,18205,182.05,1.96348020707522,-14.277429351301,-5.85693438128264,10.2182749736645,59.8477660106555,0.999880568493969,0.999880568493969,0.00447338643329364,0.999840757991958,37.4556646059677,10.0905357990188,32.10408680098,11.5692772475519,1,-113.044337308598,-123.134873107617
2,4.4,25119,18206,182.06,0.926296112357753,-15.3270715038337,-4.274928131697,10.7765242020868,46.0688664734145,0.999203789959791,0.99996018949799,0.00246566886733015,0.998447390421593,20.6450454261554,7.4842533036487,23.8119285721401,8.72303983782564,0.999840757991958,-73.9566132605893,-81.440866564238
2,4.4,25119,18209,182.09,1.75461058142528,-15.4029140131618,0.929078349922509,9.48947315645782,8.81646406183578,0.912496516581074,0.999840757991958,0.00199975285896813,0.997093833353239,16.7439306881402,-10.11889543017,-32.1943159105394,-11.1994273356898,0.99996018949799,59.7428460206748,69.8617414508448
2,4.4,25119,18210,182.1,1.83647172666589,-14.5398265482735,2.37631463249192,8.19163079314588,19.465892117724,0.979895696484733,0.999761136987937,0.00305556402068933,0.99908435845376,25.5842375452317,-9.87117042917291,-31.4061531119338,-10.6310131657961,0.999920378995979,87.9226898293711,97.793860258544
2,4.4,25119,18211,182.11,0.748195075676773,-13.4926807663146,3.5476223804064,6.68578194677286,23.7186296648884,0.986703292328516,0.998845495441698,0.0034403894845651,0.999363031967833,28.8063811542636,-6.00169556574933,-19.0950172749606,-6.24754377919261,0.999761136987937,101.818420995356,107.820116561106
3,4.4,25119,2653,26.53,1.33283618166014,-13.8284351469627,-8.08437429229297,10.1594492517312,82.1327903545505,0.999840757991958,0.999522273975875,0.00855087660383563,0.999800947489948,71.5964898039158,12.9176868824602,23.3083592386325,15.3018611363435,0.999641705481906,-173.055741672348,-185.973428554808
3,4.4,25119,2654,26.54,1.88826008935509,-15.5891480912748,-6.51150761183748,11.3451137155415,73.8737943159105,0.999721326485927,0.999641705481906,0.00645967154161539,0.999641705481906,54.0868298179457,15.7941246050329,28.498533329035,19.1190466978203,0.999721326485927,-140.084261293151,-155.878385898184
3,4.4,25119,2655,26.55,0.944071679396469,-16.9212000428692,-4.56935674568565,12.0968765216675,55.2749443360077,0.999442652971854,0.999761136987937,0.00335496378580241,0.998925116445718,28.0911117785236,11.2320022329117,20.2667509590515,14.0383217600946,0.999601894979896,-89.0097845642044,-100.241786797116
3,4.4,25119,2657,26.57,0.924072295383253,-17.4896335383694,-0.190358522629737,11.5814173298644,2.20462149287143,0.72343644253354,0.999721326485927,0.00150553583109199,0.99263505712807,12.6058515137332,-11.6466763122172,-21.0149787567486,-13.4694789654655,0.999562084477885,32.85658509626,44.5032614084773
3,4.4,25119,2658,26.58,1.9569878111522,-16.7236369931114,1.82001538674004,10.3071849321143,18.7592351704231,0.979816075480712,0.999601894979896,0.00322660568449685,0.998845495441698,27.0163693962921,-16.7231437449663,-30.1748328128487,-19.2726596807405,0.999761136987937,83.3682016454762,100.091345390443
3,4.4,25119,2659,26.59,1.38121866189841,-15.5310575013817,3.49250693134649,8.58950550355209,29.9989075079945,0.992316573111987,0.999442652971854,0.00458207387333105,0.999363031967833,38.3657045414009,-14.3024191019638,-25.8069362915662,-16.0555987883314,0.999681515983917,115.027130918745,129.329550020709
3,4.4,25119,20964,209.64,0.769869355020932,-6.571334742762,-12.1348987453713,4.8134209142635,58.4103754134401,0.999562084477885,0.99625781281102,0.00497142437751623,0.999482463473864,41.6257363129434,-9.78535549130669,-17.6564568521004,-8.18258835640694,0.999442652971854,-158.311496489781,-148.526140998474
3,4.4,25119,20965,209.65,0.904712613006495,-8.23423377137493,-11.882355265967,6.09746799935341,72.4522809911821,0.999681515983917,0.998049285401489,0.00744914561072145,0.999681515983917,62.3716961985707,-10.278415390399,-18.5461221117385,-8.96964765323585,0.999522273975875,-191.77046028127,-181.492044890871
3,4.4,25119,20967,209.67,0.572434351523358,-12.5060131248116,-10.5167928844341,9.35184100960644,98.3513749861885,0.99996018949799,0.999482463473864,0.0133043876267075,0.99996018949799,111.397637598422,7.35497923021924,13.271145186481,8.2680986959848,0.999482463473864,-230.279367276723,-237.634346506943
3,4.4,25119,20968,209.68,3.41211769094889,-14.9246242874004,-9.17338461677083,11.1365297890931,102.159671051477,1,0.999681515983917,0.0137070587134197,1,114.769202607463,21.1088758747038,38.0883409303999,24.096897905629,0.999880568493969,-216.133725687928,-237.242601562632
3,4.4,25119,20969,209.69,4.87950266473261,-17.1873133886851,-7.26816120591045,12.7132468082443,92.401927252846,0.999920378995979,0.999880568493969,0.0103155434872735,0.999880568493969,86.3720456189412,26.5504423347985,47.9069707692295,32.1801005749616,0.99996018949799,-173.011324047578,-199.561766382376
3,4.4,25119,20970,209.7,2.21488291903303,-18.8828043273341,-4.83406716354148,13.7156918852611,66.3025757677929,0.999641705481906,0.99996018949799,0.00478761196523567,0.999442652971854,40.0866749849183,17.6068223777834,31.7693209911596,22.5609652835753,0.999840757991958,-104.641643471005,-122.248465848788
3,4.4,25119,20972,209.72,3.41604794344258,-19.3078948444813,0.672338819328536,12.8699649368958,8.65297703047218,0.918706954894701,0.999920378995979,0.00265334397754893,0.998009474899478,22.2164491240172,-21.6474313067147,-39.0600972203183,-25.7959595621685,0.999920378995979,56.1631017728788,77.8105330795935
3,4.4,25119,20973,209.73,5.5045901246207,-18.1129560801522,3.08459599214413,11.0727134791375,34.1548476199078,0.995103308252717,0.999800947489948,0.00592332434509909,0.999562084477885,49.5959947415147,-28.1605531131187,-50.8122153982845,-32.3368894706648,1,117.304663335687,145.465216448806
3,4.4,25119,20974,209.74,2.91243071266964,-16.4674796032558,4.97846578300609,8.77098556760907,43.666051531582,0.998367769417572,0.999562084477885,0.00746672817861869,0.999761136987937,62.5189150395743,-20.289088449888,-36.6091364899466,-21.950028307091,0.999800947489948,150.329215420954,170.618303870842
3,4.4,25119,20977,209.77,0.588551010573047,-12.3309957009756,7.74227952849998,1.76581988508057,13.6714711472775,0.959074803933278,0.996456865321072,0.00207124751464552,0.996098570802978,17.3425554401269,8.64578653701004,15.6002464170878,7.90862180844681,0.999402842469844,89.5568605375229,80.9110740005129
4,4.4,25119,1302,13.02,0.562200952363124,11.8304957784902,-6.99540374267328,-8.93363511600757,62.4943845261968,1,0.999522273975875,0.00625959845293285,0.99996018949799,52.4116178464068,-4.05584967931672,-14.1254656676768,-4.60020990526498,0.999601894979896,121.647737237322,125.703586916639
4,4.4,25119,1303,13.03,1.12438229980725,13.0376570885694,-6.03694254642315,-9.7176648903453,58.6649846284081,0.999880568493969,0.999681515983917,0.00521876689041468,0.999840757991958,43.6967351734421,-6.13477738439305,-21.3658281676462,-6.82134144672138,0.99996018949799,106.424203237849,112.558980622242
4,4.4,25119,1304,13.04,1.00766695386913,14.0553841233904,-4.86906492102751,-10.2971412039269,50.1374490229077,0.999641705481906,0.999920378995979,0.00356932177238685,0.999442652971854,29.8859312001951,-6.02238266157426,-20.9743866883179,-6.82099662971891,0.999920378995979,81.5148984409332,87.5372811025074
4,4.4,25119,1308,13.08,0.980988559865352,14.5793887656213,0.634004668640746,-9.10934797553207,5.77536914476046,0.855766551216211,0.999641705481906,0.00161300877437586,0.99534217126478,13.5057224678491,6.14364535379511,21.3967129901211,6.74296906603638,0.999800947489948,-51.95468925304,-58.0983346068351
4,4.4,25119,1309,13.09,0.824154046471195,13.8831093650473,1.79048986111979,-7.98973400046373,14.3055377208744,0.95931366694534,0.999482463473864,0.00236280847625718,0.998089095903499,19.7837953717014,5.64972921488491,19.6765320133787,6.1778103505408,0.999721326485927,-72.305979729842,-77.9557089447269
4,4.4,25119,6602,66.02,0.582872846979212,-11.311937374854,-7.15600116777744,8.09827662049985,57.9512769532817,0.999840757991958,0.999203789959791,0.0046321953999468,0.999761136987937,38.7853720837546,4.12910357514171,14.3805898641617,4.56764793150204,0.999562084477885,-125.120988885574,-129.250092460716
4,4.4,25119,6603,66.03,1.19422500288449,-12.5558493784872,-6.16536706089952,8.92483155250263,55.0248624778764,0.999761136987937,0.999601894979896,0.00395201043460068,0.999641705481906,33.0901833689115,6.07047296066916,21.1418726462609,6.81716220627273,0.999880568493969,-110.247785409431,-116.3182583701
4,4.4,25119,6604,66.04,1.04525107869507,-13.6109610889931,-4.95365265914904,9.55096625088942,47.3121693661611,0.999442652971854,0.999721326485927,0.0027272551601541,0.998845495441698,22.8353074559703,5.95744613135287,20.748229705011,6.8030030505282,0.999840757991958,-85.0606236302765,-91.0180697616293
4,4.4,25119,6607,66.07,0.506373216543613,-14.6179873863869,-0.591794147265708,9.32970174705488,5.52126288964173,0.849595923404594,0.999761136987937,0.000918793855462229,0.987220828854652,7.69306095178524,-5.06843942925433,-17.6520514336943,-5.51472348643332,0.999681515983917,22.840034723429,27.9084741526834
4,4.4,25119,6608,66.08,1.20236234703337,-14.1602993072843,0.788483622627932,8.49438588358801,6.69768415349104,0.876627254269676,0.999562084477885,0.00161438648022594,0.99538198176679,13.5172579989318,-6.92327023411818,-24.1119429299362,-7.52632414378747,1,53.8268046151192,60.7500748492374
4,4.4,25119,6609,66.09,1.09714874980997,-13.4323795706336,1.99227647506001,7.39067094759358,14.7242598638002,0.962379075600143,0.99908435845376,0.0022926109127461,0.997969664397468,19.1960311724231,-6.19486183769503,-21.5750866336604,-6.63113303838608,0.999761136987937,75.4137837808352,81.6086456185302
5,4.4,25119,5159,51.59,0.707557077959707,-12.4205392141031,-6.66814544387791,8.89024893921219,59.2814729589482,0.99996018949799,0.999442652971854,0.00458975071497225,0.999761136987937,38.4299827364626,6.26866479334528,19.5837865164012,7.10939474429112,0.999880568493969,-122.357110046438,-128.625774839783
5,4.4,25119,5160,51.6,0.733605424075177,-13.6143541422478,-5.46769974302463,9.63945691884616,52.7056561180722,0.999562084477885,0.999721326485927,0.00341162565081657,0.99912416895577,28.5655415742871,6.95206987816923,21.7187960801002,8.10135577909939,0.99996018949799,-98.8285530559768,-105.780622934146
5,4.4,25119,5165,51.65,0.580618439123894,-13.9179175412986,1.87178752933079,7.86355279817387,14.7189000638561,0.965006568732832,0.999163979457781,0.00234763508195395,0.997491938373343,19.6567485412004,-7.180024703303,-22.430944325057,-7.71876433555633,0.999920378995979,75.6478059900815,82.8278306933845
5,4.4,25119,8328,83.28,0.521385513275716,-12.3310037122715,-6.17967169797059,8.75324579017056,54.0921852748973,0.999681515983917,0.999323221465823,0.00371977145053367,0.999243600461802,31.1456463553184,5.47699735584224,17.110557112828,6.54436089149907,0.999721326485927,-108.691199911879,-114.168197267722
6,4.4,25119,8591,85.91,0.535767296799801,6.64755580701848,-12.1760623597103,-5.4152220788447,65.9360817236932,0.999482463473864,0.995899518292926,0.00708378589459199,0.999363031967833,59.3125392954188,11.0660743421315,16.5628605414771,8.11140260215541,0.99908435845376,154.020093475361,142.95401913323
6,4.4,25119,8592,85.92,0.76363708031374,8.270456452591,-11.9927622449938,-6.67102903072044,80.0040650948816,0.999601894979896,0.997332696365301,0.00985171264453657,0.999681515983917,82.4883899727047,12.6120409154044,18.8767460227463,9.55046777314152,0.999363031967833,188.757311926555,176.145271011151
6,4.4,25119,8595,85.95,2.02890364412045,15.0081794380484,-9.62200872941523,-11.7646164470088,113.19924215134,1,0.999601894979896,0.017370983408017,1,145.447244075326,-18.2945478191506,-27.3818912497574,-21.9831857538107,0.999641705481906,229.008221011248,247.302768830398
6,4.4,25119,8596,85.96,3.63600009501552,17.4241483328019,-7.84125727632125,-13.4712840403613,105.631804002873,0.999840757991958,0.999761136987937,0.014004982264189,0.999800947489948,117.263716498054,-27.2586004782153,-40.7986052070528,-33.6422169387872,0.99996018949799,191.449951594243,218.708552072459
6,4.4,25119,8597,85.97,2.06040821564672,19.3562719148994,-5.48785552260494,-14.6673415447571,80.492251298328,0.999641705481906,0.999920378995979,0.00744193972185617,0.999442652971854,62.3113612911017,-21.551672409798,-32.2569082334871,-27.8659796944802,0.999761136987937,125.906427543702,147.4580999535
6,4.4,25119,8599,85.99,1.64549795854721,20.2749120470024,0.0940120028506421,-14.1850958987313,1.33356927606816,0.642700744456388,0.999840757991958,0.00223940494011158,0.996616107329113,18.7505375635543,19.7417103118294,29.5478942790193,23.8199139229527,0.999681515983917,-40.5114472605879,-60.2531575724173
6,4.4,25119,8600,86,3.71974851158348,19.1991568661863,2.63458214120133,-12.4312110254026,32.7510465610308,0.994227477208488,0.999681515983917,0.00564089549928992,0.999163979457781,47.2312180155545,29.2873794442538,43.8351276489854,34.599033331531,1,-108.79168084061,-138.079060284864
6,4.4,25119,8601,86.01,2.58391900814981,17.5688315699122,4.66456077878057,-10.0604599448992,46.9276268754697,0.998327958915562,0.999522273975875,0.00807327663900774,0.999562084477885,67.5975452984118,23.4867596666636,35.153200033103,26.3544417393917,0.999721326485927,-148.392084755332,-171.878844421996
6,4.4,25119,8602,86.02,0.676164108583155,15.8423840321546,6.13670358802529,-7.45745629614308,45.764198810083,0.99812890640551,0.998805684939687,0.00750160001634196,0.999482463473864,62.8108969368313,8.50831341051213,12.7345980249711,9.39030549562091,0.999323221465823,-155.563479800042,-164.071793210554
6,4.4,25119,14963,149.63,0.678045473587833,7.85151027609422,-11.9151544746646,-6.3393324180305,75.5341250270823,0.999562084477885,0.996815159839166,0.00888272874170594,0.999641705481906,74.3750877543039,11.8775497425848,17.7774153578473,8.93364039851195,0.999203789959791,177.406092668687,165.528542926102
6,4.4,25119,14964,149.64,0.520543245467606,9.70318414284468,-11.5680470599653,-7.76373276991023,89.8112260433163,0.999721326485927,0.997929853895458,0.0120426554261308,0.999721326485927,100.833153882993,9.74837011820372,14.5906208274587,7.25832183925402,0.998845495441698,209.071032667709,199.322662549505
6,4.4,25119,14966,149.66,1.2027446876822,14.2756786480619,-9.84974235413988,-11.2085248194082,110.401081641153,0.99996018949799,0.999482463473864,0.0167196014635902,0.99996018949799,139.993223054641,-13.3103862982883,-19.9219764114898,-16.6022661952297,0.999601894979896,228.803875937557,242.114262235845
6,4.4,25119,14967,149.67,2.85335342293908,16.6828095425024,-8.24904831151473,-12.9327223818629,106.682651727395,0.999880568493969,0.999641705481906,0.0145360992225475,0.999840757991958,121.71075879039,-24.4708886874658,-36.6261696899494,-30.4824557240317,0.999880568493969,199.263227000913,223.734115688379
6,4.4,25119,14968,149.68,2.40053619749487,18.7282414711487,-6.08335547035273,-14.2577912069562,86.7352121339843,0.999681515983917,0.999800947489948,0.00878231675194121,0.999601894979896,73.5343381640038,-22.8684827477962,-34.2278100468612,-29.9488911976488,0.999840757991958,141.96810168031,164.836584428106
6,4.4,25119,14970,149.7,0.848635030280275,20.1892969867639,-0.694935958838561,-14.325522591428,9.95532077793746,0.936382817787332,0.999880568493969,0.00169640950327017,0.994665392730602,14.2040367708811,13.8333097591637,20.7046485758516,16.2914057841525,0.999562084477885,-18.0920550345467,-31.9253647937104
6,4.4,25119,14971,149.71,3.12713678913405,19.3769345710722,1.89283373796966,-12.8501909471873,24.3232749641885,0.987857796886819,0.999721326485927,0.0043758987683144,0.998765874437677,36.6394003870965,26.9870912089154,40.392230730965,32.2433460291482,0.999920378995979,-89.6674663494077,-116.654557558323
6,4.4,25119,14972,149.72,2.84918582042564,17.899152250239,4.03279807071921,-10.6702888203735,43.0311201688191,0.997611369879374,0.999562084477885,0.00726954824546711,0.999402842469844,60.8679274592961,25.0472298304637,37.4887933883504,28.8805097948188,0.999800947489948,-136.968173340991,-162.015403171454
6,4.4,25119,14973,149.73,1.11895794843769,16.2036128516624,5.63289734381405,-8.16272001674809,45.9797639006381,0.99816871690752,0.999163979457781,0.00756913978693926,0.999522273975875,63.3764074360424,12.2573485834351,18.3458694491838,13.8796645501196,0.999522273975875,-153.243639192776,-165.500987776212
7,4.4,25119,4401,44.01,0.670785850615286,-13.7244959363991,0.774654372405663,8.13484244788286,6.30169127108364,0.870615868466101,0.99912416895577,0.00155312300954467,0.995023687248696,13.0042989589176,-5.73215941511062,-17.924559139646,-6.4830472809978,0.999761136987937,52.4796613325311,58.2118207476418
7,4.4,25119,5140,51.4,0.648989985600871,-11.485295579812,-8.37280270341607,8.36647488257485,70.0508435148853,1,0.999363031967833,0.00751243213816198,1,62.9015942928303,5.14934901232991,16.1021011835213,5.4305815485904,0.999601894979896,-157.62361190558,-162.77296091791
7,4.4,25119,5141,51.41,1.52599146475024,-13.092195273666,-7.31659193111335,9.49447572156493,69.4672044545536,0.99996018949799,0.999800947489948,0.00706280582094377,0.99996018949799,59.1368731387622,9.41840075133368,29.451497950866,10.2267193430808,0.999880568493969,-145.374738794329,-154.793139545663
7,4.4,25119,5142,51.42,1.7854676670561,-14.5359853152811,-5.94699151196978,10.4345083425992,62.0539325450153,0.999880568493969,0.999880568493969,0.00524529395742122,0.999721326485927,43.9188463054879,10.7798563853573,33.7087926736419,12.1063878205553,0.99996018949799,-117.778265617112,-128.55812200247
7,4.4,25119,5143,51.43,0.781639390540647,-15.626236707186,-4.29910371437728,11.01793894893,47.3672622601268,0.999283410963812,0.99996018949799,0.00279031428242027,0.998765874437677,23.363301486705,7.40246884136607,23.1476448782422,8.733442101967,0.999840757991958,-76.5785595931947,-83.9810284345608
7,4.4,25119,5145,51.45,0.715558621393665,-16.1833280693736,-0.619160890906528,10.6197405047737,6.57532799213183,0.875671802221426,0.999920378995979,0.00112715072943173,0.990843584537601,9.43763305753188,-6.93776445210456,-21.6945064177498,-7.83119337459058,0.999800947489948,22.3462443638678,29.2840088159724
7,4.4,25119,5146,51.46,2.0827292654391,-15.6346932926126,1.10763766130134,9.62382872394646,10.6597151405567,0.932083283570206,0.999840757991958,0.00236565641112354,0.998407579919583,19.8076411303374,-10.9205265498566,-34.148670649838,-12.3159293634941,1,64.477019055148,75.3975456050046
7,4.4,25119,5147,51.47,1.59545533888306,-14.7114433188375,2.59195370415653,8.25029061197381,21.3843713120734,0.986066324296349,0.999562084477885,0.00360268225572141,0.999283410963812,30.1652585271553,-9.82561702408888,-30.7248701017495,-10.7861415431946,0.999920378995979,93.6779446600727,103.503561684162
7,4.4,25119,5148,51.48,0.647282437577423,-13.6107076668775,3.78112413909493,6.67006650186185,25.2203494595583,0.991520363071778,0.998885305943708,0.00396061519207306,0.999402842469844,33.1622310032278,-5.61322712084771,-17.5526558501964,-6.02531982445102,0.999681515983917,106.682870856084,112.296097976932
8,4.4,25119,15309,153.09,0.542235272595376,6.21746333461804,-11.2559603371573,-5.03299182252336,56.6511563315598,0.999562084477885,0.993152593654206,0.00582115925524458,0.999721326485927,48.7405664441628,6.56372002868756,14.5982593290448,4.86202446674733,0.99912416895577,127.911796220947,121.34807619226
8,4.4,25119,15310,153.1,0.703332386096706,7.5734131786209,-11.1198873364167,-6.07404840595517,67.5427339501629,0.999800947489948,0.995700465782874,0.0077794810689895,0.999800947489948,65.1375949906491,7.29014950353442,16.2138989071693,5.66615559547139,0.999323221465823,154.191410388632,146.901260885097
8,4.4,25119,15311,153.11,0.603253514201351,9.1915959678062,-10.8136081334326,-7.30900447362401,79.0367102232762,0.999840757991958,0.997929853895458,0.0101585954114221,0.999880568493969,85.0579193798373,6.00304678803474,13.3512754037504,4.75841686118017,0.99904454795175,179.769138427175,173.76609163914
8,4.4,25119,15313,153.13,0.82732421198211,13.1204582034924,-9.3764623258661,-10.246236090148,96.0734466812025,1,0.999761136987937,0.0137558726931047,1,115.177922059366,-8.53555031770901,-18.9837739131816,-9.78133715455624,0.999721326485927,200.879131948347,209.414682266056
8,4.4,25119,15314,153.14,2.77745045135366,15.2062990280763,-8.07381953582879,-11.7348805996488,94.7453082360629,0.99996018949799,0.999840757991958,0.0125683267135626,0.99996018949799,105.234599572659,-17.0314986557749,-37.8794697294537,-19.818141575531,0.999920378995979,182.301474041781,199.332972697556
8,4.4,25119,15315,153.15,2.67260276566005,17.0614964599651,-6.3175430254533,-12.9538940584434,81.8367830613801,0.999880568493969,0.999880568493969,0.00864016426619017,0.999840757991958,72.3440954008103,-18.2028162579026,-40.4845775094626,-22.3789081972175,0.99996018949799,141.07837366316,159.281189921063
8,4.4,25119,15316,153.16,0.705833273648001,18.3710657348382,-4.16786734256095,-13.6214617224857,56.7724454710921,0.999601894979896,0.99996018949799,0.0039137209959623,0.99904454795175,32.7695858991923,-10.098906338127,-22.4608077461205,-13.0908245547835,0.999800947489948,80.9137136700898,91.0126200082168
8,4.4,25119,15318,153.18,2.13752405351908,18.5415793995635,0.514792025740784,-12.5704571951771,6.47117112399304,0.885664238226044,0.999920378995979,0.00223042882547573,0.996456865321072,18.6753805557083,17.0108294941885,37.8334997947775,19.8142147915613,0.999880568493969,-52.7678934161696,-69.7787229103581
8,4.4,25119,15319,153.19,3.22458590524614,17.5230027233289,2.55862072766357,-10.945010511483,28.004130759176,0.990405669015486,0.999800947489948,0.00462639488240208,0.999562084477885,38.7368043503526,20.3599357948805,45.2821907938381,23.1016571792102,1,-102.519883312888,-122.879819107769
8,4.4,25119,15320,153.2,1.50159652539406,16.1425180180861,4.19549118082549,-8.90338166421659,37.3540592517441,0.995819897288905,0.999721326485927,0.00603006155578704,0.999761136987937,50.4897054066049,14.0819847406502,31.3195054349032,15.4000965353624,0.999840757991958,-129.687926317779,-143.76991105843
9,4.4,25119,4039,40.39,0.845484607332283,13.0042699701624,-8.04621305643297,-9.9958025151297,80.4283567067621,1,0.999761136987937,0.0101765179469746,0.99996018949799,85.207984770018,-7.51539852144074,-21.1248243955099,-8.65550153787851,0.999800947489948,161.442038603459,168.9574371249
9,4.4,25119,4040,40.4,1.46888931525776,14.6395733859444,-6.81516006865909,-11.1053410962427,75.6846771879523,0.999920378995979,0.999840757991958,0.00846217066108553,0.999880568493969,70.8537549452692,-11.1441231203124,-31.3247053082968,-13.0475494002011,0.99996018949799,140.567198780778,151.71132190109
9,4.4,25119,4041,40.41,1.04668403308899,16.0056085115913,-5.25984403710529,-11.9242870916819,62.7198903559147,0.999800947489948,0.999920378995979,0.0053930577128728,0.999761136987937,45.1560722298839,-10.1699831954552,-28.5865225239037,-12.3641506651653,0.999920378995979,103.702883723925,113.87286691938
9,4.4,25119,4044,40.44,0.729383666958392,16.8542063315354,0.33104435483785,-11.1782591035413,3.70049957314217,0.800907679445838,0.999880568493969,0.00179248100031465,0.995023687248696,15.0084434156345,10.7429533830238,30.197068466573,12.0764928337311,0.999880568493969,-48.146430653521,-58.8893840365449
9,4.4,25119,4045,40.45,1.15038531451368,16.0407312390319,1.98423494418916,-9.84269734202728,19.5302240111283,0.981209443051077,0.999800947489948,0.00333333706559369,0.998925116445718,27.910031250216,12.116851701988,34.0589209874478,13.4172443039829,1,-85.4523192989701,-97.5691710009581
9,4.4,25119,4046,40.46,0.606809143751384,14.9510094317237,3.34283681738786,-8.19741194235325,27.4026104481934,0.991002826545643,0.999601894979896,0.00433149873289677,0.999681515983917,36.2676388905446,8.46331251272642,23.7892894336352,9.26638620066758,0.999840757991958,-106.230853487238,-114.694165999964
10,4.4,25119,5033,50.33,0.529829679740432,12.9444082346066,-8.04444448795162,-9.94869485828401,80.0317235150355,1,0.999442652971854,0.0104414778489443,1,87.4264940292106,-7.06879029872621,-17.9161736795988,-8.28098375630555,0.999601894979896,160.927000542519,167.995790841245
10,4.4,25119,5034,50.34,1.19087319972631,14.5729670359433,-6.82651005621128,-11.0544857717242,75.4635582869201,0.999880568493969,0.999681515983917,0.00875336198232192,0.999800947489948,73.2918998779814,-10.9251717616035,-27.6903496197373,-12.7043743873212,0.99996018949799,140.501821823322,151.426993584926
10,4.4,25119,5035,50.35,0.880476125918013,15.9384814690052,-5.28650126409723,-11.8755948441525,62.7803471555189,0.999641705481906,0.999920378995979,0.00565222280949554,0.999562084477885,47.3260615839062,-10.4509487170552,-26.4884095324036,-12.5266840387655,0.999920378995979,103.878307610023,114.329256327078
10,4.4,25119,5038,50.38,0.981882743908282,16.8278893562226,0.269791845020181,-11.1763285296128,3.01528229455592,0.778175882797882,0.999800947489948,0.00174910590201098,0.995063497750707,14.6452637175379,10.5500485347003,26.7395825718508,11.973895812021,0.999880568493969,-46.3812426069276,-56.9312911416279
10,4.4,25119,5039,50.39,1.33939715263513,16.031770877915,1.92134566088679,-9.86095244542329,18.946298193225,0.981567737569171,0.999641705481906,0.00325725807996587,0.998367769417572,27.2730219035542,11.8415790678757,30.0130260278045,13.3410352987972,1,-83.9879367957684,-95.8295158636441
10,4.4,25119,5040,50.4,0.587628319193782,14.954628806101,3.28258892087533,-8.23251006363214,27.0239463258735,0.990365858513476,0.999163979457781,0.00428811335322607,0.999283410963812,35.9043731065619,8.29956793804648,21.0356361357141,9.24603533400301,0.999721326485927,-105.299917243283,-113.59948518133
10,4.4,25119,10558,105.58,0.723877961482955,13.9825359541072,-6.84771961656442,-10.5922689482223,72.5328878606679,0.999800947489948,0.999601894979896,0.00812490684730005,0.999721326485927,68.0298450324433,-8.56005407780961,-21.6958502209962,-10.5135391080305,0.999761136987937,136.529930636887,145.089984714696
10,4.4,25119,10559,105.59,0.695873872650702,15.3147590747847,-5.44388023637249,-11.4073737487317,62.1003764996352,0.999601894979896,0.999721326485927,0.00558122445439136,0.999522273975875,46.7315923566189,-8.94550596580191,-22.6727957348055,-11.1814830982524,0.999800947489948,105.101375990036,114.046881955838
10,4.4,25119,10562,105.62,0.564729167456505,16.494416652714,-0.245485890198508,-11.0623522365223,2.71565138647213,0.764321828098252,0.999761136987937,0.00134658004661783,0.991241689557705,11.2749147303311,8.01883964038707,20.3241173715275,9.02525968418434,0.999641705481906,-33.3712174206814,-41.3900570610684
10,4.4,25119,10563,105.63,0.909618539547713,15.8537035743982,1.36634888948832,-9.92895700632753,13.5664193793729,0.959114614435288,0.999562084477885,0.00254260468468037,0.997133643855249,21.2892290248288,10.0860122777197,25.5634613654835,11.433769597048,0.999840757991958,-71.3903245609651,-81.4763368386848
10,4.4,25119,10564,105.64,0.552875943237949,14.9016614665538,2.72958477986023,-8.46391049480301,23.1029612647135,0.986464429316454,0.99912416895577,0.00362641156947736,0.998646442931645,30.363944071234,8.16710259879348,20.699896649283,9.18174522142299,0.999681515983917,-95.1716498131048,-103.338752411898
10,4.4,25119,14983,149.83,0.518696165264025,-14.4298659013872,1.09520570658115,8.60832931266129,9.4278913873564,0.926788486802819,0.998885305943708,0.00182912091467898,0.995302360762769,15.3152294186071,-7.50140816354655,-19.0126635279983,-8.23435770743321,0.999562084477885,61.6057524491719,69.1071606127184
11,4.4,25119,19580,195.8,0.640124871734319,-12.0970162304047,-8.85847412478253,8.88886909335142,78.7418168620327,1,0.999402842469844,0.00826643109220085,1,69.2148275349977,6.53730892952976,17.1587253300455,6.94480593039887,0.999641705481906,-178.225525030658,-184.762833960188
11,4.4,25119,19581,195.81,2.14258952116383,-13.9228926814731,-7.65920712742096,10.1842760490728,78.003479702681,0.99996018949799,0.999800947489948,0.00767571726471396,0.99996018949799,64.26878065745,12.8136845408164,33.6325689778187,14.2966309905638,0.999920378995979,-162.203293289676,-175.016977830493
11,4.4,25119,19582,195.82,2.31636317005695,-15.5474562790289,-6.08135910062986,11.2504062308884,68.4177603179958,0.999880568493969,0.999880568493969,0.00545246641365443,0.999840757991958,45.6535012815286,14.5210190041415,38.1138751878379,16.9539142404485,0.99996018949799,-127.213028881683,-141.734047885825
11,4.4,25119,19583,195.83,0.736885098275261,-16.7248080807645,-4.1740464199632,11.8692340484622,49.5427338876888,0.999163979457781,0.99996018949799,0.00265142995531325,0.998089095903499,22.2004230158378,8.52447348828386,22.3745123177526,10.7051612401675,0.999800947489948,-77.059842434262,-85.5843159225458
11,4.4,25119,19585,195.85,1.45031487785412,-17.0690283227854,0.0157421633603866,11.1730728576044,0.175888338161909,0.274573032365938,0.999920378995979,0.00157114605359309,0.993590509176321,13.1552059067349,-11.7942695431446,-30.9568713580585,-13.1661336518161,0.999840757991958,38.5315919929377,50.3258615360823
11,4.4,25119,19586,195.86,2.77281996082109,-16.2819819042788,1.90704066144879,9.89456968457613,18.8693467160252,0.977467255862096,0.999840757991958,0.00319088045314602,0.998726063935666,26.7172420341916,-15.819562201904,-41.522211293687,-17.502107170849,1,84.1981153367043,100.017677538608
11,4.4,25119,19587,195.87,1.64798697421762,-15.1218909805775,3.47376680219565,8.22476954267835,28.570931393066,0.990883395039611,0.999522273975875,0.00433905053978626,0.999601894979896,36.3308701696303,-12.4620172191598,-32.7095342788462,-13.4649894249597,0.999880568493969,112.515965080247,124.977982299406
12,4.4,25119,9760,97.6,0.542710353850628,-11.896381855304,-7.61874311219526,8.60312836093981,65.5450249432419,1,0.999004737449739,0.00530619144220349,1,44.4287409455699,5.61220364819786,15.9902857334511,6.53542042485043,0.999601894979896,-142.365744468186,-147.977948116384
12,4.4,25119,9761,97.61,1.05172639056352,-13.3261293079317,-6.4982326588777,9.56937952975517,62.1840545854508,0.999920378995979,0.999800947489948,0.00454110679953897,0.999880568493969,38.0226872325398,8.2572555497114,23.5265653013871,9.49920088728592,0.99996018949799,-124.917591228514,-133.174846778225
12,4.4,25119,9762,97.62,0.910871438190141,-14.5294052171499,-5.10733909932693,10.2955735235505,52.5829852068246,0.999442652971854,0.999920378995979,0.00304924318376281,0.998765874437677,25.531313177646,7.83336798683563,22.3188252274116,9.17800506727554,0.999920378995979,-94.3151784390284,-102.148546425864
12,4.4,25119,9765,97.65,0.588774875796293,-15.4702976776109,-0.105866511168087,9.88192733698408,1.04616517078305,0.564911023528007,0.999880568493969,0.00120931296562746,0.989370595963215,10.1255774611987,-7.56413583460264,-21.551729214383,-8.43287941663345,0.999880568493969,35.047501143917,42.6116369785197
12,4.4,25119,9766,97.66,1.00290146105872,-14.8400289214108,1.4256497074384,8.83308869356765,12.5928903117622,0.948604641904534,0.999601894979896,0.00212073978479511,0.996138381304988,17.7569542180895,-9.32445829128775,-26.5672384207255,-10.2864167169596,1,69.6601235964691,78.9845818877569
12,4.4,25119,9767,97.67,0.783058455436723,-13.9280258695979,2.72235655314326,7.4951383525588,20.4044390108038,0.980731717026952,0.998566821927624,0.00281055777359058,0.99812890640551,23.5328002382739,-7.33233165417622,-20.8912729459407,-7.86537694305709,0.999840757991958,91.7330425480502,99.0653742022264
12,4.4,25119,11526,115.26,0.576185199631386,-12.2402953227973,-6.35085205834814,8.70758736920384,55.3005991669545,0.999681515983917,0.998845495441698,0.00359409007032164,0.999163979457781,30.0933161588031,6.0879486854234,17.3457780780581,6.76901618899986,0.999721326485927,-112.172567651734,-118.260516337157
12,4.4,25119,11527,115.27,0.555949241393179,-13.3291681316963,-5.198205127234,9.37327714569924,48.7242173177591,0.998885305943708,0.999442652971854,0.00264942114013884,0.997890043393447,22.1836032063825,6.29186475596941,17.9267755681831,7.00820891892539,0.999800947489948,-89.7578785711691,-96.0497433271385
13,4.4,25119,11970,119.7,0.706062706405896,13.1886116665858,-6.88576490645484,-9.97501096031533,68.6855804120417,0.999800947489948,0.999522273975875,0.00663795859805003,0.999721326485927,55.5796273414729,-7.06142434067922,-19.4209879437864,-8.19521735629303,0.999641705481906,130.804249850007,137.865674190686
13,4.4,25119,11971,119.71,0.754063611369076,14.4744804008699,-5.65557346333389,-10.7796059304508,60.9648532454544,0.999641705481906,0.999681515983917,0.00492951207281175,0.999562084477885,41.2748045856527,-8.05322762257973,-22.1487378496283,-9.37412219729111,0.999800947489948,106.151966899492,114.205194522072
13,4.4,25119,11975,119.75,0.747177119975516,15.5779448140457,0.614369740747825,-9.97898352459953,6.13078552093502,0.872128667542498,0.999601894979896,0.00174403313630669,0.99534217126478,14.6027894502959,8.44173288119345,23.2172412534202,9.41732249252719,0.999840757991958,-53.2552631153868,-61.6969959965802
13,4.4,25119,11976,119.76,0.752155156845866,14.8062278425722,1.97096112231088,-8.73732686726912,17.2209315683098,0.97499900473745,0.999283410963812,0.00271100245029152,0.998049285401489,22.6992235162909,7.97455494498497,21.932364912759,8.741064293563,0.999681515983917,-80.2031733462792,-88.1777282912641
13,4.4,25119,13607,136.07,0.908027364439152,13.083693152333,-7.91666495835916,-10.0408953788405,79.4904045962168,1,0.999562084477885,0.00919699481104134,0.99996018949799,77.0064375528491,-7.82358960812098,-21.5171659605766,-9.02887565167816,0.999761136987937,158.427472342749,166.25106195087
13,4.4,25119,13608,136.08,1.75149606741159,14.6855789932841,-6.67268019111187,-11.1192973814435,74.1955153762403,0.999920378995979,0.999800947489948,0.00754223739769827,0.999880568493969,63.1511537309276,-11.7433784477589,-32.2977348832301,-13.5661057571052,1,136.032368587779,147.775747035538
13,4.4,25119,13609,136.09,1.40798113722567,16.0061470943174,-5.11305043778727,-11.8970432222894,60.830182056101,0.999601894979896,0.999920378995979,0.00472112041045569,0.999442652971854,39.5299411967455,-10.7821070222338,-29.6539565369436,-12.7045851694338,0.999920378995979,98.4054146612995,109.187521683533
13,4.4,25119,13612,136.12,1.26192467677118,16.730304285731,0.416906187995682,-11.0425706911801,4.60371605253273,0.828934272861181,0.999880568493969,0.00182976338460246,0.995939328794936,15.3206088192764,10.6802493700057,29.3738181200369,12.2310762512484,0.999880568493969,-49.9729637597873,-60.653213129793
13,4.4,25119,13613,136.13,1.60195032338022,15.9065162395422,2.03594004621366,-9.70023409820241,19.7490950581776,0.980253991002827,0.999641705481906,0.00325561240823868,0.998566821927624,27.2592426941824,11.7143534639851,32.2179076652719,13.207708690743,0.99996018949799,-85.7984566387492,-97.5128101027343
13,4.4,25119,13614,136.14,0.909819121447915,14.822539363287,3.36314530984559,-8.06358571131533,27.1190104655481,0.990684342529559,0.999203789959791,0.00411473354876754,0.999243600461802,34.4526640038306,8.11213902058071,22.310761471936,8.95636905754333,0.999721326485927,-105.369431979452,-113.481571000033
14,4.4,25119,4044,40.44,0.569359946904268,13.4708906243068,-8.81399693958435,-10.4577426627322,92.1745118242823,0.999840757991958,0.998805684939687,0.0100794232292341,0.999880568493969,84.3950106983773,-8.11474611515155,-12.0370178366856,-11.138722098993,0.998964926947729,188.505791014064,196.620537129216
14,4.4,25119,4045,40.45,0.851329424794707,15.410430444405,-7.45044768482045,-11.8107361760873,87.995271999155,0.999761136987937,0.999283410963812,0.00865332184972479,0.999721326485927,72.4542638477457,-14.5025872883455,-21.512429272674,-18.6337196980138,0.999681515983917,165.271775681669,179.774362970015
14,4.4,25119,4046,40.46,0.66632367663175,17.0535175645395,-5.67351188323831,-12.838924908866,72.8417930384558,0.999283410963812,0.999721326485927,0.00554467349258981,0.998964926947729,46.4255511534545,-14.4505893229742,-21.4352980318732,-18.8135445294355,0.999721326485927,121.025232097538,135.475821420512
14,4.4,25119,4049,40.49,0.679782037499927,17.9504668279928,0.839006526577098,-11.9539623741209,10.0294524503445,0.929535411441538,0.999562084477885,0.00220989568837156,0.996058760300967,18.5034565987351,15.5169376205978,23.0170669863754,18.6210633201678,0.999641705481906,-61.4708522531635,-76.9877898737613
14,4.4,25119,4050,40.5,0.890294584542087,16.90686063466,2.71133192733263,-10.3209598059674,27.9835478426362,0.989211353955173,0.99908435845376,0.00389023508223382,0.998288148413552,32.5729383435438,16.2797134964502,24.1485314453663,19.3841982226753,0.999761136987937,-104.18063092909,-120.46034442554
14,4.4,25119,8394,83.94,0.639162746948742,7.46737618537652,-11.9228271022014,-6.0402961930709,72.0174071560697,0.999163979457781,0.995740276284884,0.00723229120115281,0.999482463473864,60.5559742272525,11.6056024763258,17.2151835720626,8.62484126417533,0.998646442931645,168.746884927233,157.141282450907
14,4.4,25119,8395,83.95,0.667543663563976,9.23251771723512,-11.6307735038671,-7.39980348481265,86.0654383049827,0.999721326485927,0.997093833353239,0.00983544643651379,0.999840757991958,82.3521930129299,10.7798996384241,15.9903763326756,8.10971811065488,0.998367769417572,201.158074878536,190.378175240112
14,4.4,25119,8397,83.97,0.813148269358436,13.6668395168653,-10.1095302732594,-10.7538170986692,108.716039512091,1,0.99912416895577,0.014426793243608,1,120.79553982873,-9.89433660672654,-14.6767754070534,-12.682847165588,0.999203789959791,229.740410693203,239.634747299929
14,4.4,25119,8398,83.98,1.93223686347514,16.08300349977,-8.65036232148802,-12.5055051528583,108.17715058546,0.99996018949799,0.999761136987937,0.0134042691409977,0.99996018949799,112.233945517574,-22.8280800985932,-33.8620584581187,-27.7561223157124,0.999880568493969,207.42281144423,230.250891542824
14,4.4,25119,8399,83.99,1.92881506114314,18.2369800117256,-6.629143049354,-13.9479575368093,92.4630057578244,0.999880568493969,0.999920378995979,0.00899870511011588,0.999761136987937,75.3461578870003,-24.7657079956007,-36.7362409927504,-31.3722990728335,1,156.937733388762,181.703441384362
14,4.4,25119,8400,84,0.522518637679466,19.7097074379164,-4.12155190876684,-14.7060048276452,60.6115622677152,0.998765874437677,1,0.00370707355575515,0.99816871690752,31.0393268823379,-12.2306930656341,-18.1424124053836,-16.5985589798983,0.999482463473864,83.8019849204169,96.032677986051
14,4.4,25119,8402,84.02,2.12067688875556,19.5933645666736,1.27067635284333,-13.2447614573909,16.8298051829575,0.973048290138939,0.999880568493969,0.00313243113879543,0.997412317369322,26.2278459251341,24.3390319431098,36.1033305872442,29.3507907669038,0.999920378995979,-73.5991005742588,-97.9381325173686
14,4.4,25119,8403,84.03,2.60879555673905,18.2507850646293,3.52135655775055,-11.2198737050459,39.5091758483962,0.996496675823082,0.999601894979896,0.00592310186312237,0.99912416895577,49.5941318999236,26.0665920889053,38.6659088852961,30.4061958358753,0.99996018949799,-127.499577590932,-153.566169679837
14,4.4,25119,8404,84.04,0.946153756625468,16.5837674964937,5.24581331943155,-8.77949443211976,46.055588829889,0.997372506867312,0.998845495441698,0.00681806260169557,0.999283410963812,57.087638163997,15.5778597397355,23.1074358807688,17.669961775177,0.999562084477885,-151.185617235573,-166.763476975308
14,4.4,25119,10608,106.08,0.528512374641993,14.7718955925718,-6.86721077067111,-11.2180255559407,77.0365459234196,0.999363031967833,0.999004737449739,0.00657371456553744,0.999203789959791,55.041712057245,-10.4310575362327,-15.4729210054628,-14.0033852575154,0.999402842469844,142.812391187331,153.243448723564
14,4.4,25119,19867,198.67,0.763282858550747,-14.525569362758,-7.79559400731329,10.6730396441718,83.2026838899227,0.999641705481906,0.998964926947729,0.00713211593515099,0.999442652971854,59.7172067250192,14.8570470438542,22.0382175522949,18.3960009200728,0.999601894979896,-170.470131501758,-185.327178545612
14,4.4,25119,19868,198.68,0.750654592449079,-16.2469849354746,-6.0619944338739,11.8008786203512,71.5368605113903,0.99912416895577,0.999442652971854,0.00490307503550317,0.998805684939687,41.0534472722681,16.0529367783398,23.8121419438214,20.1946679608917,0.999800947489948,-130.275895047312,-146.328831825652
14,4.4,25119,19871,198.71,0.513766590418435,-17.5489171618415,0.535529288598886,11.4235706426707,6.11765665952854,0.872805446076675,0.999402842469844,0.00185694964991865,0.995103308252717,15.5482394187689,-14.3706037900933,-21.316651401122,-17.4288282239838,0.999522273975875,52.2711255308666,66.64172932096
14,4.4,25119,19872,198.72,0.94116496271287,-16.5787672914768,2.50401989904154,9.9322805873965,24.8706282337049,0.986424618814443,0.998885305943708,0.0034412270208368,0.997730801385405,28.8133938454665,-17.0203640712697,-25.247176314022,-20.2207695862666,0.999840757991958,99.1702484182085,116.190612489478
16,4.4,25119,16261,162.61,0.590527341862503,-12.6037037059184,-6.11243959739708,8.95413608315779,54.7316159551757,0.999681515983917,0.999482463473864,0.00381938136325566,0.999482463473864,31.9796801545396,6.26209658438177,18.7318837274078,7.09003755460166,0.999681515983917,-108.986654004015,-115.248750588396
16,4.4,25119,16262,162.62,0.577024262979991,-13.6462032667701,-4.89256271871434,9.56781480462523,46.8111340126726,0.999243600461802,0.999641705481906,0.00262883238120886,0.998487200923604,22.0112135278618,6.23703267705565,18.6569097643811,7.09766639276832,0.999721326485927,-83.2463483598517,-89.4833810369074
16,4.4,25119,16266,162.66,0.637394258963894,-14.1271462690805,0.84339922236034,8.44651179012116,7.12378147544563,0.890043393447191,0.999442652971854,0.00164163866696168,0.99442652971854,13.7454405584702,-6.95650759353559,-20.8090836088251,-7.53746827455213,0.999761136987937,54.9215797387529,61.8780873322885
16,4.4,25119,20522,205.22,1.63789853193374,13.5844354316415,-7.50207790103908,-10.3765508696689,77.8456929683511,0.99996018949799,0.999800947489948,0.00928847515726848,0.99996018949799,77.772402491809,-9.31758129866242,-27.8717913649754,-10.4262870895636,0.999880568493969,151.501699729021,160.819281027683
16,4.4,25119,20523,205.23,2.27786250448774,15.0990402306918,-6.16204395125045,-11.3629906827587,70.0192480048086,0.999880568493969,0.999880568493969,0.00702043896419186,0.999840757991958,58.7821354471784,-11.2886539310415,-33.7678842901608,-13.0755220326493,1,124.517282937008,135.805936868049
16,4.4,25119,20524,205.24,1.26143233564134,16.2688934517209,-4.52809580365534,-11.9928029788868,54.3045608427626,0.999641705481906,0.99996018949799,0.00393430662685975,0.999522273975875,32.9419493866967,-8.38708774539811,-25.0883949714542,-10.0896830316973,0.999840757991958,83.1978550849437,91.5849428303418
16,4.4,25119,20526,205.26,0.602846748949485,16.9564883795768,-0.821581938662451,-11.6317331718698,9.55642188934917,0.924718340698276,0.999920378995979,0.0011806506447296,0.9889326804411,9.88558784832098,6.85849979615084,20.5159117229795,7.64099839995398,0.999800947489948,-18.2477095761961,-25.1062093723469
16,4.4,25119,20527,205.27,2.22473053948803,16.437087994788,0.936369947018219,-10.6044039450828,9.92964516021694,0.928102233369163,0.999840757991958,0.00234031160578973,0.998009474899478,19.5954290752774,11.4751907950214,34.3258742221048,12.8992760670715,0.99996018949799,-62.2856599028599,-73.7608506978813
16,4.4,25119,20528,205.28,2.01451032899772,15.5192163935444,2.45371121412205,-9.1646686114028,22.4874501455114,0.985469166766193,0.999761136987937,0.00375312622685651,0.999402842469844,31.4249258974695,11.0345899901292,33.007899812699,12.1129491054703,0.999920378995979,-92.7071042539216,-103.741694244051
16,4.4,25119,20529,205.29,0.663292451547842,14.4099683081055,3.67306802920711,-7.49137058817648,27.5163138023735,0.990843584537601,0.999522273975875,0.00434366737886709,0.999641705481906,36.3695269632541,6.36130441195515,19.0286452777787,6.80686941198962,0.999641705481906,-107.044014749528,-113.405319161483
17,4.4,25119,17234,172.34,0.789700695674269,-12.6263326695931,-7.43501400256097,9.14686577741585,68.0070751346326,1,0.999323221465823,0.00590367445085111,0.99996018949799,49.4314661769764,8.12333511445414,22.8982014044698,9.00361628565679,0.999840757991958,-144.171502571633,-152.294837686087
17,4.4,25119,17235,172.35,1.18503070281427,-14.0677251601823,-6.16476774142358,10.1001703259894,62.2652042085429,0.999840757991958,0.999761136987937,0.004648147473104,0.999562084477885,38.9189387922998,10.6239656428235,29.9470231839485,11.9363137685775,1,-120.141329855365,-130.765295498189
17,4.4,25119,17236,172.36,0.673865578264838,-15.2071287322252,-4.61791436547371,10.7441785026158,49.6156962524435,0.99904454795175,0.999920378995979,0.00274917577564932,0.998248337911541,23.0188487695118,8.76994012106491,24.7208630898368,10.0518884787463,0.999880568493969,-82.9070195716492,-91.6769596927141
17,4.4,25119,17239,172.39,0.771205076271504,-15.5848185345281,0.640381989347508,9.73991535931489,6.23726637387441,0.872725825072654,0.999800947489948,0.00174139302725448,0.995103308252717,14.5806838172017,-9.5988142517427,-27.0573082217684,-10.8448449566962,0.999920378995979,53.3906118456966,62.9894260974393
17,4.4,25119,17240,172.4,0.95584668081748,-14.7697072728447,2.14650478829816,8.48915366294728,18.2220089861152,0.976511803813846,0.999283410963812,0.0028102348123472,0.998367769417572,23.5300960837831,-10.14098343267,-28.5855843454604,-11.1046606335556,0.99996018949799,84.5503902357878,94.6913736684578
17,4.4,25119,17241,172.41,0.54568113511451,-13.7344475854706,3.37909453582613,6.99822727197411,23.6476715351972,0.985946892790318,0.998327958915562,0.00332228339418434,0.998885305943708,27.8174788595055,-7.10504514654319,-20.0278275438757,-7.52516545264859,0.999800947489948,100.905984984622,108.011030131165
18,4.4,25119,19112,191.12,0.738650578814051,-6.97243236031244,-11.8154915928867,5.11273324734866,60.4094567007205,0.999641705481906,0.995939328794936,0.00494594065551758,0.999522273975875,41.4123611086487,-9.10032061948252,-18.2649452856589,-7.86511139083368,0.999641705481906,-161.868838994729,-152.768518375246
18,4.4,25119,19113,191.13,0.691556386026681,-8.66611127509513,-11.5070283404054,6.41529913354215,73.8210289418475,0.999840757991958,0.997929853895458,0.00727013586765611,0.999840757991958,60.8728476198847,-8.3177391239465,-16.6942524721625,-7.55767117554825,0.999562084477885,-192.383143833657,-184.06540470971
18,4.4,25119,19115,191.15,0.963940205877702,-12.8951574531842,-9.99012230268349,9.61456683332157,96.0506985522067,0.99996018949799,0.999761136987937,0.0119304074679318,1,99.8933017289929,10.1225170799382,20.3165611794383,10.9535126531591,0.999761136987937,-219.68802338093,-229.810540460868
18,4.4,25119,19116,191.16,3.46508989036596,-15.1950146405333,-8.57097421388417,11.2876231843244,96.7459272488856,1,0.999840757991958,0.0115135449416781,0.99996018949799,96.4029117966708,21.8729170968981,43.9003910650475,24.7266401224367,0.999880568493969,-199.473293741839,-221.346210838737
18,4.4,25119,19117,191.17,3.79424653637528,-17.2576961270329,-6.62310719675696,12.6838726363597,84.0066481406227,0.999880568493969,0.999880568493969,0.00795213762786743,0.999880568493969,66.583248358134,24.1123740444489,48.3951292536159,28.9855924711343,1,-152.682376324205,-176.794750368654
18,4.4,25119,19118,191.18,1.01145887806686,-18.6996829438895,-4.21245650749151,13.4624062680342,56.7098008902754,0.999402842469844,0.99996018949799,0.00332325204070255,0.998765874437677,27.8255893368025,12.997504404204,26.0868508615686,16.6403388692444,0.999800947489948,-84.5895312103221,-97.5870356145261
18,4.4,25119,19120,191.2,2.51481835943654,-18.7355983595135,1.02181524995216,12.2850668107624,12.5530686139182,0.946454874795971,0.999920378995979,0.00279327878887594,0.998248337911541,23.3881232992583,-21.791662388287,-43.7373074915076,-25.5453254233936,0.999920378995979,65.5765701626782,87.3682325509652
18,4.4,25119,19121,191.21,3.73216693025803,-17.5071223138073,3.2511479650452,10.4711694397359,34.0433212156407,0.994227477208488,0.999800947489948,0.0054934431197017,0.999601894979896,45.9965992412623,-25.0645850361866,-50.3062796835533,-28.2949198469818,0.99996018949799,119.394562341715,144.459147377902
18,4.4,25119,19122,191.22,1.66606177844711,-15.9188223206844,4.9868771903086,8.23964471308083,41.0900962759096,0.997770611887416,0.999681515983917,0.00644176294048321,0.999761136987937,53.9368811006659,-16.7082822470286,-33.534627385104,-17.8760126920172,0.999840757991958,145.8105914053,162.518873652329
20,4.4,25119,432,4.32,0.621568928795194,-7.1438869564226,-11.7986287684081,5.24520436841438,61.8862191573537,0.999601894979896,0.995740276284884,0.00544504444273815,0.999522273975875,45.5913571190466,-9.39607216174272,-16.9324422799066,-7.64867394190173,0.999402842469844,-165.108433565897,-155.712361404154
20,4.4,25119,433,4.33,0.563505108865384,-8.87296624099906,-11.4656571894592,6.57421622937377,75.3777095753785,0.999681515983917,0.997850232891437,0.00793323404873413,0.999761136987937,66.4249686900509,-8.11693494204272,-14.6273389593044,-6.80355535798975,0.999203789959791,-195.170129677974,-187.053194735931
20,4.4,25119,435,4.35,0.972662994081381,-13.1556994777031,-9.86456867732999,9.80831330401445,96.75478019622,1,0.999522273975875,0.0125788249184037,1,105.322501041794,11.136797913004,20.0693635168878,12.7607385010047,0.999522273975875,-218.87463827301,-230.011436186014
20,4.4,25119,436,4.36,3.82735117108349,-15.4494173116914,-8.38651812659774,11.4684256864626,96.1801599030581,0.99996018949799,0.999721326485927,0.0117542257697748,0.99996018949799,98.4181323703241,21.8317605120395,39.3425059296573,25.6803919555777,0.999880568493969,-196.044305974203,-217.876066486242
20,4.4,25119,437,4.37,4.12522259513653,-17.4651739918759,-6.37902040124427,12.8152612611801,81.7488130323433,0.999800947489948,0.999920378995979,0.0077656500040543,0.999721326485927,65.0217874839466,22.9608277997418,41.3771717293723,28.2993758321984,1,-146.405917780745,-169.366745580487
20,4.4,25119,438,4.38,0.915705211186558,-18.8175066105292,-3.9248220196222,13.5063765061144,53.0101239165055,0.99912416895577,1,0.00305564460736393,0.998208527409531,25.5849122974582,10.8041073728718,19.4698296615821,14.1581270748728,0.999562084477885,-76.4415096877266,-87.2456170605984
20,4.4,25119,440,4.4,3.90625201968111,-18.6390310541423,1.29654574335694,12.1212897369962,15.7158066124986,0.971933596082647,0.999880568493969,0.00323528740309966,0.998327958915562,27.0890614261534,-22.9407163875146,-41.340929422923,-27.0776239326995,0.999920378995979,72.5686928268303,95.5094092143449
20,4.4,25119,441,4.41,4.48278479703411,-17.3476042447044,3.47709585263602,10.2405142725049,35.6072497057869,0.995143118754727,0.999641705481906,0.00596912918881692,0.999562084477885,49.979518697964,-24.7390302516371,-44.5816288536266,-27.995334545296,0.99996018949799,123.664148247078,148.403178498715
20,4.4,25119,442,4.42,1.42608644454262,-15.7414308262051,5.15659401222523,7.98003167684401,41.1497835621815,0.997133643855249,0.999442652971854,0.00670022718921998,0.999641705481906,56.1010022553389,-14.9872245228205,-27.0081274175304,-16.1072297794385,0.999681515983917,147.378072329292,162.365296852113
20,4.4,25119,15672,156.72,1.32411342610591,-14.1204480726015,-8.33279489859684,10.4158716522461,86.793322168276,0.999880568493969,0.999562084477885,0.00959618967147509,0.999840757991958,80.3488961192609,14.1403680471705,25.4820271336593,16.8527604322493,0.999721326485927,-183.460660102888,-197.601028150059
20,4.4,25119,15673,156.73,2.4917148695769,-15.9947490260422,-6.67699886491163,11.6885723764791,78.0445844901885,0.999761136987937,0.999681515983917,0.00722812261832608,0.999681515983917,60.5210706832443,17.7969296905676,32.0714315043319,21.7098820765684,0.999800947489948,-147.703247833726,-165.500177524293
20,4.4,25119,15674,156.74,1.17096763479119,-17.4059477289319,-4.61734449799675,12.4927815403383,57.6834761099562,0.999482463473864,0.999800947489948,0.00364399808722129,0.998646442931645,30.5111959843039,12.4963190394149,22.5193247991132,15.8208939365511,0.999641705481906,-92.3239928715315,-104.820311910946
20,4.4,25119,15676,156.76,1.11865498021513,-17.9359870278237,0.0253431931141596,11.8941527140421,0.301435809161275,0.326844221505633,0.999761136987937,0.00171355037729614,0.993829372188383,14.3475573091006,-12.9891496980628,-23.4074434233295,-15.4353220407184,0.999601894979896,39.2118589206022,52.201008618665
20,4.4,25119,15677,156.77,2.56455281374184,-17.0694634861079,2.13137305504162,10.4971847435429,22.3734167161812,0.986464429316454,0.999601894979896,0.0037475816758218,0.998765874437677,31.3785013716559,-18.7906504629406,-33.8621925086013,-21.7699879554019,0.999840757991958,91.9780006916528,110.768651154593
20,4.4,25119,15678,156.78,1.54760472916686,-15.76810694242,3.85858316591703,8.64095585571961,33.3418468023119,0.994028424698435,0.999482463473864,0.00517111232455871,0.999402842469844,43.2977234935301,-15.1267085515391,-27.2594883292594,-17.0423585783983,0.999761136987937,124.143531781021,139.27024033256
3,4,10000,2649,26.49,0.610657300532856,-6.84557837016192,-10.857691614322,4.97280083891525,53.9931379683833,0.9994,0.9954,0.0115195479928555,0.9993,38.3984933095183,-6.60682416157294,-13.8100544492264,-5.23553560994233,0.9992,-141.337964628413,-134.73114046684
3,4,10000,2650,26.5,0.520485448023471,-8.32425112759472,-10.5657538406046,6.09823557558404,64.4324559536386,0.9996,0.9976,0.0160783065621508,0.9996,53.5943552071695,-5.97006550207036,-12.4790561444897,-4.72596097532295,0.9987,-164.286592507968,-158.316527005897
3,4,10000,2652,26.52,0.558970883571674,-11.9050176842325,-9.25293330403529,8.77615024123835,81.2051328483717,0.9999,0.9993,0.0246683747710786,1,82.2279159035952,5.09547463740844,10.6509240243665,6.44476304928816,0.9993,-186.346975892653,-191.442450530062
3,4,10000,2653,26.53,2.829692844822,-13.8284351469627,-8.08437429229297,10.1594492517312,82.1327903545505,1,0.9995,0.0242188364391626,0.9999,80.7294547972085,12.8665807214574,26.8946434766912,15.1766879501837,0.9997,-173.180914858507,-186.047495579965
3,4,10000,2654,26.54,4.0320003672046,-15.5891480912748,-6.51150761183748,11.3451137155415,73.8737943159105,0.9997,0.9997,0.0182773559686543,0.9997,60.9245198955143,15.8758329593335,33.1847968454211,19.2294077697654,1,-139.973900221206,-155.84973318054
3,4,10000,2655,26.55,1.63048975382246,-16.9212000428692,-4.56935674568565,12.0968765216675,55.2749443360077,0.9995,0.9999,0.00942814488899921,0.9991,31.4271496299974,11.0364043184042,23.0690784003782,14.0150569058102,0.9996,-89.0330494184888,-100.069453736893
3,4,10000,2657,26.57,1.81684284129747,-17.4896335383694,-0.190358522629737,11.5814173298644,2.20462149287143,0.7382,0.9998,0.00413086751785511,0.9932,13.7695583928504,-11.4928440907285,-24.0231613234947,-13.1073617146099,0.9995,33.2187023471156,44.7115464378441
3,4,10000,2658,26.58,4.14787398172214,-16.7236369931114,1.82001538674004,10.3071849321143,18.7592351704231,0.9828,0.9996,0.00900077147633922,0.999,30.0025715877974,-16.7288690289428,-34.9678735976339,-19.0902039364023,0.9999,83.5506573898144,100.279526418757
3,4,10000,2659,26.59,3.08786861177923,-15.5310575013817,3.49250693134649,8.58950550355209,29.9989075079945,0.9931,0.9994,0.0128258739279558,0.9995,42.7529130931861,-14.1581324545479,-29.5943369030296,-15.8196933615551,0.9998,115.263036345522,129.42116880007
3,4,10000,2660,26.6,0.606914432711189,-14.1899914083068,4.77675737449715,6.66656488160158,31.8445629607541,0.9944,0.999,0.0128196140194588,0.9994,42.7320467315292,-6.33907302809278,-13.2503819588172,-7.17713162555923,0.9994,126.149919967894,132.488992995987
4,4,10000,1302,13.02,0.526231053124154,11.8304957784902,-6.99540374267328,-8.93363511600757,62.4943845261968,1,0.9988,0.0126412048585459,0.9999,42.1373495284864,-3.45175480340031,-9.88748270617016,-4.51248803685768,0.999,121.73545910573,125.18721390913
4,4,10000,1303,13.03,0.801785428399716,13.0376570885694,-6.03694254642315,-9.7176648903453,58.6649846284081,0.9997,0.9992,0.0106226174354207,0.9996,35.4087247847356,-5.01684992301143,-14.3706664228763,-6.25314735747705,0.9995,106.992397327093,112.009247250105
4,4,10000,1304,13.04,0.752218183455991,14.0553841233904,-4.86906492102751,-10.2971412039269,50.1374490229077,0.9991,0.9998,0.00741919367394436,0.9986,24.7306455798145,-5.05082869390083,-14.4679979335661,-6.22656676109618,0.9994,82.1093283095559,87.1601570034567
4,4,10000,1308,13.08,0.924681426059743,14.5793887656213,0.634004668640746,-9.10934797553207,5.77536914476046,0.8623,0.9991,0.00370167651720968,0.9917,12.3389217240323,5.9166028795719,16.9479907997565,6.61565390663804,0.9997,-52.0820044124383,-57.9986072920102
4,4,10000,1309,13.09,0.796690804434964,13.8831093650473,1.79048986111979,-7.98973400046373,14.3055377208744,0.9591,0.9987,0.00517723422501446,0.9961,17.2574474167149,5.19970652337577,14.8944555031523,5.82780167795163,0.9993,-72.6559884024312,-77.8556949258069
4,4,10000,6603,66.03,0.991308408358556,-12.5558493784872,-6.16536706089952,8.92483155250263,55.0248624778764,0.9994,0.999,0.00862902797985939,0.9991,28.7634265995313,5.83289259037166,16.7082043479551,6.6990616881543,0.9998,-110.36588592755,-116.198778517921
4,4,10000,6604,66.04,0.924326533352184,-13.6109610889931,-4.95365265914904,9.55096625088942,47.3121693661611,0.9986,0.9993,0.0060568855699327,0.9978,20.1896185664423,6.01982250872597,17.2436613662732,6.91793614685892,0.9999,-84.9456905339457,-90.9655130426717
4,4,10000,6608,66.08,1.08978847558053,-14.1602993072843,0.788483622627932,8.49438588358801,6.69768415349104,0.8836,0.9989,0.00371540101939551,0.9918,12.3846700646517,-6.17737116917876,-17.6949563580474,-6.9214030737901,1,54.4317256851166,60.6090968542953
4,4,10000,6609,66.09,0.962574831542535,-13.4323795706336,1.99227647506001,7.39067094759358,14.7242598638002,0.9627,0.9977,0.00511826959939918,0.996,17.0608986646639,-5.71505977642857,-16.3706746054213,-6.4687101510991,0.9996,75.5762066681222,81.2912664445507
5,4,10000,5160,51.6,0.640456237243372,-13.6143541422478,-5.46769974302463,9.63945691884616,52.7056561180722,0.9989,0.9993,0.00737239965033687,0.9978,24.5746655011229,6.88631273260948,17.5247490030577,8.21097384032439,1,-98.7189349947518,-105.605247727361
5,4,10000,5164,51.64,0.619352129401911,-14.636840404908,0.558918418261195,8.97412946470378,5.01580624568342,0.8648,0.9989,0.00355842659966505,0.99,11.8614219988835,-7.01241599153349,-17.8456650065738,-7.8492734889824,0.9999,50.1628430073479,57.1752589988814
5,4,10000,5165,51.65,0.589781831173498,-13.9179175412986,1.87178752933079,7.86355279817387,14.7189000638561,0.9656,0.9979,0.00518466721364953,0.9946,17.2822240454984,-7.02690827021776,-17.8825459262017,-7.83421648889249,0.9998,75.5323538367454,82.5592621069631
6,4,10000,8591,85.91,0.702402521946811,6.64755580701848,-12.1760623597103,-5.4152220788447,65.9360817236932,0.9993,0.9946,0.0145218016615923,0.9992,48.4060055386411,10.9887572224457,14.3437723198473,7.76524161574849,0.9986,153.673932488954,142.685175266509
6,4,10000,8592,85.92,1.0609213697651,8.270456452591,-11.9927622449938,-6.67102903072044,80.0040650948816,0.9995,0.9959,0.0202456357496817,0.9996,67.4854524989389,12.9361121086648,16.8856807948853,9.83125726026091,0.9993,189.038101413674,176.10198930501
6,4,10000,8593,85.93,0.77179423818372,10.2357224278903,-11.582007829041,-8.18207035314214,94.7648028878564,0.9997,0.9974,0.0273284241488579,0.9997,91.0947471628597,9.28057435760311,12.1140582950513,6.66332966858621,0.9977,220.239122353087,210.958547995484
6,4,10000,8595,85.95,2.22274249250919,15.0081794380484,-9.62200872941523,-11.7646164470088,113.19924215134,1,0.9995,0.0357028498846953,1,119.009499615651,-17.4784407443397,-22.8148433410338,-21.6686151166547,0.9995,229.322791648404,246.801232392743
6,4,10000,8596,85.96,4.28958666788421,17.4241483328019,-7.84125727632125,-13.4712840403613,105.631804002873,0.9998,0.9997,0.028793695040931,0.9998,95.97898346977,-26.7327933734595,-34.8946740618851,-33.793411573934,0.9999,191.298756959096,218.031550332556
6,4,10000,8597,85.97,2.46944919743043,19.3562719148994,-5.48785552260494,-14.6673415447571,80.492251298328,0.9996,0.9999,0.0153530420688339,0.9993,51.176806896113,-21.1766620856205,-27.6421813041821,-28.3803184376612,0.9998,125.392088800521,146.568750886142
6,4,10000,8599,85.99,1.62129585929233,20.2749120470024,0.0940120028506421,-14.1850958987313,1.33356927606816,0.6327,0.9998,0.00508950618300101,0.9955,16.9650206100034,19.2556300806939,25.134632439464,23.3082338350362,0.9996,-41.0231273485044,-60.2787574291983
6,4,10000,8600,86,3.6953910949896,19.1991568661863,2.63458214120133,-12.4312110254026,32.7510465610308,0.9928,0.9996,0.0122005442214832,0.9991,40.6684807382772,29.1799200143178,38.0889413173856,34.763260327644,1,-108.627453844497,-137.807373858815
6,4,10000,8601,86.01,2.54203698108771,17.5688315699122,4.66456077878057,-10.0604599448992,46.9276268754697,0.9974,0.9994,0.0171776692101765,0.9995,57.2588973672551,22.8926707560094,29.8821104580146,26.2185766200479,0.9997,-148.527949874676,-171.420620630686
6,4,10000,8602,86.02,0.541275963103984,15.8423840321546,6.13670358802529,-7.45745629614308,45.764198810083,0.9972,0.9982,0.015905053896038,0.9994,53.0168463201267,8.45683769263542,11.0388237681047,9.73542047171009,0.9991,-155.218364823952,-163.675202516588
7,4,10000,5141,51.41,1.68190776365748,-13.092195273666,-7.31659193111335,9.49447572156493,69.4672044545536,0.9999,0.9995,0.0167365902755767,0.9999,55.7886342519224,9.11644983541103,23.500575444513,10.4506029757903,0.9997,-145.15085516162,-154.267304997031
7,4,10000,5142,51.42,1.97174132436411,-14.5359853152811,-5.94699151196978,10.4345083425992,62.0539325450153,0.9997,0.9997,0.0124750600126661,0.9996,41.5835333755538,10.6825418445461,27.537680247171,12.5173818033596,0.9999,-117.367271634308,-128.049813478854
7,4,10000,5143,51.43,0.883071679555988,-15.626236707186,-4.29910371437728,11.01793894893,47.3672622601268,0.999,0.9999,0.0067006804120538,0.9983,22.3356013735127,7.40748048099211,19.095158426818,9.01436028934587,0.9996,-76.2976414058159,-83.705121886808
7,4,10000,5146,51.46,1.63709683099752,-15.6346932926126,1.10763766130134,9.62382872394646,10.6597151405567,0.9303,0.9996,0.00566647666211801,0.9978,18.8882555403934,-10.898686985565,-28.0948637215701,-12.5307757335344,1,64.2621726851078,75.1608596706728
7,4,10000,5147,51.47,1.45837759429184,-14.7114433188375,2.59195370415653,8.25029061197381,21.3843713120734,0.985,0.9992,0.00856071198795785,0.999,28.5357066265262,-9.88332693248847,-25.4774472972527,-11.1774193617672,0.9998,93.2866668415,103.169993773989
7,4,10000,5148,51.48,0.688900280255333,-13.6107076668775,3.78112413909493,6.67006650186185,25.2203494595583,0.9917,0.9983,0.00937539482140232,0.9992,31.2513160713411,-5.75583596964383,-14.8375145909809,-6.46752441651783,0.9994,106.240666264017,111.996502233661
8,4,10000,5691,56.91,0.69808180288001,-11.7281865560155,-7.62791782137667,8.47425743667605,64.640939324155,1,0.999,0.0130758402178572,1,43.586134059524,5.2090031116922,15.1724484276927,5.63469549010296,0.9995,-141.339198838446,-146.548201950138
8,4,10000,5692,56.92,1.27209415112148,-13.1443743010293,-6.54177779046817,9.43409231945387,61.7157356086296,0.9998,0.9996,0.011264821940801,0.9998,37.5494064693368,8.18055085799408,23.8277811208124,9.01886848152061,0.9998,-124.72227254916,-132.902823407154
8,4,10000,5693,56.93,1.19874123081056,-14.3495786267235,-5.18969104831515,10.168351937683,52.7706050271116,0.9994,0.9998,0.00765096501965512,0.9986,25.5032167321837,7.99418180590521,23.2849373615163,9.15382881769757,0.9999,-95.4677599236483,-103.461941729554
8,4,10000,5696,56.96,0.928982184227566,-15.3978214966029,-0.275189563183056,9.87352218548117,2.71709025730078,0.7242,0.9997,0.00268126909377647,0.9887,8.93756364592158,-7.07286488477594,-20.601384833007,-7.71616752345285,0.9997,30.8659637084608,37.9388285932367
8,4,10000,5697,56.97,1.83105986955425,-14.8141055340683,1.25159332628506,8.87594068893343,11.1090681307711,0.9303,0.9995,0.00487194649284542,0.997,16.2398216428181,-9.23220826633539,-26.8909810171312,-10.0515369101304,1,65.6368569714417,74.8690652377771
8,4,10000,5698,56.98,1.1736898489034,-13.9384033961772,2.55485690358801,7.58168772156837,19.3701272162974,0.9753,0.9985,0.00669927395393795,0.998,22.3309131797932,-7.20576444485717,-20.9884861032806,-7.70213790628139,0.9996,88.9672726698411,96.1730371146983
9,4,10000,4035,40.35,0.552301639762076,6.88354739936733,-10.1725366572206,-5.47806501127247,55.7258171378069,0.9994,0.9923,0.01356016725758,0.9995,45.2005575252665,4.73830666029087,10.9473155212835,3.3908745223624,0.9973,123.027401939118,118.289095278827
9,4,10000,4036,40.36,0.604597791532606,8.1769933878472,-9.95483847880817,-6.45581707462892,64.2666162266628,0.9996,0.995,0.0171508060452352,0.9996,57.1693534841172,4.51314963935235,10.4271159802317,3.26218172516548,0.9972,142.296226894805,137.783077255453
9,4,10000,4039,40.39,1.01824434211368,13.0042699701624,-8.04621305643297,-9.9958025151297,80.4283567067621,1,0.9994,0.0235434920062927,1,78.4783066876422,-6.75887786988352,-15.6156141668749,-8.28408223909159,0.9995,161.813457902246,168.57233577213
9,4,10000,4040,40.4,1.82588983577573,14.6395733859444,-6.81516006865909,-11.1053410962427,75.6846771879523,0.9998,0.9996,0.0196365012076381,0.9997,65.4550040254602,-10.7216767615113,-24.771207699392,-12.9849319010798,0.9999,140.629816279899,151.35149304141
9,4,10000,4041,40.41,1.46490058790633,16.0056085115913,-5.25984403710529,-11.9242870916819,62.7198903559147,0.9995,0.9998,0.0126330924642219,0.9994,42.1103082140731,-10.5165451310263,-24.2972745322684,-12.8489979436747,0.9998,103.218036445416,113.734581576442
9,4,10000,4044,40.44,1.20149386208723,16.8542063315354,0.33104435483785,-11.1782591035413,3.70049957314217,0.8042,0.9997,0.00454183789382409,0.9939,15.1394596460803,10.5914453812468,24.470322992525,12.0297013206907,0.9997,-48.1932221665614,-58.7846675478082
9,4,10000,4045,40.45,1.49174796404119,16.0407312390319,1.98423494418916,-9.84269734202728,19.5302240111283,0.9826,0.9995,0.00812170072914737,0.9983,27.0723357638246,11.5650551790493,26.7197370586258,13.1261005576776,1,-85.7434630452754,-97.3085182243247
9,4,10000,4046,40.46,0.805806759520271,14.9510094317237,3.34283681738786,-8.19741194235325,27.4026104481934,0.9908,0.9993,0.0104012744246994,0.9992,34.6709147489981,8.13560055146792,18.796374438665,9.15390730364979,0.9996,-106.343332384256,-114.478932935724
10,4,10000,5033,50.33,1.13230280784386,12.9444082346066,-8.04444448795162,-9.94869485828401,80.0317235150355,1,0.9994,0.024810361091287,0.9999,82.7012036376234,-6.77963777257227,-16.1634838505453,-8.50696040300684,0.9995,160.701023895817,167.48066166839
10,4,10000,5034,50.34,2.37274845308427,14.5729670359433,-6.82651005621128,-11.0544857717242,75.4635582869201,0.9998,0.9996,0.0207108085040998,0.9997,69.0360283469994,-10.5739179862717,-25.2095109416514,-12.9756685404708,0.9999,140.230527670172,150.804445656444
10,4,10000,5035,50.35,1.7700776944336,15.9384814690052,-5.28650126409723,-11.8755948441525,62.7803471555189,0.9995,0.9998,0.0133244525692663,0.9994,44.4148418975544,-9.89592063120919,-23.5930825030111,-12.5100152752974,0.9998,103.894976373491,113.7908970047
10,4,10000,5038,50.38,1.55874924681418,16.8278893562226,0.269791845020181,-11.1763285296128,3.01528229455592,0.7764,0.9997,0.00418271254228023,0.9947,13.9423751409341,10.7126413945289,25.5402444770223,12.1453259125189,0.9997,-46.2098125064297,-56.9224539009585
10,4,10000,5039,50.39,2.25178158775058,16.031770877915,1.92134566088679,-9.86095244542329,18.946298193225,0.978,0.9995,0.00782733206312061,0.9985,26.0911068770687,12.1534685032304,28.9753521456269,13.7655052595756,1,-83.5634668349899,-95.7169353382203
10,4,10000,5040,50.4,1.16052650908631,14.954628806101,3.28258892087533,-8.23251006363214,27.0239463258735,0.989,0.9992,0.0103298964689394,0.9992,34.4329882297979,8.4217685162282,20.0785239523849,9.55539777465772,0.9996,-104.990554802628,-113.412323318857
10,4,10000,9825,98.25,0.520483050561489,-12.7823901338904,-5.51701392573801,9.00138115917367,49.6607452060369,0.999,0.9987,0.00678630527977081,0.9979,22.621017599236,5.63050150503983,13.4238027458291,6.7792223295975,0.9994,-94.4746332507691,-100.105134755809
11,4,10000,2862,28.62,0.708379073134132,12.822818327947,-5.60963791113133,-9.47291420359528,53.1396186453825,0.9997,0.9996,0.00989110763163326,0.9996,32.9703587721109,-4.78387247258844,-17.554680327442,-5.57815529099462,1,93.8207221565657,98.6045946291541
11,4,10000,2867,28.67,0.676498375335452,14.0237715254008,0.556483634801771,-8.66178984632011,4.82014429756929,0.8419,0.9995,0.00361063547861974,0.9918,12.0354515953991,4.58464763514043,16.8236139466541,5.06737252020418,0.9999,-49.4618480246334,-54.0464956597739
12,4,10000,9760,97.6,0.890881102833622,-11.896381855304,-7.61874311219526,8.60312836093981,65.5450249432419,1,0.9992,0.0143780223273824,1,47.9267410912747,4.99432035979353,14.1762179487602,6.01911304380198,0.9995,-142.882051849235,-147.876372209028
12,4,10000,9761,97.61,1.77538345016725,-13.3261293079317,-6.4982326588777,9.56937952975517,62.1840545854508,0.9998,0.9996,0.0123712991844302,0.9998,41.2376639481005,8.09059300175244,22.9648884062171,9.44768079226452,0.9999,-124.969111323535,-133.059704325288
12,4,10000,9762,97.62,1.57091739187285,-14.5294052171499,-5.10733909932693,10.2955735235505,52.5829852068246,0.9996,0.9998,0.0083030495315354,0.9991,27.6768317717847,7.86641940404624,22.3285788484594,9.40919345862845,0.9998,-94.0839900476754,-101.950409451722
12,4,10000,9765,97.65,1.04600913240574,-15.4702976776109,-0.105866511168087,9.88192733698408,1.04616517078305,0.5786,0.9997,0.00314818384351558,0.9907,10.4939461450519,-7.11861009107215,-20.2059461294658,-8.08558477371769,0.9997,35.3947957868328,42.5134058779049
12,4,10000,9766,97.66,1.85162571350749,-14.8400289214108,1.4256497074384,8.83308869356765,12.5928903117622,0.9521,0.9995,0.00560827793416429,0.9967,18.6942597805476,-8.92819966293671,-25.3424080142649,-9.94448670005306,1,70.0020536133756,78.9302532763123
12,4,10000,9767,97.67,1.2129069345281,-13.9280258695979,2.72235655314326,7.4951383525588,20.4044390108038,0.9823,0.9989,0.00743249116828254,0.9985,24.7749705609418,-7.11010855500221,-20.181814792358,-7.88849175643568,0.9996,91.7099277346716,98.8200362896738
13,4,10000,9608,96.08,0.760127901653031,-11.8802190052514,-6.47867710387218,8.44787101806793,54.7310285412221,0.9999,0.9987,0.0100352997866064,0.9994,33.4509992886881,5.14983308070191,15.6850486192724,5.86997709912401,0.9997,-112.741820050294,-117.891653130996
13,4,10000,9609,96.09,1.0395270459684,-12.9807196766465,-5.39486651112491,9.1352762523364,49.2835959236043,0.9991,0.9997,0.00772892274412912,0.9986,25.7630758137637,6.2405526561837,19.0070960144653,7.03260275242536,1,-92.4858137224918,-98.7263663786755
13,4,10000,9610,96.1,0.521391311010277,-13.8326386944978,-4.12219616948719,9.57143655226917,39.4553390922537,0.9974,0.9999,0.00477968834814786,0.995,15.9322944938262,4.74160774168122,14.4417006913264,5.3539016796515,0.9996,-63.7997939554272,-68.5414016971084
13,4,10000,9613,96.13,0.52676706982442,-14.1617349247101,0.102690676395111,8.73524148466048,0.897027856534414,0.5607,0.9994,0.00309570688876765,0.9874,10.3190229625588,-5.29478283049348,-16.1265277579559,-6.12633219290438,0.9998,38.883538470264,44.1783213007575
13,4,10000,9614,96.14,0.727873410257379,-13.5748925799581,1.34879954533571,7.78561689213037,10.5012365242635,0.9381,0.9982,0.00474557134527032,0.9949,15.8185711509011,-5.72780580893135,-17.4454028289775,-6.55655990313974,0.9999,63.8702559975818,69.5980618065131
13,4,10000,9615,96.15,0.547744493762798,-12.7932790293898,2.40714827103209,6.63684390414053,15.9758673289618,0.9762,0.997,0.00583905296389714,0.9972,19.4635098796571,-4.40585557475572,-13.4190871464356,-5.07563369571473,0.9993,78.8461934516835,83.2520490264393
14,4,10000,4045,40.45,0.881655455201304,15.410430444405,-7.45044768482045,-11.8107361760873,87.995271999155,0.9994,0.9989,0.0172942641109342,0.9993,57.6475470364474,-13.8783891850071,-16.1360842961778,-19.0594505210719,0.9995,164.846044858611,178.724434043618
14,4,10000,4046,40.46,0.709875047212415,17.0535175645395,-5.67351188323831,-12.838924908866,72.8417930384558,0.9989,0.9993,0.0112647319364258,0.9983,37.5491064547527,-13.5451831240531,-15.7486732633931,-18.9087104290537,0.9994,120.93006619792,134.475249321973
14,4,10000,4049,40.49,0.708001752454258,17.9504668279928,0.839006526577098,-11.9539623741209,10.0294524503445,0.9303,0.9991,0.00491503196843971,0.9939,16.383439894799,15.4726365391777,17.9896790724106,18.8770629465395,0.9993,-61.2148526267918,-76.6874891659695
14,4,10000,4050,40.5,0.797458524480326,16.90686063466,2.71133192733263,-10.3209598059674,27.9835478426362,0.9876,0.9985,0.00815979328695685,0.9971,27.1993109565228,15.7747430055349,18.340931320966,19.5509719061252,0.9996,-104.01385724564,-119.788600251175
14,4,10000,8394,83.94,0.754806880357934,7.46737618537652,-11.9228271022014,-6.0402961930709,72.0174071560697,0.9986,0.9928,0.0142145141896003,0.999,47.3817139653342,12.8049653565697,14.8880390691494,9.00347692140897,0.9982,169.125520584466,156.320555227897
14,4,10000,8395,83.95,0.777909661479504,9.23251771723512,-11.6307735038671,-7.39980348481265,86.0654383049827,0.9993,0.995,0.0193554654318983,0.9996,64.5182181063276,11.9649598265794,13.9113839357264,8.3745059132205,0.9977,201.422862681101,189.457902854522
14,4,10000,8397,83.97,0.725557755307841,13.6668395168653,-10.1095302732594,-10.7538170986692,108.716039512091,1,0.9986,0.0285739140417527,1,95.2463801391758,-8.79898851426884,-10.2303818184264,-12.7017149628111,0.999,229.721542895979,238.520531410248
14,4,10000,8398,83.98,2.15921996534136,16.08300349977,-8.65036232148802,-12.5055051528583,108.17715058546,0.9999,0.9994,0.026642663500676,0.9999,88.8088783355867,-21.4621140507097,-24.9535069870039,-27.7655980026703,0.9997,207.413335757273,228.875449807982
14,4,10000,8399,83.99,2.36757876840842,18.2369800117256,-6.629143049354,-13.9479575368093,92.4630057578244,0.9997,0.9998,0.0181021176189313,0.9994,60.3403920631044,-24.0861232354719,-28.0043821883572,-31.9378971951657,1,156.37213526643,180.458258501901
14,4,10000,8402,84.02,1.83350066447437,19.5933645666736,1.27067635284333,-13.2447614573909,16.8298051829575,0.9732,0.9997,0.00684204305238309,0.996,22.8068101746103,23.8255236781127,27.7013890694123,29.346692890457,0.9998,-73.6031984507055,-97.4287221288182
14,4,10000,8403,84.03,2.19821976431204,18.2507850646293,3.52135655775055,-11.2198737050459,39.5091758483962,0.9947,0.9992,0.0122539338981619,0.9985,40.8464463272064,25.6669031510547,29.8423186831129,30.9078085988986,0.9999,-126.997964827908,-152.664867978963
14,4,10000,8404,84.04,0.940174365831904,16.5837674964937,5.24581331943155,-8.77949443211976,46.055588829889,0.996,0.9982,0.0138669178020955,0.9988,46.2230593403185,14.9813269157392,17.4184446594218,18.0272611858005,0.9992,-150.828317824949,-165.809644740688
17,4,10000,752,7.52,0.899788660079783,12.6814089887743,-6.37500259669102,-9.49700497028798,60.5434313463735,0.9998,0.9992,0.0126343407303653,0.9997,42.1144691012176,-5.37805401713507,-15.6707386242726,-6.19385355042546,0.9995,112.854181521769,118.232235538904
17,4,10000,753,7.53,0.867833578724423,13.7760428086515,-5.26798500804716,-10.1557787574276,53.5004902391722,0.9993,0.9997,0.00939125480313868,0.9992,31.3041826771289,-5.6197178921324,-16.3749062298687,-6.63400419332054,0.9996,91.2212060184427,96.8409239105751
17,4,10000,757,7.57,0.771047125027388,14.7693206135364,0.23840282269746,-9.42582830732223,2.24714407472725,0.726,0.9995,0.00335976348980418,0.99,11.1992116326806,6.17088419971202,17.9809115093,6.76244903185224,0.9998,-43.3743989878232,-49.5452831875352
17,4,10000,758,7.58,0.75992734373606,14.1390295044882,1.45560358817223,-8.37476286151573,12.1903348713138,0.947,0.9989,0.00502105233246293,0.9955,16.7368411082098,6.0501752150299,17.6291859701871,6.72951836342099,0.9997,-67.1458707144188,-73.1960459294487
17,4,10000,5358,53.58,0.654695574063811,-11.937707492541,-6.52463199518566,8.49837755431095,55.4487860980249,0.9995,0.9985,0.00959431014104459,0.9993,31.981033803482,4.6001614655389,13.4040914662127,5.55402063911107,0.9992,-114.869211343119,-119.469372808658
17,4,10000,5359,53.59,0.802508837410666,-13.055292733586,-5.42792886092085,9.1984606852294,49.9285902294025,0.9991,0.9991,0.0073582992646395,0.9984,24.527664215465,5.88538386940958,17.1490118967155,6.93695720375624,1,-94.1322870757933,-100.017670945203
17,4,10000,5363,53.63,0.523920214182525,-14.2421598983226,0.144050409431625,8.78770330073674,1.26587225843477,0.6117,0.999,0.00300011949888053,0.9884,10.0003983296018,-5.36990777005601,-15.6470018398636,-6.0941402686386,0.9994,40.1942449335348,45.5641527035908
17,4,10000,5364,53.64,0.908915175062342,-13.6409478812576,1.40359220619133,7.819587354892,10.9755118669587,0.9388,0.998,0.00460124803697248,0.9945,15.3374934565749,-6.09486753871465,-17.7594118326912,-6.84803963608825,0.9999,65.1122782546644,71.207145793379
18,4,10000,7117,71.17,0.517195812942818,12.4873810549971,-6.71521900845415,-9.40086541016727,63.1288700982744,0.9999,0.9983,0.013427823971032,0.9998,44.7594132367733,-4.46370560307028,-10.659764162743,-5.70427246505615,0.9984,120.566314626839,125.030020229909
18,4,10000,7118,71.18,0.573709288501983,13.6677488008952,-5.63620680919648,-10.1399396833913,57.1507970883715,0.9992,0.9993,0.0104866789389332,0.9994,34.9555964631105,-5.57038369643425,-13.3026193436984,-7.06639546881561,0.9993,100.601303457905,106.171687154339
18,4,10000,7123,71.23,0.554470790908904,14.4558245088428,1.27596398578198,-8.73451023479163,11.1449204930382,0.9398,0.9982,0.00459063656972497,0.9933,15.3021218990832,6.15657608096788,14.7025039079551,7.23715520432599,0.9996,-64.9456396676237,-71.1022157485916
18,4,10000,7344,73.44,0.511157064218241,-12.468453998428,-6.67926523877055,8.92878801533305,59.6377434151651,0.9996,0.998,0.00986402969473786,0.9992,32.8800989824595,5.78430488538238,13.8134839988477,7.2291509395056,0.9995,-123.066659524927,-128.850964410309
18,4,10000,7345,73.45,0.607323546330729,-13.6690072028233,-5.46836457050277,9.68215153838026,52.9455344387175,0.9986,0.999,0.00740999567060761,0.9982,24.699985568692,6.74608816921355,16.110316248326,8.33022425324431,1,-99.0840616933259,-105.830149862539
18,4,10000,7349,73.49,0.702690377977907,-14.6711665508012,0.60137722356982,8.98812859954754,5.4052558222844,0.8603,0.9985,0.00360961426237166,0.9901,12.0320475412389,-7.24519718300087,-17.3022372331715,-8.22135932228374,0.9999,50.9877082738576,58.2329054568585
18,4,10000,7350,73.5,0.702020103980125,-13.9405333650981,1.91848328089705,7.86340573306567,15.0858124297965,0.9667,0.9976,0.00523545628921382,0.9952,17.4515209640461,-6.75697362062709,-16.1363117675631,-7.86677444929943,0.9998,76.6050024873424,83.3619761079695
18,4,10000,8951,89.51,0.507932833112964,-12.5517473075061,-6.1400483292512,8.91798987258267,54.7568888174304,0.9988,0.9979,0.00813385818042316,0.9983,27.1128606014105,5.95472378948018,14.2204609565813,7.43397129615499,0.9997,-108.89443491764,-114.84915870712
20,4,10000,431,4.31,0.515925419191894,-5.71720387883701,-11.9442327038351,4.14373689657657,49.4937577561781,0.9987,0.9926,0.00876836964177696,0.9986,29.2278988059232,-8.36398592706881,-12.8116501059284,-6.13464139821284,0.9985,-134.560408407218,-126.196422480149
20,4,10000,432,4.32,0.86894033631118,-7.1438869564226,-11.7986287684081,5.24520436841438,61.8862191573537,0.9995,0.9955,0.0129969551076111,0.9993,43.323183692037,-10.3940334298908,-15.9212031983596,-8.0751830255976,0.9992,-165.534942649593,-155.140909219702
20,4,10000,433,4.33,0.816110711941379,-8.87296624099906,-11.4656571894592,6.57421622937377,75.3777095753785,0.9996,0.9974,0.0188102741250775,0.9997,62.7009137502584,-9.06957032454474,-13.8924386796404,-7.15291352128426,0.9991,-195.519487841268,-186.449917516724
20,4,10000,435,4.35,1.30248635730598,-13.1556994777031,-9.86456867732999,9.80831330401445,96.75478019622,1,0.9994,0.0296222280961105,1,98.7407603203685,10.8565295777165,16.6296380131656,12.916674496635,0.9994,-218.71870227738,-229.575231855096
20,4,10000,436,4.36,4.21838127387286,-15.4494173116914,-8.38651812659774,11.4684256864626,96.1801599030581,0.9999,0.9996,0.0276589793108009,0.9999,92.1965977026696,21.9122583368489,33.5644021032928,26.0091122812039,0.9997,-195.715585648576,-217.627843985425
20,4,10000,437,4.37,4.41568954115132,-17.4651739918759,-6.37902040124427,12.8152612611801,81.7488130323433,0.9997,0.9998,0.0182734323364115,0.9996,60.9114411213717,23.1510979781365,35.4620117071258,28.6828572824313,1,-146.022436330512,-169.173534308649
20,4,10000,438,4.38,0.859689637607817,-18.8175066105292,-3.9248220196222,13.5063765061144,53.0101239165055,0.9991,1,0.00724787105556302,0.9978,24.1595701852101,10.9604555587226,16.7888280592962,14.424272850224,0.9995,-76.1753639123754,-87.135819471098
20,4,10000,440,4.4,4.09002840948291,-18.6390310541423,1.29654574335694,12.1212897369962,15.7158066124986,0.9705,0.9997,0.0077404853698713,0.998,25.801617899571,-22.2709623440592,-34.1138518838215,-26.7153455707336,0.9998,72.9309711887962,95.2019335328555
20,4,10000,441,4.41,4.6407819187193,-17.3476042447044,3.47709585263602,10.2405142725049,35.6072497057869,0.9945,0.9995,0.014144542109804,0.9994,47.1484736993466,-24.0716622752009,-36.8720986891985,-27.890006022934,0.9999,123.76947676944,147.84113904464
20,4,10000,442,4.42,1.71341806859029,-15.7414308262051,5.15659401222523,7.98003167684401,41.1497835621815,0.9971,0.9993,0.0158709331058506,0.9995,52.9031103528353,-14.7871296776138,-22.6503886009012,-16.5603215819702,0.9996,146.92498052676,161.712110204374
