"trial","sweep","log10n","n","snr","design","p","kappa","vif_max","vif_median","n_vif_gt10"
0,"n",5,1e+05,49,"full",55,6679.65647419088,1118072.0578165,2449.56161990713,55
0,"n",5,1e+05,49,"trimmed",55,6679.65647419088,1118072.0578165,2449.56161990713,55
0,"n",5,1e+05,49,"truth",7,11.878571671584,9.49114694273939,4.25714783819901,0
0,"n",5,1e+05,49,"selected",14,489.436601360459,14745.1938960885,44.2416297798084,12
1,"n",5,1e+05,49,"full",55,2508.790953501,175051.770137166,10793.3436506774,55
1,"n",5,1e+05,49,"trimmed",55,2508.790953501,175051.770137166,10793.3436506774,55
1,"n",5,1e+05,49,"truth",7,11.5942917039192,9.21677739895227,4.25041783875063,0
1,"n",5,1e+05,49,"selected",43,1786.41181148976,127720.133747602,1530.6441736899,43
2,"n",5,1e+05,49,"full",55,12702.0703273602,4003894.61675462,10840.591949798,55
2,"n",5,1e+05,49,"trimmed",55,12702.0703273602,4003894.61675462,10840.591949798,55
2,"n",5,1e+05,49,"truth",7,12.0861632945241,9.70922723653002,4.3241999614988,0
2,"n",5,1e+05,49,"selected",25,1316.04242822832,90829.8060908476,222.928564128467,25
3,"n",5,1e+05,49,"full",55,5991.6364867945,1010664.7614672,8162.09818523644,55
3,"n",5,1e+05,49,"trimmed",55,5991.6364867945,1010664.7614672,8162.09818523644,55
3,"n",5,1e+05,49,"truth",7,11.9889628261533,9.58455680991189,4.30658392374165,0
3,"n",5,1e+05,49,"selected",33,688.493454032226,16986.6153366,799.03547550351,33
4,"n",5,1e+05,49,"full",55,12731.7494326786,3999282.44627092,15279.0084609564,55
4,"n",5,1e+05,49,"trimmed",55,12731.7494326786,3999282.44627092,15279.0084609564,55
4,"n",5,1e+05,49,"truth",7,12.0656029941293,9.67647870953802,4.31760167272218,0
4,"n",5,1e+05,49,"selected",12,161.332982914727,1487.59619690571,124.754788452486,10
5,"n",5,1e+05,49,"full",55,9593.95935716605,2421031.26583958,15242.7391021283,55
5,"n",5,1e+05,49,"trimmed",55,9593.95935716605,2421031.26583958,15242.7391021283,55
5,"n",5,1e+05,49,"truth",7,12.0172960989416,9.67465000238725,4.29625442707939,0
5,"n",5,1e+05,49,"selected",24,898.80071594542,39192.8798685505,570.680468852553,23
6,"n",5,1e+05,49,"full",55,9583.23537308859,2218003.34918656,2217.09194909346,55
6,"n",5,1e+05,49,"trimmed",55,9583.23537308859,2218003.34918656,2217.09194909346,55
6,"n",5,1e+05,49,"truth",7,11.7184903493987,9.24647847087412,4.22951650075462,0
6,"n",5,1e+05,49,"selected",16,543.295291048297,16231.4164195036,50.3888654744479,15
7,"n",5,1e+05,49,"full",55,5752.53539738974,831417.499817731,2408.16125714642,55
7,"n",5,1e+05,49,"trimmed",55,5752.53539738974,831417.499817731,2408.16125714642,55
7,"n",5,1e+05,49,"truth",7,11.7100470858742,9.39372878957427,4.15935982428422,0
7,"n",5,1e+05,49,"selected",31,999.315634242926,39008.4786019908,576.850238229278,31
8,"n",5,1e+05,49,"full",55,8853.77015332558,2063368.59783958,16398.6507814835,55
8,"n",5,1e+05,49,"trimmed",55,8853.77015332558,2063368.59783958,16398.6507814835,55
8,"n",5,1e+05,49,"truth",7,11.9726583628815,9.63628811940075,4.25385219911023,0
8,"n",5,1e+05,49,"selected",23,791.523040296336,27317.0385640383,492.608380043647,21
9,"n",5,1e+05,49,"full",55,1971.60090229127,101295.643422645,5566.03266522908,55
9,"n",5,1e+05,49,"trimmed",55,1971.60090229127,101295.643422645,5566.03266522908,55
9,"n",5,1e+05,49,"truth",7,11.4878694311503,9.11102132977576,4.18523363515673,0
9,"n",5,1e+05,49,"selected",34,609.47646493915,18265.899739059,418.087790573368,34
0,"n",4.8,63096,49,"full",55,5294.20002777779,710688.534302057,1616.79934513754,55
0,"n",4.8,63096,49,"trimmed",55,5294.20002777779,710688.534302057,1616.79934513754,55
0,"n",4.8,63096,49,"truth",7,11.6912486764818,9.32602359443358,4.17287833915356,0
0,"n",4.8,63096,49,"selected",13,436.77545514435,12216.8488933849,33.2981598777384,9
1,"n",4.8,63096,49,"full",55,2026.76683036993,114580.797026736,7495.07025412102,55
1,"n",4.8,63096,49,"trimmed",55,2026.76683036993,114580.797026736,7495.07025412102,55
1,"n",4.8,63096,49,"truth",7,11.2808545700563,8.94198871672029,4.16077133149654,0
1,"n",4.8,63096,49,"selected",42,1421.0390101608,83362.5017174,717.853546258512,42
2,"n",4.8,63096,49,"full",55,10132.1072723421,2553988.22752622,7252.2731050797,55
2,"n",4.8,63096,49,"trimmed",55,10132.1072723421,2553988.22752622,7252.2731050797,55
2,"n",4.8,63096,49,"truth",7,12.0082249408014,9.64895770253517,4.28930087627795,0
2,"n",4.8,63096,49,"selected",19,763.589529046245,35447.2946618605,66.1634085003501,18
3,"n",4.8,63096,49,"full",55,4800.9285781588,654183.759087119,5345.44655746143,55
3,"n",4.8,63096,49,"trimmed",55,4800.9285781588,654183.759087119,5345.44655746143,55
3,"n",4.8,63096,49,"truth",7,11.8294021386871,9.44654734471942,4.25011803411906,0
3,"n",4.8,63096,49,"selected",30,367.818531460629,5944.51451022411,379.747403298909,30
4,"n",4.8,63096,49,"full",55,10182.7645636881,2565360.0115712,9837.93004825753,55
4,"n",4.8,63096,49,"trimmed",55,10182.7645636881,2565360.0115712,9837.93004825753,55
4,"n",4.8,63096,49,"truth",7,12.0032771430447,9.61916992432716,4.2860808067777,0
4,"n",4.8,63096,49,"selected",12,155.354626994795,1400.68816779245,108.655699280999,10
5,"n",4.8,63096,49,"full",55,7668.52366689799,1551917.1332098,10398.8466505783,55
5,"n",4.8,63096,49,"trimmed",55,7668.52366689799,1551917.1332098,10398.8466505783,55
5,"n",4.8,63096,49,"truth",7,11.9142632759224,9.58363295717819,4.25149112577011,0
5,"n",4.8,63096,49,"selected",23,668.725007619617,20120.3324700312,305.485393077107,21
6,"n",4.8,63096,49,"full",55,7662.27260309195,1435221.43053062,1419.51248194551,55
6,"n",4.8,63096,49,"trimmed",55,7662.27260309195,1435221.43053062,1419.51248194551,55
6,"n",4.8,63096,49,"truth",7,11.4902898532732,8.96219054837717,4.16562681361404,0
6,"n",4.8,63096,49,"selected",13,360.885774600341,8139.77415552127,29.1680274600141,10
7,"n",4.8,63096,49,"full",55,4566.51338138182,529281.656474262,1575.85129594905,55
7,"n",4.8,63096,49,"trimmed",55,4566.51338138182,529281.656474262,1575.85129594905,55
7,"n",4.8,63096,49,"truth",7,11.5375928211977,9.22158135256042,4.07973177312968,0
7,"n",4.8,63096,49,"selected",27,599.072056932324,15011.4557040555,268.547878443622,23
8,"n",4.8,63096,49,"full",55,7081.82966389465,1328426.61146067,11585.132225289,55
8,"n",4.8,63096,49,"trimmed",55,7081.82966389465,1328426.61146067,11585.132225289,55
8,"n",4.8,63096,49,"truth",7,11.8496320005596,9.53009286342616,4.188748361291,0
8,"n",4.8,63096,49,"selected",19,493.284930838132,11919.4222185915,256.915350987147,18
9,"n",4.8,63096,49,"full",55,1590.79280275119,66943.6474510225,3609.70952724541,55
9,"n",4.8,63096,49,"trimmed",55,1590.79280275119,66943.6474510225,3609.70952724541,55
9,"n",4.8,63096,49,"truth",7,11.1590866802777,8.80802706823042,4.0803678978691,0
9,"n",4.8,63096,49,"selected",36,857.417771867411,28968.9556804031,380.523626738783,36
0,"n",4.6,39811,49,"full",55,4211.44660585362,455972.015347069,1076.36291172502,55
0,"n",4.6,39811,49,"trimmed",55,4211.44660585362,455972.015347069,1076.36291172502,55
0,"n",4.6,39811,49,"truth",7,11.4932119573296,9.11660588140194,4.08219778010268,0
0,"n",4.6,39811,49,"selected",12,366.889742334323,9086.20949836042,15.4286157835222,6
1,"n",4.6,39811,49,"full",55,1638.68477783581,76687.9194247214,5209.54459924246,55
1,"n",4.6,39811,49,"trimmed",55,1638.68477783581,76687.9194247214,5209.54459924246,55
1,"n",4.6,39811,49,"truth",7,10.9155608098039,8.59778467356486,4.05630560535584,0
1,"n",4.6,39811,49,"selected",43,1181.01608092482,56416.1125837202,646.30498490177,43
2,"n",4.6,39811,49,"full",55,8104.49045185185,1637050.21147349,4720.75470994796,55
2,"n",4.6,39811,49,"trimmed",55,8104.49045185185,1637050.21147349,4720.75470994796,55
2,"n",4.6,39811,49,"truth",7,11.9144193992061,9.54578674055711,4.27034640284985,0
2,"n",4.6,39811,49,"selected",17,552.847030302956,18555.8277957442,25.7879050700679,12
3,"n",4.6,39811,49,"full",55,3858.69632806999,425450.754680892,3526.76241983018,55
3,"n",4.6,39811,49,"trimmed",55,3858.69632806999,425450.754680892,3526.76241983018,55
3,"n",4.6,39811,49,"truth",7,11.6402064910268,9.25072565211982,4.18195538285339,0
3,"n",4.6,39811,49,"selected",27,281.785869031958,3874.49509556984,201.168404829855,27
4,"n",4.6,39811,49,"full",55,8120.84332553827,1643960.91203595,6354.42811771988,55
4,"n",4.6,39811,49,"trimmed",55,8120.84332553827,1643960.91203595,6354.42811771988,55
4,"n",4.6,39811,49,"truth",7,11.882023724557,9.50228076002043,4.22899010955963,0
4,"n",4.6,39811,49,"selected",12,147.853634708149,1285.61110636111,91.4836350815411,10
5,"n",4.6,39811,49,"full",55,6107.34030843999,991337.335763982,7261.99994239652,55
5,"n",4.6,39811,49,"trimmed",55,6107.34030843999,991337.335763982,7261.99994239652,55
5,"n",4.6,39811,49,"truth",7,11.7107634745702,9.41076677847736,4.17760569688984,0
5,"n",4.6,39811,49,"selected",24,574.532265368135,15835.5229693504,215.908152893472,23
6,"n",4.6,39811,49,"full",55,6109.64995602138,930482.752485583,921.437327913949,55
6,"n",4.6,39811,49,"trimmed",55,6109.64995602138,930482.752485583,921.437327913949,55
6,"n",4.6,39811,49,"truth",7,11.2358138095647,8.64492347492724,4.08420894798665,0
6,"n",4.6,39811,49,"selected",12,338.787078386689,7518.34850882451,17.5374937779492,8
7,"n",4.6,39811,49,"full",55,3601.31646168845,338021.253308912,1049.27354224517,55
7,"n",4.6,39811,49,"trimmed",55,3601.31646168845,338021.253308912,1049.27354224517,55
7,"n",4.6,39811,49,"truth",7,11.286687043961,8.98738981037606,3.95831200226284,0
7,"n",4.6,39811,49,"selected",26,492.76720388741,10244.7291089313,272.51771981439,22
8,"n",4.6,39811,49,"full",55,5636.72437590581,849726.900225324,8439.3930876546,55
8,"n",4.6,39811,49,"trimmed",55,5636.72437590581,849726.900225324,8439.3930876546,55
8,"n",4.6,39811,49,"truth",7,11.6322874653291,9.34753477146121,4.09378009287328,0
8,"n",4.6,39811,49,"selected",19,443.709946508539,9810.47599239829,181.346222190806,17
9,"n",4.6,39811,49,"full",55,1291.71659109516,45240.8124184809,2464.03357730914,55
9,"n",4.6,39811,49,"trimmed",55,1291.71659109516,45240.8124184809,2464.03357730914,55
9,"n",4.6,39811,49,"truth",7,10.7657506738856,8.42378969593213,3.96439151135085,0
9,"n",4.6,39811,49,"selected",38,911.318065127721,32907.0906690614,430.55368113615,38
0,"n",4.4,25119,49,"full",55,3346.79106663944,292835.464831318,683.767666536682,55
0,"n",4.4,25119,49,"trimmed",55,3346.79106663944,292835.464831318,683.767666536682,55
0,"n",4.4,25119,49,"truth",7,11.2869489335463,8.85330406574239,4.00250018859054,0
0,"n",4.4,25119,49,"selected",10,297.099524434278,6308.81970471637,8.49167996280173,4
1,"n",4.4,25119,49,"full",55,1331.86455228132,52407.9883108979,3390.35111368868,55
1,"n",4.4,25119,49,"trimmed",55,1331.86455228132,52407.9883108979,3390.35111368868,55
1,"n",4.4,25119,49,"truth",7,10.4748687089059,8.19351581494127,3.91227953280704,0
1,"n",4.4,25119,49,"selected",41,524.255695556892,10792.7700142688,538.335356870245,41
2,"n",4.4,25119,49,"full",55,6438.9506654965,1046117.30359275,3033.10215795145,55
2,"n",4.4,25119,49,"trimmed",55,6438.9506654965,1046117.30359275,3033.10215795145,55
2,"n",4.4,25119,49,"truth",7,11.7003881759658,9.3621001400054,4.16511409215448,0
2,"n",4.4,25119,49,"selected",18,537.89888366106,16543.0919261296,39.3811596880986,15
3,"n",4.4,25119,49,"full",55,3117.87953964989,281291.658101986,2294.4811176759,55
3,"n",4.4,25119,49,"trimmed",55,3117.87953964989,281291.658101986,2294.4811176759,55
3,"n",4.4,25119,49,"truth",7,11.3610825328793,8.97257794121793,4.07253772681505,0
3,"n",4.4,25119,49,"selected",16,160.856818174323,1529.99660128879,62.9355348018529,14
4,"n",4.4,25119,49,"full",55,6424.9745677208,1041521.87612125,4077.90044172482,55
4,"n",4.4,25119,49,"trimmed",55,6424.9745677208,1041521.87612125,4077.90044172482,55
4,"n",4.4,25119,49,"truth",7,11.6476976834486,9.27240130431419,4.15189255012762,0
4,"n",4.4,25119,49,"selected",12,137.951056287862,1137.22512585032,75.2726369197153,10
5,"n",4.4,25119,49,"full",55,4898.84925891054,644180.185202812,5476.2344651041,55
5,"n",4.4,25119,49,"trimmed",55,4898.84925891054,644180.185202812,5476.2344651041,55
5,"n",4.4,25119,49,"truth",7,11.5161864517636,9.29645539160648,4.07482425494298,0
5,"n",4.4,25119,49,"selected",22,421.328471470724,8139.49752864079,140.232840233991,18
6,"n",4.4,25119,49,"full",55,4876.23450116861,608038.293224804,612.533442063405,55
6,"n",4.4,25119,49,"trimmed",55,4876.23450116861,608038.293224804,612.533442063405,55
6,"n",4.4,25119,49,"truth",7,11.0315387558517,8.27503214963274,4.01633690959159,0
6,"n",4.4,25119,49,"selected",13,338.60905450086,6955.57331022388,10.9095140937929,10
7,"n",4.4,25119,49,"full",55,2834.40566213383,217300.668908722,693.758086302135,55
7,"n",4.4,25119,49,"trimmed",55,2834.40566213383,217300.668908722,693.758086302135,55
7,"n",4.4,25119,49,"truth",7,11.0710593814417,8.81503469571025,3.82585169352218,0
7,"n",4.4,25119,49,"selected",31,518.009705498882,10106.1593568391,183.281483829355,25
8,"n",4.4,25119,49,"full",55,4499.54304806892,549459.429321259,6141.86776721453,55
8,"n",4.4,25119,49,"trimmed",55,4499.54304806892,549459.429321259,6141.86776721453,55
8,"n",4.4,25119,49,"truth",7,11.4358933128746,9.21987333045918,3.97067239939558,0
8,"n",4.4,25119,49,"selected",14,153.678965089639,790.43300394121,125.908265923842,13
9,"n",4.4,25119,49,"full",55,1052.73038308235,31353.3238593157,1769.55995507039,55
9,"n",4.4,25119,49,"trimmed",55,1052.73038308235,31353.3238593157,1769.55995507039,55
9,"n",4.4,25119,49,"truth",7,10.2398629539136,7.97124463682811,3.73573338529184,0
9,"n",4.4,25119,49,"selected",34,669.664705236259,19677.474045602,228.25577361526,31
0,"n",4.2,15849,49,"full",55,2626.63323642904,189358.172659214,421.691861547642,55
0,"n",4.2,15849,49,"trimmed",55,2626.63323642904,189358.172659214,421.691861547642,55
0,"n",4.2,15849,49,"truth",7,10.962553052742,8.49697881591519,3.80760112366353,0
0,"n",4.2,15849,49,"selected",10,274.598227818679,5450.30226866168,7.02401902533921,4
1,"n",4.2,15849,49,"full",55,1083.47325459809,36872.2434415284,2191.63677127455,55
1,"n",4.2,15849,49,"trimmed",55,1083.47325459809,36872.2434415284,2191.63677127455,55
1,"n",4.2,15849,49,"truth",7,9.88988889112329,7.72014020312706,3.71384886422423,0
1,"n",4.2,15849,49,"selected",36,250.737956575738,2273.76179569787,257.124707819538,35
2,"n",4.2,15849,49,"full",55,5114.44315289836,669850.379153592,2009.10018375785,55
2,"n",4.2,15849,49,"trimmed",55,5114.44315289836,669850.379153592,2009.10018375785,55
2,"n",4.2,15849,49,"truth",7,11.471792062782,9.19635730724772,4.05675854675405,0
2,"n",4.2,15849,49,"selected",19,449.170644125917,11173.0420893829,30.0300706776916,14
3,"n",4.2,15849,49,"full",55,2500.64128476456,185614.921760077,1542.96334282297,55
3,"n",4.2,15849,49,"trimmed",55,2500.64128476456,185614.921760077,1542.96334282297,55
3,"n",4.2,15849,49,"truth",7,10.8972633297043,8.53872160125386,3.91935091873432,0
3,"n",4.2,15849,49,"selected",18,137.963008187314,1123.73053852079,85.7293678133359,16
4,"n",4.2,15849,49,"full",55,5105.17372424244,667520.736818393,2668.32309448129,55
4,"n",4.2,15849,49,"trimmed",55,5105.17372424244,667520.736818393,2668.32309448129,55
4,"n",4.2,15849,49,"truth",7,11.4771453538418,9.15485969822745,4.04649036930976,0
4,"n",4.2,15849,49,"selected",13,134.244244982823,993.679745950757,38.0073246363021,11
5,"n",4.2,15849,49,"full",55,3931.57684899933,420697.297547314,3570.54566053324,55
5,"n",4.2,15849,49,"trimmed",55,3931.57684899933,420697.297547314,3570.54566053324,55
5,"n",4.2,15849,49,"truth",7,11.3091201492517,9.11241194615886,3.95110541360333,0
5,"n",4.2,15849,49,"selected",15,126.754799460588,687.713932883242,149.86684635247,13
6,"n",4.2,15849,49,"full",55,3857.74990159434,394248.646705954,411.342128698944,55
6,"n",4.2,15849,49,"trimmed",55,3857.74990159434,394248.646705954,411.342128698944,55
6,"n",4.2,15849,49,"truth",7,10.9218012429334,7.85347778698015,4.02891675605864,0
6,"n",4.2,15849,49,"selected",11,292.00707103619,5372.58680457972,9.19519127122256,4
7,"n",4.2,15849,49,"full",55,2227.04789581523,141531.847325792,459.043962421478,55
7,"n",4.2,15849,49,"trimmed",55,2227.04789581523,141531.847325792,459.043962421478,55
7,"n",4.2,15849,49,"truth",7,10.9033148788509,8.61359657793053,3.69544534833107,0
7,"n",4.2,15849,49,"selected",27,401.423486392035,6547.92844456138,103.504981727226,22
8,"n",4.2,15849,49,"full",55,3599.59831462046,358906.818281506,4045.74829600712,55
8,"n",4.2,15849,49,"trimmed",55,3599.59831462046,358906.818281506,4045.74829600712,55
8,"n",4.2,15849,49,"truth",7,11.2324985105491,9.02290881861556,3.84613812182932,0
8,"n",4.2,15849,49,"selected",25,429.822615242614,8044.18071705461,160.737177731483,21
9,"n",4.2,15849,49,"full",55,867.511403712028,22498.1391368088,1186.77820035005,55
9,"n",4.2,15849,49,"trimmed",55,867.511403712028,22498.1391368088,1186.77820035005,55
9,"n",4.2,15849,49,"truth",7,9.67989587131815,7.55305367493436,3.47204550552171,0
9,"n",4.2,15849,49,"selected",34,581.497629744011,14784.582098119,198.647261222527,29
0,"n",4,10000,49,"full",55,2082.91393082979,125768.942029525,279.906338215671,55
0,"n",4,10000,49,"trimmed",55,2082.91393082979,125768.942029525,279.906338215671,55
0,"n",4,10000,49,"truth",7,10.7883119696195,8.21512108496844,3.61764656652719,0
0,"n",4,10000,49,"selected",9,243.264117280219,4265.21034180049,4.44686683117069,4
1,"n",4,10000,49,"full",55,909.910535030388,27480.5560393332,1418.85202957086,55
1,"n",4,10000,49,"trimmed",55,909.910535030388,27480.5560393332,1418.85202957086,55
1,"n",4,10000,49,"truth",7,9.43229629902247,7.4190169887563,3.46856524500277,0
1,"n",4,10000,49,"selected",38,232.998720333408,1725.99329856044,142.623560058369,34
2,"n",4,10000,49,"full",55,4091.77245490768,437485.849965255,1333.12231489703,55
2,"n",4,10000,49,"trimmed",55,4091.77245490768,437485.849965255,1333.12231489703,55
2,"n",4,10000,49,"truth",7,11.1697831341008,8.84779204316008,3.92936762263745,0
2,"n",4,10000,49,"selected",40,876.269184532624,28001.7179527832,362.943404410045,40
3,"n",4,10000,49,"full",55,2058.47655903594,130160.591410384,1096.30567802574,55
3,"n",4,10000,49,"trimmed",55,2058.47655903594,130160.591410384,1096.30567802574,55
3,"n",4,10000,49,"truth",7,10.5028319886446,8.19608055303883,3.71631444827557,0
3,"n",4,10000,49,"selected",15,54.5750432480974,146.852605288545,31.2555845396618,14
4,"n",4,10000,49,"full",55,4042.4027940549,430322.565883041,1794.32446252002,55
4,"n",4,10000,49,"trimmed",55,4042.4027940549,430322.565883041,1794.32446252002,55
4,"n",4,10000,49,"truth",7,11.1969251821912,8.84812197676101,3.92608970246717,0
4,"n",4,10000,49,"selected",14,113.197447851044,617.543097971572,43.8631207606448,10
5,"n",4,10000,49,"full",55,3147.86071909311,278264.707520103,2372.40007911011,55
5,"n",4,10000,49,"trimmed",55,3147.86071909311,278264.707520103,2372.40007911011,55
5,"n",4,10000,49,"truth",7,10.9384931896193,8.87365365269056,3.75917859700551,0
5,"n",4,10000,49,"selected",16,298.376782396684,4505.85356168272,152.804593584116,15
6,"n",4,10000,49,"full",55,2969.68581395289,250904.398142421,279.956702967213,55
6,"n",4,10000,49,"trimmed",34,495.936866069276,11494.1501558734,47.5876488929753,33
6,"n",4,10000,49,"truth",7,11.017304654609,7.50184532108505,3.96848634126326,0
6,"n",4,10000,49,"selected",10,268.23509382454,5186.17863477578,5.85076493209443,4
7,"n",4,10000,49,"full",55,1732.81136767568,94196.6780202704,310.200565744353,55
7,"n",4,10000,49,"trimmed",55,1732.81136767568,94196.6780202704,310.200565744353,55
7,"n",4,10000,49,"truth",7,10.6679723167249,8.41206847484772,3.52782946232273,0
7,"n",4,10000,49,"selected",11,268.089346176564,4418.20170078385,34.9419139121659,8
8,"n",4,10000,49,"full",55,2859.1850878456,236179.448992927,2828.76884708822,55
8,"n",4,10000,49,"trimmed",55,2859.1850878456,236179.448992927,2828.76884708822,55
8,"n",4,10000,49,"truth",7,10.9018726160119,8.81114154885663,3.62834984727242,0
8,"n",4,10000,49,"selected",24,382.169481316054,6581.08278345103,114.447107926716,16
9,"n",4,10000,49,"full",55,726.691548007689,16989.0600161454,779.114848525847,55
9,"n",4,10000,49,"trimmed",34,177.672192294546,1453.18616055994,91.690151529773,34
9,"n",4,10000,49,"truth",7,9.12899678735936,7.14228631920128,3.14561562739483,0
9,"n",4,10000,49,"selected",9,23.0794617752534,42.228636647415,7.64453167472145,4
0,"n",3.8,6310,49,"full",55,1635.82268880686,83977.8598152043,199.139576211946,55
0,"n",3.8,6310,49,"trimmed",55,1635.82268880686,83977.8598152043,199.139576211946,55
0,"n",3.8,6310,49,"truth",7,10.6615232962596,7.85263123057874,3.53997584055534,0
0,"n",3.8,6310,49,"selected",9,217.867813137506,3460.86280785208,4.41473724686016,4
1,"n",3.8,6310,49,"full",55,783.100211212978,21011.4258816911,964.433697342704,55
1,"n",3.8,6310,49,"trimmed",34,171.346879348475,1282.87988682308,89.166157063793,34
1,"n",3.8,6310,49,"truth",7,9.07868749626519,7.24928919603596,3.34701216879481,0
1,"n",3.8,6310,49,"selected",8,14.1298482760746,20.172707198298,5.13779135015356,2
2,"n",3.8,6310,49,"full",55,3305.73515351217,295927.554894115,915.681258867648,55
2,"n",3.8,6310,49,"trimmed",55,3305.73515351217,295927.554894115,915.681258867648,55
2,"n",3.8,6310,49,"truth",7,11.0152808847794,8.70606519827919,3.76070993201645,0
2,"n",3.8,6310,49,"selected",39,543.592210184205,11091.0233304141,206.49401934851,38
3,"n",3.8,6310,49,"full",55,1725.23233941108,92573.8861298854,821.738999852986,55
3,"n",3.8,6310,49,"trimmed",55,1725.23233941108,92573.8861298854,821.738999852986,55
3,"n",3.8,6310,49,"truth",7,10.1013364536802,7.81529253306772,3.61559094819948,0
3,"n",3.8,6310,49,"selected",11,34.2382423756393,65.5646060587903,28.2204149852769,7
4,"n",3.8,6310,49,"full",55,3187.21714559136,276864.953211299,1214.18838456483,55
4,"n",3.8,6310,49,"trimmed",55,3187.21714559136,276864.953211299,1214.18838456483,55
4,"n",3.8,6310,49,"truth",7,10.9441198185585,8.46861490033479,3.79200170031704,0
4,"n",3.8,6310,49,"selected",14,313.843969321156,5591.37364470163,53.1421887425131,9
5,"n",3.8,6310,49,"full",55,2509.44196672197,186584.651001365,1556.44739322873,55
5,"n",3.8,6310,49,"trimmed",55,2509.44196672197,186584.651001365,1556.44739322873,55
5,"n",3.8,6310,49,"truth",7,10.5364850106919,8.67590836591194,3.49957663698771,0
5,"n",3.8,6310,49,"selected",18,283.840614601503,4068.26951934274,85.430866406259,15
6,"n",3.8,6310,49,"full",55,2174.82174155404,150156.793016081,176.223405934965,55
6,"n",3.8,6310,49,"trimmed",34,381.538469804104,7301.27504926718,33.1267666444786,31
6,"n",3.8,6310,49,"truth",7,11.4825769189543,7.1572389010048,4.06045112657492,0
6,"n",3.8,6310,49,"selected",9,235.276750624316,4002.56954804782,5.45924563124073,4
7,"n",3.8,6310,49,"full",55,1340.88202917043,65188.1384489188,210.68234531499,55
7,"n",3.8,6310,49,"trimmed",55,1340.88202917043,65188.1384489188,210.68234531499,55
7,"n",3.8,6310,49,"truth",7,10.4935912878688,8.21283484149082,3.51203837949287,0
7,"n",3.8,6310,49,"selected",14,266.078946592441,3839.33189927128,50.404036526604,10
8,"n",3.8,6310,49,"full",55,2253.41930822101,157898.430289979,1893.7987851858,55
8,"n",3.8,6310,49,"trimmed",34,412.896847465524,8451.79346269904,271.334683299995,34
8,"n",3.8,6310,49,"truth",7,10.5220006060163,8.61579899737576,3.38763327712041,0
8,"n",3.8,6310,49,"selected",7,10.5220006060163,8.61579899737576,3.38763327712041,0
9,"n",3.8,6310,49,"full",55,617.173576757927,13668.904328192,515.986416405394,55
9,"n",3.8,6310,49,"trimmed",34,150.31884820387,1132.28753319421,67.0696911910787,32
9,"n",3.8,6310,49,"truth",7,8.8198145143243,7.08246029045731,2.74628289754672,0
9,"n",3.8,6310,49,"selected",7,8.81981451432434,7.08246029045731,2.74628289754672,0
0,"snr",3.69897000433602,5000,1,"full",55,237.079145957943,2757.57163967329,31.0467416436681,50
0,"snr",3.69897000433602,5000,1,"trimmed",9,7.32730410088023,5.00432138941856,2.05836756318038,0
0,"snr",3.69897000433602,5000,1,"truth",7,7.91568481927602,4.85011191548587,2.69948629538124,0
0,"snr",3.69897000433602,5000,1,"selected",2,2.57694447449352,1.00031710241259,1.00031710241259,0
0,"snr",3.69897000433602,5000,5,"full",55,400.231624671346,6736.98413072548,55.0887679796212,55
0,"snr",3.69897000433602,5000,5,"trimmed",55,400.231624671346,6736.98413072548,55.0887679796212,55
0,"snr",3.69897000433602,5000,5,"truth",7,8.91677463085444,5.74962457433627,3.47707479979816,0
0,"snr",3.69897000433602,5000,5,"selected",12,9.67234975256099,10.0846794571234,2.9346434495619,1
0,"snr",3.69897000433602,5000,10,"full",55,681.7018358669,17500.1271507824,83.4124138357785,55
0,"snr",3.69897000433602,5000,10,"trimmed",55,681.7018358669,17500.1271507824,83.4124138357785,55
0,"snr",3.69897000433602,5000,10,"truth",7,9.54316457035184,6.6638611062956,3.51213780996845,0
0,"snr",3.69897000433602,5000,10,"selected",10,19.6640436918954,27.0824643134005,7.36425566248891,2
0,"snr",3.69897000433602,5000,15,"full",55,1047.50406282205,39984.6967988342,120.002530298681,55
0,"snr",3.69897000433602,5000,15,"trimmed",55,1047.50406282205,39984.6967988342,120.002530298681,55
0,"snr",3.69897000433602,5000,15,"truth",7,10.0691097323773,7.21487832617003,3.67251286054994,0
0,"snr",3.69897000433602,5000,15,"selected",14,28.6667088329795,66.5411606292741,8.9296234898789,6
0,"snr",3.69897000433602,5000,20,"full",55,1176.30693792628,49473.7210489273,151.310131866951,55
0,"snr",3.69897000433602,5000,20,"trimmed",34,250.477142324205,3420.02805420124,29.9270529615979,31
0,"snr",3.69897000433602,5000,20,"truth",7,10.1708504996034,7.3263278289344,3.70494631984188,0
0,"snr",3.69897000433602,5000,20,"selected",9,16.9302614939742,16.4753142149836,8.10279346927319,4
0,"snr",3.69897000433602,5000,25,"full",55,1322.15369736422,61268.5382995615,157.387366432956,55
0,"snr",3.69897000433602,5000,25,"trimmed",55,1322.15369736422,61268.5382995615,157.387366432956,55
0,"snr",3.69897000433602,5000,25,"truth",7,10.2006386787904,7.34281936542369,3.70840662338637,0
0,"snr",3.69897000433602,5000,25,"selected",7,10.8400193020531,7.36861213188557,3.79358978259548,0
0,"snr",3.69897000433602,5000,30,"full",55,1359.67963948537,64433.2290865759,160.415865899147,55
0,"snr",3.69897000433602,5000,30,"trimmed",55,1359.67963948537,64433.2290865759,160.415865899147,55
0,"snr",3.69897000433602,5000,30,"truth",7,10.202753895609,7.37215641644066,3.72635166883276,0
0,"snr",3.69897000433602,5000,30,"selected",12,69.5011541492381,346.683773849181,5.35205496270252,5
0,"snr",3.69897000433602,5000,35,"full",55,1378.01515007178,65985.8303695748,160.938041002404,55
0,"snr",3.69897000433602,5000,35,"trimmed",34,275.577384295978,4078.51304808873,31.2358902058068,33
0,"snr",3.69897000433602,5000,35,"truth",7,10.225337594389,7.39910082681879,3.71826991791388,0
0,"snr",3.69897000433602,5000,35,"selected",13,56.6824783608361,203.303958523141,11.3215599446901,7
0,"snr",3.69897000433602,5000,40,"full",55,1382.74844968627,66384.3835706962,159.594165758257,55
0,"snr",3.69897000433602,5000,40,"trimmed",34,276.114772914115,4094.34627739952,31.5348703959419,33
0,"snr",3.69897000433602,5000,40,"truth",7,10.2249568997501,7.39352097800809,3.7324991966556,0
0,"snr",3.69897000433602,5000,40,"selected",11,213.793125675859,3034.26529908521,27.0988461225098,8
0,"snr",3.69897000433602,5000,45,"full",55,1382.13823432043,66393.8915736589,160.834812733583,55
0,"snr",3.69897000433602,5000,45,"trimmed",34,276.207034103765,4098.43695126767,31.4240481396187,33
0,"snr",3.69897000433602,5000,45,"truth",7,10.2217008783372,7.39065802631621,3.72481558091972,0
0,"snr",3.69897000433602,5000,45,"selected",10,208.816750041714,3025.64555546774,27.2412603711693,6
0,"snr",3.69897000433602,5000,50,"full",55,1383.35894416967,66460.6427797365,160.719112322577,55
0,"snr",3.69897000433602,5000,50,"trimmed",34,276.274573201687,4099.26193395864,31.4913161250273,33
0,"snr",3.69897000433602,5000,50,"truth",7,10.2241243894379,7.39557681459852,3.72602444249015,0
0,"snr",3.69897000433602,5000,50,"selected",10,208.850839049109,3026.46761948726,27.2469424877957,6
0,"snr",3.69897000433602,5000,55,"full",55,1383.04066011778,66422.8613961403,160.750806973633,55
0,"snr",3.69897000433602,5000,55,"trimmed",34,276.235532046702,4097.83267314069,31.5312113807019,33
0,"snr",3.69897000433602,5000,55,"truth",7,10.2238567432647,7.39459831739987,3.72692810586419,0
0,"snr",3.69897000433602,5000,55,"selected",10,208.773594950201,3024.19867997694,27.2395795725392,6
0,"snr",3.69897000433602,5000,60,"full",55,1382.52150396918,66390.1131754863,160.671857317443,55
0,"snr",3.69897000433602,5000,60,"trimmed",55,1382.52150396918,66390.1131754863,160.671857317443,55
0,"snr",3.69897000433602,5000,60,"truth",7,10.2247496900445,7.39551297085988,3.72635341262822,0
0,"snr",3.69897000433602,5000,60,"selected",9,196.138121090684,2915.96034328627,4.13571036850591,4
0,"snr",3.69897000433602,5000,Inf,"full",55,1382.77761849359,66408.48672081,160.625906236579,55
0,"snr",3.69897000433602,5000,Inf,"trimmed",55,1382.77761849359,66408.48672081,160.625906236579,55
0,"snr",3.69897000433602,5000,Inf,"truth",7,10.2243251896109,7.39500234311974,3.72645970370737,0
0,"snr",3.69897000433602,5000,Inf,"selected",15,217.98979486395,3178.97162251213,11.7674049762206,8
1,"snr",3.69897000433602,5000,1,"full",55,123.159091403935,677.866244670442,28.847803749124,53
1,"snr",3.69897000433602,5000,1,"trimmed",55,123.159091403935,677.866244670442,28.847803749124,53
1,"snr",3.69897000433602,5000,1,"truth",7,6.185751970475,4.3282698890944,2.04920017473926,0
1,"snr",3.69897000433602,5000,1,"selected",4,2.60877230084921,1.96520177442961,1.47513045974344,0
1,"snr",3.69897000433602,5000,5,"full",55,129.423590113926,626.581156946583,42.3716571510589,55
1,"snr",3.69897000433602,5000,5,"trimmed",34,45.1200024442073,114.770968687719,14.2537009091338,27
1,"snr",3.69897000433602,5000,5,"truth",7,7.12750896553749,5.20807163469588,2.65929630602237,0
1,"snr",3.69897000433602,5000,5,"selected",4,3.05233652166672,1.90621812748624,1.3729309349321,0
1,"snr",3.69897000433602,5000,10,"full",55,279.401837734107,3035.18631889402,90.5735973307354,55
1,"snr",3.69897000433602,5000,10,"trimmed",9,7.25422348091693,5.45227750384737,2.11144086534883,0
1,"snr",3.69897000433602,5000,10,"truth",7,7.96118254979053,6.2786260879004,3.09157568054695,0
1,"snr",3.69897000433602,5000,10,"selected",4,7.16095579512491,5.37936871386033,3.15093703839751,0
1,"snr",3.69897000433602,5000,15,"full",55,408.475789318233,6154.52341358919,155.277762047265,55
1,"snr",3.69897000433602,5000,15,"trimmed",55,408.475789318233,6154.52341358919,155.277762047265,55
1,"snr",3.69897000433602,5000,15,"truth",7,8.32534986522598,6.71789210200561,2.84717779951762,0
1,"snr",3.69897000433602,5000,15,"selected",12,6.8494661470399,6.66201502634132,2.70888680805754,0
1,"snr",3.69897000433602,5000,20,"full",55,538.167169667284,11065.7995852686,278.974262821993,55
1,"snr",3.69897000433602,5000,20,"trimmed",55,538.167169667284,11065.7995852686,278.974262821993,55
1,"snr",3.69897000433602,5000,20,"truth",7,8.6131447746185,7.12047330508625,2.96010665438218,0
1,"snr",3.69897000433602,5000,20,"selected",8,6.9315698802556,4.40506682030388,2.28208085418324,0
1,"snr",3.69897000433602,5000,25,"full",55,642.438414300881,15444.6835927262,460.447220658558,55
1,"snr",3.69897000433602,5000,25,"trimmed",55,642.438414300881,15444.6835927262,460.447220658558,55
1,"snr",3.69897000433602,5000,25,"truth",7,8.69558504042547,7.21485474362174,3.03506491872341,0
1,"snr",3.69897000433602,5000,25,"selected",7,6.63395869223044,4.50917472168315,2.37962282534223,0
1,"snr",3.69897000433602,5000,30,"full",55,687.048872282709,17758.8701646591,648.458203836721,55
1,"snr",3.69897000433602,5000,30,"trimmed",34,151.012650175368,1108.39195643223,73.0413667910922,34
1,"snr",3.69897000433602,5000,30,"truth",7,8.69019145245973,7.21135744228416,2.98345091843178,0
1,"snr",3.69897000433602,5000,30,"selected",11,16.152764388822,22.7127823861262,7.00248020470839,4
1,"snr",3.69897000433602,5000,35,"full",55,697.080915132182,18218.0944150163,688.851578288366,55
1,"snr",3.69897000433602,5000,35,"trimmed",34,152.402008481588,1120.73164387987,74.6680476579305,34
1,"snr",3.69897000433602,5000,35,"truth",7,8.6803365704158,7.19935907063653,2.98695166870362,0
1,"snr",3.69897000433602,5000,35,"selected",15,18.1264152226149,28.9771349095636,6.69482903896146,6
1,"snr",3.69897000433602,5000,40,"full",55,704.425631058868,18555.3455620662,726.925957710895,55
1,"snr",3.69897000433602,5000,40,"trimmed",34,153.798264368348,1139.62634981239,75.2452542350121,34
1,"snr",3.69897000433602,5000,40,"truth",7,8.69209366115136,7.21226700531664,2.99840568979199,0
1,"snr",3.69897000433602,5000,40,"selected",10,23.8574746089373,33.6873903583583,7.13266059150823,4
1,"snr",3.69897000433602,5000,45,"full",55,706.18496230159,18658.7330387123,757.738938009947,55
1,"snr",3.69897000433602,5000,45,"trimmed",55,706.18496230159,18658.7330387123,757.738938009947,55
1,"snr",3.69897000433602,5000,45,"truth",7,8.68804903684475,7.2055387535475,2.99738760470703,0
1,"snr",3.69897000433602,5000,45,"selected",33,140.777129256752,870.141388151905,53.251121723534,27
1,"snr",3.69897000433602,5000,50,"full",55,706.173611108021,18657.7899280367,758.621699428339,55
1,"snr",3.69897000433602,5000,50,"trimmed",34,154.118911926428,1143.58700374323,75.3752297224789,34
1,"snr",3.69897000433602,5000,50,"truth",7,8.68824489368233,7.20551851307696,2.99765244536768,0
1,"snr",3.69897000433602,5000,50,"selected",22,41.0959036136205,64.484014208501,14.8005130043509,13
1,"snr",3.69897000433602,5000,55,"full",55,707.068166847689,18706.886178172,756.703646740165,55
1,"snr",3.69897000433602,5000,55,"trimmed",34,154.232702459525,1145.42756611307,75.3696474087135,34
1,"snr",3.69897000433602,5000,55,"truth",7,8.68925606199805,7.20729448276323,2.99738378379472,0
1,"snr",3.69897000433602,5000,55,"selected",18,35.6972185560413,51.8636336693348,15.8428436324478,12
1,"snr",3.69897000433602,5000,60,"full",55,707.092217862071,18703.3960151187,759.939825580953,55
1,"snr",3.69897000433602,5000,60,"trimmed",34,154.209026140364,1144.63475436644,75.3737781812564,34
1,"snr",3.69897000433602,5000,60,"truth",7,8.68879018707965,7.206732044573,2.99802737150635,0
1,"snr",3.69897000433602,5000,60,"selected",19,40.5015556093903,63.0730214330405,18.0457407003891,13
1,"snr",3.69897000433602,5000,Inf,"full",55,707.220097516269,18708.2430296239,760.796117850239,55
1,"snr",3.69897000433602,5000,Inf,"trimmed",55,707.220097516269,18708.2430296239,760.796117850239,55
1,"snr",3.69897000433602,5000,Inf,"truth",7,8.68899255450133,7.20707301227663,2.99812570480097,0
1,"snr",3.69897000433602,5000,Inf,"selected",51,669.591735696888,18020.125755698,509.053578983739,51
2,"snr",3.69897000433602,5000,1,"full",55,178.455176012589,1377.56980612616,30.6176974275747,51
2,"snr",3.69897000433602,5000,1,"trimmed",55,178.455176012589,1377.56980612616,30.6176974275747,51
2,"snr",3.69897000433602,5000,1,"truth",7,7.3877119575056,4.94982289683131,2.30176677858908,0
2,"snr",3.69897000433602,5000,5,"full",55,436.581213158845,7121.03790343947,58.4171627753918,55
2,"snr",3.69897000433602,5000,5,"trimmed",55,436.581213158845,7121.03790343947,58.4171627753918,55
2,"snr",3.69897000433602,5000,5,"truth",7,8.78114090840402,6.04526414352789,3.16633588469059,0
2,"snr",3.69897000433602,5000,5,"selected",6,8.20307424713995,14.2299306823952,3.14829714249048,2
2,"snr",3.69897000433602,5000,10,"full",55,1065.64503917816,34905.6749676623,140.092791724019,55
2,"snr",3.69897000433602,5000,10,"trimmed",55,1065.64503917816,34905.6749676623,140.092791724019,55
2,"snr",3.69897000433602,5000,10,"truth",7,9.77311299644995,7.34414219760942,3.23079680026071,0
2,"snr",3.69897000433602,5000,10,"selected",2,3.11462589308691,1.82876573177107,1.82876573177107,0
2,"snr",3.69897000433602,5000,15,"full",55,1643.35137174412,78987.9692737395,253.783539980654,55
2,"snr",3.69897000433602,5000,15,"trimmed",55,1643.35137174412,78987.9692737395,253.783539980654,55
2,"snr",3.69897000433602,5000,15,"truth",7,10.5738987035198,8.30456579053219,3.58630348481298,0
2,"snr",3.69897000433602,5000,15,"selected",10,15.5015743058965,18.0456483921355,3.20360146783078,2
2,"snr",3.69897000433602,5000,20,"full",55,2221.84737514452,139891.520244721,426.062662646811,55
2,"snr",3.69897000433602,5000,20,"trimmed",55,2221.84737514452,139891.520244721,426.062662646811,55
2,"snr",3.69897000433602,5000,20,"truth",7,10.6906111736031,8.48874184576333,3.57192585634212,0
2,"snr",3.69897000433602,5000,20,"selected",9,19.4381196849843,22.3625986499733,8.99446384127832,2
2,"snr",3.69897000433602,5000,25,"full",55,2554.20159822315,184173.686160804,586.430125417307,55
2,"snr",3.69897000433602,5000,25,"trimmed",55,2554.20159822315,184173.686160804,586.430125417307,55
2,"snr",3.69897000433602,5000,25,"truth",7,10.7039948294447,8.52607541511168,3.63463801130683,0
2,"snr",3.69897000433602,5000,25,"selected",6,8.62025980699972,5.76389165042032,3.78861135196051,0
2,"snr",3.69897000433602,5000,30,"full",55,2868.44514476167,227189.787515937,693.08339059981,55
2,"snr",3.69897000433602,5000,30,"trimmed",55,2868.44514476167,227189.787515937,693.08339059981,55
2,"snr",3.69897000433602,5000,30,"truth",7,10.7870514061863,8.63941549369679,3.61918118491093,0
2,"snr",3.69897000433602,5000,30,"selected",6,10.391396935966,8.34413392509229,3.79296084326615,0
2,"snr",3.69897000433602,5000,35,"full",55,2912.19115435808,235192.611853415,754.095541802082,55
2,"snr",3.69897000433602,5000,35,"trimmed",55,2912.19115435808,235192.611853415,754.095541802082,55
2,"snr",3.69897000433602,5000,35,"truth",7,10.7820133600338,8.63476463381825,3.64008620726371,0
2,"snr",3.69897000433602,5000,35,"selected",20,124.06189488067,726.994206762363,68.7449745473154,14
2,"snr",3.69897000433602,5000,40,"full",55,2924.44737040242,236429.438740901,767.736519273437,55
2,"snr",3.69897000433602,5000,40,"trimmed",55,2924.44737040242,236429.438740901,767.736519273437,55
2,"snr",3.69897000433602,5000,40,"truth",7,10.7866521953141,8.64258350979914,3.64574213255731,0
2,"snr",3.69897000433602,5000,40,"selected",25,357.998112055746,6771.10129841178,15.4219865090102,16
2,"snr",3.69897000433602,5000,45,"full",55,2928.86546647708,236706.426258896,773.577335594354,55
2,"snr",3.69897000433602,5000,45,"trimmed",55,2928.86546647708,236706.426258896,773.577335594354,55
2,"snr",3.69897000433602,5000,45,"truth",7,10.787679060897,8.63845896625791,3.65253066696346,0
2,"snr",3.69897000433602,5000,45,"selected",38,729.582280613611,20643.839112592,159.837786466391,37
2,"snr",3.69897000433602,5000,50,"full",55,2933.16327162369,237817.564328103,774.048043628767,55
2,"snr",3.69897000433602,5000,50,"trimmed",55,2933.16327162369,237817.564328103,774.048043628767,55
2,"snr",3.69897000433602,5000,50,"truth",7,10.7874066503512,8.64005879412514,3.65054932471963,0
2,"snr",3.69897000433602,5000,50,"selected",37,624.151698425573,18455.4489954703,192.928685560036,36
2,"snr",3.69897000433602,5000,55,"full",55,2936.25024858306,238232.988735364,774.86145807011,55
2,"snr",3.69897000433602,5000,55,"trimmed",55,2936.25024858306,238232.988735364,774.86145807011,55
2,"snr",3.69897000433602,5000,55,"truth",7,10.789347550589,8.64236041665077,3.65133325290352,0
2,"snr",3.69897000433602,5000,55,"selected",23,361.256494442062,6663.96409941373,45.7815001730781,17
2,"snr",3.69897000433602,5000,60,"full",55,2936.97902252121,238371.686884748,774.888214425443,55
2,"snr",3.69897000433602,5000,60,"trimmed",55,2936.97902252121,238371.686884748,774.888214425443,55
2,"snr",3.69897000433602,5000,60,"truth",7,10.7893817223482,8.64238829695791,3.6510892331394,0
2,"snr",3.69897000433602,5000,60,"selected",34,518.431258499886,10608.0050088422,139.042503439657,32
2,"snr",3.69897000433602,5000,Inf,"full",55,2935.7617120827,238193.627849104,775.038376695793,55
2,"snr",3.69897000433602,5000,Inf,"trimmed",55,2935.7617120827,238193.627849104,775.038376695793,55
2,"snr",3.69897000433602,5000,Inf,"truth",7,10.7887410227756,8.64144028609443,3.65107264697349,0
2,"snr",3.69897000433602,5000,Inf,"selected",27,423.408590449896,8016.14791616247,90.3608916617965,23
3,"snr",3.69897000433602,5000,1,"full",55,149.977700219692,903.47490940143,44.0791903415244,55
3,"snr",3.69897000433602,5000,1,"trimmed",19,16.8788504258318,20.9095097710225,4.92512401926721,3
3,"snr",3.69897000433602,5000,1,"truth",7,7.03880876402135,4.55094496906638,2.89524589230269,0
3,"snr",3.69897000433602,5000,5,"full",55,225.123087628887,1932.0032820041,81.458763662116,55
3,"snr",3.69897000433602,5000,5,"trimmed",55,225.123087628887,1932.0032820041,81.458763662116,55
3,"snr",3.69897000433602,5000,5,"truth",7,7.7985252239158,5.27150636883827,2.89155779542155,0
3,"snr",3.69897000433602,5000,5,"selected",2,2.18516046268207,1.21362215982795,1.21362215982795,0
3,"snr",3.69897000433602,5000,10,"full",55,449.290549461178,7454.29499448728,166.438082705337,55
3,"snr",3.69897000433602,5000,10,"trimmed",55,449.290549461178,7454.29499448728,166.438082705337,55
3,"snr",3.69897000433602,5000,10,"truth",7,8.82042387043402,6.64285861455701,3.06825262430588,0
3,"snr",3.69897000433602,5000,10,"selected",10,9.00164125541143,6.06957359029625,2.93866283350851,0
3,"snr",3.69897000433602,5000,15,"full",55,815.308415024348,23083.4009863465,301.926788249691,55
3,"snr",3.69897000433602,5000,15,"trimmed",55,815.308415024348,23083.4009863465,301.926788249691,55
3,"snr",3.69897000433602,5000,15,"truth",7,9.18700881001472,7.08754254802529,3.21562718153046,0
3,"snr",3.69897000433602,5000,15,"selected",23,40.8198493595911,118.847461341915,16.0688648213182,14
3,"snr",3.69897000433602,5000,20,"full",55,1020.85549599044,36271.4197241812,464.242617566539,55
3,"snr",3.69897000433602,5000,20,"trimmed",55,1020.85549599044,36271.4197241812,464.242617566539,55
3,"snr",3.69897000433602,5000,20,"truth",7,9.44383246110374,7.37606105062475,3.27434370071057,0
3,"snr",3.69897000433602,5000,20,"selected",6,6.8523388608392,4.48017565277055,2.36391028807452,0
3,"snr",3.69897000433602,5000,25,"full",55,1316.72297703407,58010.4599422058,576.961607144247,55
3,"snr",3.69897000433602,5000,25,"trimmed",34,206.697940348594,2020.43478868855,80.0813491625428,34
3,"snr",3.69897000433602,5000,25,"truth",7,9.53583890039397,7.49961927204061,3.31310812506322,0
3,"snr",3.69897000433602,5000,25,"selected",6,9.19470827519585,7.42869080077132,3.37872938056918,0
3,"snr",3.69897000433602,5000,30,"full",55,1439.50973389675,69177.1655415514,636.040283559654,55
3,"snr",3.69897000433602,5000,30,"trimmed",55,1439.50973389675,69177.1655415514,636.040283559654,55
3,"snr",3.69897000433602,5000,30,"truth",7,9.55785434862367,7.52417133488101,3.30160346182917,0
3,"snr",3.69897000433602,5000,30,"selected",7,9.0328186018695,6.50388256305805,2.74084838424117,0
3,"snr",3.69897000433602,5000,35,"full",55,1522.38781933828,76953.9661547144,649.842650230075,55
3,"snr",3.69897000433602,5000,35,"trimmed",55,1522.38781933828,76953.9661547144,649.842650230075,55
3,"snr",3.69897000433602,5000,35,"truth",7,9.56280270712202,7.52816941158808,3.29348653551057,0
3,"snr",3.69897000433602,5000,35,"selected",15,49.4791667186099,194.396017556112,10.8146869377513,8
3,"snr",3.69897000433602,5000,40,"full",55,1528.33127794818,77695.35260677,660.269109745745,55
3,"snr",3.69897000433602,5000,40,"trimmed",55,1528.33127794818,77695.35260677,660.269109745745,55
3,"snr",3.69897000433602,5000,40,"truth",7,9.57429375589604,7.5435529605653,3.30174103186318,0
3,"snr",3.69897000433602,5000,40,"selected",13,76.2849343309061,456.905064536134,24.8330350753737,8
3,"snr",3.69897000433602,5000,45,"full",55,1538.5850744112,78683.0513552368,666.470941701924,55
3,"snr",3.69897000433602,5000,45,"trimmed",55,1538.5850744112,78683.0513552368,666.470941701924,55
3,"snr",3.69897000433602,5000,45,"truth",7,9.5779485924132,7.54715089796326,3.30261367891187,0
3,"snr",3.69897000433602,5000,45,"selected",7,9.57794859241318,7.54715089796325,3.30261367891187,0
3,"snr",3.69897000433602,5000,50,"full",55,1548.10919484616,79627.9929205309,663.963270614171,55
3,"snr",3.69897000433602,5000,50,"trimmed",55,1548.10919484616,79627.9929205309,663.963270614171,55
3,"snr",3.69897000433602,5000,50,"truth",7,9.57622140445085,7.54592199450299,3.30420812767781,0
3,"snr",3.69897000433602,5000,50,"selected",11,34.7085976725593,109.96704781466,10.3659003549627,6
3,"snr",3.69897000433602,5000,55,"full",55,1543.62995071712,79206.3288636312,664.738475963245,55
3,"snr",3.69897000433602,5000,55,"trimmed",55,1543.62995071712,79206.3288636312,664.738475963245,55
3,"snr",3.69897000433602,5000,55,"truth",7,9.57531422257795,7.54477323660254,3.30268787065766,0
3,"snr",3.69897000433602,5000,55,"selected",13,38.8508255846189,110.20554788066,33.1020313760828,10
3,"snr",3.69897000433602,5000,60,"full",55,1543.69613742738,79216.4244204531,665.479516563723,55
3,"snr",3.69897000433602,5000,60,"trimmed",55,1543.69613742738,79216.4244204531,665.479516563723,55
3,"snr",3.69897000433602,5000,60,"truth",7,9.57604859142713,7.54565717993218,3.30254526740338,0
3,"snr",3.69897000433602,5000,60,"selected",14,47.5916982053244,177.430776681299,14.837870966641,8
3,"snr",3.69897000433602,5000,Inf,"full",55,1544.17508081791,79259.1882306783,665.848787452449,55
3,"snr",3.69897000433602,5000,Inf,"trimmed",55,1544.17508081791,79259.1882306783,665.848787452449,55
3,"snr",3.69897000433602,5000,Inf,"truth",7,9.57587130444708,7.54546178480894,3.30229694364301,0
3,"snr",3.69897000433602,5000,Inf,"selected",28,138.25944833551,853.050087611458,76.5672858503576,24
4,"snr",3.69897000433602,5000,1,"full",55,198.692786391814,1597.66621575257,43.1733974537024,54
4,"snr",3.69897000433602,5000,1,"trimmed",55,198.692786391814,1597.66621575257,43.1733974537024,54
4,"snr",3.69897000433602,5000,1,"truth",7,7.78459155432472,4.74320000837641,2.80335347774521,0
4,"snr",3.69897000433602,5000,1,"selected",5,3.75916520486496,3.74947847502107,1.54059952104046,0
4,"snr",3.69897000433602,5000,5,"full",55,449.531512251156,6727.94361205621,60.5444693010961,55
4,"snr",3.69897000433602,5000,5,"trimmed",55,449.531512251156,6727.94361205621,60.5444693010961,55
4,"snr",3.69897000433602,5000,5,"truth",7,8.94742293022707,6.13023500864734,3.06723079107487,0
4,"snr",3.69897000433602,5000,5,"selected",7,7.68484843777604,8.54979956843082,3.8014277996074,0
4,"snr",3.69897000433602,5000,10,"full",55,1117.83230973698,37323.5538807045,172.060137430231,55
4,"snr",3.69897000433602,5000,10,"trimmed",9,11.8075074908152,11.6008513135955,2.85640257302688,2
4,"snr",3.69897000433602,5000,10,"truth",7,10.0487366323912,7.25188104391243,3.39504060003955,0
4,"snr",3.69897000433602,5000,10,"selected",4,10.8107243256319,9.85142317095161,5.42219771537298,0
4,"snr",3.69897000433602,5000,15,"full",55,1756.43518077645,84683.0169304941,323.181737338057,55
4,"snr",3.69897000433602,5000,15,"trimmed",55,1756.43518077645,84683.0169304941,323.181737338057,55
4,"snr",3.69897000433602,5000,15,"truth",7,10.6514515905586,8.06182127361651,3.58493974384982,0
4,"snr",3.69897000433602,5000,15,"selected",18,33.8382894478942,97.4857238167533,9.87655732563906,9
4,"snr",3.69897000433602,5000,20,"full",55,2183.7176869406,134365.949373529,477.421107694988,55
4,"snr",3.69897000433602,5000,20,"trimmed",55,2183.7176869406,134365.949373529,477.421107694988,55
4,"snr",3.69897000433602,5000,20,"truth",7,10.8853207080592,8.39835378123778,3.70145135885197,0
4,"snr",3.69897000433602,5000,20,"selected",10,15.5272518560877,12.653745569311,6.13104829012484,2
4,"snr",3.69897000433602,5000,25,"full",55,2620.09607121153,190071.472574254,704.517680717731,55
4,"snr",3.69897000433602,5000,25,"trimmed",34,461.886466597192,9834.52083406625,123.698462872371,34
4,"snr",3.69897000433602,5000,25,"truth",7,11.0180228271619,8.5944913845153,3.72381691256035,0
4,"snr",3.69897000433602,5000,25,"selected",8,12.1953363578585,9.351313281766,3.84217544336165,0
4,"snr",3.69897000433602,5000,30,"full",55,2801.09336635103,215357.014842936,1020.22464187916,55
4,"snr",3.69897000433602,5000,30,"trimmed",55,2801.09336635103,215357.014842936,1020.22464187916,55
4,"snr",3.69897000433602,5000,30,"truth",7,11.037792090209,8.62287060847426,3.71211755465382,0
4,"snr",3.69897000433602,5000,30,"selected",16,99.6636346835727,622.369009513043,7.05747383999051,5
4,"snr",3.69897000433602,5000,35,"full",55,2831.72358416873,222341.565326952,1021.29070063077,55
4,"snr",3.69897000433602,5000,35,"trimmed",34,486.221149371573,10893.0799302899,140.904262018387,34
4,"snr",3.69897000433602,5000,35,"truth",7,11.0318810076271,8.60646427579884,3.72491483671125,0
4,"snr",3.69897000433602,5000,35,"selected",18,314.092294710038,6202.16491471653,11.6894983216135,10
4,"snr",3.69897000433602,5000,40,"full",55,2868.9456093352,228051.536140144,1047.15684754718,55
4,"snr",3.69897000433602,5000,40,"trimmed",55,2868.9456093352,228051.536140144,1047.15684754718,55
4,"snr",3.69897000433602,5000,40,"truth",7,11.0310500139708,8.6058215485812,3.72654199263879,0
4,"snr",3.69897000433602,5000,40,"selected",14,109.777507923641,618.271605807128,32.0829060007646,8
4,"snr",3.69897000433602,5000,45,"full",55,2876.47741163629,229000.732846033,1050.22612101362,55
4,"snr",3.69897000433602,5000,45,"trimmed",55,2876.47741163629,229000.732846033,1050.22612101362,55
4,"snr",3.69897000433602,5000,45,"truth",7,11.0332326284992,8.60763762904175,3.72608066185518,0
4,"snr",3.69897000433602,5000,45,"selected",14,298.047034853045,4876.26741588856,51.6839455400303,9
4,"snr",3.69897000433602,5000,50,"full",55,2879.19730214289,229786.284957604,1056.53225119339,55
4,"snr",3.69897000433602,5000,50,"trimmed",55,2879.19730214289,229786.284957604,1056.53225119339,55
4,"snr",3.69897000433602,5000,50,"truth",7,11.0301342810424,8.60436174504002,3.72826370435494,0
4,"snr",3.69897000433602,5000,50,"selected",14,299.623656494452,4724.49256483799,59.1293821966891,11
4,"snr",3.69897000433602,5000,55,"full",55,2879.37973981849,229681.00441142,1058.13542144448,55
4,"snr",3.69897000433602,5000,55,"trimmed",55,2879.37973981849,229681.00441142,1058.13542144448,55
4,"snr",3.69897000433602,5000,55,"truth",7,11.0307831938075,8.60472269233246,3.72842032835477,0
4,"snr",3.69897000433602,5000,55,"selected",14,299.547932989869,4722.05797899953,59.1299611098248,11
4,"snr",3.69897000433602,5000,60,"full",55,2880.24030158,229705.978213828,1056.70403433539,55
4,"snr",3.69897000433602,5000,60,"trimmed",55,2880.24030158,229705.978213828,1056.70403433539,55
4,"snr",3.69897000433602,5000,60,"truth",7,11.0307524893439,8.6040288131941,3.72860803348325,0
4,"snr",3.69897000433602,5000,60,"selected",21,356.824865722736,6201.02895161929,55.5840592857887,15
4,"snr",3.69897000433602,5000,Inf,"full",55,2880.68967087518,229791.883408099,1057.61973668138,55
4,"snr",3.69897000433602,5000,Inf,"trimmed",55,2880.68967087518,229791.883408099,1057.61973668138,55
4,"snr",3.69897000433602,5000,Inf,"truth",7,11.0311036308833,8.60500016307235,3.72841755738035,0
4,"snr",3.69897000433602,5000,Inf,"selected",26,388.620050908811,6856.54011337628,137.199333635197,21
5,"snr",3.69897000433602,5000,1,"full",55,147.21010358406,1008.28911979005,31.6720890824184,54
5,"snr",3.69897000433602,5000,1,"trimmed",34,54.3867429680508,186.197867284536,10.5735847345675,21
5,"snr",3.69897000433602,5000,1,"truth",7,7.24191951119846,4.67136540561238,2.45087128390699,0
5,"snr",3.69897000433602,5000,5,"full",55,442.976826939075,6815.86910681168,60.8118144445534,55
5,"snr",3.69897000433602,5000,5,"trimmed",55,442.976826939075,6815.86910681168,60.8118144445534,55
5,"snr",3.69897000433602,5000,5,"truth",7,8.6100074925358,5.93323846522748,3.08460777897934,0
5,"snr",3.69897000433602,5000,5,"selected",3,6.56835292909827,8.10501325911992,7.87707980227888,0
5,"snr",3.69897000433602,5000,10,"full",55,909.856096870606,25734.5429628746,121.020217896951,55
5,"snr",3.69897000433602,5000,10,"trimmed",9,10.817188318881,10.2695456931927,2.46917981611633,2
5,"snr",3.69897000433602,5000,10,"truth",7,9.58118143771351,7.25080375540435,3.33013314566054,0
5,"snr",3.69897000433602,5000,10,"selected",4,10.0631396487327,9.08550484913737,5.03444978413066,0
5,"snr",3.69897000433602,5000,15,"full",55,1313.22476668944,53322.3260434746,272.129539674581,55
5,"snr",3.69897000433602,5000,15,"trimmed",34,254.337764547759,3143.40414256297,55.5146804054651,34
5,"snr",3.69897000433602,5000,15,"truth",7,10.182416113571,8.02052574292875,3.43242880178978,0
5,"snr",3.69897000433602,5000,15,"selected",5,8.64776820230305,6.5347105459271,3.00094340005769,0
5,"snr",3.69897000433602,5000,20,"full",55,1888.74992243658,106352.189951445,483.904150700866,55
5,"snr",3.69897000433602,5000,20,"trimmed",34,321.794311675769,4946.27265233606,102.281136997472,34
5,"snr",3.69897000433602,5000,20,"truth",7,10.4617162455316,8.34854610106371,3.51191016883856,0
5,"snr",3.69897000433602,5000,20,"selected",7,12.9386312448548,12.3692849963373,7.38481097786177,2
5,"snr",3.69897000433602,5000,25,"full",55,2124.14406014534,133872.667319904,701.638484176798,55
5,"snr",3.69897000433602,5000,25,"trimmed",34,364.028454044338,6352.15715769756,158.979398864693,34
5,"snr",3.69897000433602,5000,25,"truth",7,10.527464961594,8.43247220199904,3.60061814156693,0
5,"snr",3.69897000433602,5000,25,"selected",7,11.002994801203,8.43217775028862,4.05822155809552,0
5,"snr",3.69897000433602,5000,30,"full",55,2234.76444653734,148791.508131231,975.209242294416,55
5,"snr",3.69897000433602,5000,30,"trimmed",55,2234.76444653734,148791.508131231,975.209242294416,55
5,"snr",3.69897000433602,5000,30,"truth",7,10.5367185462056,8.47098429512687,3.57875161033885,0
5,"snr",3.69897000433602,5000,30,"selected",15,88.9169083146501,473.395724332509,8.16278943721191,6
5,"snr",3.69897000433602,5000,35,"full",55,2291.04678271642,155110.378452696,1195.27124498292,55
5,"snr",3.69897000433602,5000,35,"trimmed",55,2291.04678271642,155110.378452696,1195.27124498292,55
5,"snr",3.69897000433602,5000,35,"truth",7,10.5514769935962,8.47717760173785,3.57584316690712,0
5,"snr",3.69897000433602,5000,35,"selected",14,104.595006250708,583.863041099606,31.7777236605466,11
5,"snr",3.69897000433602,5000,40,"full",55,2299.63862502343,156201.814126344,1305.8878644552,55
5,"snr",3.69897000433602,5000,40,"trimmed",55,2299.63862502343,156201.814126344,1305.8878644552,55
5,"snr",3.69897000433602,5000,40,"truth",7,10.5487143856581,8.47970118212647,3.58092728521981,0
5,"snr",3.69897000433602,5000,40,"selected",14,108.265739016875,593.807978395216,110.316302545202,13
5,"snr",3.69897000433602,5000,45,"full",55,2306.0440676461,157193.893869553,1318.84533660697,55
5,"snr",3.69897000433602,5000,45,"trimmed",34,388.484781953437,7196.61000984627,207.668537610018,34
5,"snr",3.69897000433602,5000,45,"truth",7,10.5477509307982,8.47786012616046,3.57173249899872,0
5,"snr",3.69897000433602,5000,45,"selected",18,265.576013683887,3997.80458174736,129.452041399886,16
5,"snr",3.69897000433602,5000,50,"full",55,2307.93285862015,157435.262411959,1357.40548914034,55
5,"snr",3.69897000433602,5000,50,"trimmed",34,389.715613731413,7243.55082081937,209.275007141041,34
5,"snr",3.69897000433602,5000,50,"truth",7,10.5480888040546,8.48114942311709,3.5685778357551,0
5,"snr",3.69897000433602,5000,50,"selected",27,308.909632188943,4931.0753844625,146.222814482173,23
5,"snr",3.69897000433602,5000,55,"full",55,2310.03600956431,157737.041833475,1356.55373521742,55
5,"snr",3.69897000433602,5000,55,"trimmed",34,389.30855246194,7226.68604097591,209.01718496156,34
5,"snr",3.69897000433602,5000,55,"truth",7,10.5480975344992,8.48082436653763,3.5690797858031,0
5,"snr",3.69897000433602,5000,55,"selected",26,296.955091087231,4716.11942847614,154.352791985678,23
5,"snr",3.69897000433602,5000,60,"full",55,2312.14992590245,157973.683231544,1358.70043170896,55
5,"snr",3.69897000433602,5000,60,"trimmed",34,389.644054279272,7238.18916666208,209.242767888332,34
5,"snr",3.69897000433602,5000,60,"truth",7,10.5483714529984,8.48023794133512,3.56917132847518,0
5,"snr",3.69897000433602,5000,60,"selected",28,353.25758223554,6591.73731354334,124.246918730216,24
5,"snr",3.69897000433602,5000,Inf,"full",55,2311.39965407167,157870.309632703,1359.45007624762,55
5,"snr",3.69897000433602,5000,Inf,"trimmed",55,2311.39965407167,157870.309632703,1359.45007624762,55
5,"snr",3.69897000433602,5000,Inf,"truth",7,10.5486472994882,8.48074241781571,3.56942402209877,0
5,"snr",3.69897000433602,5000,Inf,"selected",24,300.917468682653,4292.76512778086,44.723405968764,16
6,"snr",3.69897000433602,5000,1,"full",55,318.321578285344,4280.74018482466,44.4060242895125,50
6,"snr",3.69897000433602,5000,1,"trimmed",55,318.321578285344,4280.74018482466,44.4060242895125,50
6,"snr",3.69897000433602,5000,1,"truth",7,9.81133423035332,5.23335641545542,3.45679796209416,0
6,"snr",3.69897000433602,5000,1,"selected",14,12.4344215386068,15.9268168598614,3.4743648556487,1
6,"snr",3.69897000433602,5000,5,"full",55,552.362608262808,12198.7228204562,60.8739607932395,52
6,"snr",3.69897000433602,5000,5,"trimmed",55,552.362608262808,12198.7228204562,60.8739607932395,52
6,"snr",3.69897000433602,5000,5,"truth",7,10.705899915724,5.78582212894485,3.85836209126882,0
6,"snr",3.69897000433602,5000,5,"selected",6,12.5555841993479,19.5010815110466,10.1691359550995,4
6,"snr",3.69897000433602,5000,10,"full",55,921.691740791028,32482.8593313466,95.8548114692206,54
6,"snr",3.69897000433602,5000,10,"trimmed",55,921.691740791028,32482.8593313466,95.8548114692206,54
6,"snr",3.69897000433602,5000,10,"truth",7,11.94582325857,6.98857783556761,4.17832566439634,0
6,"snr",3.69897000433602,5000,10,"selected",12,18.5354746362182,16.8805521703044,5.97754771316814,1
6,"snr",3.69897000433602,5000,15,"full",55,1394.7622009499,68753.2919966189,117.075116003526,55
6,"snr",3.69897000433602,5000,15,"trimmed",55,1394.7622009499,68753.2919966189,117.075116003526,55
6,"snr",3.69897000433602,5000,15,"truth",7,12.167870888906,7.09354970520771,4.32096645736086,0
6,"snr",3.69897000433602,5000,15,"selected",9,15.8314204406669,13.1236421809759,7.3785360636511,1
6,"snr",3.69897000433602,5000,20,"full",55,1669.86557475004,99658.5424679842,146.341905566966,55
6,"snr",3.69897000433602,5000,20,"trimmed",34,318.493519465781,5373.61146378886,26.9477183215405,30
6,"snr",3.69897000433602,5000,20,"truth",7,12.1883461560378,7.11620713055072,4.3654976018052,0
6,"snr",3.69897000433602,5000,20,"selected",6,12.1367026794426,7.10457486295044,4.52601945718635,0
6,"snr",3.69897000433602,5000,25,"full",55,1784.23504600173,111384.922775394,149.991171133047,55
6,"snr",3.69897000433602,5000,25,"trimmed",55,1784.23504600173,111384.922775394,149.991171133047,55
6,"snr",3.69897000433602,5000,25,"truth",7,12.2635054893938,7.16370644028186,4.3944144806864,0
6,"snr",3.69897000433602,5000,25,"selected",7,12.955561170522,7.15250446328019,4.69868639159519,0
6,"snr",3.69897000433602,5000,30,"full",55,1810.79038658896,114803.758756826,153.643337477319,55
6,"snr",3.69897000433602,5000,30,"trimmed",55,1810.79038658896,114803.758756826,153.643337477319,55
6,"snr",3.69897000433602,5000,30,"truth",7,12.2526816899526,7.12281751637292,4.42375568108994,0
6,"snr",3.69897000433602,5000,30,"selected",16,72.6797334462514,316.606054800149,10.3112605984782,9
6,"snr",3.69897000433602,5000,35,"full",55,1836.85303144001,118022.499449078,152.367746966802,55
6,"snr",3.69897000433602,5000,35,"trimmed",55,1836.85303144001,118022.499449078,152.367746966802,55
6,"snr",3.69897000433602,5000,35,"truth",7,12.2521064343277,7.13828242905122,4.41747624784076,0
6,"snr",3.69897000433602,5000,35,"selected",17,265.087530503781,4198.66987753508,10.0928589088928,9
6,"snr",3.69897000433602,5000,40,"full",55,1841.96588545919,118718.697674027,152.554384618266,55
6,"snr",3.69897000433602,5000,40,"trimmed",34,334.965410202435,5880.6651269844,27.5221487011473,30
6,"snr",3.69897000433602,5000,40,"truth",7,12.2556101439886,7.149292100713,4.41147663360235,0
6,"snr",3.69897000433602,5000,40,"selected",10,237.816475856347,3816.4712065121,5.22073452843771,4
6,"snr",3.69897000433602,5000,45,"full",55,1841.44585248473,118689.465482087,151.336400128476,55
6,"snr",3.69897000433602,5000,45,"trimmed",34,335.213259155151,5888.66548661582,27.4618139962469,30
6,"snr",3.69897000433602,5000,45,"truth",7,12.2487398377432,7.14121281931813,4.4109963495429,0
6,"snr",3.69897000433602,5000,45,"selected",9,231.780553697482,3824.24982335156,5.4698602215911,4
6,"snr",3.69897000433602,5000,50,"full",55,1842.57021714873,118805.629632511,151.551585589931,55
6,"snr",3.69897000433602,5000,50,"trimmed",34,335.224050077211,5889.25371689729,27.4850238378695,30
6,"snr",3.69897000433602,5000,50,"truth",7,12.2494839513603,7.14337402299096,4.41246312171803,0
6,"snr",3.69897000433602,5000,50,"selected",9,231.695678606822,3821.60295110395,5.46933902371911,4
6,"snr",3.69897000433602,5000,55,"full",55,1843.64849605114,118969.206715604,151.796266093708,55
6,"snr",3.69897000433602,5000,55,"trimmed",34,335.266096526127,5891.05011299353,27.4881510273702,30
6,"snr",3.69897000433602,5000,55,"truth",7,12.2514809275729,7.14541618331328,4.41198172431313,0
6,"snr",3.69897000433602,5000,55,"selected",7,12.2514809275729,7.14541618331328,4.41198172431313,0
6,"snr",3.69897000433602,5000,60,"full",55,1843.08454723205,118893.335050606,151.734495150793,55
6,"snr",3.69897000433602,5000,60,"trimmed",34,335.25387863437,5890.63343633677,27.487979848253,30
6,"snr",3.69897000433602,5000,60,"truth",7,12.2515194897147,7.14526725751103,4.41142642204034,0
6,"snr",3.69897000433602,5000,60,"selected",7,12.2515194897147,7.14526725751103,4.41142642204034,0
6,"snr",3.69897000433602,5000,Inf,"full",55,1842.68575870847,118854.695753026,151.755897440044,55
6,"snr",3.69897000433602,5000,Inf,"trimmed",55,1842.68575870847,118854.695753026,151.755897440044,55
6,"snr",3.69897000433602,5000,Inf,"truth",7,12.2514476778137,7.14502707971794,4.4117354538281,0
6,"snr",3.69897000433602,5000,Inf,"selected",26,1293.452489614,69469.0914468408,60.4703320726579,24
7,"snr",3.69897000433602,5000,1,"full",55,173.953097559359,1537.9614782493,30.3485545889165,50
7,"snr",3.69897000433602,5000,1,"trimmed",55,173.953097559359,1537.9614782493,30.3485545889165,50
7,"snr",3.69897000433602,5000,1,"truth",7,7.87712232171402,4.75736919296635,2.77406239001383,0
7,"snr",3.69897000433602,5000,5,"full",55,380.471793706638,6802.29480574299,55.5204526341557,53
7,"snr",3.69897000433602,5000,5,"trimmed",55,380.471793706638,6802.29480574299,55.5204526341557,53
7,"snr",3.69897000433602,5000,5,"truth",7,9.18338728745908,6.14193123677626,3.1745988307824,0
7,"snr",3.69897000433602,5000,5,"selected",7,4.1768111947697,3.60238218647743,3.34948149102198,0
7,"snr",3.69897000433602,5000,10,"full",55,621.211758958845,15580.1464437886,88.1911537068312,55
7,"snr",3.69897000433602,5000,10,"trimmed",9,10.7256627074248,9.38412368374754,2.39249848755005,0
7,"snr",3.69897000433602,5000,10,"truth",7,9.88710124597054,6.98885659687454,3.50150314619892,0
7,"snr",3.69897000433602,5000,10,"selected",4,10.6941216052968,9.34261616032416,5.16619889071662,0
7,"snr",3.69897000433602,5000,15,"full",55,967.689641759012,35754.5849518083,124.448087390879,55
7,"snr",3.69897000433602,5000,15,"trimmed",34,222.683991763464,2738.8628084315,31.124097101394,29
7,"snr",3.69897000433602,5000,15,"truth",7,10.4584088645108,7.80314613906551,3.58153211801538,0
7,"snr",3.69897000433602,5000,15,"selected",9,16.3448414540882,19.0947217231491,4.09406158241488,2
7,"snr",3.69897000433602,5000,20,"full",55,1165.93352466202,51458.3486370958,178.562787094042,55
7,"snr",3.69897000433602,5000,20,"trimmed",34,252.656211725543,3493.58233192823,40.9689777418478,29
7,"snr",3.69897000433602,5000,20,"truth",7,10.6771692816989,8.07504406179432,3.60005171462203,0
7,"snr",3.69897000433602,5000,20,"selected",6,10.6768778961938,8.07503306035967,3.87430167250032,0
7,"snr",3.69897000433602,5000,25,"full",55,1205.37968765625,54919.1661108374,182.845518112886,55
7,"snr",3.69897000433602,5000,25,"trimmed",34,255.375760578293,3578.32765376763,42.5004346765572,29
7,"snr",3.69897000433602,5000,25,"truth",7,10.6809591943703,8.08370110492435,3.62368865730588,0
7,"snr",3.69897000433602,5000,25,"selected",6,10.6807114575079,8.08365402965469,3.90202777053029,0
7,"snr",3.69897000433602,5000,30,"full",55,1262.31304484168,59390.7940718089,195.654683588597,55
7,"snr",3.69897000433602,5000,30,"trimmed",34,262.88549042458,3778.7598648431,44.4142345820866,29
7,"snr",3.69897000433602,5000,30,"truth",7,10.7187501184556,8.15152003279875,3.63937171585067,0
7,"snr",3.69897000433602,5000,30,"selected",12,231.966590974447,3259.6331302117,40.1488762691638,8
7,"snr",3.69897000433602,5000,35,"full",55,1261.26745595744,59401.6653322738,196.73182840002,55
7,"snr",3.69897000433602,5000,35,"trimmed",34,262.07695297513,3753.88787236106,44.6791834281328,29
7,"snr",3.69897000433602,5000,35,"truth",7,10.7217709033842,8.15029058290543,3.6349747940089,0
7,"snr",3.69897000433602,5000,35,"selected",11,41.8728481641867,101.94640911315,14.3107634174856,8
7,"snr",3.69897000433602,5000,40,"full",55,1262.48161998467,59485.3748543354,197.966646836411,55
7,"snr",3.69897000433602,5000,40,"trimmed",34,262.443902823384,3764.59580807694,44.8628434349134,29
7,"snr",3.69897000433602,5000,40,"truth",7,10.7284321380363,8.16398012616592,3.63172921835511,0
7,"snr",3.69897000433602,5000,40,"selected",10,209.479641638861,3025.79283815796,4.27042954177624,4
7,"snr",3.69897000433602,5000,45,"full",55,1261.48718089365,59378.2301145847,199.062549883286,55
7,"snr",3.69897000433602,5000,45,"trimmed",34,262.164713968834,3756.94200509938,44.81496537318,30
7,"snr",3.69897000433602,5000,45,"truth",7,10.7291825716052,8.16271939705956,3.63155464335845,0
7,"snr",3.69897000433602,5000,45,"selected",9,203.683548775271,2995.65126874739,4.41129890738585,4
7,"snr",3.69897000433602,5000,50,"full",55,1264.39017677951,59655.5584924577,199.258254908794,55
7,"snr",3.69897000433602,5000,50,"trimmed",34,262.681141455886,3770.92348864359,44.9915656442459,30
7,"snr",3.69897000433602,5000,50,"truth",7,10.7347381668249,8.17036219718175,3.63381223469616,0
7,"snr",3.69897000433602,5000,50,"selected",9,204.136739500939,3007.85394756556,4.41156673095184,4
7,"snr",3.69897000433602,5000,55,"full",55,1263.47262595214,59569.8519632333,198.569857171311,55
7,"snr",3.69897000433602,5000,55,"trimmed",34,262.447486403541,3764.15605926303,44.8807372739701,30
7,"snr",3.69897000433602,5000,55,"truth",7,10.7323655662124,8.1672430570387,3.6337732680665,0
7,"snr",3.69897000433602,5000,55,"selected",9,21.1974913819048,33.1227588978456,4.93187462203061,3
7,"snr",3.69897000433602,5000,60,"full",55,1262.71225298285,59504.7293073702,199.277689827716,55
7,"snr",3.69897000433602,5000,60,"trimmed",34,262.395205659695,3762.82212352117,44.9107643692211,30
7,"snr",3.69897000433602,5000,60,"truth",7,10.731831853943,8.16644400037561,3.63299471420991,0
7,"snr",3.69897000433602,5000,60,"selected",11,41.8932951133518,101.950237962221,14.3704918658193,8
7,"snr",3.69897000433602,5000,Inf,"full",55,1263.64201566619,59584.2104100801,199.17652205577,55
7,"snr",3.69897000433602,5000,Inf,"trimmed",55,1263.64201566619,59584.2104100801,199.17652205577,55
7,"snr",3.69897000433602,5000,Inf,"truth",7,10.7319865624642,8.16672210408342,3.63307013866108,0
7,"snr",3.69897000433602,5000,Inf,"selected",21,276.226513903614,3614.51841112122,69.3618255735101,18
8,"snr",3.69897000433602,5000,1,"full",55,206.64958782378,1966.22087201037,29.6453290218631,51
8,"snr",3.69897000433602,5000,1,"trimmed",19,20.9979091667914,33.4881141561399,3.83735565899454,3
8,"snr",3.69897000433602,5000,1,"truth",7,7.34025889803576,4.73132241714066,2.53606827953863,0
8,"snr",3.69897000433602,5000,5,"full",55,290.536837905336,3414.9180528247,46.4298143050165,53
8,"snr",3.69897000433602,5000,5,"trimmed",55,290.536837905336,3414.9180528247,46.4298143050165,53
8,"snr",3.69897000433602,5000,5,"truth",7,8.38389849299622,5.78246877980603,2.9439955944177,0
8,"snr",3.69897000433602,5000,5,"selected",6,2.46687572966545,1.60546446127905,1.39521109452213,0
8,"snr",3.69897000433602,5000,10,"full",55,738.297728287837,19577.0005066813,101.809357899061,55
8,"snr",3.69897000433602,5000,10,"trimmed",55,738.297728287837,19577.0005066813,101.809357899061,55
8,"snr",3.69897000433602,5000,10,"truth",7,9.54148752098014,7.08255122815354,3.23537959533532,0
8,"snr",3.69897000433602,5000,10,"selected",15,14.6099330013629,17.4700790243148,6.23753677189321,3
8,"snr",3.69897000433602,5000,15,"full",55,1249.50505839587,50670.5092727867,208.56436905132,55
8,"snr",3.69897000433602,5000,15,"trimmed",55,1249.50505839587,50670.5092727867,208.56436905132,55
8,"snr",3.69897000433602,5000,15,"truth",7,10.2456711566948,8.04438949873482,3.22916418090972,0
8,"snr",3.69897000433602,5000,15,"selected",13,18.7480992140248,22.5103070024307,4.60700043912239,2
8,"snr",3.69897000433602,5000,20,"full",55,1619.14779133206,84832.9705850757,398.873399967099,55
8,"snr",3.69897000433602,5000,20,"trimmed",55,1619.14779133206,84832.9705850757,398.873399967099,55
8,"snr",3.69897000433602,5000,20,"truth",7,10.4200961286804,8.26852189423529,3.44340885801217,0
8,"snr",3.69897000433602,5000,20,"selected",8,8.65133210219406,5.2951155251507,2.41921861896052,0
8,"snr",3.69897000433602,5000,25,"full",55,1847.75210298202,108796.842658838,727.419067790586,55
8,"snr",3.69897000433602,5000,25,"trimmed",34,354.297688773514,6233.87572422507,161.683337427693,34
8,"snr",3.69897000433602,5000,25,"truth",7,10.4962660920262,8.38302222419326,3.41712664292046,0
8,"snr",3.69897000433602,5000,25,"selected",6,9.88397014957696,7.55855296191819,3.7170916128233,0
8,"snr",3.69897000433602,5000,30,"full",55,1986.99410137803,122700.102582735,1087.67494814232,55
8,"snr",3.69897000433602,5000,30,"trimmed",34,370.827520814267,6741.32932641545,198.127826789278,34
8,"snr",3.69897000433602,5000,30,"truth",7,10.5553700008143,8.45562217834876,3.42237462923478,0
8,"snr",3.69897000433602,5000,30,"selected",9,11.8018266222189,9.1581685531446,3.26309783849626,0
8,"snr",3.69897000433602,5000,35,"full",55,2023.89259860143,127451.785583446,1447.94225197264,55
8,"snr",3.69897000433602,5000,35,"trimmed",55,2023.89259860143,127451.785583446,1447.94225197264,55
8,"snr",3.69897000433602,5000,35,"truth",7,10.570147333612,8.47462581186723,3.41654786419187,0
8,"snr",3.69897000433602,5000,35,"selected",13,100.379681415517,565.879275244272,29.3722475894286,11
8,"snr",3.69897000433602,5000,40,"full",55,2061.95685754552,132055.452150722,1483.90180221432,55
8,"snr",3.69897000433602,5000,40,"trimmed",34,378.845109227033,7029.7586055352,221.371013665339,34
8,"snr",3.69897000433602,5000,40,"truth",7,10.5644039005794,8.46228976232951,3.43094322470417,0
8,"snr",3.69897000433602,5000,40,"selected",7,10.5644039005794,8.46228976232951,3.43094322470417,0
8,"snr",3.69897000433602,5000,45,"full",55,2071.43566807771,132930.792279485,1613.16095863957,55
8,"snr",3.69897000433602,5000,45,"trimmed",34,379.565057922286,7053.8409353002,227.982175630023,34
8,"snr",3.69897000433602,5000,45,"truth",7,10.5621393701969,8.46095817147055,3.42428923041533,0
8,"snr",3.69897000433602,5000,45,"selected",7,10.5621393701969,8.46095817147055,3.42428923041533,0
8,"snr",3.69897000433602,5000,50,"full",55,2075.90108030978,133558.649733097,1607.53615544797,55
8,"snr",3.69897000433602,5000,50,"trimmed",34,379.852223495273,7066.0298862443,227.843012097374,34
8,"snr",3.69897000433602,5000,50,"truth",7,10.5639969780947,8.46384575240196,3.42390505661359,0
8,"snr",3.69897000433602,5000,50,"selected",7,10.5639969780946,8.46384575240196,3.42390505661359,0
8,"snr",3.69897000433602,5000,55,"full",55,2073.99743749314,133361.163768773,1633.74067279578,55
8,"snr",3.69897000433602,5000,55,"trimmed",34,379.691857294064,7060.71426887803,227.960813686829,34
8,"snr",3.69897000433602,5000,55,"truth",7,10.5651996763096,8.46567458320607,3.42640585254338,0
8,"snr",3.69897000433602,5000,55,"selected",7,10.5651996763096,8.46567458320607,3.42640585254338,0
8,"snr",3.69897000433602,5000,60,"full",55,2074.14784106019,133363.790630718,1624.84258798909,55
8,"snr",3.69897000433602,5000,60,"trimmed",34,379.777749907015,7062.86615409599,228.411729332507,34
8,"snr",3.69897000433602,5000,60,"truth",7,10.5655902520283,8.46604834340209,3.42594677482458,0
8,"snr",3.69897000433602,5000,60,"selected",8,21.1780262036124,38.4725698147047,6.83435448600744,3
8,"snr",3.69897000433602,5000,Inf,"full",55,2074.13036017594,133373.451668858,1630.09200367073,55
8,"snr",3.69897000433602,5000,Inf,"trimmed",55,2074.13036017594,133373.451668858,1630.09200367073,55
8,"snr",3.69897000433602,5000,Inf,"truth",7,10.5654144607589,8.46600957222214,3.42537164039873,0
8,"snr",3.69897000433602,5000,Inf,"selected",22,307.934024841837,4686.13046481456,45.9121827190407,15
9,"snr",3.69897000433602,5000,1,"full",55,79.6872144601484,275.726284609206,24.4275944945965,51
9,"snr",3.69897000433602,5000,1,"trimmed",55,79.6872144601484,275.726284609206,24.4275944945965,51
9,"snr",3.69897000433602,5000,1,"truth",7,6.04568503968997,4.30123219257295,2.07345076740812,0
9,"snr",3.69897000433602,5000,5,"full",55,134.316800696095,687.929035776492,41.9263610304345,52
9,"snr",3.69897000433602,5000,5,"trimmed",55,134.316800696095,687.929035776492,41.9263610304345,52
9,"snr",3.69897000433602,5000,5,"truth",7,7.04560805844508,5.23194856570129,2.38400542324206,0
9,"snr",3.69897000433602,5000,5,"selected",14,22.2298408946347,63.6498240414301,9.0516848006378,6
9,"snr",3.69897000433602,5000,10,"full",55,235.72736293562,2283.71651534636,71.2504449028489,55
9,"snr",3.69897000433602,5000,10,"trimmed",9,7.17735041247938,5.23957409130505,1.98627747764418,0
9,"snr",3.69897000433602,5000,10,"truth",7,7.9689071661849,6.28260635261848,2.57762747511314,0
9,"snr",3.69897000433602,5000,10,"selected",4,7.08428249539515,5.13725328702816,3.02319913012517,0
9,"snr",3.69897000433602,5000,15,"full",55,343.355779323291,4775.77409217719,113.781396682492,55
9,"snr",3.69897000433602,5000,15,"trimmed",55,343.355779323291,4775.77409217719,113.781396682492,55
9,"snr",3.69897000433602,5000,15,"truth",7,8.47635726215087,6.96569548075622,2.63957086254338,0
9,"snr",3.69897000433602,5000,15,"selected",11,9.76188382112232,7.19420631825781,3.82952684780867,0
9,"snr",3.69897000433602,5000,20,"full",55,449.631589727309,7935.35878880969,201.511493921677,55
9,"snr",3.69897000433602,5000,20,"trimmed",55,449.631589727309,7935.35878880969,201.511493921677,55
9,"snr",3.69897000433602,5000,20,"truth",7,8.67791396057556,7.24295875629567,2.70577132329714,0
9,"snr",3.69897000433602,5000,20,"selected",7,6.7942091776574,4.31984463996561,2.40025314819505,0
9,"snr",3.69897000433602,5000,25,"full",55,522.852474650734,10650.2136767187,288.146561978506,55
9,"snr",3.69897000433602,5000,25,"trimmed",55,522.852474650734,10650.2136767187,288.146561978506,55
9,"snr",3.69897000433602,5000,25,"truth",7,8.71990232277966,7.32746302733642,2.70563074406842,0
9,"snr",3.69897000433602,5000,25,"selected",7,6.92008409021587,4.4375192833328,2.02026151065044,0
9,"snr",3.69897000433602,5000,30,"full",55,548.042452218598,11499.2082930732,355.677165325498,55
9,"snr",3.69897000433602,5000,30,"trimmed",55,548.042452218598,11499.2082930732,355.677165325498,55
9,"snr",3.69897000433602,5000,30,"truth",7,8.77255696222726,7.38552916052578,2.72187498882127,0
9,"snr",3.69897000433602,5000,30,"selected",12,24.1533501483846,39.0713664735225,8.75810701314298,6
9,"snr",3.69897000433602,5000,35,"full",55,564.293947232181,12145.9752511361,413.522116357844,55
9,"snr",3.69897000433602,5000,35,"trimmed",55,564.293947232181,12145.9752511361,413.522116357844,55
9,"snr",3.69897000433602,5000,35,"truth",7,8.78443344773611,7.40388325544592,2.72722803088621,0
9,"snr",3.69897000433602,5000,35,"selected",26,130.116609342884,727.267587851488,41.7993343053884,19
9,"snr",3.69897000433602,5000,40,"full",55,571.770288864967,12400.1935209635,435.079563696063,55
9,"snr",3.69897000433602,5000,40,"trimmed",55,571.770288864967,12400.1935209635,435.079563696063,55
9,"snr",3.69897000433602,5000,40,"truth",7,8.78412615738655,7.40264854261228,2.72376327221032,0
9,"snr",3.69897000433602,5000,40,"selected",29,134.256311090407,842.433999399587,38.0584636607726,22
9,"snr",3.69897000433602,5000,45,"full",55,572.39974386366,12406.7355786477,422.890456953814,55
9,"snr",3.69897000433602,5000,45,"trimmed",34,139.0526937146,1014.68039488302,58.4991103280608,31
9,"snr",3.69897000433602,5000,45,"truth",7,8.78305002352543,7.40319880697704,2.72417732103883,0
9,"snr",3.69897000433602,5000,45,"selected",9,18.41662353227,27.242171488693,7.73154884642272,4
9,"snr",3.69897000433602,5000,50,"full",55,573.820095137315,12483.1753781823,426.68223872706,55
9,"snr",3.69897000433602,5000,50,"trimmed",34,139.274503909724,1018.39601658464,58.286858661569,31
9,"snr",3.69897000433602,5000,50,"truth",7,8.78326296917858,7.40382121446985,2.72379249901581,0
9,"snr",3.69897000433602,5000,50,"selected",10,25.64151753853,38.1652968962577,7.3876652246624,4
9,"snr",3.69897000433602,5000,55,"full",55,573.437635387362,12469.5504735285,428.381537388529,55
9,"snr",3.69897000433602,5000,55,"trimmed",34,139.292212499844,1018.24877396244,58.4116597649477,31
9,"snr",3.69897000433602,5000,55,"truth",7,8.78418619661612,7.40501032335417,2.72336897036502,0
9,"snr",3.69897000433602,5000,55,"selected",8,13.433121803375,19.6016925829742,4.80303982984437,2
9,"snr",3.69897000433602,5000,60,"full",55,573.618567084517,12479.0284271714,427.671437937343,55
9,"snr",3.69897000433602,5000,60,"trimmed",34,139.301818958241,1018.59860846522,58.3973966611203,31
9,"snr",3.69897000433602,5000,60,"truth",7,8.78308234565191,7.40355536852717,2.72326695846806,0
9,"snr",3.69897000433602,5000,60,"selected",10,25.6566749785245,38.2399916035776,7.3871905851111,4
9,"snr",3.69897000433602,5000,Inf,"full",55,573.796071498057,12484.8758671237,427.654574656032,55
9,"snr",3.69897000433602,5000,Inf,"trimmed",55,573.796071498057,12484.8758671237,427.654574656032,55
9,"snr",3.69897000433602,5000,Inf,"truth",7,8.78351630886442,7.40408328823921,2.72269326191988,0
9,"snr",3.69897000433602,5000,Inf,"selected",32,149.23182245688,975.692564516149,55.7872586569984,27
10,"snr",3.69897000433602,5000,1,"full",55,81.7165795202089,336.936241084226,23.3679768204189,49
10,"snr",3.69897000433602,5000,1,"trimmed",9,4.98842104012513,2.80338844353373,1.73213083929155,0
10,"snr",3.69897000433602,5000,1,"truth",7,5.83090713418102,3.90715284231478,2.09646838361737,0
10,"snr",3.69897000433602,5000,1,"selected",4,2.33342743362843,1.72717615443438,1.3681267147029,0
10,"snr",3.69897000433602,5000,5,"full",55,120.347227385512,768.865764803754,37.3752649273937,50
10,"snr",3.69897000433602,5000,5,"trimmed",9,6.24718557832365,4.13046248672511,1.75091861653198,0
10,"snr",3.69897000433602,5000,5,"truth",7,6.86563082699387,5.06495814522306,2.16923120933527,0
10,"snr",3.69897000433602,5000,10,"full",55,213.891909174827,2307.40934065772,61.6129652216319,55
10,"snr",3.69897000433602,5000,10,"trimmed",34,70.2434195089943,317.943128092581,22.0445651161682,27
10,"snr",3.69897000433602,5000,10,"truth",7,7.85696378640912,6.21775690974416,2.38166688628574,0
10,"snr",3.69897000433602,5000,10,"selected",2,1.57912217090473,1.02925053533342,1.02925053533342,0
10,"snr",3.69897000433602,5000,15,"full",55,266.149966888771,3504.86959150022,129.093956624455,55
10,"snr",3.69897000433602,5000,15,"trimmed",55,266.149966888771,3504.86959150022,129.093956624455,55
10,"snr",3.69897000433602,5000,15,"truth",7,8.50141073235093,7.03301471534289,2.59486313133389,0
10,"snr",3.69897000433602,5000,15,"selected",8,7.00451271325666,4.78883839723553,2.23175665890845,0
10,"snr",3.69897000433602,5000,20,"full",55,342.897657173061,5843.00615134106,198.492777554157,55
10,"snr",3.69897000433602,5000,20,"trimmed",55,342.897657173061,5843.00615134106,198.492777554157,55
10,"snr",3.69897000433602,5000,20,"truth",7,8.62155345753446,7.20610710498347,2.60847628889765,0
10,"snr",3.69897000433602,5000,20,"selected",17,24.4069148599663,37.5352085789933,5.7849838377506,5
10,"snr",3.69897000433602,5000,25,"full",55,369.131352825246,6649.69436140752,256.576282222414,55
10,"snr",3.69897000433602,5000,25,"trimmed",55,369.131352825246,6649.69436140752,256.576282222414,55
10,"snr",3.69897000433602,5000,25,"truth",7,8.74361615499799,7.39639134961198,2.61020091637177,0
10,"snr",3.69897000433602,5000,25,"selected",11,13.4101588958835,27.1635231282034,5.16259354373411,2
10,"snr",3.69897000433602,5000,30,"full",55,401.44976550677,7766.93278918285,331.473341162412,55
10,"snr",3.69897000433602,5000,30,"trimmed",55,401.44976550677,7766.93278918285,331.473341162412,55
10,"snr",3.69897000433602,5000,30,"truth",7,8.76575210329734,7.40739432984143,2.61334753258323,0
10,"snr",3.69897000433602,5000,30,"selected",9,8.77355764098517,9.93491515364884,2.98166783940356,0
10,"snr",3.69897000433602,5000,35,"full",55,406.59534672738,7905.63075621002,346.925757999594,55
10,"snr",3.69897000433602,5000,35,"trimmed",34,108.089644745146,687.912288677592,52.7457309590808,30
10,"snr",3.69897000433602,5000,35,"truth",7,8.77504994172319,7.41812542423848,2.62590104086295,0
10,"snr",3.69897000433602,5000,35,"selected",9,14.610600558354,22.9076525910594,3.17253530116639,2
10,"snr",3.69897000433602,5000,40,"full",55,408.781037641005,7978.15997543238,371.985555050709,55
10,"snr",3.69897000433602,5000,40,"trimmed",34,108.317474373427,689.885307349588,53.1537333539276,30
10,"snr",3.69897000433602,5000,40,"truth",7,8.77838911245567,7.42479577169506,2.63473150253494,0
10,"snr",3.69897000433602,5000,40,"selected",7,8.77838911245568,7.42479577169506,2.63473150253494,0
10,"snr",3.69897000433602,5000,45,"full",55,410.543566833326,8043.70280792672,384.211901596444,55
10,"snr",3.69897000433602,5000,45,"trimmed",34,108.589347909633,693.675299828546,53.2678112815654,30
10,"snr",3.69897000433602,5000,45,"truth",7,8.77950716556756,7.42666308666186,2.63044584860829,0
10,"snr",3.69897000433602,5000,45,"selected",8,13.1685726019929,19.2441951389452,4.95930760314589,2
10,"snr",3.69897000433602,5000,50,"full",55,410.990975293556,8057.90486719684,377.077114220062,55
10,"snr",3.69897000433602,5000,50,"trimmed",34,108.559263264877,693.209329913075,53.2589288323365,30
10,"snr",3.69897000433602,5000,50,"truth",7,8.7773744396946,7.42518345275596,2.62834635117104,0
10,"snr",3.69897000433602,5000,50,"selected",7,8.77737443969458,7.42518345275596,2.62834635117104,0
10,"snr",3.69897000433602,5000,55,"full",55,410.657975546706,8047.96375622559,379.366730622516,55
10,"snr",3.69897000433602,5000,55,"trimmed",34,108.592666899163,693.534699162304,53.2437615278621,30
10,"snr",3.69897000433602,5000,55,"truth",7,8.77891261548998,7.42653938170753,2.62849643671849,0
10,"snr",3.69897000433602,5000,55,"selected",8,13.1651832103628,19.2390642396483,4.95783443362445,2
10,"snr",3.69897000433602,5000,60,"full",55,410.606567163963,8044.0702245779,380.183131551259,55
10,"snr",3.69897000433602,5000,60,"trimmed",34,108.549713387935,692.945097157594,53.2408704357856,30
10,"snr",3.69897000433602,5000,60,"truth",7,8.77857460974311,7.42677526024021,2.62861544093164,0
10,"snr",3.69897000433602,5000,60,"selected",10,20.9240848158605,27.1735587455018,7.36711108108115,4
10,"snr",3.69897000433602,5000,Inf,"full",55,410.80337316774,8051.66097902182,380.422851698175,55
10,"snr",3.69897000433602,5000,Inf,"trimmed",55,410.80337316774,8051.66097902182,380.422851698175,55
10,"snr",3.69897000433602,5000,Inf,"truth",7,8.77875671191859,7.42694259266411,2.62817291682142,0
10,"snr",3.69897000433602,5000,Inf,"selected",21,111.180237291293,625.013568781687,41.5897863135985,15
11,"snr",3.69897000433602,5000,1,"full",55,53.6022914095926,78.662744415958,25.5165264871155,54
11,"snr",3.69897000433602,5000,1,"trimmed",55,53.6022914095926,78.662744415958,25.5165264871155,54
11,"snr",3.69897000433602,5000,1,"truth",7,5.06703083993101,3.55612012636771,2.23180693716185,0
11,"snr",3.69897000433602,5000,5,"full",55,101.622692338714,221.648608607395,40.11717044479,55
11,"snr",3.69897000433602,5000,5,"trimmed",9,5.13338189060096,2.64955664643838,1.63769820996428,0
11,"snr",3.69897000433602,5000,5,"truth",7,6.19477739622553,4.91342385072676,2.1123198608946,0
11,"snr",3.69897000433602,5000,10,"full",55,156.279326014748,448.79215736892,89.9877183974244,55
11,"snr",3.69897000433602,5000,10,"trimmed",55,156.279326014748,448.79215736892,89.9877183974244,55
11,"snr",3.69897000433602,5000,10,"truth",7,7.58334506040079,6.67976820583672,2.14692426749709,0
11,"snr",3.69897000433602,5000,10,"selected",3,5.38341163455426,7.02086255825072,6.02386858158667,0
11,"snr",3.69897000433602,5000,15,"full",55,270.207256111727,1242.62112159137,188.277449207874,55
11,"snr",3.69897000433602,5000,15,"trimmed",55,270.207256111727,1242.62112159137,188.277449207874,55
11,"snr",3.69897000433602,5000,15,"truth",7,9.26307313156883,9.34083028245995,2.30150978613626,0
11,"snr",3.69897000433602,5000,15,"selected",14,26.8484352732239,32.9626474477316,15.9807876311748,10
11,"snr",3.69897000433602,5000,20,"full",55,393.223602409436,2521.44069778254,415.507006701916,55
11,"snr",3.69897000433602,5000,20,"trimmed",34,101.437686193233,316.366289635439,59.8465711969664,34
11,"snr",3.69897000433602,5000,20,"truth",7,10.0519448150747,10.6217144888103,2.38162302567705,2
11,"snr",3.69897000433602,5000,20,"selected",14,24.655588429226,41.9862611923368,11.7596143047128,7
11,"snr",3.69897000433602,5000,25,"full",55,473.190694972741,3497.36201332558,581.726340456938,55
11,"snr",3.69897000433602,5000,25,"trimmed",55,473.190694972741,3497.36201332558,581.726340456938,55
11,"snr",3.69897000433602,5000,25,"truth",7,10.3069738678154,11.1423134838367,2.40366862434046,2
11,"snr",3.69897000433602,5000,25,"selected",38,188.843424680151,1042.92394349369,149.168638836518,37
11,"snr",3.69897000433602,5000,30,"full",55,542.64305694464,4192.72723405708,957.863506165382,55
11,"snr",3.69897000433602,5000,30,"trimmed",34,125.778049362437,458.138769482449,74.234518718192,34
11,"snr",3.69897000433602,5000,30,"truth",7,10.3458809548609,11.2237964048236,2.38566402268523,2
11,"snr",3.69897000433602,5000,30,"selected",9,11.6830386323731,11.4261833284919,4.10357992952178,3
11,"snr",3.69897000433602,5000,35,"full",55,598.317119002898,4714.90031520453,1158.91078751597,55
11,"snr",3.69897000433602,5000,35,"trimmed",55,598.317119002898,4714.90031520453,1158.91078751597,55
11,"snr",3.69897000433602,5000,35,"truth",7,10.4185072424143,11.3588210982114,2.41095546354172,2
11,"snr",3.69897000433602,5000,35,"selected",9,10.7297664561708,11.6283604363174,3.61895147024403,2
11,"snr",3.69897000433602,5000,40,"full",55,640.973109777312,4895.06140692399,1274.01104039163,55
11,"snr",3.69897000433602,5000,40,"trimmed",34,132.195621302917,504.78833561775,78.1738142163255,34
11,"snr",3.69897000433602,5000,40,"truth",7,10.4244795650273,11.3674282833088,2.40760480841354,2
11,"snr",3.69897000433602,5000,40,"selected",9,10.9025790821087,11.8720156643246,2.84601979255502,2
11,"snr",3.69897000433602,5000,45,"full",55,641.423687266177,5025.87483466601,1256.35551562971,55
11,"snr",3.69897000433602,5000,45,"trimmed",34,132.730208881697,509.514529470715,78.1298594796206,34
11,"snr",3.69897000433602,5000,45,"truth",7,10.4242450907365,11.3667597331888,2.40287251898156,2
11,"snr",3.69897000433602,5000,45,"selected",13,62.2166269868656,255.834582510217,4.21433492524909,6
11,"snr",3.69897000433602,5000,50,"full",55,654.912686468349,5053.5309753991,1318.69761157101,55
11,"snr",3.69897000433602,5000,50,"trimmed",34,132.836527454406,511.305843077168,78.6200248307934,34
11,"snr",3.69897000433602,5000,50,"truth",7,10.4256599720587,11.3736110326107,2.40356119060192,2
11,"snr",3.69897000433602,5000,50,"selected",30,63.9624983299266,159.941096797352,58.8867529403741,29
11,"snr",3.69897000433602,5000,55,"full",55,657.874472279459,5065.33421047559,1325.61746494141,55
11,"snr",3.69897000433602,5000,55,"trimmed",34,132.800302532889,510.804343514162,78.5324754804117,34
11,"snr",3.69897000433602,5000,55,"truth",7,10.426751398528,11.3751242095098,2.40431350274611,2
11,"snr",3.69897000433602,5000,55,"selected",15,64.7345417073028,270.895920085082,4.84385941218378,4
11,"snr",3.69897000433602,5000,60,"full",55,656.869483674463,5056.93307305018,1333.16033566105,55
11,"snr",3.69897000433602,5000,60,"trimmed",34,132.739963072722,510.267546233692,78.5049172360724,34
11,"snr",3.69897000433602,5000,60,"truth",7,10.4272374071552,11.3767211818271,2.40427029814162,2
11,"snr",3.69897000433602,5000,60,"selected",30,71.2217536664732,223.425001565524,66.5266099299824,29
11,"snr",3.69897000433602,5000,Inf,"full",55,657.693496365833,5062.34714503396,1328.99218858033,55
11,"snr",3.69897000433602,5000,Inf,"trimmed",55,657.693496365833,5062.34714503396,1328.99218858033,55
11,"snr",3.69897000433602,5000,Inf,"truth",7,10.4270952066082,11.3757448308676,2.4045064805115,2
11,"snr",3.69897000433602,5000,Inf,"selected",20,87.0284931353085,392.563455775125,9.03444421982655,8
12,"snr",3.69897000433602,5000,1,"full",55,107.411863257135,551.373301121476,28.5402529551118,53
12,"snr",3.69897000433602,5000,1,"trimmed",55,107.411863257135,551.373301121476,28.5402529551118,53
12,"snr",3.69897000433602,5000,1,"truth",7,6.46150232092979,4.2848972596926,2.45956129401121,0
12,"snr",3.69897000433602,5000,1,"selected",9,12.7812343834574,26.3108502542401,4.07589486205689,2
12,"snr",3.69897000433602,5000,5,"full",55,148.805982520272,745.776839688251,49.6718612178295,55
12,"snr",3.69897000433602,5000,5,"trimmed",55,148.805982520272,745.776839688251,49.6718612178295,55
12,"snr",3.69897000433602,5000,5,"truth",7,7.26671380783076,5.11184092353582,2.46994949606792,0
12,"snr",3.69897000433602,5000,10,"full",55,270.531835047627,2795.03927189386,102.760127413586,55
12,"snr",3.69897000433602,5000,10,"trimmed",34,80.9743485819378,354.408615539941,25.6345479214448,32
12,"snr",3.69897000433602,5000,10,"truth",7,8.14274252815017,5.99997583806244,2.65871945384996,0
12,"snr",3.69897000433602,5000,10,"selected",8,8.39188943294594,5.9920851227974,2.91949848713089,0
12,"snr",3.69897000433602,5000,15,"full",55,401.440563525106,5998.9483135233,183.46214415754,55
12,"snr",3.69897000433602,5000,15,"trimmed",55,401.440563525106,5998.9483135233,183.46214415754,55
12,"snr",3.69897000433602,5000,15,"truth",7,8.65056516782594,6.56865128313222,2.7361960828728,0
12,"snr",3.69897000433602,5000,15,"selected",12,11.5238335113638,12.0665750512826,3.48347167403784,1
12,"snr",3.69897000433602,5000,20,"full",55,534.054055395079,10477.3474115651,276.918306284286,55
12,"snr",3.69897000433602,5000,20,"trimmed",55,534.054055395079,10477.3474115651,276.918306284286,55
12,"snr",3.69897000433602,5000,20,"truth",7,8.76547636171107,6.70458417891292,2.81082977680476,0
12,"snr",3.69897000433602,5000,20,"selected",9,13.8387026495454,24.1413537202423,4.07775629494008,2
12,"snr",3.69897000433602,5000,25,"full",55,582.369151008176,12394.1354259184,328.388887889431,55
12,"snr",3.69897000433602,5000,25,"trimmed",55,582.369151008176,12394.1354259184,328.388887889431,55
12,"snr",3.69897000433602,5000,25,"truth",7,8.80928830652289,6.77814952901589,2.79666677847574,0
12,"snr",3.69897000433602,5000,25,"selected",6,6.45356885047284,4.09934486680392,2.03495724129689,0
12,"snr",3.69897000433602,5000,30,"full",55,607.857781965375,13512.6139409469,374.868407366522,55
12,"snr",3.69897000433602,5000,30,"trimmed",34,132.268445687181,850.245182436871,47.0847263845538,33
12,"snr",3.69897000433602,5000,30,"truth",7,8.8335185363158,6.80953681923477,2.84243017524319,0
12,"snr",3.69897000433602,5000,30,"selected",8,9.17310197642494,6.87586744411008,3.26794286778029,0
12,"snr",3.69897000433602,5000,35,"full",55,630.615200270595,14540.2399378426,391.786004749407,55
12,"snr",3.69897000433602,5000,35,"trimmed",34,132.151983889797,850.760572028161,47.1011202254889,33
12,"snr",3.69897000433602,5000,35,"truth",7,8.84741761557287,6.82983310446646,2.84453182918223,0
12,"snr",3.69897000433602,5000,35,"selected",8,8.97893585397844,6.95164904654893,3.19267729316161,0
12,"snr",3.69897000433602,5000,40,"full",55,629.071200327238,14435.4606963005,396.560685300987,55
12,"snr",3.69897000433602,5000,40,"trimmed",55,629.071200327238,14435.4606963005,396.560685300987,55
12,"snr",3.69897000433602,5000,40,"truth",7,8.83371615906751,6.81019775780877,2.84102162446941,0
12,"snr",3.69897000433602,5000,40,"selected",22,113.783104501961,677.720314700907,23.3747125980528,17
12,"snr",3.69897000433602,5000,45,"full",55,631.237135900323,14537.3646994187,397.414428732141,55
12,"snr",3.69897000433602,5000,45,"trimmed",55,631.237135900323,14537.3646994187,397.414428732141,55
12,"snr",3.69897000433602,5000,45,"truth",7,8.84117121354525,6.82097446835011,2.83679184249717,0
12,"snr",3.69897000433602,5000,45,"selected",34,137.747673794681,828.543810188166,46.9063443339372,31
12,"snr",3.69897000433602,5000,50,"full",55,633.001795308896,14623.1935880172,397.925035660816,55
12,"snr",3.69897000433602,5000,50,"trimmed",34,132.331787195921,853.350343692115,47.1810156507854,33
12,"snr",3.69897000433602,5000,50,"truth",7,8.83873392236226,6.81632966388169,2.8361164001607,0
12,"snr",3.69897000433602,5000,50,"selected",13,12.0322689539322,15.4436189544687,4.42360375012219,3
12,"snr",3.69897000433602,5000,55,"full",55,632.818506122367,14607.1896636686,397.829503563001,55
12,"snr",3.69897000433602,5000,55,"trimmed",34,132.329451838182,852.900982654957,47.2060525922102,33
12,"snr",3.69897000433602,5000,55,"truth",7,8.84052826032999,6.81884208062523,2.83719827991939,0
12,"snr",3.69897000433602,5000,55,"selected",16,29.4647665120297,54.5577094176614,11.4767370856275,9
12,"snr",3.69897000433602,5000,60,"full",55,633.104014846635,14615.7687659875,396.718180143766,55
12,"snr",3.69897000433602,5000,60,"trimmed",34,132.358368575208,853.217568786865,47.229721577378,33
12,"snr",3.69897000433602,5000,60,"truth",7,8.84059707084166,6.81872810330146,2.83606784575014,0
12,"snr",3.69897000433602,5000,60,"selected",20,42.1668046967277,162.564582595007,18.5266590315041,12
12,"snr",3.69897000433602,5000,Inf,"full",55,632.997814849813,14613.1763207834,397.266383158465,55
12,"snr",3.69897000433602,5000,Inf,"trimmed",55,632.997814849813,14613.1763207834,397.266383158465,55
12,"snr",3.69897000433602,5000,Inf,"truth",7,8.84062881582937,6.81883397323256,2.83631656907498,0
12,"snr",3.69897000433602,5000,Inf,"selected",42,258.711829517577,2207.97508770879,129.960961173847,41
13,"snr",3.69897000433602,5000,1,"full",55,69.6578401959945,203.499472817033,22.2300072449941,49
13,"snr",3.69897000433602,5000,1,"trimmed",55,69.6578401959945,203.499472817033,22.2300072449941,49
13,"snr",3.69897000433602,5000,1,"truth",7,5.96149493308967,4.12961557221786,2.02016683813915,0
13,"snr",3.69897000433602,5000,5,"full",55,137.787692476075,624.640623133318,37.5927474650248,54
13,"snr",3.69897000433602,5000,5,"trimmed",34,45.439199659652,116.364210778904,11.7224484758314,25
13,"snr",3.69897000433602,5000,5,"truth",7,6.84116739608047,4.89851409933764,2.5398712758517,0
13,"snr",3.69897000433602,5000,5,"selected",4,2.18705162771827,1.35596479345177,1.20475072475333,0
13,"snr",3.69897000433602,5000,10,"full",55,216.347663033378,1839.49575274946,59.7356276976019,55
13,"snr",3.69897000433602,5000,10,"trimmed",55,216.347663033378,1839.49575274946,59.7356276976019,55
13,"snr",3.69897000433602,5000,10,"truth",7,7.69395478256545,5.90530973486007,2.53032859681184,0
13,"snr",3.69897000433602,5000,10,"selected",10,7.49321947583801,4.75803475864529,2.90646491612572,0
13,"snr",3.69897000433602,5000,15,"full",55,310.163185447139,3728.18345945897,90.6155982540341,55
13,"snr",3.69897000433602,5000,15,"trimmed",55,310.163185447139,3728.18345945897,90.6155982540341,55
13,"snr",3.69897000433602,5000,15,"truth",7,8.3453571819585,6.70675240506859,2.86567909410838,0
13,"snr",3.69897000433602,5000,15,"selected",11,6.42278829106966,3.86475349781591,2.32446339247654,0
13,"snr",3.69897000433602,5000,20,"full",55,388.049260071813,5583.47098721156,140.460197654301,55
13,"snr",3.69897000433602,5000,20,"trimmed",55,388.049260071813,5583.47098721156,140.460197654301,55
13,"snr",3.69897000433602,5000,20,"truth",7,8.610562635108,7.06435223929035,2.91685393250579,0
13,"snr",3.69897000433602,5000,20,"selected",7,6.77708682388375,4.15876642242235,2.26825700569695,0
13,"snr",3.69897000433602,5000,25,"full",55,421.650184719707,6659.35116823662,186.217454443462,55
13,"snr",3.69897000433602,5000,25,"trimmed",34,105.253807333405,579.969423370636,27.9033971369939,29
13,"snr",3.69897000433602,5000,25,"truth",7,8.66616993857798,7.1499279205942,2.92888582977287,0
13,"snr",3.69897000433602,5000,25,"selected",8,12.7951318927733,17.5736051063426,4.941358995936,2
13,"snr",3.69897000433602,5000,30,"full",55,450.861769717171,7581.78676856126,211.170456840343,55
13,"snr",3.69897000433602,5000,30,"trimmed",34,108.669538298652,617.359513814648,27.8326668930621,29
13,"snr",3.69897000433602,5000,30,"truth",7,8.69660877820666,7.1801570781392,2.93856886468008,0
13,"snr",3.69897000433602,5000,30,"selected",6,8.64849798268345,7.16967663322994,3.10260948337951,0
13,"snr",3.69897000433602,5000,35,"full",55,461.830131827234,7857.13740015732,216.022278518804,55
13,"snr",3.69897000433602,5000,35,"trimmed",34,109.526262037256,621.733226059704,28.3924850159761,29
13,"snr",3.69897000433602,5000,35,"truth",7,8.70309762297424,7.17368043371149,2.95009407653992,0
13,"snr",3.69897000433602,5000,35,"selected",14,20.0907850478828,31.466760967643,4.13947686945562,4
13,"snr",3.69897000433602,5000,40,"full",55,469.765888724909,8181.32571893276,217.249768752156,55
13,"snr",3.69897000433602,5000,40,"trimmed",55,469.765888724909,8181.32571893276,217.249768752156,55
13,"snr",3.69897000433602,5000,40,"truth",7,8.70365839372712,7.1767087833176,2.94235352057111,0
13,"snr",3.69897000433602,5000,40,"selected",28,79.4519671725297,358.573326760057,22.6604647800673,20
13,"snr",3.69897000433602,5000,45,"full",55,468.825723830698,8136.0495276337,216.863375782633,55
13,"snr",3.69897000433602,5000,45,"trimmed",34,110.41429813575,633.022664422459,28.3602761968121,29
13,"snr",3.69897000433602,5000,45,"truth",7,8.70463196053126,7.17894413886631,2.94299196575226,0
13,"snr",3.69897000433602,5000,45,"selected",12,19.7044719896931,31.26286687559,4.9312444907992,4
13,"snr",3.69897000433602,5000,50,"full",55,468.68964211144,8123.50452279703,217.823503935518,55
13,"snr",3.69897000433602,5000,50,"trimmed",34,110.401590768478,632.537192984784,28.3305618683928,29
13,"snr",3.69897000433602,5000,50,"truth",7,8.70447827636378,7.17731720431214,2.94665954800669,0
13,"snr",3.69897000433602,5000,50,"selected",8,12.4116846859039,17.4700560294705,5.04371678219003,2
13,"snr",3.69897000433602,5000,55,"full",55,469.030077329986,8139.32928016851,218.358139790194,55
13,"snr",3.69897000433602,5000,55,"trimmed",34,110.442183076063,633.275839635347,28.3612404918229,29
13,"snr",3.69897000433602,5000,55,"truth",7,8.7047770524189,7.17814224204507,2.9471731918523,0
13,"snr",3.69897000433602,5000,55,"selected",9,12.7239492057607,18.1610995867418,3.37510043328625,2
13,"snr",3.69897000433602,5000,60,"full",55,468.968885782682,8134.88172265977,218.173499755338,55
13,"snr",3.69897000433602,5000,60,"trimmed",34,110.424467860935,632.933298504631,28.3690848354592,29
13,"snr",3.69897000433602,5000,60,"truth",7,8.70412270398618,7.17745114319475,2.94597575803601,0
13,"snr",3.69897000433602,5000,60,"selected",9,12.7188972522162,18.1466340621107,3.37354282069175,2
13,"snr",3.69897000433602,5000,Inf,"full",55,469.047129608501,8137.9858070951,218.172704502629,55
13,"snr",3.69897000433602,5000,Inf,"trimmed",55,469.047129608501,8137.9858070951,218.172704502629,55
13,"snr",3.69897000433602,5000,Inf,"truth",7,8.70452756730018,7.17797921968894,2.94615424293852,0
13,"snr",3.69897000433602,5000,Inf,"selected",45,153.021921028632,654.827215242134,79.9397005120761,43
14,"snr",3.69897000433602,5000,1,"full",55,162.919025809561,1465.13644142409,24.2177657457761,49
14,"snr",3.69897000433602,5000,1,"trimmed",55,162.919025809561,1465.13644142409,24.2177657457761,49
14,"snr",3.69897000433602,5000,1,"truth",7,6.99143700160867,4.76257619821251,2.55835718357309,0
14,"snr",3.69897000433602,5000,1,"selected",6,4.69518450585338,5.51809718759318,1.90877593728899,0
14,"snr",3.69897000433602,5000,5,"full",55,237.24524067569,2908.00526255156,36.2162154037837,51
14,"snr",3.69897000433602,5000,5,"trimmed",55,237.24524067569,2908.00526255156,36.2162154037837,51
14,"snr",3.69897000433602,5000,5,"truth",7,7.80304133232368,5.77810469454052,2.62028683090963,0
14,"snr",3.69897000433602,5000,5,"selected",4,2.64733882031665,1.39653052877684,1.19884290041509,0
14,"snr",3.69897000433602,5000,10,"full",55,380.139737402816,6305.15287898376,62.7863998317101,55
14,"snr",3.69897000433602,5000,10,"trimmed",9,8.57791172495461,7.22880745209495,2.01703290739643,0
14,"snr",3.69897000433602,5000,10,"truth",7,8.52820290188344,6.61653732686772,2.99027484364488,0
14,"snr",3.69897000433602,5000,10,"selected",4,8.45471371453797,7.05175459540953,3.99016576225382,0
14,"snr",3.69897000433602,5000,15,"full",55,521.819117737238,11719.5965559692,151.950003783351,55
14,"snr",3.69897000433602,5000,15,"trimmed",55,521.819117737238,11719.5965559692,151.950003783351,55
14,"snr",3.69897000433602,5000,15,"truth",7,8.94704405641269,7.1781141487748,3.08364360536198,0
14,"snr",3.69897000433602,5000,15,"selected",11,14.5057645441476,18.8061779913912,5.82803928659724,2
14,"snr",3.69897000433602,5000,20,"full",55,626.544330045336,16386.0220357322,207.404772111686,55
14,"snr",3.69897000433602,5000,20,"trimmed",55,626.544330045336,16386.0220357322,207.404772111686,55
14,"snr",3.69897000433602,5000,20,"truth",7,9.17225140871196,7.43906608689043,3.12262849617976,0
14,"snr",3.69897000433602,5000,20,"selected",8,9.29297015657428,6.91729520761987,2.73471593731885,0
14,"snr",3.69897000433602,5000,25,"full",55,663.038452301107,18451.0488535898,284.019542444158,55
14,"snr",3.69897000433602,5000,25,"trimmed",55,663.038452301107,18451.0488535898,284.019542444158,55
14,"snr",3.69897000433602,5000,25,"truth",7,9.18721022952382,7.49614349189269,3.11583989912352,0
14,"snr",3.69897000433602,5000,25,"selected",7,8.99325020612384,6.37983403181346,2.20642748894254,0
14,"snr",3.69897000433602,5000,30,"full",55,677.99632530855,19258.6646722709,324.965336645553,55
14,"snr",3.69897000433602,5000,30,"trimmed",55,677.99632530855,19258.6646722709,324.965336645553,55
14,"snr",3.69897000433602,5000,30,"truth",7,9.20877626728755,7.53355523178477,3.08984411142913,0
14,"snr",3.69897000433602,5000,30,"selected",13,28.438526032763,47.324842752396,9.98984276545379,6
14,"snr",3.69897000433602,5000,35,"full",55,689.68673294341,19793.2377702288,362.034691626524,55
14,"snr",3.69897000433602,5000,35,"trimmed",55,689.68673294341,19793.2377702288,362.034691626524,55
14,"snr",3.69897000433602,5000,35,"truth",7,9.21740130486202,7.53742697166028,3.10323708740354,0
14,"snr",3.69897000433602,5000,35,"selected",14,29.0070277594331,46.7757580668868,11.0488514537505,9
14,"snr",3.69897000433602,5000,40,"full",55,692.415810149414,19921.4664722278,373.105604735663,55
14,"snr",3.69897000433602,5000,40,"trimmed",34,160.946122764397,1513.10015405307,60.2291743784483,30
14,"snr",3.69897000433602,5000,40,"truth",7,9.22941447223609,7.55423826099233,3.10657689803599,0
14,"snr",3.69897000433602,5000,40,"selected",9,13.7677179800846,16.901629722965,3.25550417356888,2
14,"snr",3.69897000433602,5000,45,"full",55,692.373279162341,19912.1914924689,375.605881898216,55
14,"snr",3.69897000433602,5000,45,"trimmed",34,161.179426669641,1517.0654647611,60.2846157898668,30
14,"snr",3.69897000433602,5000,45,"truth",7,9.22768795364775,7.55122486763516,3.1057545414994,0
14,"snr",3.69897000433602,5000,45,"selected",12,14.4536172620186,17.5728651197766,4.79669397158565,4
14,"snr",3.69897000433602,5000,50,"full",55,694.055464938422,20001.5724367001,375.749971394249,55
14,"snr",3.69897000433602,5000,50,"trimmed",34,161.405869070787,1521.10887702509,60.2385339339178,30
14,"snr",3.69897000433602,5000,50,"truth",7,9.22824909238456,7.55143021835369,3.10459393217253,0
14,"snr",3.69897000433602,5000,50,"selected",12,14.4463210739672,17.5424489783674,4.79772459335163,4
14,"snr",3.69897000433602,5000,55,"full",55,693.416066305846,19971.4022162119,374.834938231775,55
14,"snr",3.69897000433602,5000,55,"trimmed",34,161.201338457561,1517.56074331737,60.2605017920662,30
14,"snr",3.69897000433602,5000,55,"truth",7,9.22770288888638,7.55125782150012,3.10452487388204,0
14,"snr",3.69897000433602,5000,55,"selected",23,48.9578704137224,110.528955347983,9.8284661047206,11
14,"snr",3.69897000433602,5000,60,"full",55,693.444157795891,19972.8908473836,375.405602234831,55
14,"snr",3.69897000433602,5000,60,"trimmed",34,161.22206437948,1518.00048126286,60.2950833193582,30
14,"snr",3.69897000433602,5000,60,"truth",7,9.2281361034277,7.55228971984334,3.10424239344266,0
14,"snr",3.69897000433602,5000,60,"selected",17,38.3859941085732,89.1138475369679,12.8386815937844,10
14,"snr",3.69897000433602,5000,Inf,"full",55,693.575867630151,19980.9259679803,375.301655469598,55
14,"snr",3.69897000433602,5000,Inf,"trimmed",55,693.575867630151,19980.9259679803,375.301655469598,55
14,"snr",3.69897000433602,5000,Inf,"truth",7,9.22810139997871,7.55210015499472,3.10457520205748,0
14,"snr",3.69897000433602,5000,Inf,"selected",29,118.802691619179,723.273902750503,33.9980072245447,21
15,"snr",3.69897000433602,5000,1,"full",55,254.264968013364,2784.65984401324,33.8083586636461,53
15,"snr",3.69897000433602,5000,1,"trimmed",34,75.1541024436104,344.718053503709,11.3078970887453,19
15,"snr",3.69897000433602,5000,1,"truth",7,7.8216594973709,4.84436174910425,2.81701003743209,0
15,"snr",3.69897000433602,5000,5,"full",55,524.094157071954,10095.2810736686,69.2694629354891,55
15,"snr",3.69897000433602,5000,5,"trimmed",55,524.094157071954,10095.2810736686,69.2694629354891,55
15,"snr",3.69897000433602,5000,5,"truth",7,9.23466267173874,6.20598777648238,3.0676873101098,0
15,"snr",3.69897000433602,5000,5,"selected",9,12.5282145001507,24.0553795347639,4.75201043741269,4
15,"snr",3.69897000433602,5000,10,"full",55,832.947116113879,23895.0218577972,122.034406128749,55
15,"snr",3.69897000433602,5000,10,"trimmed",9,11.1135147474322,10.4989886303775,2.41914732376805,2
15,"snr",3.69897000433602,5000,10,"truth",7,10.007207176415,7.31558420126679,3.50477613818546,0
15,"snr",3.69897000433602,5000,10,"selected",4,10.6285087078632,9.68717031949358,5.32917276879408,0
15,"snr",3.69897000433602,5000,15,"full",55,1553.98454495883,73971.0010886964,254.228126044589,55
15,"snr",3.69897000433602,5000,15,"trimmed",55,1553.98454495883,73971.0010886964,254.228126044589,55
15,"snr",3.69897000433602,5000,15,"truth",7,10.5248381509719,8.0482953670342,3.5042185201385,0
15,"snr",3.69897000433602,5000,15,"selected",10,16.2455646535754,20.0770900865869,3.19872648985416,2
15,"snr",3.69897000433602,5000,20,"full",55,1996.65653409706,118473.680296328,427.649185009468,55
15,"snr",3.69897000433602,5000,20,"trimmed",55,1996.65653409706,118473.680296328,427.649185009468,55
15,"snr",3.69897000433602,5000,20,"truth",7,10.8218411899025,8.46875196747459,3.59297548323015,0
15,"snr",3.69897000433602,5000,20,"selected",7,9.02280582760639,5.67410246651616,2.94580247291291,0
15,"snr",3.69897000433602,5000,25,"full",55,2277.46328933963,151546.841501721,619.629334438336,55
15,"snr",3.69897000433602,5000,25,"trimmed",55,2277.46328933963,151546.841501721,619.629334438336,55
15,"snr",3.69897000433602,5000,25,"truth",7,10.8270526126233,8.43899372651782,3.62481272706481,0
15,"snr",3.69897000433602,5000,25,"selected",7,9.63077532297994,6.82200211762453,2.28114310913457,0
15,"snr",3.69897000433602,5000,30,"full",55,2478.08187434432,178197.808284515,734.652562829242,55
15,"snr",3.69897000433602,5000,30,"trimmed",55,2478.08187434432,178197.808284515,734.652562829242,55
15,"snr",3.69897000433602,5000,30,"truth",7,10.8785826203828,8.51687272533829,3.60316065672101,0
15,"snr",3.69897000433602,5000,30,"selected",15,93.7475382445729,532.973215857998,10.4268653584579,8
15,"snr",3.69897000433602,5000,35,"full",55,2508.62900399207,183825.492258047,832.581842129643,55
15,"snr",3.69897000433602,5000,35,"trimmed",55,2508.62900399207,183825.492258047,832.581842129643,55
15,"snr",3.69897000433602,5000,35,"truth",7,10.8855068389369,8.53370712894733,3.58958285326399,0
15,"snr",3.69897000433602,5000,35,"selected",12,89.2810385552718,486.056328511559,17.0608989606102,7
15,"snr",3.69897000433602,5000,40,"full",55,2548.05718646243,188558.145144805,846.860935395305,55
15,"snr",3.69897000433602,5000,40,"trimmed",34,420.901013574067,8353.02130534993,160.238673011544,34
15,"snr",3.69897000433602,5000,40,"truth",7,10.8909540327948,8.54251675202029,3.58659140419086,0
15,"snr",3.69897000433602,5000,40,"selected",12,261.013622929078,4084.10298409992,96.8119840136064,9
15,"snr",3.69897000433602,5000,45,"full",55,2563.52990617126,190614.130446465,860.349267289156,55
15,"snr",3.69897000433602,5000,45,"trimmed",34,421.928920542818,8394.87009829616,160.033289526341,34
15,"snr",3.69897000433602,5000,45,"truth",7,10.8912899075256,8.54096566539121,3.59259177963076,0
15,"snr",3.69897000433602,5000,45,"selected",9,238.114522145212,4028.94779586953,5.48667270234596,4
15,"snr",3.69897000433602,5000,50,"full",55,2560.9946528767,190204.127997638,864.714932832495,55
15,"snr",3.69897000433602,5000,50,"trimmed",34,421.510411584268,8378.59938651981,161.425058421527,34
15,"snr",3.69897000433602,5000,50,"truth",7,10.8883411718998,8.53784277974734,3.59077501519009,0
15,"snr",3.69897000433602,5000,50,"selected",12,261.450852823309,4097.4769385914,97.4174608651945,9
15,"snr",3.69897000433602,5000,55,"full",55,2563.01085415989,190517.756810579,863.391201115206,55
15,"snr",3.69897000433602,5000,55,"trimmed",55,2563.01085415989,190517.756810579,863.391201115206,55
15,"snr",3.69897000433602,5000,55,"truth",7,10.887936877562,8.53799032611782,3.59125120421657,0
15,"snr",3.69897000433602,5000,55,"selected",24,368.318626271536,6598.7280743979,46.6060409083807,15
15,"snr",3.69897000433602,5000,60,"full",55,2565.11902666198,190779.752279815,865.210836735907,55
15,"snr",3.69897000433602,5000,60,"trimmed",34,421.580655495633,8380.68865082735,161.182356494641,34
15,"snr",3.69897000433602,5000,60,"truth",7,10.8873128967154,8.53704788347732,3.59196772442629,0
15,"snr",3.69897000433602,5000,60,"selected",14,84.113140078623,320.317646988266,102.577496474232,12
15,"snr",3.69897000433602,5000,Inf,"full",55,2564.42932500129,190671.5917232,864.873783032059,55
15,"snr",3.69897000433602,5000,Inf,"trimmed",55,2564.42932500129,190671.5917232,864.873783032059,55
15,"snr",3.69897000433602,5000,Inf,"truth",7,10.8876449846613,8.53737219880067,3.59217663168169,0
15,"snr",3.69897000433602,5000,Inf,"selected",21,325.239673702386,5180.53577881211,96.2669940939055,15
16,"snr",3.69897000433602,5000,1,"full",55,151.319057929334,952.45439470794,44.7071082605495,55
16,"snr",3.69897000433602,5000,1,"trimmed",34,53.445600121759,167.379697075961,12.6095996687318,26
16,"snr",3.69897000433602,5000,1,"truth",7,7.33458489330669,4.68944424485771,2.48936286301776,0
16,"snr",3.69897000433602,5000,1,"selected",2,2.55784588011484,2.13079352322197,2.13079352322197,0
16,"snr",3.69897000433602,5000,5,"full",55,353.018491933626,4082.12848126741,82.1962757765313,55
16,"snr",3.69897000433602,5000,5,"trimmed",9,8.70914964052246,7.08031137859552,2.54700053450705,0
16,"snr",3.69897000433602,5000,5,"truth",7,8.14193079128088,5.51670673654187,3.06025706041095,0
16,"snr",3.69897000433602,5000,5,"selected",2,2.32811359464164,1.00088141642494,1.00088141642494,0
16,"snr",3.69897000433602,5000,10,"full",55,715.086014083309,15004.5179562345,194.688295609405,55
16,"snr",3.69897000433602,5000,10,"trimmed",55,715.086014083309,15004.5179562345,194.688295609405,55
16,"snr",3.69897000433602,5000,10,"truth",7,9.40781159083585,6.96508344009943,3.33629952656745,0
16,"snr",3.69897000433602,5000,10,"selected",9,6.92281065180829,5.47648476358922,3.16543107078598,0
16,"snr",3.69897000433602,5000,15,"full",55,1179.91540667222,38660.3759302028,380.502500765221,55
16,"snr",3.69897000433602,5000,15,"trimmed",55,1179.91540667222,38660.3759302028,380.502500765221,55
16,"snr",3.69897000433602,5000,15,"truth",7,10.0757141382336,7.7224594785311,3.61005136075431,0
16,"snr",3.69897000433602,5000,15,"selected",22,32.4588583669848,78.9075495484534,14.1605964482954,18
16,"snr",3.69897000433602,5000,20,"full",55,1436.23936255933,57914.7982797887,710.339903775046,55
16,"snr",3.69897000433602,5000,20,"trimmed",34,274.964160299821,3414.42079888811,132.390782679224,34
16,"snr",3.69897000433602,5000,20,"truth",7,10.4146636469899,8.17040127404644,3.74281240022373,0
16,"snr",3.69897000433602,5000,20,"selected",7,10.178856621167,8.05268751032766,3.71661334525213,0
16,"snr",3.69897000433602,5000,25,"full",55,1822.74518926799,92435.9839771644,1116.60463427387,55
16,"snr",3.69897000433602,5000,25,"trimmed",34,336.63141340816,4984.01228354888,186.199579403016,34
16,"snr",3.69897000433602,5000,25,"truth",7,10.4573177725173,8.21800395354551,3.69790821079587,0
16,"snr",3.69897000433602,5000,25,"selected",6,9.87884916193868,7.89086682241825,3.72063667165247,0
16,"snr",3.69897000433602,5000,30,"full",55,1923.76378565618,100598.288528757,1621.98928800168,55
16,"snr",3.69897000433602,5000,30,"trimmed",34,355.630215826836,5386.16630931482,216.905306157191,34
16,"snr",3.69897000433602,5000,30,"truth",7,10.4826726529811,8.25092016453951,3.71935690905167,0
16,"snr",3.69897000433602,5000,30,"selected",8,16.0570305312249,19.7258758571553,5.45061411572673,2
16,"snr",3.69897000433602,5000,35,"full",55,2030.3672088738,109995.540315871,1993.8753920962,55
16,"snr",3.69897000433602,5000,35,"trimmed",55,2030.3672088738,109995.540315871,1993.8753920962,55
16,"snr",3.69897000433602,5000,35,"truth",7,10.5384290786492,8.32121331157546,3.71438265626318,0
16,"snr",3.69897000433602,5000,35,"selected",15,55.9660432210893,152.379851023161,25.3998156293839,12
16,"snr",3.69897000433602,5000,40,"full",55,2067.64031778312,112292.265854093,2098.84862697944,55
16,"snr",3.69897000433602,5000,40,"trimmed",55,2067.64031778312,112292.265854093,2098.84862697944,55
16,"snr",3.69897000433602,5000,40,"truth",7,10.5215800736132,8.30123163290635,3.71004808301902,0
16,"snr",3.69897000433602,5000,40,"selected",13,37.4118273332813,64.2819876986105,14.8903749353222,9
16,"snr",3.69897000433602,5000,45,"full",55,2077.38791540043,113007.713557812,2206.19139775445,55
16,"snr",3.69897000433602,5000,45,"trimmed",34,378.678068526545,5927.93894896953,247.145556684776,34
16,"snr",3.69897000433602,5000,45,"truth",7,10.5233142976553,8.3019602749446,3.71447906054063,0
16,"snr",3.69897000433602,5000,45,"selected",12,78.3412635312869,331.253578828051,9.85953303510932,6
16,"snr",3.69897000433602,5000,50,"full",55,2082.30041872445,113450.859021687,2204.98156299224,55
16,"snr",3.69897000433602,5000,50,"trimmed",55,2082.30041872445,113450.859021687,2204.98156299224,55
16,"snr",3.69897000433602,5000,50,"truth",7,10.5272396862776,8.30674270772496,3.71343237534523,0
16,"snr",3.69897000433602,5000,50,"selected",31,293.64582139092,3607.51588027474,208.285669283933,30
16,"snr",3.69897000433602,5000,55,"full",55,2084.90666652758,113553.123981505,2248.14030273186,55
16,"snr",3.69897000433602,5000,55,"trimmed",55,2084.90666652758,113553.123981505,2248.14030273186,55
16,"snr",3.69897000433602,5000,55,"truth",7,10.5242958192962,8.30290446764462,3.71472825382645,0
16,"snr",3.69897000433602,5000,55,"selected",30,288.527902481648,3530.49000221904,163.31971543499,29
16,"snr",3.69897000433602,5000,60,"full",55,2085.68174091272,113587.16169963,2245.75854581073,55
16,"snr",3.69897000433602,5000,60,"trimmed",55,2085.68174091272,113587.16169963,2245.75854581073,55
16,"snr",3.69897000433602,5000,60,"truth",7,10.5254728009188,8.30462475041152,3.71536463248685,0
16,"snr",3.69897000433602,5000,60,"selected",22,176.93374960445,1339.86101830238,74.0177571082788,17
16,"snr",3.69897000433602,5000,Inf,"full",55,2084.66432739991,113539.474160822,2247.74392654621,55
16,"snr",3.69897000433602,5000,Inf,"trimmed",55,2084.66432739991,113539.474160822,2247.74392654621,55
16,"snr",3.69897000433602,5000,Inf,"truth",7,10.5255434207654,8.30472781204979,3.71528130727832,0
16,"snr",3.69897000433602,5000,Inf,"selected",19,93.8899133113463,485.780170089083,26.9935097337836,14
17,"snr",3.69897000433602,5000,1,"full",55,77.4342956962416,336.327505581675,22.7101805835338,49
17,"snr",3.69897000433602,5000,1,"trimmed",34,30.4749997180113,65.7422631275086,7.9875299832712,11
17,"snr",3.69897000433602,5000,1,"truth",7,5.71033341187455,4.13420686232388,1.92115491462348,0
17,"snr",3.69897000433602,5000,5,"full",55,118.129457832021,626.11892331666,32.4911247043199,51
17,"snr",3.69897000433602,5000,5,"trimmed",55,118.129457832021,626.11892331666,32.4911247043199,51
17,"snr",3.69897000433602,5000,5,"truth",7,6.54362810054334,4.79655429964682,2.45835415950509,0
17,"snr",3.69897000433602,5000,10,"full",55,182.785517094433,1523.50848091115,64.4825619905444,55
17,"snr",3.69897000433602,5000,10,"trimmed",55,182.785517094433,1523.50848091115,64.4825619905444,55
17,"snr",3.69897000433602,5000,10,"truth",7,7.62488757679971,6.2080753945803,2.47510262690675,0
17,"snr",3.69897000433602,5000,10,"selected",9,6.70411528009083,4.31242238688648,1.63972647876265,0
17,"snr",3.69897000433602,5000,15,"full",55,260.970022729493,2929.81357613687,114.941063668258,55
17,"snr",3.69897000433602,5000,15,"trimmed",55,260.970022729493,2929.81357613687,114.941063668258,55
17,"snr",3.69897000433602,5000,15,"truth",7,8.17759200179352,6.91042128084641,2.58396357098499,0
17,"snr",3.69897000433602,5000,15,"selected",11,6.21134107833267,3.91365093147059,2.01325128027651,0
17,"snr",3.69897000433602,5000,20,"full",55,344.615815515279,5187.25197695888,225.099829636117,55
17,"snr",3.69897000433602,5000,20,"trimmed",55,344.615815515279,5187.25197695888,225.099829636117,55
17,"snr",3.69897000433602,5000,20,"truth",7,8.43058302587917,7.26297063753343,2.65907008689019,0
17,"snr",3.69897000433602,5000,20,"selected",8,12.7762871099391,18.8030456688365,3.3632716633749,2
17,"snr",3.69897000433602,5000,25,"full",55,373.628881736946,6119.60176008102,301.947940611237,55
17,"snr",3.69897000433602,5000,25,"trimmed",34,100.00599316442,570.933087465542,47.375032409974,30
17,"snr",3.69897000433602,5000,25,"truth",7,8.51323240996743,7.38964690468956,2.67364018871528,0
17,"snr",3.69897000433602,5000,25,"selected",5,7.90177729549618,6.90568099849837,2.31634645729604,0
17,"snr",3.69897000433602,5000,30,"full",55,397.347971428878,6893.21011463013,351.242206738542,55
17,"snr",3.69897000433602,5000,30,"trimmed",55,397.347971428878,6893.21011463013,351.242206738542,55
17,"snr",3.69897000433602,5000,30,"truth",7,8.52426649426651,7.38836281794763,2.6961277970765,0
17,"snr",3.69897000433602,5000,30,"selected",8,9.74995754983911,7.42365260718742,5.0695214781066,0
17,"snr",3.69897000433602,5000,35,"full",55,403.255960086557,7076.65221703992,370.444134351067,55
17,"snr",3.69897000433602,5000,35,"trimmed",55,403.255960086557,7076.65221703992,370.444134351067,55
17,"snr",3.69897000433602,5000,35,"truth",7,8.54087933044318,7.41994686609393,2.67487931821721,0
17,"snr",3.69897000433602,5000,35,"selected",27,96.5141268659547,532.925425464717,31.1421491869092,20
17,"snr",3.69897000433602,5000,40,"full",55,406.260005504249,7172.29975197846,380.537376054772,55
17,"snr",3.69897000433602,5000,40,"trimmed",34,106.968410873621,634.429866605238,50.926890704022,30
17,"snr",3.69897000433602,5000,40,"truth",7,8.54966646240446,7.42597807194985,2.67521452269705,0
17,"snr",3.69897000433602,5000,40,"selected",10,30.8080417327954,57.6976631461357,7.72175931115061,4
17,"snr",3.69897000433602,5000,45,"full",55,408.327042273768,7243.78909476311,381.625394722602,55
17,"snr",3.69897000433602,5000,45,"trimmed",34,107.24721141156,637.330839397879,50.996602157798,30
17,"snr",3.69897000433602,5000,45,"truth",7,8.55027859034481,7.42760114273804,2.67856297833321,0
17,"snr",3.69897000433602,5000,45,"selected",7,8.5502785903448,7.42760114273804,2.67856297833321,0
17,"snr",3.69897000433602,5000,50,"full",55,408.418115468844,7245.64682512245,382.903072325705,55
17,"snr",3.69897000433602,5000,50,"trimmed",34,107.221963740315,637.409468041485,50.9957744172558,30
17,"snr",3.69897000433602,5000,50,"truth",7,8.55038712734914,7.42879695460096,2.6777105974204,0
17,"snr",3.69897000433602,5000,50,"selected",8,8.55073120715987,7.42883981679031,2.53462985205498,0
17,"snr",3.69897000433602,5000,55,"full",55,408.427628665721,7244.36150525027,382.339035901178,55
17,"snr",3.69897000433602,5000,55,"trimmed",34,107.212194187855,637.2849482934,51.0554219134049,30
17,"snr",3.69897000433602,5000,55,"truth",7,8.55132844806817,7.4298388898792,2.67882814040314,0
17,"snr",3.69897000433602,5000,55,"selected",7,8.5513284480682,7.42983888987919,2.67882814040314,0
17,"snr",3.69897000433602,5000,60,"full",55,408.574047545382,7251.11004801538,382.55624070634,55
17,"snr",3.69897000433602,5000,60,"trimmed",34,107.24482558309,637.66813578517,51.0373324523494,30
17,"snr",3.69897000433602,5000,60,"truth",7,8.55150810557515,7.43012354121533,2.67863382007203,0
17,"snr",3.69897000433602,5000,60,"selected",7,8.55150810557516,7.43012354121533,2.67863382007203,0
17,"snr",3.69897000433602,5000,Inf,"full",55,408.545121447247,7249.71714703641,382.90420359237,55
17,"snr",3.69897000433602,5000,Inf,"trimmed",55,408.545121447247,7249.71714703641,382.90420359237,55
17,"snr",3.69897000433602,5000,Inf,"truth",7,8.5517052679106,7.43055595528477,2.67827646972302,0
17,"snr",3.69897000433602,5000,Inf,"selected",30,110.267364214787,634.810223701227,76.8359270251055,24
18,"snr",3.69897000433602,5000,1,"full",55,76.6378716536644,239.874262193072,25.0988686371091,51
18,"snr",3.69897000433602,5000,1,"trimmed",55,76.6378716536644,239.874262193072,25.0988686371091,51
18,"snr",3.69897000433602,5000,1,"truth",7,5.99240831423744,4.06901365849235,1.93435015955422,0
18,"snr",3.69897000433602,5000,5,"full",55,147.84002104666,905.646471446129,48.3318936187616,55
18,"snr",3.69897000433602,5000,5,"trimmed",55,147.84002104666,905.646471446129,48.3318936187616,55
18,"snr",3.69897000433602,5000,5,"truth",7,6.92168705370508,4.88936950368778,2.89969032577082,0
18,"snr",3.69897000433602,5000,5,"selected",5,5.70200776596701,7.79262854138613,3.7313467576352,0
18,"snr",3.69897000433602,5000,10,"full",55,195.883094599222,1559.1900497666,86.4274342112056,55
18,"snr",3.69897000433602,5000,10,"trimmed",34,64.8104059576867,245.68222174097,26.0885819185846,29
18,"snr",3.69897000433602,5000,10,"truth",7,7.83496084250829,6.06154123306274,2.90020753849561,0
18,"snr",3.69897000433602,5000,15,"full",55,322.437174020988,4236.98396222718,160.534111376808,55
18,"snr",3.69897000433602,5000,15,"trimmed",19,25.4069512636387,41.0964293158758,7.96908967780758,7
18,"snr",3.69897000433602,5000,15,"truth",7,8.49884612224456,6.82391883657168,3.03785754255103,0
18,"snr",3.69897000433602,5000,15,"selected",6,19.5343101076092,30.4292901941587,5.04881853274152,2
18,"snr",3.69897000433602,5000,20,"full",55,379.949484837888,5892.62613963593,322.757954600226,55
18,"snr",3.69897000433602,5000,20,"trimmed",55,379.949484837888,5892.62613963593,322.757954600226,55
18,"snr",3.69897000433602,5000,20,"truth",7,8.67674465718876,7.08191972474706,3.04622753856637,0
18,"snr",3.69897000433602,5000,20,"selected",7,6.78118595792129,4.21417069908746,2.54752649104804,0
18,"snr",3.69897000433602,5000,25,"full",55,426.617795455773,7374.74746104595,426.363454172984,55
18,"snr",3.69897000433602,5000,25,"trimmed",55,426.617795455773,7374.74746104595,426.363454172984,55
18,"snr",3.69897000433602,5000,25,"truth",7,8.75330514524132,7.1919799291956,3.03590063046655,0
18,"snr",3.69897000433602,5000,25,"selected",7,6.68435994082711,4.48960921631635,2.59854348449696,0
18,"snr",3.69897000433602,5000,30,"full",55,437.736894941117,7773.19430053005,513.478577003163,55
18,"snr",3.69897000433602,5000,30,"trimmed",55,437.736894941117,7773.19430053005,513.478577003163,55
18,"snr",3.69897000433602,5000,30,"truth",7,8.76891065310273,7.2118443885531,3.07123122763088,0
18,"snr",3.69897000433602,5000,30,"selected",6,8.08245797309173,6.67796278367187,3.08600737070659,0
18,"snr",3.69897000433602,5000,35,"full",55,457.940463952376,8495.57090840397,531.038864799638,55
18,"snr",3.69897000433602,5000,35,"trimmed",55,457.940463952376,8495.57090840397,531.038864799638,55
18,"snr",3.69897000433602,5000,35,"truth",7,8.77540634438218,7.22528088455924,3.06647494740952,0
18,"snr",3.69897000433602,5000,35,"selected",19,99.0898290561813,609.409924719803,26.1486974350398,13
18,"snr",3.69897000433602,5000,40,"full",55,458.817625726113,8516.11294862683,546.868948392537,55
18,"snr",3.69897000433602,5000,40,"trimmed",34,118.608824091246,736.909518399815,67.2615382993832,32
18,"snr",3.69897000433602,5000,40,"truth",7,8.77400950185736,7.22116315661898,3.07221992054941,0
18,"snr",3.69897000433602,5000,40,"selected",8,14.374727969801,23.2306784175595,5.41124076721219,2
18,"snr",3.69897000433602,5000,45,"full",55,459.196607074463,8531.41783915808,549.469234715493,55
18,"snr",3.69897000433602,5000,45,"trimmed",34,118.706519586192,738.140784336962,67.4686560186259,32
18,"snr",3.69897000433602,5000,45,"truth",7,8.7743967450926,7.2198740890106,3.07575166469897,0
18,"snr",3.69897000433602,5000,45,"selected",11,44.7241757922309,114.495481115345,12.410928347199,6
18,"snr",3.69897000433602,5000,50,"full",55,458.41908194164,8498.15403086028,549.133668626725,55
18,"snr",3.69897000433602,5000,50,"trimmed",34,118.482443235623,735.4042754541,67.1922052741906,32
18,"snr",3.69897000433602,5000,50,"truth",7,8.77358324784521,7.21986555791077,3.07534402861933,0
18,"snr",3.69897000433602,5000,50,"selected",10,42.2987283167389,109.79917054154,7.79682328504016,4
18,"snr",3.69897000433602,5000,55,"full",55,458.935265608558,8517.8865707284,551.504892456103,55
18,"snr",3.69897000433602,5000,55,"trimmed",34,118.555442025814,736.24522662865,67.3323055636327,32
18,"snr",3.69897000433602,5000,55,"truth",7,8.77401577358289,7.2199884229832,3.07619137920072,0
18,"snr",3.69897000433602,5000,55,"selected",10,42.2885181684434,109.750662368006,7.7980030304806,4
18,"snr",3.69897000433602,5000,60,"full",55,458.789569508,8511.71335484126,551.260146019472,55
18,"snr",3.69897000433602,5000,60,"trimmed",34,118.559625988435,736.039421125795,67.3522636347759,32
18,"snr",3.69897000433602,5000,60,"truth",7,8.77410252306118,7.21986590264574,3.07648576593122,0
18,"snr",3.69897000433602,5000,60,"selected",8,13.0075071778766,19.0613547967657,5.28604836314499,2
18,"snr",3.69897000433602,5000,Inf,"full",55,458.925272706737,8517.06928063343,551.006745558457,55
18,"snr",3.69897000433602,5000,Inf,"trimmed",34,118.572446766934,736.325687430532,67.3484226829812,32
18,"snr",3.69897000433602,5000,Inf,"truth",7,8.774322770411,7.22016561738449,3.07604835386248,0
18,"snr",3.69897000433602,5000,Inf,"selected",13,51.9536377899151,120.829200901471,52.9023421212813,9
19,"snr",3.69897000433602,5000,1,"full",55,118.995328788573,680.454132222327,30.1191822890269,51
19,"snr",3.69897000433602,5000,1,"trimmed",34,42.8734016041407,121.302621879593,10.2769238102058,19
19,"snr",3.69897000433602,5000,1,"truth",7,6.51736994375605,4.15195900131131,2.72336230105868,0
19,"snr",3.69897000433602,5000,1,"selected",5,4.03396393416809,2.61347695936138,1.65721237048151,0
19,"snr",3.69897000433602,5000,5,"full",55,228.565040294245,1913.47956651712,45.1981086995393,54
19,"snr",3.69897000433602,5000,5,"trimmed",55,228.565040294245,1913.47956651712,45.1981086995393,54
19,"snr",3.69897000433602,5000,5,"truth",7,7.68815731533233,5.3931600721584,2.67836281022233,0
19,"snr",3.69897000433602,5000,5,"selected",5,9.65693755071569,14.7033505010821,3.26651691975883,2
19,"snr",3.69897000433602,5000,10,"full",55,435.409359805593,6635.5547450604,108.49319270621,55
19,"snr",3.69897000433602,5000,10,"trimmed",34,115.585315441419,698.321860645335,27.3122195371365,29
19,"snr",3.69897000433602,5000,10,"truth",7,8.72453477224228,6.6662795751817,3.13979607631891,0
19,"snr",3.69897000433602,5000,10,"selected",7,8.79385460920839,6.57485830775529,3.52897606778401,0
19,"snr",3.69897000433602,5000,15,"full",55,654.162505440075,14887.2417966473,179.792411962692,55
19,"snr",3.69897000433602,5000,15,"trimmed",55,654.162505440075,14887.2417966473,179.792411962692,55
19,"snr",3.69897000433602,5000,15,"truth",7,9.09886190487668,7.2238707781632,3.1238828323552,0
19,"snr",3.69897000433602,5000,15,"selected",9,12.0101918126779,8.92340204637316,5.19958998756058,0
19,"snr",3.69897000433602,5000,20,"full",55,833.298915384154,23896.8016485463,418.6506882569,55
19,"snr",3.69897000433602,5000,20,"trimmed",55,833.298915384154,23896.8016485463,418.6506882569,55
19,"snr",3.69897000433602,5000,20,"truth",7,9.30030202673043,7.44767464806999,3.16154201309331,0
19,"snr",3.69897000433602,5000,20,"selected",10,17.2101846375494,39.1857654659776,4.83366367993486,2
19,"snr",3.69897000433602,5000,25,"full",55,946.360503635279,30229.7868823062,678.983643541253,55
19,"snr",3.69897000433602,5000,25,"trimmed",55,946.360503635279,30229.7868823062,678.983643541253,55
19,"snr",3.69897000433602,5000,25,"truth",7,9.36743951281291,7.5739530190456,3.16658755518677,0
19,"snr",3.69897000433602,5000,25,"selected",8,9.35515995294509,6.61530410646702,2.40608323881934,0
19,"snr",3.69897000433602,5000,30,"full",55,1028.01739592192,34042.5701898438,996.204922609098,55
19,"snr",3.69897000433602,5000,30,"trimmed",34,209.603314038042,2286.78105038397,148.787966749197,34
19,"snr",3.69897000433602,5000,30,"truth",7,9.38345759076884,7.59820260745076,3.17001102817478,0
19,"snr",3.69897000433602,5000,30,"selected",10,20.7874702378053,40.4122508162799,4.12663324277112,2
19,"snr",3.69897000433602,5000,35,"full",55,1053.08110876793,34896.1699429392,1244.36280496092,55
19,"snr",3.69897000433602,5000,35,"trimmed",34,210.267300474394,2287.63822816439,156.388301519032,34
19,"snr",3.69897000433602,5000,35,"truth",7,9.3977213259622,7.6102546647133,3.17177110598159,0
19,"snr",3.69897000433602,5000,35,"selected",8,9.57036514268558,7.61047026410554,4.26425220257002,0
19,"snr",3.69897000433602,5000,40,"full",55,1073.00056643241,35928.5260744859,1348.82251887095,55
19,"snr",3.69897000433602,5000,40,"trimmed",34,211.883330453196,2324.99072077463,161.720809946917,34
19,"snr",3.69897000433602,5000,40,"truth",7,9.38055742662334,7.59194928501339,3.17111436324096,0
19,"snr",3.69897000433602,5000,40,"selected",11,50.7192868282605,139.261025175222,8.62846326089801,4
19,"snr",3.69897000433602,5000,45,"full",55,1074.83831753165,36105.3772883267,1394.30689956395,55
19,"snr",3.69897000433602,5000,45,"trimmed",34,212.080356380617,2332.66636324207,162.466241884762,34
19,"snr",3.69897000433602,5000,45,"truth",7,9.38626033715144,7.5983486645815,3.1772744439025,0
19,"snr",3.69897000433602,5000,45,"selected",7,9.38626033715144,7.5983486645815,3.1772744439025,0
19,"snr",3.69897000433602,5000,50,"full",55,1078.30523741944,36232.6666614091,1415.17532649947,55
19,"snr",3.69897000433602,5000,50,"trimmed",34,212.379188870838,2336.61776580066,163.748801455516,34
19,"snr",3.69897000433602,5000,50,"truth",7,9.38749366080811,7.59984912313933,3.17623513657477,0
19,"snr",3.69897000433602,5000,50,"selected",7,9.38749366080811,7.59984912313933,3.17623513657477,0
19,"snr",3.69897000433602,5000,55,"full",55,1077.23994452745,36157.4115496426,1433.39166434952,55
19,"snr",3.69897000433602,5000,55,"trimmed",34,212.238058127457,2333.51630448315,163.63111305501,34
19,"snr",3.69897000433602,5000,55,"truth",7,9.38683739444064,7.59861006840049,3.1776005234135,0
19,"snr",3.69897000433602,5000,55,"selected",7,9.38683739444065,7.59861006840049,3.1776005234135,0
19,"snr",3.69897000433602,5000,60,"full",55,1077.88126145784,36187.6800500189,1434.81086218555,55
19,"snr",3.69897000433602,5000,60,"trimmed",34,212.124671678806,2331.24585705868,163.634055992935,34
19,"snr",3.69897000433602,5000,60,"truth",7,9.38683687885217,7.59873017668493,3.17720880583987,0
19,"snr",3.69897000433602,5000,60,"selected",7,9.38683687885217,7.59873017668493,3.17720880583987,0
19,"snr",3.69897000433602,5000,Inf,"full",55,1077.91147062149,36185.3403198864,1433.16276665964,55
19,"snr",3.69897000433602,5000,Inf,"trimmed",55,1077.91147062149,36185.3403198864,1433.16276665964,55
19,"snr",3.69897000433602,5000,Inf,"truth",7,9.38703670812535,7.59899003425266,3.1767143756586,0
19,"snr",3.69897000433602,5000,Inf,"selected",25,140.163219674759,805.994085694753,47.7540220203797,18
0,"n",3.6,3981,49,"full",55,1228.28112851636,56295.5164567087,136.221008678165,55
0,"n",3.6,3981,49,"trimmed",34,251.994730141867,3549.11905676913,28.6638433583902,28
0,"n",3.6,3981,49,"truth",7,10.3372035196454,7.30874321364446,3.70064132881105,0
0,"n",3.6,3981,49,"selected",10,196.241958079245,2686.82753503569,27.2448631729054,6
1,"n",3.6,3981,49,"full",55,647.424118551273,16753.3764144066,612.090004664082,55
1,"n",3.6,3981,49,"trimmed",34,142.536931814347,1046.15780084292,63.4420435059304,33
1,"n",3.6,3981,49,"truth",7,8.50418267770034,7.17311371835821,2.81949151007284,0
1,"n",3.6,3981,49,"selected",9,15.9092026635787,18.1536210810856,7.48899691563536,4
2,"n",3.6,3981,49,"full",55,2620.38241949095,196797.595780647,642.413188846824,55
2,"n",3.6,3981,49,"trimmed",55,2620.38241949095,196797.595780647,642.413188846824,55
2,"n",3.6,3981,49,"truth",7,10.591904579658,8.48669225297377,3.52709065377285,0
2,"n",3.6,3981,49,"selected",33,418.636917694083,7454.99672055764,77.6443736513748,30
3,"n",3.6,3981,49,"full",55,1430.30270033021,69805.5804786303,562.665997796846,55
3,"n",3.6,3981,49,"trimmed",55,1430.30270033021,69805.5804786303,562.665997796846,55
3,"n",3.6,3981,49,"truth",7,9.22640723195298,7.17895677456175,3.14307967223497,0
3,"n",3.6,3981,49,"selected",14,34.4130469667298,99.0546453010782,22.3348807800278,9
4,"n",3.6,3981,49,"full",55,2557.21498412707,187832.448549632,915.422916053184,55
4,"n",3.6,3981,49,"trimmed",55,2557.21498412707,187832.448549632,915.422916053184,55
4,"n",3.6,3981,49,"truth",7,10.8287531113218,8.46385530535498,3.6348342362271,0
4,"n",3.6,3981,49,"selected",14,282.828682392016,4573.61905244839,45.4619647838526,9
5,"n",3.6,3981,49,"full",55,2068.06640024171,133113.814112388,1150.36613200246,55
5,"n",3.6,3981,49,"trimmed",34,349.611422114083,6087.09294494045,184.563801806897,34
5,"n",3.6,3981,49,"truth",7,10.3337527167459,8.41652728650929,3.31008711259621,0
5,"n",3.6,3981,49,"selected",18,248.43110298958,3733.55650180489,36.2833135807048,11
6,"n",3.6,3981,49,"full",55,2492.23510098269,201410.183060211,193.042269668668,55
6,"n",3.6,3981,49,"trimmed",34,414.161270102287,8282.10497901736,31.7714928542455,31
6,"n",3.6,3981,49,"truth",7,14.5948600221059,7.63151888262049,4.90162196251936,0
6,"n",3.6,3981,49,"selected",9,40.1056196639389,64.3624145116839,17.4353137975962,8
7,"n",3.6,3981,49,"full",55,1308.29270647947,64697.2415666252,186.932227485995,55
7,"n",3.6,3981,49,"trimmed",55,1308.29270647947,64697.2415666252,186.932227485995,55
7,"n",3.6,3981,49,"truth",7,10.7375094165496,8.16698467330066,3.89417807896425,0
7,"n",3.6,3981,49,"selected",14,247.208518502346,3302.71264629933,43.5825634321741,10
8,"n",3.6,3981,49,"full",55,1834.11130095487,112022.402967784,1388.6925138392,55
8,"n",3.6,3981,49,"trimmed",34,337.234250002715,5874.59088535488,198.162815198829,34
8,"n",3.6,3981,49,"truth",7,10.4022039448872,8.35333723828924,3.33462473518007,0
8,"n",3.6,3981,49,"selected",7,10.4022039448872,8.35333723828924,3.33462473518007,0
9,"n",3.6,3981,49,"full",55,525.875474483397,11672.374100199,358.142874761998,55
9,"n",3.6,3981,49,"trimmed",55,525.875474483397,11672.374100199,358.142874761998,55
9,"n",3.6,3981,49,"truth",7,8.6277144790004,7.52740145550019,2.60041901948382,0
9,"n",3.6,3981,49,"selected",25,123.24825467188,766.063742281758,54.1862826403101,22
0,"n",3.4,2512,49,"full",55,1437.72541605345,74401.4478944708,233.791717343732,55
0,"n",3.4,2512,49,"trimmed",34,255.406354794903,3500.70612563305,39.4449474320302,31
0,"n",3.4,2512,49,"truth",7,10.7149273541767,7.06611584419625,3.99609304788924,0
0,"n",3.4,2512,49,"selected",24,229.00926236159,3061.63447055831,36.4885311506606,21
1,"n",3.4,2512,49,"full",55,633.177234330921,15335.2022418545,767.006754635556,55
1,"n",3.4,2512,49,"trimmed",34,138.160388016633,1011.85479437569,61.0731972064864,33
1,"n",3.4,2512,49,"truth",7,9.17303797912028,8.53805175239119,2.55566225370729,0
1,"n",3.4,2512,49,"selected",7,9.17303797912028,8.53805175239119,2.55566225370729,0
2,"n",3.4,2512,49,"full",55,2363.88902276676,171544.41753507,456.74974443395,55
2,"n",3.4,2512,49,"trimmed",55,2363.88902276676,171544.41753507,456.74974443395,55
2,"n",3.4,2512,49,"truth",7,10.3465809529904,7.9705406176351,3.4117527517061,0
2,"n",3.4,2512,49,"selected",30,362.77492307376,6242.77584063324,64.908468107157,25
3,"n",3.4,2512,49,"full",55,1401.46798327895,66217.7543035297,529.947533139657,55
3,"n",3.4,2512,49,"trimmed",55,1401.46798327895,66217.7543035297,529.947533139657,55
3,"n",3.4,2512,49,"truth",7,9.30228237917617,7.31404348983287,2.93299136520356,0
3,"n",3.4,2512,49,"selected",7,9.30228237917617,7.31404348983287,2.93299136520356,0
4,"n",3.4,2512,49,"full",55,2201.21159972076,151501.033279687,974.86443407527,55
4,"n",3.4,2512,49,"trimmed",55,2201.21159972076,151501.033279687,974.86443407527,55
4,"n",3.4,2512,49,"truth",7,10.486487710163,7.72253666821844,3.77124606994838,0
4,"n",3.4,2512,49,"selected",11,225.920881440402,3280.135725689,33.8617724787275,7
5,"n",3.4,2512,49,"full",55,1678.84270006603,102133.850926085,859.202809918968,55
5,"n",3.4,2512,49,"trimmed",34,282.91775485797,4501.99695449657,143.041418238981,34
5,"n",3.4,2512,49,"truth",7,9.74705778648757,8.44780578761384,2.99402418080367,0
5,"n",3.4,2512,49,"selected",18,216.104203663041,3212.9646137521,25.3780584527308,13
6,"n",3.4,2512,49,"full",55,5390.00320692183,779800.606802093,629.245977276122,55
6,"n",3.4,2512,49,"trimmed",55,5390.00320692183,779800.606802093,629.245977276122,55
6,"n",3.4,2512,49,"truth",7,21.7656515448312,9.39607595936885,7.37842455480472,0
6,"n",3.4,2512,49,"selected",15,518.27348384934,8909.04860762552,690.243080510397,14
7,"n",3.4,2512,49,"full",55,3345.77115940402,325333.595188504,879.769840921371,55
7,"n",3.4,2512,49,"trimmed",55,3345.77115940402,325333.595188504,879.769840921371,55
7,"n",3.4,2512,49,"truth",7,11.0493864938839,8.02694806617991,3.96317399776789,0
7,"n",3.4,2512,49,"selected",9,226.169737579702,3723.46046229158,5.01077259147783,4
8,"n",3.4,2512,49,"full",55,1485.99535810476,87812.3794347358,1272.42546164699,55
8,"n",3.4,2512,49,"trimmed",34,270.758832705876,4293.33507704147,148.076704552381,34
8,"n",3.4,2512,49,"truth",7,9.81724520444415,8.32124694377006,3.40583940942426,0
8,"n",3.4,2512,49,"selected",7,9.81724520444415,8.32124694377006,3.40583940942426,0
9,"n",3.4,2512,49,"full",55,650.307740999389,14009.1772517489,808.41012015175,55
9,"n",3.4,2512,49,"trimmed",55,650.307740999389,14009.1772517489,808.41012015175,55
9,"n",3.4,2512,49,"truth",7,8.90614684980393,8.53323813647221,2.38202078378605,0
9,"n",3.4,2512,49,"selected",27,119.963772105664,889.168252194226,17.7708454884208,15
0,"n",3.2,1585,49,"full",55,5197.34244701783,859745.244831002,933.730552345482,55
0,"n",3.2,1585,49,"trimmed",55,5197.34244701783,859745.244831002,933.730552345482,55
0,"n",3.2,1585,49,"truth",7,12.6301153418161,7.47833260156758,4.89943087476425,0
0,"n",3.2,1585,49,"selected",11,208.898091445019,2637.16421422112,9.63374436461688,5
1,"n",3.2,1585,49,"full",55,9556.94237717092,3899317.235626,139864.073050554,55
1,"n",3.2,1585,49,"trimmed",34,1579.63111517464,153008.225791766,2203.5625919815,34
1,"n",3.2,1585,49,"truth",7,11.3252834345301,14.2212356503729,2.16821453056613,2
1,"n",3.2,1585,49,"selected",13,14.8499785463708,36.6643166630768,6.11463591461104,5
2,"n",3.2,1585,49,"full",55,4821.04548980694,674856.328917592,1721.46283949153,55
2,"n",3.2,1585,49,"trimmed",55,4821.04548980694,674856.328917592,1721.46283949153,55
2,"n",3.2,1585,49,"truth",7,10.7879894150546,7.93480011963141,3.76495167514184,0
2,"n",3.2,1585,49,"selected",7,10.7879894150546,7.93480011963141,3.76495167514184,0
3,"n",3.2,1585,49,"full",55,2495.50582731877,133335.120539163,4046.70516552265,55
3,"n",3.2,1585,49,"trimmed",55,2495.50582731877,133335.120539163,4046.70516552265,55
3,"n",3.2,1585,49,"truth",7,9.48408789943388,8.1003659996956,3.28456896101163,0
3,"n",3.2,1585,49,"selected",12,17.6963487792793,25.5549511935648,8.51223523415827,4
4,"n",3.2,1585,49,"full",55,4792.66800622549,539920.409150595,2885.07974740151,55
4,"n",3.2,1585,49,"trimmed",55,4792.66800622549,539920.409150595,2885.07974740151,55
4,"n",3.2,1585,49,"truth",7,12.4435302378356,8.81620280213836,4.57521384669109,0
4,"n",3.2,1585,49,"selected",19,95.3970863432502,460.825937905478,20.740189792945,13
5,"n",3.2,1585,49,"full",55,3058.90966138674,324492.519137976,4893.07097316609,55
5,"n",3.2,1585,49,"trimmed",34,276.687047441597,4518.67460101986,324.799157339877,34
5,"n",3.2,1585,49,"truth",7,8.66246144096396,7.34873778525234,2.77276531572046,0
5,"n",3.2,1585,49,"selected",18,203.758198112215,3089.86996239484,18.436196306749,11
6,"n",3.2,1585,49,"full",55,95157.5696368903,134157535.007029,29957.173838861,55
6,"n",3.2,1585,49,"trimmed",55,95157.5696368903,134157535.007029,29957.173838861,55
6,"n",3.2,1585,49,"truth",7,57.2883884514547,35.4012989825287,25.1810023079672,5
6,"n",3.2,1585,49,"selected",8,288.361521385263,1998.43669874751,14.2565488041816,5
7,"n",3.2,1585,49,"full",55,8675.60721405856,1776744.41026338,3816.91376390478,55
7,"n",3.2,1585,49,"trimmed",55,8675.60721405856,1776744.41026338,3816.91376390478,55
7,"n",3.2,1585,49,"truth",7,13.2762647894722,9.32433552407098,4.92623457727878,0
7,"n",3.2,1585,49,"selected",19,90.3228157831856,424.038582563431,21.9713253601634,13
8,"n",3.2,1585,49,"full",55,2088.3319810904,156570.227789694,2752.59795996566,55
8,"n",3.2,1585,49,"trimmed",34,272.717249445717,4285.48896475817,192.478679084954,34
8,"n",3.2,1585,49,"truth",7,8.98867627167136,7.48913785409506,3.06148207366511,0
8,"n",3.2,1585,49,"selected",8,18.006025013428,31.4722796405456,5.69835997563468,2
9,"n",3.2,1585,49,"full",55,21229.5551228745,8159901.14946519,490131.842021078,55
9,"n",3.2,1585,49,"trimmed",55,21229.5551228745,8159901.14946519,490131.842021078,55
9,"n",3.2,1585,49,"truth",7,12.015678808777,14.7733009173347,5.01768714868328,2
9,"n",3.2,1585,49,"selected",47,15781.6433875468,6034207.90731949,237892.445499936,47
0,"n",3,1000,49,"full",55,173221.14296692,706080392.35636,484083.763272635,55
0,"n",3,1000,49,"trimmed",55,173221.14296692,706080392.35636,484083.763272635,55
0,"n",3,1000,49,"truth",7,22.6320052169127,13.0087067859262,8.51001066295622,2
0,"n",3,1000,49,"selected",13,2814.2079436095,271929.612057379,675.80337995761,12
1,"n",3,1000,49,"full",55,831805.924724742,13396333907.0428,222974821.699988,55
1,"n",3,1000,49,"trimmed",55,831805.924724742,13396333907.0428,222974821.699988,55
1,"n",3,1000,49,"truth",7,10.7424699098256,14.0841530575451,9.83806685880288,3
1,"n",3,1000,49,"selected",41,377806.345435045,3932266818.3924,47909006.4468501,40
2,"n",3,1000,49,"full",55,117949.764641628,315480888.425981,363940.359173389,55
2,"n",3,1000,49,"trimmed",55,117949.764641628,315480888.425981,363940.359173389,55
2,"n",3,1000,49,"truth",7,13.9521395109666,9.87519071464367,5.23043465393629,0
2,"n",3,1000,49,"selected",9,325.509537378332,6800.78439052821,7.25539349024307,4
3,"n",3,1000,49,"full",55,22944.514984147,10803919.6337971,703510.504103185,55
3,"n",3,1000,49,"trimmed",55,22944.514984147,10803919.6337971,703510.504103185,55
3,"n",3,1000,49,"truth",7,10.119893700894,9.45535914588646,3.62672509296839,0
3,"n",3,1000,49,"selected",23,153.164288875262,1578.31979751853,143.339076742609,23
4,"n",3,1000,49,"full",55,159002.483590696,573965791.882007,385917.812803922,55
4,"n",3,1000,49,"trimmed",55,159002.483590696,573965791.882007,385917.812803922,55
4,"n",3,1000,49,"truth",7,14.9913663493592,10.6022267730345,5.41236967802509,1
4,"n",3,1000,49,"selected",18,3626.88877492392,469929.445836304,267.787671127245,16
5,"n",3,1000,49,"full",55,23015.0471279392,17533945.1278984,191249.819835879,55
5,"n",3,1000,49,"trimmed",55,23015.0471279392,17533945.1278984,191249.819835879,55
5,"n",3,1000,49,"truth",7,8.29157812714141,6.81989281327036,4.31346918373922,0
5,"n",3,1000,49,"selected",21,291.010390606779,5169.705901567,34.5466282132375,18
6,"n",3,1000,49,"full",55,8340067.99482889,562703770521.709,25243061.0435318,55
6,"n",3,1000,49,"trimmed",55,8340067.99482889,562703770521.709,25243061.0435318,55
6,"n",3,1000,49,"truth",7,153.753597213503,179.695263854744,150.707485794827,6
6,"n",3,1000,49,"selected",17,279503.213209614,841048776.364222,1510615.01904879,15
7,"n",3,1000,49,"full",55,125899.521732984,366519550.243664,339531.491939876,55
7,"n",3,1000,49,"trimmed",55,125899.521732984,366519550.243664,339531.491939876,55
7,"n",3,1000,49,"truth",7,15.0189083654038,10.3563423727513,5.47327908141071,1
7,"n",3,1000,49,"selected",14,2012.0479674458,171825.774571378,150.411578215765,9
8,"n",3,1000,49,"full",55,26089.3581071887,20386375.245849,200850.627419734,55
8,"n",3,1000,49,"trimmed",55,26089.3581071887,20386375.245849,200850.627419734,55
8,"n",3,1000,49,"truth",7,8.96910036895746,10.0193984209088,5.54874232994829,1
8,"n",3,1000,49,"selected",22,182.077400281389,2272.3261696199,21.8726941483479,17
9,"n",3,1000,49,"full",55,3934617.52516108,134291496522.26,2166636379.18762,55
9,"n",3,1000,49,"trimmed",55,3934617.52516108,134291496522.26,2166636379.18762,55
9,"n",3,1000,49,"truth",7,33.2535127429573,142.227269062358,18.115511110464,5
9,"n",3,1000,49,"selected",38,896491.568144573,16878730037.6301,239607322.816854,37
0,"n",2.8,631,49,"full",55,1584721.99128178,49547003178.0506,7779913.12754476,55
0,"n",2.8,631,49,"trimmed",55,1584721.99128178,49547003178.0506,7779913.12754476,55
0,"n",2.8,631,49,"truth",7,32.1076333823582,25.0370428381415,14.2008139611532,6
0,"n",2.8,631,49,"selected",16,12144.1429704494,4888964.8876344,141.204379287552,14
1,"n",2.8,631,49,"full",55,6686592.4007257,653642906730.115,10449017364.8467,55
1,"n",2.8,631,49,"trimmed",55,6686592.4007257,653642906730.115,10449017364.8467,55
1,"n",2.8,631,49,"truth",7,12.4036062880668,14.1495872840396,9.54582375723106,3
1,"n",2.8,631,49,"selected",32,50328.3982949735,95747143.0627541,8043360.28887848,32
2,"n",2.8,631,49,"full",55,272599.801754176,2153614380.46545,1417952.1115086,55
2,"n",2.8,631,49,"trimmed",55,272599.801754176,2153614380.46545,1417952.1115086,55
2,"n",2.8,631,49,"truth",7,12.2731099295008,9.41016115026499,5.1072710443291,0
2,"n",2.8,631,49,"selected",24,1623.15677108806,143746.172889448,120.398680969884,22
3,"n",2.8,631,49,"full",55,180468.691398849,551690975.041297,16433957.2035522,55
3,"n",2.8,631,49,"trimmed",55,180468.691398849,551690975.041297,16433957.2035522,55
3,"n",2.8,631,49,"truth",7,21.5300210775008,72.1221678920402,5.80570712664455,2
3,"n",2.8,631,49,"selected",21,631.481897967259,18090.5634301362,1049.71858469159,21
4,"n",2.8,631,49,"full",55,529151.109743102,7502160773.35513,2098651.39596081,55
4,"n",2.8,631,49,"trimmed",55,529151.109743102,7502160773.35513,2098651.39596081,55
4,"n",2.8,631,49,"truth",7,17.7724388673881,12.4977649295735,6.51245724017244,1
4,"n",2.8,631,49,"selected",7,17.7724388673881,12.4977649295735,6.51245724017244,1
5,"n",2.8,631,49,"full",55,123011.477351509,396812602.014575,2668222.08735953,55
5,"n",2.8,631,49,"trimmed",55,123011.477351509,396812602.014575,2668222.08735953,55
5,"n",2.8,631,49,"truth",7,10.5323565036587,8.69352764980819,4.60476318723454,0
5,"n",2.8,631,49,"selected",22,512.424563880807,12034.3159424828,397.616832239216,22
6,"n",2.8,631,49,"full",55,90773462.8695978,42891425022576.2,1223102790.47044,55
6,"n",2.8,631,49,"trimmed",55,90773462.8695978,42891425022576.2,1223102790.47044,55
6,"n",2.8,631,49,"truth",7,311.460202934841,578.920425420893,500.857617730783,6
6,"n",2.8,631,49,"selected",21,2593461.81930526,48246822297.611,13511245.0099105,21
7,"n",2.8,631,49,"full",55,670633.682106094,9587583629.76906,2719847.85572927,55
7,"n",2.8,631,49,"trimmed",55,670633.682106094,9587583629.76906,2719847.85572927,55
7,"n",2.8,631,49,"truth",7,23.4625699228115,17.48217195213,8.64799450686208,2
7,"n",2.8,631,49,"selected",30,8062.28745970512,2236691.51163194,408.171941734525,29
8,"n",2.8,631,49,"full",55,184705.901529462,790926026.364817,2662014.84678347,55
8,"n",2.8,631,49,"trimmed",55,184705.901529462,790926026.364817,2662014.84678347,55
8,"n",2.8,631,49,"truth",7,12.1776229338378,13.9096901056011,7.93073613422268,2
8,"n",2.8,631,49,"selected",27,2817.25942711636,194389.631519237,851.290917139533,27
9,"n",2.8,631,49,"full",55,46921275.8975262,31827559204031.8,270153842258.51,55
9,"n",2.8,631,49,"trimmed",55,46921275.8975262,31827559204031.8,270153842258.51,55
9,"n",2.8,631,49,"truth",7,36.9773271836815,144.432121994077,18.4504692131462,5
9,"n",2.8,631,49,"selected",26,1577785.96148853,73162048319.3569,1460524621.92781,25
0,"n",2.6,398,49,"full",55,76050946.4261057,76984609014880.3,1485401394.12911,55
0,"n",2.6,398,49,"trimmed",55,76050946.4261057,76984609014880.3,1485401394.12911,55
0,"n",2.6,398,49,"truth",7,60.7168574601259,59.6644438673074,27.5251441086092,6
0,"n",2.6,398,49,"selected",24,71078.437834313,297953115.474374,80072.0507443588,24
1,"n",2.6,398,49,"full",55,131621534.311072,81145939231900.8,864497481019.387,55
1,"n",2.6,398,49,"trimmed",55,131621534.311072,81145939231900.8,864497481019.387,55
1,"n",2.6,398,49,"truth",7,380.202599615956,3352.76064960385,420.387264515253,7
1,"n",2.6,398,49,"selected",14,2398.65302519356,102787.272722569,10563.450762869,14
2,"n",2.6,398,49,"full",55,12819317.4973549,2227299518976.51,86423298.5413226,55
2,"n",2.6,398,49,"trimmed",55,12819317.4973549,2227299518976.51,86423298.5413226,55
2,"n",2.6,398,49,"truth",7,19.5671593261245,27.6798903624702,12.4974464588644,4
2,"n",2.6,398,49,"selected",16,2345.30629973693,217412.019404188,584.641692888288,16
3,"n",2.6,398,49,"full",55,2957939.52739502,89815121300.4905,2916975161.64646,55
3,"n",2.6,398,49,"trimmed",55,2957939.52739502,89815121300.4905,2916975161.64646,55
3,"n",2.6,398,49,"truth",7,24.5836112077371,73.4652589435112,10.7593999119888,4
3,"n",2.6,398,49,"selected",14,391.476042307622,12065.0726945381,492.224113599441,14
4,"n",2.6,398,49,"full",55,6486292.17946097,668437792559.628,183265364.447395,55
4,"n",2.6,398,49,"trimmed",55,6486292.17946097,668437792559.628,183265364.447395,55
4,"n",2.6,398,49,"truth",7,16.2840184711189,14.716983325973,8.87323448122217,3
4,"n",2.6,398,49,"selected",19,15067.808787848,7430013.68774323,4703.36714991627,19
5,"n",2.6,398,49,"full",55,1072752.87273908,40803638835.4934,62219402.3998391,55
5,"n",2.6,398,49,"trimmed",55,1072752.87273908,40803638835.4934,62219402.3998391,55
5,"n",2.6,398,49,"truth",7,9.14761466440115,8.97709566222118,7.45580944051915,0
5,"n",2.6,398,49,"selected",26,2951.04423973126,522625.797046806,17891.8069743742,26
6,"n",2.6,398,49,"full",55,759029796.184001,3002399751580330,25212805859.0863,55
6,"n",2.6,398,49,"trimmed",55,759029796.184001,3002399751580330,25212805859.0863,55
6,"n",2.6,398,49,"truth",7,808.027067627732,5137.65132849118,4668.79762709127,6
6,"n",2.6,398,49,"selected",11,4781.16955423376,130540.333751734,39338.17238918,10
7,"n",2.6,398,49,"full",55,14316300.8550768,3455005467871.5,588360546.757625,55
7,"n",2.6,398,49,"trimmed",55,14316300.8550768,3455005467871.5,588360546.757625,55
7,"n",2.6,398,49,"truth",7,24.6810105295974,25.3806930767725,12.7832818120842,4
7,"n",2.6,398,49,"selected",21,96489.3878654824,328539311.036207,26978.7838954328,21
8,"n",2.6,398,49,"full",55,371277.759643227,1362527915.88683,49948332.0681144,55
8,"n",2.6,398,49,"trimmed",55,371277.759643227,1362527915.88683,49948332.0681144,55
8,"n",2.6,398,49,"truth",7,21.8771272286821,57.1054141371359,6.86283210993622,3
8,"n",2.6,398,49,"selected",25,9102.05476805547,3865074.39826463,89007.8447089891,25
9,"n",2.6,398,49,"full",55,1760900294.4633,4503599627370496,31940422889152.5,55
9,"n",2.6,398,49,"trimmed",55,1760900294.4633,4503599627370496,31940422889152.5,55
9,"n",2.6,398,49,"truth",7,554.398324342071,1209.05103270523,265.147808183605,7
9,"n",2.6,398,49,"selected",11,2948.46040661437,953086.330657338,7006.18153441716,10
0,"n",2.4,251,49,"full",55,802515175.801537,9007199254740992,822199840688.361,55
0,"n",2.4,251,49,"trimmed",55,802515175.801537,9007199254740992,822199840688.361,55
0,"n",2.4,251,49,"truth",7,143.83859037792,286.016838052743,139.097601521587,7
0,"n",2.4,251,49,"selected",13,9657.86913244212,4087373.62052547,376141.30173472,12
1,"n",2.4,251,49,"full",55,234778102.421343,321685687669321,3714308971027.21,55
1,"n",2.4,251,49,"trimmed",55,234778102.421343,321685687669321,3714308971027.21,55
1,"n",2.4,251,49,"truth",7,1753.7324034206,97470.1619382127,11250.779701325,7
1,"n",2.4,251,49,"selected",9,256.224922516176,1471.55992261779,46.9797598155493,7
2,"n",2.4,251,49,"full",55,68164600.532698,65269559816963.7,151348432354.964,55
2,"n",2.4,251,49,"trimmed",55,68164600.532698,65269559816963.7,151348432354.964,55
2,"n",2.4,251,49,"truth",7,64.4613064394072,410.295046894014,22.5405881285073,6
2,"n",2.4,251,49,"selected",26,297587.489835555,3258092694.15589,3729390.87086798,26
3,"n",2.4,251,49,"full",55,10115373.8132249,1007742140830.27,27203617166.6853,55
3,"n",2.4,251,49,"trimmed",55,10115373.8132249,1007742140830.27,27203617166.6853,55
3,"n",2.4,251,49,"truth",7,129.76269102592,1567.89708611984,152.247608343634,7
3,"n",2.4,251,49,"selected",8,90.5145555793114,1072.90058252487,8.76796146606326,4
4,"n",2.4,251,49,"full",55,53264839.7624228,49219668058693.9,35473704491.0874,55
4,"n",2.4,251,49,"trimmed",55,53264839.7624228,49219668058693.9,35473704491.0874,55
4,"n",2.4,251,49,"truth",7,123.05236927751,870.752402020255,169.408516244862,7
4,"n",2.4,251,49,"selected",19,21913.066135749,26723465.1748052,93260.0288236524,19
5,"n",2.4,251,49,"full",55,9103911.23171416,1568378766279.12,55632963081.4618,55
5,"n",2.4,251,49,"trimmed",55,9103911.23171416,1568378766279.12,55632963081.4618,55
5,"n",2.4,251,49,"truth",7,17.9452069502939,20.5444884672102,8.69242153271367,3
5,"n",2.4,251,49,"selected",24,13301.0838491543,5562890.48143193,229630.315553654,24
6,"n",2.4,251,49,"full",55,118875559187.587,1e+16,15857745166797.5,55
6,"n",2.4,251,49,"trimmed",55,118875559187.587,1e+16,15857745166797.5,55
6,"n",2.4,251,49,"truth",7,974.149705616455,9757.51358377027,7330.12109166226,7
6,"n",2.4,251,49,"selected",16,760784.04315733,10906540576.5203,44472384.9020186,16
7,"n",2.4,251,49,"full",55,100910763.422767,155296538874845,42447144905.8945,55
7,"n",2.4,251,49,"trimmed",55,100910763.422767,155296538874845,42447144905.8945,55
7,"n",2.4,251,49,"truth",7,100.155880414756,448.985444280927,90.8236174730803,7
7,"n",2.4,251,49,"selected",8,110.735823780822,522.069318865689,256.197234512005,8
8,"n",2.4,251,49,"full",55,21365954.8099872,6917971777834.86,29335971204.4874,55
8,"n",2.4,251,49,"trimmed",55,21365954.8099872,6917971777834.86,29335971204.4874,55
8,"n",2.4,251,49,"truth",7,40.6552635865678,154.510938571712,61.7114158281096,6
8,"n",2.4,251,49,"selected",10,2093.58687228957,321070.770910714,538.947067076436,9
9,"n",2.4,251,49,"full",55,33261539801.3052,1e+16,112589990684262,55
9,"n",2.4,251,49,"trimmed",55,33261539801.3052,1e+16,112589990684262,55
9,"n",2.4,251,49,"truth",7,4804.56653559295,119860.077236925,22176.2491104565,7
9,"n",2.4,251,49,"selected",12,139899.40289185,163409315.528062,57454.9534924963,12
0,"n",2.2,158,49,"full",55,60237306072.1817,1e+16,43724268226898,55
0,"n",2.2,158,49,"trimmed",55,60237306072.1817,1e+16,43724268226898,55
0,"n",2.2,158,49,"truth",7,425.770373645075,4570.88363355065,1169.44236322281,7
0,"n",2.2,158,49,"selected",13,16220.130512504,17622279.9078138,2910730.79676883,13
1,"n",2.2,158,49,"full",55,462597206.296842,1501199875790165,14863365106833.3,55
1,"n",2.2,158,49,"trimmed",55,462597206.296842,1501199875790165,14863365106833.3,55
1,"n",2.2,158,49,"truth",7,1665.64302953629,110055.894091765,9097.79278104605,7
1,"n",2.2,158,49,"selected",10,2005.71500840506,144024.173785132,592.295759758184,10
2,"n",2.2,158,49,"full",55,2185793414.29378,1e+16,13168419963071.6,55
2,"n",2.2,158,49,"trimmed",55,2185793414.29378,1e+16,13168419963071.6,55
2,"n",2.2,158,49,"truth",7,177.242185828929,2627.54752112244,168.64216421041,7
2,"n",2.2,158,49,"selected",20,168567.052428262,1211151335.40243,10429656.6714493,20
3,"n",2.2,158,49,"full",55,55958698.6831071,57370695890070,467396567627.056,55
3,"n",2.2,158,49,"trimmed",55,55958698.6831071,57370695890070,467396567627.056,55
3,"n",2.2,158,49,"truth",7,1094.02800986242,89261.365092565,9666.89927912039,7
3,"n",2.2,158,49,"selected",8,381.127230290106,14247.4200839516,532.477341039271,8
4,"n",2.2,158,49,"full",55,984053390.405085,9007199254740992,7764826943742.23,55
4,"n",2.2,158,49,"trimmed",55,984053390.405085,9007199254740992,7764826943742.23,55
4,"n",2.2,158,49,"truth",7,980.992854633509,14890.0956162048,6472.96311781114,7
4,"n",2.2,158,49,"selected",14,21652.0010207376,35662909.1232647,101077.352514866,14
5,"n",2.2,158,49,"full",55,1621426239.50683,9007199254740992,195808679450891,55
5,"n",2.2,158,49,"trimmed",55,1621426239.50683,9007199254740992,195808679450891,55
5,"n",2.2,158,49,"truth",7,324.966772567372,1730.64093574242,221.688238493652,7
5,"n",2.2,158,49,"selected",20,375505.216567872,2030760196.97532,1948368.01266678,20
6,"n",2.2,158,49,"full",55,576927984698.188,1e+16,500399958596722,55
6,"n",2.2,158,49,"trimmed",55,576927984698.188,1e+16,500399958596722,55
6,"n",2.2,158,49,"truth",7,4290.21049766423,62304.489925627,32886.5624709794,7
6,"n",2.2,158,49,"selected",11,53465.8555935636,342540742.498002,2471357.74206488,11
7,"n",2.2,158,49,"full",55,2966339528.30054,9007199254740992,22239998159854.3,55
7,"n",2.2,158,49,"trimmed",55,2966339528.30054,9007199254740992,22239998159854.3,55
7,"n",2.2,158,49,"truth",7,482.555983168162,3215.91711435464,661.29604916714,7
7,"n",2.2,158,49,"selected",10,5178.60062112119,1292651.16961975,9500.2978909764,10
8,"n",2.2,158,49,"full",55,72375467.8663112,90071992547409.9,452236745229.753,55
8,"n",2.2,158,49,"trimmed",55,72375467.8663112,90071992547409.9,452236745229.753,55
8,"n",2.2,158,49,"truth",7,518.652733212708,17222.722441082,2039.27278241946,7
8,"n",2.2,158,49,"selected",16,35133.1752278719,67444549.2740571,234247.84917867,16
9,"n",2.2,158,49,"full",55,56805684347.2199,1e+16,500399958596722,55
9,"n",2.2,158,49,"trimmed",55,56805684347.2199,1e+16,500399958596722,55
9,"n",2.2,158,49,"truth",7,18997.903434967,2522128.18129376,482022.849587121,7
9,"n",2.2,158,49,"selected",7,4760.8834960596,524839.137714017,151833.258474366,7
0,"n",2,100,49,"full",55,237352024980.243,1e+16,750599937895083,55
0,"n",2,100,49,"trimmed",55,237352024980.243,1e+16,750599937895083,55
0,"n",2,100,49,"truth",7,4965.88154325819,591027.518642235,139468.490043571,7
0,"n",2,100,49,"selected",6,29644.9228033743,51352246.3119945,6804506.90696824,6
1,"n",2,100,49,"full",55,11579808886.6954,1e+16,1801439850948198,55
1,"n",2,100,49,"trimmed",55,11579808886.6954,1e+16,1801439850948198,55
1,"n",2,100,49,"truth",7,2428.68056299645,214330.802207199,12308.5325432847,7
1,"n",2,100,49,"selected",17,32078.0899415437,30871069.8299016,2305513.73493053,17
2,"n",2,100,49,"full",55,19295340271.7961,1e+16,1801439850948198,55
2,"n",2,100,49,"trimmed",55,19295340271.7961,1e+16,1801439850948198,55
2,"n",2,100,49,"truth",7,1777.56841034198,152127.864701049,12352.8172497719,7
2,"n",2,100,49,"selected",18,4741002.05796817,1035667385850.41,218271226.810098,18
3,"n",2,100,49,"full",55,2475356421.945,9007199254740992,225179981368525,55
3,"n",2,100,49,"trimmed",55,2475356421.945,9007199254740992,225179981368525,55
3,"n",2,100,49,"truth",7,1566.86481881243,90427.806396097,17520.4062941358,7
3,"n",2,100,49,"selected",13,4825.40225999886,1113992.31474198,184646.380531247,13
4,"n",2,100,49,"full",55,3224806663803.75,1e+16,1801439850948198,55
4,"n",2,100,49,"trimmed",55,3224806663803.75,1e+16,1801439850948198,55
4,"n",2,100,49,"truth",7,12738.4812517817,792583.252079705,372601.104757245,7
4,"n",2,100,49,"selected",9,46475.3675205411,24861413.327691,6952017.06552457,9
5,"n",2,100,49,"full",55,68114718152.6507,1e+16,2251799813685248,55
5,"n",2,100,49,"trimmed",55,68114718152.6507,1e+16,2251799813685248,55
5,"n",2,100,49,"truth",7,3718.52678454803,236957.508735714,21611.0792848493,7
5,"n",2,100,49,"selected",20,5626259.27935317,408119585624.875,7641455189.7552,20
6,"n",2,100,49,"full",55,33003867794897.8,1e+16,3002399751580330,55
6,"n",2,100,49,"trimmed",55,33003867794897.8,1e+16,3002399751580330,55
6,"n",2,100,49,"truth",7,42506.2527265045,6966991.85896507,5658021.05964521,7
6,"n",2,100,49,"selected",13,10041135.8571908,618456416831.982,52377486696.5231,13
7,"n",2,100,49,"full",55,32437421739933.3,1e+16,2251799813685248,55
7,"n",2,100,49,"trimmed",55,32437421739933.3,1e+16,2251799813685248,55
7,"n",2,100,49,"truth",7,18028.534771556,1090756.34945034,641353.585839571,7
7,"n",2,100,49,"selected",12,754191.103664742,2053726610.44584,59534730.8099592,12
8,"n",2,100,49,"full",55,10548302624.6984,1e+16,474063118670578,55
8,"n",2,100,49,"trimmed",55,10548302624.6984,1e+16,474063118670578,55
8,"n",2,100,49,"truth",7,1389.71754574647,52100.4607290461,11653.5559238293,7
8,"n",2,100,49,"selected",8,1898.37443396562,214852.496497892,7657.15833918581,8
9,"n",2,100,49,"full",55,595730844774.32,1e+16,1501199875790165,55
9,"n",2,100,49,"trimmed",55,595730844774.32,1e+16,1501199875790165,55
9,"n",2,100,49,"truth",7,11449.3690285777,1248906.5305358,155950.229493438,7
9,"n",2,100,49,"selected",5,41.4661611253341,116.075755554721,27.1133099960085,4
