"system","eq","trial","snr","n","sg_order","sg_window","sigma","bp_lm","bp_p","bp_r2","white_lm","white_p","var_ratio","rho1","durbin_watson","sel_sigma","sel_bp_lm","sel_bp_p","sel_bp_r2","sel_white_lm","sel_white_p","sel_var_ratio","sel_rho1","sel_durbin_watson","selected","selected_intercept","screen_exact_truth","truth_in_selected","final","final_intercept","success","truth_in_final","n_spurious_final","truth_support_all_kept","var_e","var_d","var_g","var_h","var_dtrunc","var_dnoise","corr_e_d","corr_e_dtrunc","corr_e_g","r2_e_on_d","rho1_d","rho1_dtrunc","noise_sd_state"
"aizawa",3,0,10,5000,4,13,3.8824553741348,6.93677802062672,0.00844410809632442,0.00138735560412534,7.07026269736319,0.029154927276629,1.43620725678435,0.673242743058446,0.650142734543732,3.8819343520641,5.35481239086946,0.0206651575259543,0.00107096247817389,5.60823513583388,0.0605601878535357,1.36890214258638,0.673607517981041,0.6494342218901,"x3;x1^2;x2^3;x2^2 x3;x3^3;x1^4;x1^3 x2;x1^2 x2^2;x1^3 x3;x1 x2^2 x3;x1^2 x3^2;x1^2 x2^3;x1 x2^4;x1^2 x2^2 x3",TRUE,FALSE,FALSE,"x3;x2^3;x2^2 x3;x3^3;x1^3 x2;x1^2 x2^2;x1^2 x2^3;x1^2 x2^2 x3",TRUE,FALSE,FALSE,5,FALSE,15.0734597321482,15.0161493596868,0.0575273395950156,0.0145974427813041,1.06290012148017e-10,15.0161489946956,0.998234920201348,0.00218112462454207,0.0591633556589252,0.996472955909391,0.673081494894641,0.98891895374601,0.206050662135367
"aizawa",3,0,20,5000,4,13,1.27611669524827,1.5856134811865,0.207953966168252,0.0003171226962373,5.44941450858286,0.0655653938965137,1.45751654132072,0.68861702729882,0.617753503685369,1.27706435576766,1.35972983383718,0.243584309224478,0.000271945966767436,5.34384716715231,0.0691191409066505,1.43770899361457,0.689065089330237,0.616875680799286,"x3;x1^2;x2^2;x1^2 x3;x2^2 x3;x3^3;x1^2 x2^2",TRUE,FALSE,FALSE,"x3;x1^2;x2^2;x1^2 x3;x2^2 x3;x3^3",TRUE,FALSE,FALSE,0,TRUE,1.62847381989136,1.61979177242585,0.00545010415555841,0.000209813002310641,1.06290012148017e-10,1.61979130358222,0.998350355597405,0.0195229536541977,0.074616855142035,0.996703432521464,0.687784685967333,0.98891895374601,0.0651589405733573
"aizawa",3,0,30,5000,4,13,0.408041140554592,3.48323421353593,0.0619934665362802,0.000696646842707186,4.53464844142053,0.103588990852046,1.41673593916202,0.693364100144422,0.609509912283253,0.407932450664216,3.62032179319808,0.057077832033153,0.000724064358639617,4.65015002247992,0.0977761094690557,1.43657493666292,0.693222804627836,0.609820959026777,"x3;x1^2;x2^2;x1^2 x3;x2^2 x3;x3^3;x1^4;x1^2 x2^2;x2^4;x1^3 x3;x1^2 x2^2 x3",TRUE,FALSE,TRUE,"x3;x1^2;x2^2;x1^2 x3;x2^2 x3;x3^3;x1^3 x3",TRUE,TRUE,TRUE,0,TRUE,0.166497572385093,0.165414989746303,0.000559542941789873,2.46344643209165e-05,1.06290012148017e-10,0.165415072281724,0.998330495611005,-0.00995575542168645,0.0847993388990763,0.996663778466914,0.692531841060381,0.98891895374601,0.0206050662135367
"aizawa",3,0,40,5000,4,13,0.123492732744195,2.06547579697189,0.15066789751547,0.000413095159394378,3.4639019791768,0.176938867116701,1.36587624484597,0.681977717700544,0.63524943244629,0.123500898220395,2.03390800831799,0.153824625194801,0.000406781601663598,3.45544922283613,0.177688260175911,1.35358793673342,0.682022671775546,0.635076448954688,"x3;x1^2;x2^2;x1 x3;x3^2;x1^2 x3;x2^2 x3;x3^3;x1^4;x1^3 x3;x1^2 x3^2;x3^4",TRUE,FALSE,TRUE,"x3;x1^2;x2^2;x1^2 x3;x2^2 x3;x3^3;x1^3 x3",TRUE,TRUE,TRUE,0,TRUE,0.0152504550406292,0.015225859672434,5.46237318947216e-05,9.10898373334746e-07,1.06290012148017e-10,0.0152258709338459,0.998197572181122,-0.00201713447358713,0.0435116156002576,0.996398393108287,0.682134536237734,0.98891895374601,0.00651589405733573
"aizawa",3,0,45,5000,4,13,0.0693925431235492,2.14130267852662,0.143380094038905,0.000428260535705325,2.64292503612232,0.266744897318464,1.52746482514203,0.683403060547921,0.629478711244569,0.069393499166195,2.13932675039344,0.143564884267482,0.000427865350078687,2.64478403029353,0.266497073907218,1.5268951560729,0.683409778816326,0.629453051746718,"x3;x1^2;x2^2;x3^2;x1^2 x3;x2^2 x3;x3^3;x1^3 x3;x3^4",TRUE,FALSE,TRUE,"x3;x1^2;x2^2;x1^2 x3;x2^2 x3;x3^3;x1^3 x3",TRUE,TRUE,TRUE,0,TRUE,0.00481532504115364,0.00479227977972358,1.66079221594e-05,1.08837016146021e-06,1.06290012148017e-10,0.00479228434940031,0.998238816988697,-0.000115686576341108,0.0706288346565573,0.996480735742994,0.68293499392429,0.98891895374601,0.0036641564990021
"aizawa",3,0,50,5000,4,13,0.0390535652026066,18.4020286648442,1.78867448657543e-05,0.00368040573296883,23.9599300075902,6.26855304800267e-06,1.57766346979574,0.68190152378794,0.634891925709059,0.0390555641715961,18.4079833797068,1.78309355168173e-05,0.00368159667594136,23.9496530186788,6.30084687284764e-06,1.57358331560125,0.681932438459912,0.634811408313747,"x3;x1^2;x2^2;x3^2;x1^2 x3;x2^2 x3;x3^3;x1^3 x3;x3^4",TRUE,FALSE,TRUE,"x3;x1^2;x2^2;x1^2 x3;x2^2 x3;x3^3;x1^3 x3",TRUE,TRUE,TRUE,0,TRUE,0.00152518095503425,0.00151753345377805,5.35732447440204e-06,9.39722581788067e-08,1.06290012148017e-10,0.00151753727985392,0.998266557605621,-0.0061986501228103,0.0715234084571649,0.996536120033777,0.68135911061214,0.98891895374601,0.00206050662135367
"aizawa",3,0,55,5000,4,13,0.0226868794094517,1.08163390838031,0.298332326924774,0.000216326781676063,1.24096501049681,0.537684939189891,1.39590805796141,0.688233332099032,0.619535262472258,0.022686703089142,1.08160132859293,0.298339603904308,0.000216320265718586,1.24177314523089,0.537467722140331,1.39767261233461,0.688231902008029,0.619544309829379,"x3;x1^2;x2^2;x3^2;x1^2 x3;x2^2 x3;x3^3;x1^3 x3;x1^2 x3^2;x3^4",TRUE,FALSE,TRUE,"x3;x1^2;x2^2;x1^2 x3;x2^2 x3;x3^3;x1^3 x3",TRUE,TRUE,TRUE,0,TRUE,0.000514694497339004,0.000514350235723648,1.71613594094812e-06,2.54906423782915e-08,1.06290012148017e-10,0.000514357938639668,0.998323210765157,-0.0125353718666316,0.0348539489603428,0.996649233152452,0.688242384446921,0.98891895374601,0.00115870802401551
"aizawa",3,0,57,5000,4,13,0.0180952700058416,0.9535831635539,0.328808907844956,0.00019071663271078,2.58759053519679,0.274228036808142,1.47030759919919,0.688652088618727,0.611995621631918,0.0180929842745593,0.943524164845691,0.331373161618206,0.000188704832969138,2.58500154401947,0.274583253655795,1.46172724622248,0.688593127255622,0.612141350395869,"x3;x1^2;x2^2;x3^2;x1^2 x3;x2^2 x3;x3^3;x1^4;x1^2 x2^2;x1^3 x3;x1^2 x3^2;x3^4",TRUE,FALSE,TRUE,"x3;x1^2;x2^2;x1^2 x3;x2^2 x3;x3^3;x1^3 x3",TRUE,TRUE,TRUE,0,TRUE,0.000327438796584311,0.000325833065327321,1.18699012500002e-06,5.30431945656112e-08,1.06290012148017e-10,0.00032583093568015,0.998134346874839,0.00735842330058579,0.0717036557077894,0.996272174411261,0.687719898862014,0.98891895374601,0.000920394499277101
"aizawa",3,0,60,5000,4,13,0.0131135066202218,0.709264134971132,0.399688209526315,0.000141852826994227,2.476174968361,0.289938199414081,1.9410678231541,0.691993606609895,0.597461476189448,0.0131135372378115,0.709923917613285,0.399469070559134,0.000141984783522657,2.47799647643552,0.289674257239854,1.94050751894012,0.691999949830875,0.597446263271387,"x3;x1^2;x2^2;x3^2;x1^2 x3;x2^2 x3;x3^3;x1^3 x3;x3^4",TRUE,FALSE,TRUE,"x3;x1^2;x2^2;x1^2 x3;x2^2 x3;x3^3;x1^3 x3",TRUE,TRUE,TRUE,0,TRUE,0.0001719640558786,0.000170774624000853,5.66023955996371e-07,5.65034681568418e-09,1.06290012148017e-10,0.000170777241044517,0.998336147804175,-0.0107245250858194,0.089350804602371,0.996675064012479,0.691072912362837,0.98891895374601,0.000651589405733574
"aizawa",3,0,Inf,5000,4,13,9.59508815622827e-06,1351.43326551171,7.51998642859854e-296,0.270286653102341,1872.81646019353,0,870.673238477791,0.988564776221403,0.0227980886034861,8.12965068978426e-06,935.611776714903,1.77997276621806e-205,0.187122355342981,1309.58538828551,4.23785548963925e-285,52.5260836545226,0.987610318509308,0.0246973284702339,"x3;x1^2;x2^2;x1 x3;x3^2;x2^3;x1^2 x3;x2^2 x3;x3^3;x1^4;x1^2 x2^2;x2^4;x1^3 x3;x2 x3^3;x3^4",TRUE,FALSE,TRUE,"x3;x1^2;x2^2;x1 x3;x3^2;x1^2 x3;x2^2 x3;x3^3;x1^4;x1^2 x2^2;x1^3 x3;x2 x3^3;x3^4",TRUE,FALSE,TRUE,6,TRUE,9.2065716725792e-11,1.06290012148017e-10,6.31529612692217e-16,1.4038661097553e-11,1.06290012148017e-10,0,0.93120879149787,0.93120879149787,-0.226747515604751,0.867149813362923,0.98891895374601,0.98891895374601,0
"aizawa",3,1,10,5000,4,13,5.13008594276103,3.99010464383143,0.045768221706255,0.000798020928766286,4.12824830801115,0.126929412515562,1.27915359652244,0.682018820558209,0.634226292340476,5.13099157696084,3.2291113782943,0.072339932054828,0.000645822275658861,3.67667615372126,0.159081587909809,1.35202035224091,0.682183018678652,0.633914762188242,"x3;x1^2;x2^2;x3^2",TRUE,FALSE,FALSE,"x3;x1^2;x2^2;x3^2",TRUE,FALSE,FALSE,1,FALSE,26.3177817801143,26.2771812251429,0.064855174767745,0.0192062065117782,1.32857178079502e-10,26.2771818446833,0.998969385437434,-0.00607286664679969,0.0361603093720623,0.997939833041245,0.68196911451515,0.911746710356403,0.271901420911211
"aizawa",3,1,20,5000,4,13,1.65070961870451,0.245273716427743,0.620422838090915,4.90547432855485e-05,1.56350428800866,0.45760352120538,1.2290644126388,0.683549972113422,0.631949405597989,1.65205741984659,0.596004623135327,0.440106516611444,0.000119200924627065,6.4920861692258,0.0389279380394445,1.26125544243092,0.684071389540282,0.63092348977325,"x3;x1^2;x2^2;x1^2 x2^2;x2^4;x1^2 x3^2;x2^2 x3^2;x3^4",TRUE,FALSE,FALSE,"x3;x1^2;x2^2;x1^2 x3^2;x2^2 x3^2;x3^4",TRUE,FALSE,FALSE,3,TRUE,2.7248422452836,2.71617226800246,0.00647078205690344,0.000392469763449647,1.32857178079502e-10,2.71617302341913,0.998788539706482,-0.0220433732730188,0.0574573788788248,0.997578547049007,0.683372132288149,0.911746710356403,0.0859827789115561
"aizawa",3,1,30,5000,4,13,0.528930456995869,10.2748330698896,0.001348570743912,0.00205496661397792,10.8120698174553,0.00448940587087826,1.47876150197416,0.687558302940418,0.624434381882773,0.529370540388157,9.26659265384714,0.0023337145489054,0.00185331853076943,10.2491197867421,0.00594883490210511,1.48230471680288,0.688067110786294,0.623420225462514,"x3;x1^2;x2^2;x1 x3;x1^2 x3;x3^3;x1^2 x2^2;x2^4;x1^3 x3;x2^2 x3^2",TRUE,FALSE,FALSE,"x3;x1^2;x2^2;x1^2 x3;x3^3;x1^2 x2^2;x2^4;x1^3 x3;x2^2 x3^2",TRUE,FALSE,FALSE,3,TRUE,0.279767428337859,0.279885195408009,0.000656513377897185,1.46971397406079e-05,1.32857178079502e-10,0.279885530337442,0.998818788146814,-0.0257879619135413,0.0200870960375568,0.99763897155507,0.687534810900522,0.911746710356403,0.0271901420911211
"aizawa",3,1,40,5000,4,13,0.162137383451746,17.1628073965071,3.4308831877342e-05,0.00343256147930142,83.7741722068927,6.43679447225322e-19,1.44003148572372,0.679999775112513,0.630270841696882,0.164188885299975,26.2613348439211,2.9819945212849e-07,0.00525226696878422,102.553497708122,5.38010712024779e-23,1.61909241098519,0.688084458201666,0.614632092906452,"x3;x1^2;x2^2;x1^2 x3;x3^3;x1^3 x3;x2^2 x3^2",TRUE,FALSE,FALSE,"x3;x1^2;x2^2;x1^2 x3;x3^3;x1^3 x3;x2^2 x3^2",TRUE,FALSE,FALSE,1,TRUE,0.0262885311125786,0.026179303304365,6.33136437074904e-05,5.21414300088913e-06,1.32857178079502e-10,0.0261789752861673,0.998709554542162,0.0861369148824442,0.0685937377302664,0.997420774333803,0.679214765545858,0.911746710356403,0.00859827789115561
"aizawa",3,1,45,5000,4,13,0.0922385353643859,0.640742716569711,0.423441976667041,0.000128148543313942,8.98146861659382,0.011212407422137,1.36833871431271,0.673716325306178,0.650784353911725,0.093342619714228,0.139848247206633,0.708431921707945,2.79696494413266e-05,11.3834553971344,0.00337375909248733,1.42174718929173,0.681367977092324,0.635552474455094,"x3;x1^2;x2^2;x2 x3;x2^3;x1^2 x3;x1 x2 x3;x2 x3^2;x3^3;x1^2 x2^2;x1 x2^3;x2^4;x1^3 x3;x1 x2^2 x3;x2^3 x3;x1^2 x3^2;x1 x2 x3^2;x2^2 x3^2",TRUE,FALSE,FALSE,"x3;x1^2;x2^2;x2 x3;x2^3;x1^2 x3;x1 x2 x3;x2 x3^2;x3^3;x1^2 x2^2;x1 x2^3;x2^4;x1^3 x3;x2^3 x3;x1 x2 x3^2;x2^2 x3^2",TRUE,FALSE,FALSE,10,TRUE,0.00850794740616706,0.00851031974537463,2.12620611326164e-05,3.21071735580315e-06,1.32857178079502e-10,0.00851033432118677,0.998548118962877,-0.00833218771638055,0.0261282901377287,0.9970983458843,0.674114999229842,0.911746710356403,0.00483516698366733
"aizawa",3,1,50,5000,4,13,0.0524311172358946,3.23167680664896,0.0722266995550731,0.000646335361329793,6.86565216084764,0.0322955418847371,1.89664969043986,0.68401457154615,0.618050005107664,0.052425906147547,3.23961686440872,0.0718774451189086,0.000647923372881744,6.85951645778385,0.0323947719461025,1.90234123543354,0.683964539221969,0.618174875702261,"x2;x3;x1^2;x2^2;x2 x3;x1^2 x2;x2^3;x1^2 x3;x1 x2 x3;x2^2 x3;x2 x3^2;x3^3;x1^2 x2^2;x2^4;x1^3 x3;x1 x2^2 x3;x2^3 x3;x1^2 x3^2;x1 x2 x3^2;x2^2 x3^2",TRUE,FALSE,TRUE,"x3;x1^2;x2^2;x1^2 x3;x2^2 x3;x3^3;x1^3 x3",TRUE,TRUE,TRUE,0,TRUE,0.00274902205460413,0.00274223791155444,6.09952537499183e-06,3.66510672471509e-07,1.32857178079502e-10,0.00274223846365851,0.998838269725135,0.00277260966366588,0.0508877282338138,0.997677889067502,0.6840020813177,0.911746710356403,0.00271901420911211
"aizawa",3,1,55,5000,4,13,0.0281781270474091,13.0050645198485,0.000310649638769487,0.00260101290396969,91.5580630303926,1.31346718200979e-20,1.78683997480739,0.661448509939162,0.668690370013833,0.0281756357251801,12.9158389526319,0.000325813339117894,0.00258316779052637,91.4021464288066,1.41995991945317e-20,1.78608847125583,0.661377127583853,0.668794816012396,"x2;x3;x1^2;x2^2;x2 x3;x1^2 x2;x2^3;x1^2 x3;x1 x2 x3;x2^2 x3;x2 x3^2;x3^3;x1^2 x2^2;x2^4;x1^3 x3;x2^3 x3;x1 x2 x3^2;x2^2 x3^2",TRUE,FALSE,TRUE,"x3;x1^2;x2^2;x1^2 x3;x2^2 x3;x3^3;x1^3 x3",TRUE,TRUE,TRUE,0,TRUE,0.000794006843899928,0.000790691262876145,1.97034709074093e-06,3.20287388100132e-07,1.32857178079502e-10,0.00079064948431622,0.998560632840087,0.0670125629950383,0.0708500443869979,0.997123337457996,0.660552676496092,0.911746710356403,0.00152901405356349
"aizawa",3,1,57,5000,4,13,0.0226132892658864,16.1743521216893,5.77710405639938e-05,0.00323487042433785,20.957782964178,2.81238810789962e-05,1.30779138912511,0.677152152669438,0.644738138963195,0.0226031786307096,15.7057952395362,7.39971049162218e-05,0.00314115904790724,20.2700167637088,3.96663085443857e-05,1.30499905909314,0.676873954996691,0.645304425416261,"x2;x3;x1^2;x2^2;x2 x3;x1^2 x2;x2^3;x1^2 x3;x1 x2 x3;x2^2 x3;x2 x3^2;x3^3;x1^2 x2^2;x2^4;x1^3 x3;x2^3 x3;x1^2 x3^2;x1 x2 x3^2;x2^2 x3^2",TRUE,FALSE,TRUE,"x3;x1^2;x2^2;x1^2 x3;x2^2 x3;x3^3;x1^3 x3",TRUE,TRUE,TRUE,0,TRUE,0.000511360851422651,0.000510139139497527,1.22970545503118e-06,5.12813943835919e-08,1.32857178079502e-10,0.000510148670924601,0.998748345050268,-0.0219624616082223,0.0498718759010141,0.99749825674065,0.677031012741005,0.911746710356403,0.00121453903403571
"aizawa",3,1,60,5000,4,13,0.0163552808750688,2.75965218071634,0.0966692525469127,0.000551930436143268,13.3443062468538,0.00126567066994333,1.32936763776127,0.689029897253856,0.617278611717291,0.016350622001939,3.1041278443603,0.0780940485554743,0.00062082556887206,12.4581941018113,0.00197123101455168,1.32467175574026,0.688910265604581,0.617620981739481,"x2;x3;x1^2;x2^2;x2 x3;x1^2 x2;x2^3;x1^2 x3;x1 x2 x3;x2^2 x3;x2 x3^2;x3^3;x1^2 x2^2;x2^4;x1^3 x3;x2^3 x3;x1^2 x3^2;x1 x2 x3^2;x2^2 x3^2",TRUE,FALSE,TRUE,"x3;x1^2;x2^2;x1^2 x3;x2^2 x3;x3^3;x1^3 x3",TRUE,TRUE,TRUE,0,TRUE,0.000267495212502392,0.00026683104801894,6.48747336655841e-07,4.1254224075942e-08,1.32857178079502e-10,0.000266843909987022,0.998711824741679,-0.0364962847307405,0.0514117794791993,0.997425308878855,0.688733347411425,0.911746710356403,0.000859827789115561
"aizawa",3,1,Inf,5000,4,13,1.08183713802652e-05,120.622547568218,4.62214652391332e-28,0.0241245095136435,310.470378851381,3.82132376490623e-68,4948.45382267669,0.894754798990863,0.199526004603273,4.96904201310933e-06,24.6949138677371,6.71611800041399e-07,0.00493898277354743,151.666136953052,1.16443919365144e-33,1831.8093861873,0.380298788380034,0.904230863486988,"x2;x3;x1^2;x1 x2;x2^2;x1 x3;x2 x3;x3^2;x1^3;x1^2 x2;x1 x2^2;x2^3;x1^2 x3;x1 x2 x3;x2^2 x3;x1 x3^2;x2 x3^2;x3^3;x1^4;x1^3 x2;x1^2 x2^2;x1 x2^3;x2^4;x1^3 x3;x1^2 x2 x3;x1 x2^2 x3;x2^3 x3;x1^2 x3^2;x1 x2 x3^2;x2^2 x3^2;x1 x3^3;x2 x3^3;x3^4;x1^5;x1^4 x2;x1^3 x2^2;x1^2 x2^3;x1 x2^4;x1^4 x3;x1^3 x2 x3;x1^2 x2^2 x3;x1 x2^3 x3;x1^3 x3^2;x1^2 x2 x3^2;x1 x2^2 x3^2;x2^3 x3^2;x1^2 x3^3;x1 x2 x3^3;x2^2 x3^3;x1 x3^4;x3^5",TRUE,FALSE,TRUE,"x3;x1^2;x1 x2;x2^2;x1 x3;x3^2;x1^3;x1^2 x2;x1 x2^2;x1^2 x3;x2^2 x3;x3^3;x1 x2^3;x2^4;x1^3 x3;x1^2 x2 x3;x1 x2^2 x3;x2^3 x3;x1 x2 x3^2;x2^2 x3^2;x1 x3^3;x3^4;x1^5;x1^4 x2;x1^3 x2^2;x1^2 x2^3;x1 x2^4;x1^4 x3;x1^3 x2 x3;x1^2 x2^2 x3;x1 x2^3 x3;x1^3 x3^2;x1^2 x2 x3^2;x2^3 x3^2;x1^2 x3^3;x1 x2 x3^3;x2^2 x3^3;x1 x3^4;x3^5",TRUE,FALSE,TRUE,32,TRUE,1.17037159321341e-10,1.32857178079502e-10,1.69496570445727e-14,1.61135088041744e-11,1.32857178079502e-10,0,0.937009686875166,0.937009686875166,0.148440310877987,0.877987153297897,0.911746710356403,0.911746710356403,0
"aizawa",3,2,10,5000,4,13,4.26147673203937,2.01617372587287,0.155630878365705,0.000403234745174575,2.16752074923354,0.338320917254811,1.30946106609559,0.69934465049768,0.600539647722899,4.26250552467158,2.78921181843941,0.0949008944326639,0.000557842363687882,2.81832314280293,0.244348065699949,1.25929753402832,0.699512951202167,0.600170855709983,"x3;x1^2;x2^2;x2 x3;x3^2",TRUE,FALSE,FALSE,"x3;x1^2;x2^2;x3^2",TRUE,FALSE,FALSE,1,FALSE,18.160183937713,18.122027599497,0.0592539934360525,0.0130901409593975,1.23063187786378e-10,18.1220288048176,0.998393750902047,-0.01198071797694,0.0466277658021101,0.996790081840259,0.699193615071587,0.985163621320183,0.218958311359876
"aizawa",3,2,20,5000,4,13,1.34985228861288,4.39628479825544,0.0360173120500975,0.000879256959651088,6.01641741819666,0.0493800536250683,1.81513541374742,0.688305402467771,0.61262617487363,1.35141848261124,7.19460264618113,0.00731231808281977,0.00143892052923623,7.19460751339942,0.0273974932582163,1.87579537623799,0.688892119488531,0.611180702868604,"x3;x1^2;x2^2;x1^2 x3;x3^3;x2^4;x2^2 x3^2",TRUE,FALSE,FALSE,"x3;x1^2;x2^2;x1^2 x3;x3^3;x2^2 x3^2",TRUE,FALSE,FALSE,1,TRUE,1.82210120107343,1.82086018095862,0.00546298676888123,0.000394312488876178,1.23063187786378e-10,1.82086110406985,0.99838269405114,-0.0284536063603397,0.035612529657662,0.996768003780812,0.688037601753063,0.985163621320183,0.0692406976521527
"aizawa",3,2,30,5000,4,13,0.421213140932517,0.503344426751184,0.478034284614352,0.000100668885350237,0.719698570458165,0.697781484122926,1.98350443926272,0.676345715658724,0.636046298383732,0.424038531969032,0.214324488406695,0.643398824301617,4.28648976813389e-05,0.355880762010631,0.836992322642119,2.13611230129767,0.680702724412999,0.627608249516501,"x3;x1^2;x2^2;x1^2 x3;x2^2 x3;x3^3",TRUE,FALSE,FALSE,"x3;x1^2;x2^2;x1^2 x3;x2^2 x3;x3^3",TRUE,FALSE,FALSE,0,TRUE,0.177420510094236,0.17669015681416,0.00055784453332895,6.28431287027492e-06,1.23063187786378e-10,0.176690164460608,0.998427753685206,-0.00610547919850971,0.0647159169161985,0.996857979328886,0.67544394036069,0.985163621320183,0.0218958311359876
"aizawa",3,2,40,5000,4,13,0.131855318386518,9.83151084657897,0.00171547382532992,0.00196630216931579,13.1173757007494,0.00141774478367552,1.48778620649125,0.670475463345616,0.65559135950818,0.132250753326657,9.43037830136714,0.00213420259251898,0.00188607566027343,12.453062391141,0.00197629540263233,1.46837452568791,0.672466627360721,0.651630648284493,"x1;x3;x1^2;x2^2;x1 x3;x3^2;x1^2 x3;x2^2 x3;x2 x3^2;x3^3;x1^2 x2^2;x2^4;x1^2 x2 x3;x1 x2^2 x3;x1 x2 x3^2;x2^2 x3^2;x1 x3^3;x2 x3^3;x3^4;x1^5;x1^2 x2^3;x1^4 x3;x1^2 x2^2 x3",TRUE,FALSE,FALSE,"x1;x3;x1^2;x2^2;x1 x3;x1^2 x3;x2^2 x3;x3^3;x1^2 x2 x3;x1 x2^2 x3;x1 x2 x3^2;x1 x3^3;x3^4;x1^5",TRUE,FALSE,FALSE,8,TRUE,0.0173858249868101,0.0173310145909355,5.87801425022355e-05,4.39712269183511e-07,1.23063187786378e-10,0.0173310232977492,0.998311021070749,-0.000709589569028598,0.0561629771263798,0.996624894791322,0.67009898558766,0.985163621320183,0.00692406976521527
"aizawa",3,2,45,5000,4,13,0.076310755383146,0.128548272240989,0.71994201396097,2.57096544481978e-05,0.128920651045594,0.937573311255123,1.85141574794461,0.676537444927654,0.640782023583524,0.0772733158623474,0.726336139904349,0.394073372239603,0.00014526722798087,0.840102295424559,0.657013214232794,1.8648609451109,0.684542669396124,0.62510662353845,"x3;x1^2;x2^2;x1 x3;x3^2;x1 x2^2;x1^2 x3;x2^2 x3;x3^3;x2^4;x1 x2^2 x3;x1^2 x3^2;x2^2 x3^2;x1 x3^3;x3^4;x1^5;x1^4 x3;x1^3 x2 x3;x1^2 x2^2 x3;x1 x2^3 x3",TRUE,FALSE,FALSE,"x3;x1^2;x2^2;x1 x3;x1^2 x3;x2^2 x3;x3^3;x1 x2^2 x3;x1^2 x3^2;x1 x3^3;x3^4;x1^5;x1^4 x3;x1^3 x2 x3;x1^2 x2^2 x3",TRUE,FALSE,FALSE,9,TRUE,0.00582333138714635,0.00579087163795809,1.77769419208654e-05,1.30397042579901e-06,1.23063187786378e-10,0.00579089134843248,0.998356781290457,-0.00560585082322433,0.080117766843942,0.996716262748642,0.675744917207912,0.985163621320183,0.00389369056748159
"aizawa",3,2,50,5000,4,13,0.042745696957982,3.27356878920598,0.070404310347672,0.000654713757841196,3.8780028953403,0.143847517359504,1.19388929912597,0.692033404046782,0.615786445461321,0.0432160554698594,2.88395997667491,0.0894657578543902,0.000576791995334983,3.1154712198116,0.210612440378102,1.20174765168304,0.698633025077611,0.602479055506785,"x1;x3;x1^2;x1 x2;x2^2;x1 x3;x3^2;x1^3;x1^2 x2;x1 x2^2;x2^3;x1^2 x3;x1 x2 x3;x2^2 x3;x1 x3^2;x2 x3^2;x3^3;x1^4;x1^2 x2^2;x2^4;x1^2 x2 x3;x1 x2^2 x3;x1^2 x3^2;x1 x2 x3^2;x2^2 x3^2;x1 x3^3;x2 x3^3;x3^4;x1^5;x1^4 x2;x1^3 x2^2;x1^2 x2^3;x1^4 x3;x1^3 x2 x3;x1^2 x2^2 x3;x1 x2^3 x3;x1^2 x2 x3^2;x2^3 x3^2;x1^2 x3^3;x1 x3^4;x3^5",TRUE,FALSE,FALSE,"x1;x3;x1^2;x2^2;x1 x3;x1 x2^2;x1^2 x3;x2^2 x3;x1 x3^2;x3^3;x1^4;x1^2 x2^2;x1 x2^2 x3;x1 x2 x3^2;x3^4;x1^5;x1^3 x2 x3;x3^5",TRUE,FALSE,FALSE,12,TRUE,0.00182719460842363,0.00181740988671113,5.62207480701537e-06,2.88606829813774e-07,1.23063187786378e-10,0.00181742274264368,0.998437816262497,-0.0116903757336524,0.0763807439353868,0.996878072943023,0.691291674963396,0.985163621320183,0.00218958311359876
"aizawa",3,2,55,5000,4,13,0.0233724928446327,5.02080193208361,0.0250445675802248,0.00100416038641672,5.79602503057061,0.0551326866107407,1.58855884878276,0.68586036870636,0.626588824387624,0.0243147325628294,4.50182481458259,0.033858702730633,0.000900364962916518,4.56799303565471,0.101876241822432,1.49221878849569,0.710061323519778,0.578967317150388,"x1;x3;x1^2;x1 x2;x2^2;x1 x3;x3^2;x1^3;x1^2 x2;x1 x2^2;x2^3;x1^2 x3;x1 x2 x3;x2^2 x3;x1 x3^2;x2 x3^2;x3^3;x1^4;x1^2 x2^2;x2^4;x1^2 x2 x3;x1 x2^2 x3;x1^2 x3^2;x1 x2 x3^2;x2^2 x3^2;x1 x3^3;x2 x3^3;x3^4;x1^5;x1^4 x2;x1^3 x2^2;x1^2 x2^3;x1^4 x3;x1^3 x2 x3;x1^2 x2^2 x3;x1 x2^3 x3;x1^2 x2 x3^2;x2^3 x3^2;x1^2 x3^3;x1 x3^4;x3^5",TRUE,FALSE,FALSE,"x1;x3;x1^2;x1 x2;x2^2;x1 x3;x3^2;x1 x2^2;x1^2 x3;x1 x2 x3;x2^2 x3;x1 x3^2;x3^3;x1^4;x1^2 x2^2;x2^4;x1 x2^2 x3;x1^2 x3^2;x1 x2 x3^2;x2^2 x3^2;x3^4;x1^5;x1^3 x2^2;x1^4 x3;x1^3 x2 x3;x1^2 x2^2 x3;x1^2 x3^3;x1 x3^4;x3^5",TRUE,FALSE,FALSE,23,TRUE,0.000546273421772406,0.000543176893296139,1.80456031891074e-06,7.93830258655224e-08,1.23063187786378e-10,0.00054318144293003,0.998314232293356,-0.00611308607622867,0.0785220646846577,0.996631306399472,0.684739273391686,0.985163621320183,0.00123129306971554
"aizawa",3,2,57,5000,4,13,0.0180728553176873,1.06142543338232,0.302890301708006,0.000212285086676464,1.24720982208256,0.536008686952743,1.44858628338371,0.665122089576224,0.66895647105098,0.0194501892214178,1.79183915490267,0.180702240738926,0.000358367830980533,1.79268447682348,0.40805951773653,1.29388385598391,0.71015985756554,0.578270608282229,"x1;x2;x3;x1^2;x1 x2;x2^2;x1 x3;x3^2;x1^3;x1^2 x2;x1 x2^2;x2^3;x1^2 x3;x2^2 x3;x2 x3^2;x3^3;x1^4;x1^2 x2^2;x2^4;x1^2 x2 x3;x1 x2^2 x3;x1^2 x3^2;x1 x2 x3^2;x2^2 x3^2;x1 x3^3;x2 x3^3;x3^4;x1^5;x1^4 x2;x1^3 x2^2;x1^4 x3;x1^3 x2 x3;x1^2 x2^2 x3;x1 x2^3 x3;x2^3 x3^2;x1^2 x3^3;x1 x3^4",TRUE,FALSE,FALSE,"x1;x2;x3;x1^2;x1 x2;x2^2;x3^2;x1^3;x1^2 x2;x1 x2^2;x1^2 x3;x2^2 x3;x2 x3^2;x3^3;x1^4;x1^2 x2^2;x2^4;x1 x2^2 x3;x1^2 x3^2;x1 x3^3;x2 x3^3;x1^5;x1^3 x2^2;x1^4 x3;x1^3 x2 x3;x1^2 x2^2 x3;x1 x2^3 x3;x2^3 x3^2;x1^2 x3^3;x1 x3^4",TRUE,FALSE,FALSE,24,TRUE,0.000326628099334058,0.000325844131638147,1.14604237427304e-06,2.627247857846e-09,1.23063187786378e-10,0.000325841349449359,0.998245845442709,0.00614522358932812,0.0498549223047765,0.996494767943629,0.664706098632141,0.985163621320183,0.000978050850495383
"aizawa",3,2,60,5000,4,13,0.0135319031627489,8.96810500925105,0.00274733396289355,0.00179362100185021,8.9738534975059,0.0112551807102731,1.33419016725073,0.693795510120572,0.609650172566691,0.0156682714777793,17.1661607845223,3.42483175526493e-05,0.00343323215690446,17.909667935183,0.000129111528179035,1.73978361263998,0.770406837313994,0.456211972530867,"x1;x2;x3;x1^2;x2^2;x1 x3;x3^2;x1^3;x1^2 x2;x1 x2^2;x1^2 x3;x1 x2 x3;x2^2 x3;x3^3;x1^4;x1^2 x2^2;x2^4;x1 x2^2 x3;x1^2 x3^2;x1 x2 x3^2;x2^2 x3^2;x1 x3^3;x3^4;x1^5;x1^3 x2^2;x1^4 x3;x1^3 x2 x3;x1^2 x2^2 x3;x1 x2^3 x3;x2^3 x3^2;x1^2 x3^3;x1 x3^4",TRUE,FALSE,FALSE,"x1;x2;x3;x1^2;x2^2;x3^2;x1^3;x1^2 x2;x1 x2^2;x1^2 x3;x1 x2 x3;x2^2 x3;x3^3;x1^4;x1^2 x2^2;x2^4;x1 x2^2 x3;x1^2 x3^2;x1 x2 x3^2;x1 x3^3;x3^4;x1^5;x1^3 x2^2;x1^4 x3;x1^3 x2 x3;x1^2 x2^2 x3;x1 x2^3 x3;x2^3 x3^2;x1^2 x3^3;x1 x3^4",TRUE,FALSE,FALSE,24,TRUE,0.000183112403206014,0.000182813689099573,5.61732227374069e-07,6.06632881085003e-08,1.23063187786378e-10,0.000182817128598471,0.998323006804184,-0.00959289763285544,0.0449147138133453,0.996648825914546,0.693533287431126,0.985163621320183,0.000692406976521527
"aizawa",3,2,Inf,5000,4,13,9.98024713740757e-06,1339.27523449422,3.29806662397843e-293,0.267855046898845,1723.70038472347,0,441.236342831558,0.983594567530391,0.0326558728481186,0.0112630510958835,168.874178333068,1.30335236208958e-38,0.0337748356666136,170.222586320866,1.08801537562987e-37,29.6356957722316,0.99718905532285,0.00561773512182006,"x2;x3;x1^2;x2^2;x1 x3;x3^2;x1^3;x1 x2^2;x1^2 x3;x1 x2 x3;x2^2 x3;x2 x3^2;x3^3;x1^4;x1^2 x2^2;x2^4;x2^3 x3;x1^2 x3^2;x2^2 x3^2;x1 x3^3;x2 x3^3;x3^4;x1^5;x1^4 x3;x1^3 x2 x3;x1^2 x2^2 x3;x1 x2^3 x3",TRUE,FALSE,FALSE,"x2;x3;x1^2;x2^2;x1 x3;x3^2;x1^3;x1 x2^2;x1^2 x3;x1 x2 x3;x2^2 x3;x2 x3^2;x3^3;x1^4;x1^2 x2^2;x2^4;x2^3 x3;x1^2 x3^2;x1 x3^3;x2 x3^3;x3^4;x1^5;x1^4 x3;x1^3 x2 x3;x1^2 x2^2 x3;x1 x2^3 x3",TRUE,FALSE,FALSE,20,TRUE,9.9605332923732e-11,1.23063187786378e-10,8.89944070218801e-16,2.31695330619096e-11,1.23063187786378e-10,0,0.90033357470792,0.90033357470792,-0.16158943308476,0.810600545746342,0.985163621320183,0.985163621320183,0
"aizawa",3,3,10,5000,4,13,4.3484869181551,0.0784311009392814,0.779434900458802,1.56862201878563e-05,2.32473042796792,0.312745595150919,1.35190579132425,0.676521735695049,0.641854826559941,4.34932136970598,0.0331006921342173,0.855632986464103,6.62013842684345e-06,1.98129057290498,0.371336994961895,1.2875771436441,0.676667741650135,0.64155880884311,"x3;x1^2;x2^2;x3^2",TRUE,FALSE,FALSE,"x3;x1^2;x2^2;x3^2",TRUE,FALSE,FALSE,1,FALSE,18.9093384773661,18.9433761203711,0.0640754321300523,0.0154152056480942,1.71269187134698e-10,18.9433710566362,0.998441302030463,0.0385126089054245,0.0112050784081764,0.996885033600286,0.676206359653058,0.903809085566212,0.240332964776552
"aizawa",3,3,20,5000,4,13,1.41254657169911,15.9632781230507,6.45831711048383e-05,0.00319265562461015,16.3614180372513,0.000280003342147374,1.52226981109711,0.669267095274082,0.65899523666822,1.41290050228378,15.2530226945106,9.40261561246401e-05,0.00305060453890213,15.6904033488729,0.000391626619081139,1.36020721194589,0.669419374437397,0.658756930452014,"x3;x1^2;x2^2;x1^3 x3;x1^2 x3^2;x2^2 x3^2;x3^4",TRUE,FALSE,FALSE,"x3;x1^2;x2^2;x1^3 x3;x1^2 x3^2;x2^2 x3^2;x3^4",TRUE,FALSE,FALSE,3,TRUE,1.99528781721892,1.98811168565712,0.00594623231207719,0.000688675786466447,1.71269187134698e-10,1.98811286723082,0.998423360213504,-0.0308993705001729,0.0618826463181541,0.996849206220024,0.669126131676655,0.903809085566212,0.0759999565514924
"aizawa",3,3,30,5000,4,13,0.457115767780067,5.89881300309354,0.0151510921955664,0.00117976260061871,6.30393935157128,0.0427678051408795,1.45298707155477,0.672997471841266,0.6517492872568,0.458463843826594,5.01125430779029,0.0251830546941373,0.00100225086155806,5.83391360246767,0.0540980682260566,1.45753298599679,0.675024281379228,0.647965680194422,"x3;x1^2;x2^2;x1^2 x3;x3^3;x1^2 x3^2;x2^2 x3^2",TRUE,FALSE,FALSE,"x3;x1^2;x2^2;x1^2 x3;x3^3;x1^2 x3^2;x2^2 x3^2",TRUE,FALSE,FALSE,2,TRUE,0.20895482515316,0.208621892308689,0.000584761580037026,3.29123805131802e-05,1.71269187134698e-10,0.208621661324119,0.998576811547638,0.0130622166097223,0.0420149034999305,0.997155648560646,0.673086853984397,0.903809085566212,0.0240332964776552
"aizawa",3,3,40,5000,4,13,0.144134343646294,0.0785512392098081,0.779270411431506,1.57102478419616e-05,3.51312355458919,0.172637410450103,1.48175759378878,0.674287218791331,0.649297346637274,0.144134377054906,0.0789217293704589,0.77876400216787,1.57843458740918e-05,3.51688321387455,0.172313186367001,1.48174210809131,0.674287360583825,0.649297334228711,"x3;x1^2;x2^2;x1^2 x3;x2^2 x3;x3^3;x1^3 x3",TRUE,TRUE,TRUE,"x3;x1^2;x2^2;x1^2 x3;x2^2 x3;x3^3;x1^3 x3",TRUE,TRUE,TRUE,0,TRUE,0.0207747090183479,0.0207485253555243,6.24160740802258e-05,9.72543180449643e-07,1.71269187134698e-10,0.020748542240276,0.998480979322051,-0.00406795525483826,0.0392000520372192,0.996964266067922,0.67422405154793,0.903809085566212,0.00759999565514924
"aizawa",3,3,45,5000,4,13,0.0819600290482375,2.79788241927933,0.0943888932975542,0.000559576483855866,3.64832470256977,0.161352744457645,1.22347261350172,0.675284423618921,0.64838576442467,0.0819489769201357,2.72929350192288,0.0985228594044763,0.000545858700384577,3.58347689506172,0.166670170319692,1.21120013071919,0.675172052144369,0.648554097065993,"x3;x1^2;x2^2;x1^2 x3;x2^2 x3;x3^3;x1^2 x2^2;x1^3 x3;x1^2 x3^2;x2^2 x3^2;x1^2 x2^2 x3;x2^4 x3",TRUE,FALSE,TRUE,"x3;x1^2;x2^2;x1^2 x3;x2^2 x3;x3^3;x1^3 x3",TRUE,TRUE,TRUE,0,TRUE,0.00671744636158793,0.00672328021073833,1.98718987373951e-05,1.95833255885694e-07,1.71269187134698e-10,0.00672320486087216,0.998524604724289,0.0309293135866686,0.019188977276992,0.997051386239797,0.67552625219172,0.903809085566212,0.00427379162815752
"aizawa",3,3,50,5000,4,13,0.0453300222804229,4.13253503766266,0.0420662899845949,0.000826507007532533,12.7029661976853,0.00174415845771252,1.55749726319026,0.685015144371438,0.629781571101531,0.0453248759050685,4.02309540949365,0.0448812686667512,0.00080461908189873,12.3806135639048,0.00204919799987284,1.55722755505753,0.684947448189497,0.629918876112551,"x3;x1^2;x2^2;x1^2 x3;x2^2 x3;x3^3;x1^2 x2^2;x1^3 x3;x1^2 x3^2;x2^2 x3^2;x2^4 x3",TRUE,FALSE,TRUE,"x3;x1^2;x2^2;x1^2 x3;x2^2 x3;x3^3;x1^3 x3",TRUE,TRUE,TRUE,0,TRUE,0.00205481091994364,0.00204913662066173,5.77446572200084e-06,2.8239670820615e-07,1.71269187134698e-10,0.00204913601475796,0.998519925399344,-0.00220479234643575,0.0539663229500189,0.997042041419511,0.684783145162386,0.903809085566212,0.00240332964776552
"aizawa",3,3,55,5000,4,13,0.026567309578352,0.00155179475663238,0.968577199328786,3.10358951326475e-07,7.77686848301978,0.0204773835870668,2.0302987929215,0.691149849149699,0.608216083874344,0.0265665443220899,0.00155128497133457,0.968582358488726,3.10256994266914e-07,7.76471917635781,0.0206021551818888,2.03104768756113,0.691132709463398,0.608250618078646,"x3;x1^2;x2^2;x1^2 x3;x2^2 x3;x3^3;x1^3 x3;x1^2 x3^2;x2^2 x3^2;x1^2 x2^2 x3;x2^4 x3",TRUE,FALSE,TRUE,"x3;x1^2;x2^2;x1^2 x3;x2^2 x3;x3^3;x1^3 x3",TRUE,TRUE,TRUE,0,TRUE,0.000705821938231994,0.000703332543634429,1.98393535093027e-06,8.59909519568092e-08,1.71269187134698e-10,0.00070332497722538,0.998573067820217,0.00945554607350278,0.0602664726499403,0.99714817177588,0.690818184552368,0.903809085566212,0.00135149157899372
"aizawa",3,3,57,5000,4,13,0.0207209090910397,7.70179667573617,0.00551658865272843,0.00154035933514723,8.25108477436387,0.0161547300929758,1.50752895953549,0.685319584613466,0.628959961654125,0.0207142365845605,7.20978834558656,0.00725070443462489,0.00144195766911731,8.07990689541383,0.017598291637385,1.50775444045231,0.68515239642703,0.629354063591012,"x3;x1^2;x2^2;x1^2 x3;x2^2 x3;x3^3;x1^4;x1^3 x3;x1^2 x3^2;x2^2 x3^2;x1^4 x3;x1^2 x2^2 x3;x2^4 x3",TRUE,FALSE,TRUE,"x3;x1^2;x2^2;x1^2 x3;x2^2 x3;x3^3;x1^3 x3",TRUE,TRUE,TRUE,0,TRUE,0.000429356073559131,0.000428837702470774,1.35049241082086e-06,1.19029250089475e-07,1.71269187134698e-10,0.00042883883075265,0.998282673025845,0.00802775804303858,0.0413718440814953,0.996568295263626,0.685230921884319,0.903809085566212,0.00107352792018681
"aizawa",3,3,60,5000,4,13,0.0148106659820696,0.277473730047007,0.598361824349934,5.54947460094013e-05,3.35411011140152,0.186923645994114,1.60131485554284,0.683815410589827,0.624946342758659,0.0148040614332878,0.376808824066708,0.539316067287149,7.53617648133416e-05,3.0211459727013,0.220783435814208,1.60192911267961,0.68363968013262,0.625519076968273,"x1;x2;x3;x1^2;x2^2;x1^2 x3;x2^2 x3;x3^3;x1^3 x3;x1^2 x3^2;x2^2 x3^2;x1^4 x3;x1^2 x2^2 x3;x2^4 x3",TRUE,FALSE,TRUE,"x3;x1^2;x2^2;x1^2 x3;x2^2 x3;x3^3;x1^3 x3;x1^2 x3^2",TRUE,FALSE,TRUE,1,TRUE,0.000219355826832433,0.000218661361489402,6.22239968507806e-07,4.93480146206011e-08,1.71269187134698e-10,0.000218680485332098,0.998521537561744,-0.0411236834432989,0.057433713603706,0.99704526097467,0.683109256950389,0.903809085566212,0.000759999565514924
"aizawa",3,3,Inf,5000,4,13,1.15853547454921e-05,102.301309667018,4.76876738407634e-24,0.0204602619334036,221.506807433486,7.95074662988694e-49,1071.18056575477,0.874950247405192,0.235532237233803,6.12825062466462e-06,17.8931160246966,2.33664786950525e-05,0.00357862320493932,76.4986501779614,2.44640962837758e-17,1530.00724150964,0.451739028871813,0.823131214708782,"x1;x2;x3;x1^2;x2^2;x1 x3;x2 x3;x2^3;x1^2 x3;x2^2 x3;x1 x3^2;x3^3;x1^4;x1^2 x2^2;x1^3 x3;x1 x2^2 x3;x2^3 x3;x1^2 x3^2;x2^2 x3^2;x1 x3^3;x1^4 x2;x1^4 x3;x1^2 x2^2 x3;x2^4 x3;x1^2 x2 x3^2;x2^3 x3^2;x1^2 x3^3;x2^2 x3^3",TRUE,FALSE,TRUE,"x2;x3;x1^2;x2^2;x1 x3;x2^3;x1^2 x3;x2^2 x3;x1 x3^2;x3^3;x1^4;x1^2 x2^2;x1^3 x3;x1 x2^2 x3;x2^3 x3;x2^2 x3^2;x1 x3^3;x1^4 x2;x1^2 x2^2 x3;x2^4 x3;x1^2 x2 x3^2;x2^3 x3^2;x2^2 x3^3",TRUE,FALSE,TRUE,16,TRUE,1.34220444578897e-10,1.71269187134698e-10,5.97648506761999e-15,3.69205180007978e-11,1.71269187134698e-10,0,0.885195583325347,0.885195583325347,0.0392023060547154,0.783571220738701,0.903809085566212,0.903809085566212,0
"aizawa",3,4,10,5000,4,13,3.93367093525192,3.15559733026438e-06,0.998582638528473,6.31119466052876e-10,0.327716801991334,0.848862211414599,1.27334993468642,0.665921345100399,0.667058727247631,3.92324435747704,0.123168410584196,0.725623178844244,2.46336821168392e-05,0.809544740477554,0.667128651911787,1.18567221851675,0.664771103086798,0.669404478189536,"x3;x1^2;x1 x2;x2^2;x3^2;x1 x2^2;x1 x2 x3;x2^2 x3;x3^3;x1^4;x1^2 x2^2;x1 x2^3;x1^2 x2 x3;x1 x2 x3^2;x1 x3^3;x1^3 x2^2;x1^2 x2^2 x3;x1 x2^3 x3;x2^4 x3;x1^3 x3^2;x1 x2^2 x3^2;x1^2 x3^3;x2^2 x3^3",TRUE,FALSE,FALSE,"x3;x1^2;x1 x2;x2^2;x2^2 x3;x1 x2^3;x1 x2 x3^2;x1 x2^3 x3;x2^4 x3;x1^2 x3^3;x2^2 x3^3",TRUE,FALSE,FALSE,7,FALSE,15.4737670268457,15.4599669497707,0.0617916636089679,0.0122567027937489,1.23731895973526e-10,15.4599661327327,0.998147723728991,0.00788381646516607,0.03657475404205,0.996298878385367,0.665869407393065,0.99194593745757,0.214949507586923
"aizawa",3,4,20,5000,4,13,1.39263912510454,0.238081733922883,0.625595033386321,4.76163467845766e-05,0.983059699198296,0.611689884482995,2.05338837655342,0.698720214474866,0.58249274034024,1.39390053140444,0.440259914586781,0.506997032339475,8.80519829173562e-05,1.31863396865035,0.517204472640427,2.25083854961496,0.699254402071265,0.581391109801276,"x3;x1^2;x2^2;x1^2 x3^2;x2^2 x3^2;x3^4;x1^2 x2^3",TRUE,FALSE,FALSE,"x3;x1^2;x2^2;x1^2 x3^2;x2^2 x3^2;x3^4;x1^2 x2^3",TRUE,FALSE,FALSE,4,TRUE,1.93944373277194,1.94018877173053,0.00603602457655952,0.00029125102711923,1.23731895973526e-10,1.94018869706764,0.998414513819457,0.0025228971139668,0.0251181407964115,0.996831541405342,0.698434051220707,0.99194593745757,0.0679730025906319
"aizawa",3,4,30,5000,4,13,0.411678254430405,0.0328455115806684,0.856184452223058,6.56910231613367e-06,0.042813616012854,0.978820691470463,1.3310211295876,0.681273189209909,0.636550727495784,0.414345885287937,0.758253496046964,0.383875639806215,0.000151650699209393,0.934417854221419,0.626749131847199,1.31817027320529,0.685315377649909,0.62848918143059,"x3;x1^2;x2^2;x1^2 x3;x2^2 x3;x3^3",TRUE,FALSE,FALSE,"x3;x1^2;x2^2;x1^2 x3;x2^2 x3;x3^3",TRUE,FALSE,FALSE,0,TRUE,0.169478985170865,0.168395003475193,0.000597219806649119,1.19769290408428e-05,1.23731895973526e-10,0.168394954062321,0.998240390673794,0.00697624937486443,0.0834717563313474,0.99648387757257,0.680080526053358,0.99194593745757,0.0214949507586923
"aizawa",3,4,40,5000,4,13,0.129414794491001,0.00933954945349882,0.923011222034775,1.86790989069976e-06,2.05085372520809,0.358643341296209,1.29543958941174,0.670496077050841,0.654736054718256,0.129393290928118,0.00577949716798614,0.939400796449309,1.15589943359723e-06,2.06578783279552,0.355975305753224,1.30095362225199,0.670379209681607,0.654962367317894,"x3;x1^2;x2^2;x1 x3;x1^2 x3;x2^2 x3;x3^3;x1^2 x2^2;x2^4;x1^3 x3;x2^2 x3^2;x3^4;x1^2 x2^3;x2^4 x3;x2^3 x3^2",TRUE,FALSE,TRUE,"x3;x1^2;x2^2;x1^2 x3;x2^2 x3;x3^3;x1^3 x3",TRUE,TRUE,TRUE,0,TRUE,0.0167481890331479,0.016714492950552,6.1206019474393e-05,3.90973985782748e-06,1.23731895973526e-10,0.0167144649206961,0.998090579562499,0.00897998233162613,0.0480231585907646,0.996184805011406,0.670418099477165,0.99194593745757,0.00679730025906319
"aizawa",3,4,45,5000,4,13,0.0760940754289362,0.211629755898813,0.64549300604778,4.23259511797626e-05,1.24861739597176,0.535631583752395,2.07090368306789,0.687671338582155,0.60988030937321,0.0760881202980941,0.209942887692956,0.646812171721059,4.19885775385912e-05,1.24633542592261,0.536243080155926,2.07236443839383,0.687636736993125,0.609970092159978,"x3;x1^2;x2^2;x1^2 x3;x2^2 x3;x3^3;x2^4;x1^3 x3;x2^2 x3^2;x3^4;x1^2 x2^2 x3;x2^4 x3;x2^3 x3^2",TRUE,FALSE,TRUE,"x3;x1^2;x2^2;x1^2 x3;x2^2 x3;x3^3;x1^3 x3",TRUE,TRUE,TRUE,0,TRUE,0.00579030831538464,0.00578000753330968,1.96351099620505e-05,5.05844035610675e-07,1.23731895973526e-10,0.00578000747807437,0.998260702290067,0.00316697068256943,0.0451298661177578,0.996524429736659,0.687176261388642,0.99194593745757,0.0038224028353983
"aizawa",3,4,50,5000,4,13,0.0407571877200193,0.000467607573460311,0.982747700686206,9.35215146920622e-08,0.437702998996328,0.803441020689932,1.34480624011546,0.67101172422399,0.657224245670713,0.0407490637051911,8.48450792716308e-05,0.992650678434459,1.69690158543262e-08,0.442312538710616,0.801591406329922,1.32495435420738,0.670878380314939,0.657424504205206,"x3;x1^2;x2^2;x1 x3;x3^2;x1^2 x3;x2^2 x3;x3^3;x1^2 x2^2;x2^4;x1^3 x3;x2^2 x3^2;x3^4;x1^2 x2^2 x3;x2^4 x3;x2^3 x3^2",TRUE,FALSE,TRUE,"x3;x1^2;x2^2;x1^2 x3;x2^2 x3;x3^3;x1^3 x3",TRUE,TRUE,TRUE,0,TRUE,0.00166114835084489,0.00165434852908469,6.4866700706971e-06,1.24950517013997e-07,1.23731895973526e-10,0.00165432867134723,0.998021250570335,0.0163563221405784,0.0642987581598485,0.996046416589975,0.670846014176834,0.99194593745757,0.00214949507586923
"aizawa",3,4,55,5000,4,13,0.0233045269451458,2.98310528431632,0.084137704774002,0.000596621056863265,8.60182973706519,0.0135561512411331,1.62289099779894,0.679462116636865,0.63768934119328,0.0233004808324895,3.0576032307279,0.0803601234618769,0.00061152064614558,8.63721038192777,0.0133184472836154,1.61715259921645,0.679346497492815,0.637904913591816,"x3;x1^2;x2^2;x1^2 x3;x2^2 x3;x3^3;x1^2 x2^2;x2^4;x1^3 x3;x2^2 x3^2;x3^4;x1^2 x2^2 x3;x2^4 x3",TRUE,FALSE,TRUE,"x3;x1^2;x2^2;x1^2 x3;x2^2 x3;x3^3;x1^3 x3",TRUE,TRUE,TRUE,0,TRUE,0.000543100976137026,0.000541363227451652,1.80067250488676e-06,1.87729536088836e-08,1.23731895973526e-10,0.00054135768852394,0.998322041951702,0.0115431743731313,0.0568904083930634,0.996646899446615,0.678734271034059,0.99194593745757,0.00120874990945443
"aizawa",3,4,57,5000,4,13,0.017676514628659,5.23851415984033,0.0220921346404914,0.00104770283196807,6.36860250419236,0.0414071688672768,1.3096809676499,0.679812377799124,0.63648483658011,0.0176734409181169,5.3536662448554,0.0206787451286114,0.00107073324897108,6.47103949016931,0.0393397529824202,1.31447576084702,0.679721229674495,0.636697277049785,"x3;x1^2;x2^2;x1 x3;x3^2;x1^2 x2;x1 x2^2;x2^3;x1^2 x3;x2^2 x3;x3^3;x1^2 x2^2;x2^4;x1^3 x3;x2^3 x3;x2^2 x3^2;x3^4;x1^2 x2^3;x1^2 x2^2 x3;x2^4 x3;x2^3 x3^2",TRUE,FALSE,TRUE,"x3;x1^2;x2^2;x1^2 x3;x2^2 x3;x3^3;x1^3 x3",TRUE,TRUE,TRUE,0,TRUE,0.000312459169417195,0.000312674288430168,1.12827658615989e-06,1.30926892208605e-07,1.23731895973526e-10,0.000312672367911214,0.998116740139088,0.0044289058270331,0.0259911440751939,0.996237026945879,0.680155334321223,0.99194593745757,0.000960144181800072
"aizawa",3,4,60,5000,4,13,0.0128000154675012,0.00214963557976431,0.963019999828949,4.29927115952862e-07,0.0633386999254813,0.968826871765628,1.30954421712305,0.678628480435219,0.642678073463053,0.0127953707251984,1.56278102038051e-05,0.99684580895508,3.12556204076102e-09,0.0728047783080631,0.964252210776856,1.30639447438928,0.678403576514737,0.643126009361137,"x3;x1^2;x2^2;x1 x3;x3^2;x1 x2^2;x2^3;x1^2 x3;x2^2 x3;x3^3;x1^2 x2^2;x2^4;x1^3 x3;x2^3 x3;x2^2 x3^2;x3^4;x1^2 x2^3;x1^2 x2^2 x3;x2^4 x3;x2^3 x3^2",TRUE,FALSE,TRUE,"x3;x1^2;x2^2;x1^2 x3;x2^2 x3;x3^3;x1^3 x3",TRUE,TRUE,TRUE,0,TRUE,0.00016384039596827,0.00016295355310085,6.58945270501708e-07,3.39656197780674e-08,1.23731895973526e-10,0.000162950071389894,0.997897993129412,0.0152186577735025,0.0757197037558507,0.995800404691708,0.677740274865113,0.99194593745757,0.000679730025906319
"aizawa",3,4,Inf,5000,4,13,1.00483491694155e-05,1551.45093844074,0,0.310290187688148,2019.73732797373,0,380.182389171388,0.992215637559265,0.0155666185556665,4.80883313901703e-06,366.267326950715,1.21597243353393e-81,0.0732534653901431,379.760498039794,3.43601956631295e-83,19.0966035993227,0.993055645395272,0.0138765753497217,"x3;x1^2;x2^2;x1 x3;x3^2;x1^3;x1^2 x2;x1 x2^2;x2^3;x1^2 x3;x1 x2 x3;x2^2 x3;x2 x3^2;x3^3;x1^2 x2^2;x2^4;x1^3 x3;x2^3 x3;x2^2 x3^2;x2 x3^3;x3^4;x1^2 x2^3;x2^5;x1^2 x2^2 x3;x2^4 x3;x2^3 x3^2",TRUE,FALSE,TRUE,"x3;x1^2;x2^2;x1 x3;x1^3;x1^2 x2;x1 x2^2;x2^3;x1^2 x3;x1 x2 x3;x2^2 x3;x2 x3^2;x3^3;x1^2 x2^2;x2^4;x1^3 x3;x2^3 x3;x2^2 x3^2;x2 x3^3;x3^4;x1^2 x2^3;x2^5;x1^2 x2^2 x3;x2^4 x3;x2^3 x3^2",TRUE,FALSE,TRUE,18,TRUE,1.00969321030493e-10,1.23731895973526e-10,8.67482775152954e-16,2.25190457764036e-11,1.23731895973526e-10,0,0.903843559681935,0.903843559681935,-0.199919768580804,0.816933180378512,0.99194593745757,0.99194593745757,0
"aizawa",3,5,10,5000,4,13,4.59593953796275,1.98049958955787,0.159337785948935,0.000396099917911575,2.04383620091066,0.359903945764341,1.19100760013546,0.692425184768638,0.612390598046551,4.59698835928049,2.43030158925582,0.119009999864919,0.000486060317851164,4.01746061714714,0.13415890698866,1.14864283555111,0.692528246773687,0.612245844242544,"x3;x1^2;x2^2;x3^2",TRUE,FALSE,FALSE,"x3;x1^2;x2^2;x3^2",TRUE,FALSE,FALSE,1,FALSE,21.1226602366093,21.126929713964,0.0589858854632969,0.0142912400379346,1.29525028458072e-10,21.1269287750955,0.998667431213177,0.00376171314930715,0.0233531997237112,0.997336638165926,0.692342451046095,0.981238538334375,0.232175119707078
"aizawa",3,5,20,5000,4,13,1.51116726391073,2.75421213886804,0.096998588647092,0.000550842427773608,2.86315732909269,0.238931431776391,1.93032058023575,0.699686284289817,0.590731419543338,1.51219825618254,2.82327227802043,0.0929068204121029,0.000564654455604086,3.15267449489618,0.206730917365753,2.04686358883219,0.700084138486844,0.589894765537422,"x3;x1^2;x2^2;x1^2 x2^2;x1^2 x3^2;x2^2 x3^2;x3^4",TRUE,FALSE,FALSE,"x3;x1^2;x2^2;x1^2 x3^2;x2^2 x3^2;x3^4",TRUE,FALSE,FALSE,3,TRUE,2.28362649951544,2.27561110083267,0.00578025405550465,0.000939878978314104,1.29525028458072e-10,2.27561161045698,0.998678332777847,-0.0178846562120857,0.0609697992998419,0.997358412359939,0.699194125767374,0.981238538334375,0.0734202194296612
"aizawa",3,5,30,5000,4,13,0.444092202406036,0.593169093905114,0.441196259673761,0.000118633818781023,0.820872994150551,0.663360631956471,1.30137210581905,0.685449602315551,0.626802242713963,0.444680036929221,0.746336132911458,0.387638717784531,0.000149267226582291,0.972554909637032,0.614911173574979,1.37223149279416,0.686247503563951,0.625191763075927,"x3;x1^2;x2^2;x1^2 x3;x2^2 x3;x1 x3^2;x3^3;x1 x3^3",TRUE,FALSE,FALSE,"x3;x1^2;x2^2;x1^2 x3;x2^2 x3;x1 x3^2;x3^3;x1 x3^3",TRUE,FALSE,FALSE,2,TRUE,0.197217884237843,0.197170896433479,0.000590738006280946,4.32855717123998e-05,1.29525028458072e-10,0.197171032649343,0.998404265343197,-0.0126700295587583,0.0312181486467449,0.996811077055488,0.685214920353602,0.981238538334375,0.0232175119707078
"aizawa",3,5,40,5000,4,13,0.137557960598998,2.385780431327,0.12244373007889,0.0004771560862654,4.10887838235599,0.128164691316542,1.63699289649009,0.683207501798695,0.632219203993978,0.137704707641782,2.61548007692233,0.105825493842986,0.000523096015384466,4.3011225656592,0.116418795560878,1.65220076529962,0.68382967554233,0.630954838114948,"x3;x1^2;x2^2;x3^2;x2^2 x3;x3^3;x1^4;x1^2 x2^2;x1^3 x3;x1^2 x3^2;x2^2 x3^2;x3^4;x1^4 x3;x1^2 x2^2 x3",TRUE,FALSE,FALSE,"x3;x1^2;x2^2;x2^2 x3;x3^3;x1^4;x1^2 x2^2;x1^3 x3;x1^2 x3^2;x1^4 x3",TRUE,FALSE,FALSE,4,TRUE,0.0189221925241554,0.0188942139839899,5.55075875649227e-05,9.69063081549546e-07,1.29525028458072e-10,0.0188942124501719,0.998518428310302,0.00183887074270985,0.0408631803904452,0.997039051675275,0.683026350105676,0.981238538334375,0.00734202194296612
"aizawa",3,5,45,5000,4,13,0.0796911784752132,10.5898385177634,0.00113710908758128,0.00211796770355267,10.9839275458316,0.00411974597977544,1.74987494543805,0.690507058034868,0.60984949381571,0.0797939403132509,11.5981452849659,0.000660176259036101,0.00231962905699318,12.0807167575363,0.00238070556638703,1.68858260512988,0.69149973309908,0.608378700681173,"x3;x1^2;x2^2;x3^2;x2^2 x3;x3^3;x1^4;x1^2 x2^2;x2^4;x1^3 x3;x1^2 x3^2;x2^2 x3^2;x3^4;x1^2 x2^3;x1^4 x3;x1^2 x2^2 x3;x1^2 x2 x3^2",TRUE,FALSE,FALSE,"x3;x1^2;x2^2;x3^2;x2^2 x3;x3^3;x1^4;x1^2 x2^2;x2^4;x1^3 x3;x1^2 x3^2;x1^2 x2^3;x1^4 x3;x1^2 x2^2 x3",TRUE,FALSE,FALSE,8,TRUE,0.00635068392676828,0.00634045525019956,1.91080419127629e-05,5.97545657767563e-07,1.29525028458072e-10,0.0063404350971589,0.998454557484973,0.0114736899224821,0.0427534391907489,0.996911503362513,0.690352120643505,0.981238538334375,0.00412872234898419
"aizawa",3,5,50,5000,4,13,0.0438385874746891,5.70567137759849,0.0169101863653268,0.0011411342755197,5.73728546129907,0.0567759345435506,2.60833716275584,0.672008235885444,0.633596606051522,0.0446539222138791,5.1768972001951,0.0228891631694031,0.00103537944003902,5.21335598550534,0.0737792322538107,2.41312158402314,0.684441807271468,0.610784781742948,"x1;x3;x1^2;x2^2;x1 x3;x3^2;x1^3;x1^2 x3;x2^2 x3;x1 x3^2;x3^3;x1^4;x1^3 x2;x1^2 x2^2;x1 x2^3;x2^4;x1 x2^2 x3;x1^2 x3^2;x1 x3^3;x3^4",TRUE,FALSE,FALSE,"x1;x3;x1^2;x2^2;x1 x3;x3^2;x1^3;x1^2 x3;x2^2 x3;x1 x3^2;x3^3;x1^4;x1^3 x2;x1^2 x2^2;x1 x2^3;x1 x2^2 x3;x1^2 x3^2;x1 x3^3;x3^4",TRUE,FALSE,FALSE,13,TRUE,0.00192182175177597,0.00192118590478649,5.56912627128375e-06,8.75297781576143e-07,1.29525028458072e-10,0.00192123217874508,0.998308630861251,-0.043415144517858,0.0344742537623617,0.996620122452065,0.672419933493954,0.981238538334375,0.00232175119707078
"aizawa",3,5,55,5000,4,13,0.0254998981004925,1.75773582414752,0.184907179535225,0.000351547164829503,1.7589742343745,0.414995701271402,1.37518959563242,0.693036519052369,0.61198222802418,0.0254915996673589,1.84817919329627,0.173995313543462,0.000369635838659255,1.8493922528663,0.396651932801215,1.37284219822012,0.692820254502416,0.612363217072832,"x1;x2;x3;x1^2;x1 x2;x2^2;x1 x3;x3^2;x1^3;x1 x2^2;x1^2 x3;x1 x2 x3;x2^2 x3;x1 x3^2;x2 x3^2;x3^3;x1^4;x1^3 x2;x1^2 x2^2;x1 x2^3;x1^3 x3;x1 x2^2 x3;x1^2 x3^2;x1 x2 x3^2;x2^2 x3^2;x1 x3^3;x3^4",TRUE,FALSE,TRUE,"x3;x1^2;x2^2;x1^2 x3;x2^2 x3;x3^3;x1^3 x3",TRUE,TRUE,TRUE,0,TRUE,0.000650244803135499,0.0006496121536577,1.77487649143286e-06,8.34991570069591e-08,1.29525028458072e-10,0.000649608602586104,0.99858982643509,0.00717345805964297,0.0361274994460291,0.997181641459662,0.69315512266984,0.981238538334375,0.00130561664492306
"aizawa",3,5,57,5000,4,13,0.0195120927616693,0.560447127547663,0.454080144181491,0.000112089425509533,0.603012309790444,0.739703273544485,1.33370984567934,0.68260653355097,0.630074948462544,0.0214634801744517,2.9233451035594,0.0873067003879655,0.000584669020711881,5.43502292023595,0.0660388905249196,1.53542022322517,0.737758589251944,0.521359150121212,"x1;x2;x3;x1^2;x1 x2;x2^2;x1 x3;x2 x3;x3^2;x1^3;x1^2 x2;x2^3;x1^2 x3;x1 x2 x3;x2^2 x3;x1 x3^2;x2 x3^2;x3^3;x1^4;x1^3 x2;x1^2 x2^2;x1 x2^3;x2^4;x1 x2^2 x3;x1^2 x3^2;x1 x2 x3^2;x2^2 x3^2;x1 x3^3;x3^4",TRUE,FALSE,FALSE,"x1;x2;x3;x1^2;x2^2;x1 x3;x2 x3;x1^3;x2^3;x1^2 x3;x2^2 x3;x1 x3^2;x2 x3^2;x3^3;x1^4;x1^3 x2;x1^2 x2^2;x2^4;x1 x2^2 x3;x1^2 x3^2;x2^2 x3^2;x1 x3^3;x3^4",TRUE,FALSE,FALSE,17,TRUE,0.000380721763939987,0.000379882969322561,1.1387856966268e-06,2.62164693916945e-08,1.29525028458072e-10,0.000379882832334896,0.998481075356507,0.00119151156013405,0.047844527993235,0.996964457845087,0.682167245115331,0.981238538334375,0.00103708816478837
"aizawa",3,5,60,5000,4,13,0.0136947650614585,3.4546339300434,0.0630747004880896,0.00069092678600868,5.08636839040479,0.0786156731719249,1.40174315943801,0.672364969740506,0.653213566398941,0.01647815499288,0.978844841866664,0.322484162581429,0.000195768968373333,3.46822836286595,0.176556528087793,1.38857764976964,0.773276600144966,0.452452005411248,"x1;x2;x3;x1^2;x2^2;x1 x3;x3^2;x1^3;x1^2 x2;x2^3;x1^2 x3;x1 x2 x3;x2^2 x3;x1 x3^2;x2 x3^2;x3^3;x1^4;x1^3 x2;x1^2 x2^2;x1 x2^3;x1 x2^2 x3;x1^2 x3^2;x1 x2 x3^2;x2^2 x3^2;x1 x3^3;x3^4",TRUE,FALSE,FALSE,"x1;x3;x1^2;x2^2;x1 x3;x3^2;x1^3;x1^2 x2;x1^2 x3;x1 x2 x3;x2^2 x3;x1 x3^2;x2 x3^2;x3^3;x1^4;x1^3 x2;x1^2 x2^2;x1 x2^3;x1 x2^2 x3;x1^2 x3^2;x1 x2 x3^2;x2^2 x3^2;x1 x3^3;x3^4",TRUE,FALSE,FALSE,18,TRUE,0.000187546590088544,0.000187039780160025,5.91892010268258e-07,1.36399031170988e-08,1.29525028458072e-10,0.000187041673145801,0.998372855789809,-0.0050878438854412,0.052964972351291,0.996748359177898,0.672400792564573,0.981238538334375,0.000734202194296612
"aizawa",3,5,Inf,5000,4,13,1.03287747911782e-05,1141.20818785401,3.65315880319594e-250,0.228241637570802,1534.25822012646,0,1928.28950517179,0.979045370431142,0.0414620543395284,0.00501279926241581,69.7451363235071,6.74840509209241e-17,0.0139490272647014,74.4907710168781,6.6762808429302e-17,19.2532508745385,0.99833424714862,0.0033299120637466,"x3;x1^2;x2^2;x2 x3;x3^2;x1 x2^2;x1 x2 x3;x2^2 x3;x1 x3^2;x3^3;x1^4;x1^2 x2^2;x2^4;x1^3 x3;x1^2 x2 x3;x1 x2^2 x3;x1^2 x3^2;x2^2 x3^2;x3^4;x1^2 x2^3;x1^4 x3;x1^2 x2^2 x3;x2^4 x3;x2^3 x3^2",TRUE,FALSE,FALSE,"x3;x1^2;x2^2;x3^2;x1 x2^2;x1 x2 x3;x2^2 x3;x1 x3^2;x3^3;x1^4;x1^2 x2^2;x2^4;x1^3 x3;x1^2 x2 x3;x1 x2^2 x3;x1^2 x3^2;x2^2 x3^2;x3^4;x1^2 x2^3;x1^4 x3;x1^2 x2^2 x3;x2^4 x3;x2^3 x3^2",TRUE,FALSE,FALSE,17,TRUE,1.06683588686878e-10,1.29525028458072e-10,3.01657206751517e-15,2.26257888665118e-11,1.29525028458072e-10,0,0.90788408939208,0.90788408939208,-0.106515193182712,0.824253519771287,0.981238538334375,0.981238538334375,0
"aizawa",3,6,10,5000,4,13,3.40591394140262,2.98680627262894e-05,0.995639448431053,5.97361254525788e-09,0.422586681234646,0.809536562093209,1.22454767210247,0.699151378207104,0.600847140282059,3.40203293191254,0.176801313740725,0.67413667522334,3.53602627481451e-05,2.33433527459797,0.311247259114761,1.336207115593,0.699350195097685,0.600471543902869,"x3;x1^2;x1^2 x3;x2^2 x3;x2 x3^2;x3^3;x1^2 x2^2;x2^4;x1^3 x3;x1 x2 x3^2;x2 x3^3;x1^2 x2^2 x3;x2^4 x3",TRUE,FALSE,FALSE,"x3;x1^2;x1^2 x3;x2^2 x3;x3^3;x2^4;x2^4 x3",TRUE,FALSE,FALSE,2,FALSE,11.6002497762407,11.552817266464,0.0657414439032503,0.00952306039092922,8.03639802199514e-11,11.5528167410761,0.997456460018703,0.00271575246802672,0.0608735666923963,0.994919389633043,0.698740663933657,0.988345239692592,0.172019913738984
"aizawa",3,6,20,5000,4,13,1.04943633406395,0.521272592607189,0.470299334516101,0.000104254518521438,4.43819617256951,0.108707109057041,1.46053335056494,0.685064486435648,0.622551423155155,1.05069998494189,0.292453208247709,0.588652728749555,5.84906416495417e-05,3.65958956505341,0.160446490820311,1.36759342926276,0.685771839510341,0.621173316470739,"x3;x1^2;x2^2;x1^2 x3;x2^2 x3;x3^3;x1^2 x2^2",TRUE,FALSE,FALSE,"x3;x1^2;x2^2;x1^2 x3;x2^2 x3;x3^3",TRUE,FALSE,FALSE,0,TRUE,1.10131661925358,1.09848080173476,0.0059208621072973,0.000154804288941106,8.03639802199514e-11,1.09848127135038,0.997277484421634,-0.0244010197880283,0.0545914883675945,0.994562380934343,0.685269062285532,0.988345239692592,0.054397473032088
"aizawa",3,6,30,5000,4,13,0.347790767311395,0.0114309009726064,0.914856102408397,2.28618019452128e-06,12.7020080097245,0.00174499427373168,1.40921984446399,0.700889201864323,0.593579640399847,0.347778771430416,0.0114103558463881,0.914932361910456,2.28207116927763e-06,12.7539784122861,0.00170023431316709,1.41396164374013,0.700876092185219,0.593619999958597,"x3;x1^2;x2^2;x1 x3;x3^2;x1^2 x3;x2^2 x3;x3^3;x1^3 x3;x2^2 x3^2",TRUE,FALSE,TRUE,"x3;x1^2;x2^2;x1^2 x3;x2^2 x3;x3^3;x1^3 x3",TRUE,TRUE,TRUE,0,TRUE,0.120958417827049,0.120797896404563,0.000581482665540153,4.33844060421255e-06,8.03639802199514e-11,0.120797948953594,0.997587732620082,-0.00667164663947175,0.0443436702453105,0.995181284274075,0.700406240212039,0.988345239692592,0.0172019913738984
"aizawa",3,6,40,5000,4,13,0.102902602145164,0.00700492878053113,0.933298572786183,1.40098575610623e-06,0.0999259747435148,0.951264632653346,1.16310826531713,0.683502236953192,0.629964548995126,0.102903435664324,0.00605709542331953,0.937965395306465,1.21141908466391e-06,0.101880601589797,0.950335403107111,1.21731517529275,0.683505037348143,0.629928127531991,"x3;x1^2;x2^2;x3^2;x1^2 x3;x2^2 x3;x3^3;x1^3 x3;x3^4",TRUE,FALSE,TRUE,"x3;x1^2;x2^2;x1^2 x3;x2^2 x3;x3^3;x1^3 x3",TRUE,TRUE,TRUE,0,TRUE,0.0105889455282459,0.0105056086708893,5.86042254589171e-05,1.12152865133501e-06,8.03639802199514e-11,0.0105055755267442,0.99721637217616,0.0193242337756327,0.0903063129267229,0.994440492936182,0.682224651048224,0.988345239692592,0.0054397473032088
"aizawa",3,6,45,5000,4,13,0.0610675586258287,5.38429872317588,0.0203187532178227,0.00107685974463518,8.00568631370532,0.0182636386120172,1.48883627048038,0.704863110634411,0.587062817359445,0.0610675226313958,5.38782959960106,0.0202776772378263,0.00107756591992021,8.00729168023428,0.018248984577016,1.48889768450555,0.704862805140029,0.587066404362646,"x3;x1^2;x2^2;x3^2;x1^2 x3;x2^2 x3;x3^3;x1^3 x3;x3^4",TRUE,FALSE,TRUE,"x3;x1^2;x2^2;x1^2 x3;x2^2 x3;x3^3;x1^3 x3",TRUE,TRUE,TRUE,0,TRUE,0.00372924671651902,0.00370440167972186,1.98080134112544e-05,5.95705839567239e-08,8.03639802199514e-11,0.00370440981719871,0.997338599031228,-0.0057303522494774,0.0821784670723853,0.994684281117572,0.703758314539441,0.988345239692592,0.00305899470718706
"aizawa",3,6,50,5000,4,13,0.0326001310491786,25.5471789658376,4.31696762485207e-07,0.00510943579316752,25.717396509275,2.6033844324345e-06,1.70200153714965,0.685589268108389,0.626053201249133,0.0325992283698333,25.5567115911373,4.29569227889114e-07,0.00511134231822746,25.7263015258787,2.59181860920566e-06,1.70307274772289,0.68557202015851,0.626087137196754,"x3;x1^2;x2^2;x1 x3;x3^2;x1^2 x3;x2^2 x3;x1 x3^2;x3^3;x1^3 x3;x3^4;x1^3 x3^2",TRUE,FALSE,TRUE,"x3;x1^2;x2^2;x1^2 x3;x2^2 x3;x3^3;x1^3 x3",TRUE,TRUE,TRUE,0,TRUE,0.00106276854442362,0.00105047727011437,6.10612842782523e-06,6.56871560038623e-08,8.03639802199514e-11,0.00105048481888209,0.997085848598252,-0.0100503968676658,0.11476709827703,0.994180189474896,0.684300088372084,0.988345239692592,0.00172019913738984
"aizawa",3,6,55,5000,4,13,0.0190756990620098,8.94901648752387,0.00277619012503015,0.00178980329750477,11.0553027445676,0.00397531466785744,1.30585330076521,0.685046234362975,0.62708229071844,0.019075690742365,8.94712280950809,0.00277906953105947,0.00178942456190162,11.0548659629382,0.00397618293487386,1.30581916520268,0.685045989056537,0.62708268009259,"x3;x1^2;x2^2;x1^2 x3;x2^2 x3;x3^3;x1^3 x3",TRUE,TRUE,TRUE,"x3;x1^2;x2^2;x1^2 x3;x2^2 x3;x3^3;x1^3 x3",TRUE,TRUE,TRUE,0,TRUE,0.000363882294704363,0.000362202488589261,1.84257536564125e-06,1.8380044198024e-08,8.03639802199514e-11,0.000362200936710409,0.99746486976082,0.00496860767489202,0.0680479391932718,0.99493616640697,0.684993326291675,0.988345239692592,0.000967339062511097
"aizawa",3,6,57,5000,4,13,0.0144662455468937,0.422698892151419,0.515593412510278,8.45397784302838e-05,1.54242656142264,0.462451644137788,1.44380695504464,0.678016125501636,0.636528306626529,0.014466251814841,0.42279438738812,0.515545982477182,8.4558877477624e-05,1.54302277318733,0.4623138051287,1.44373299203671,0.678016712342333,0.636527695701976,"x3;x1^2;x2^2;x1^2 x3;x2^2 x3;x3^3;x1^3 x3",TRUE,TRUE,TRUE,"x3;x1^2;x2^2;x1^2 x3;x2^2 x3;x3^3;x1^3 x3",TRUE,TRUE,TRUE,0,TRUE,0.000209272260223021,0.000206855748514299,1.12097123320476e-06,3.40923879541473e-08,8.03639802199514e-11,0.000206856831109188,0.997259392384157,-0.00385825053038543,0.11634683454508,0.994526295698418,0.676358031033837,0.988345239692592,0.000768384729904281
"aizawa",3,6,60,5000,4,13,0.010739298195184,0.000879417857624134,0.976342216617525,1.75883571524827e-07,0.0534733671047938,0.973617577295921,1.62829688691185,0.680321645298621,0.622846164613062,0.0107392994127472,0.000886466676855765,0.976247621347275,1.77293335371153e-07,0.0532838039524991,0.97370986267787,1.62848589954366,0.680320886132859,0.622846244265362,"x3;x1^2;x2^2;x1^2 x3;x2^2 x3;x3^3;x1^3 x3",TRUE,TRUE,TRUE,"x3;x1^2;x2^2;x1^2 x3;x2^2 x3;x3^3;x1^3 x3",TRUE,TRUE,TRUE,0,TRUE,0.000115332525725082,0.000114034326512555,6.13343022821465e-07,2.01348179760364e-08,8.03639802199514e-11,0.000114029758404146,0.997332527349256,0.0290669212018529,0.113799071336494,0.994672170108855,0.679555947870951,0.988345239692592,0.00054397473032088
"aizawa",3,6,Inf,5000,4,13,8.3790385764269e-06,1339.79810848972,2.5388330545168e-293,0.267959621697945,1972.75334606073,0,627.055614026187,0.988283708692613,0.0233345883083278,5.17477878782432e-06,1171.37165612998,1.01648150061154e-256,0.234274331225995,1647.91153943468,0,54.317140657856,0.980069557947553,0.0395408171050545,"x3;x1^2;x2^2;x1 x3;x3^2;x1^3;x1 x2^2;x1^2 x3;x2^2 x3;x1 x3^2;x3^3;x1^4;x1^2 x2^2;x2^4;x1^3 x3;x1^2 x3^2;x2^2 x3^2;x1 x3^3;x2 x3^3;x3^4;x1^5;x1^4 x3;x1^2 x2^2 x3;x2^4 x3;x1^3 x3^2;x3^5",TRUE,FALSE,TRUE,"x3;x1^2;x2^2;x1 x3;x1^3;x1 x2^2;x1^2 x3;x2^2 x3;x1 x3^2;x3^3;x1^4;x1^2 x2^2;x2^4;x1^3 x3;x1^2 x3^2;x2^2 x3^2;x1 x3^3;x1^5;x1^4 x3;x1^2 x2^2 x3;x2^4 x3;x1^3 x3^2",TRUE,FALSE,TRUE,15,TRUE,7.02082874652501e-11,8.03639802199514e-11,9.28694994465395e-16,9.98167340644532e-12,8.03639802199514e-11,0,0.935522037145578,0.935522037145578,-0.205645568837404,0.875201481985013,0.988345239692592,0.988345239692592,0
"aizawa",3,7,10,5000,4,13,3.88636895049757,0.665681856373439,0.414561171704496,0.000133136371274688,5.358415198376,0.0686175051843592,1.27951769356381,0.669548727203921,0.659660014748453,3.88659194492443,0.745078129668104,0.388039012168704,0.000149015625933621,4.39838454456147,0.110892693299783,1.26916319887622,0.669649867455088,0.659481563812818,"x3;x1^2;x1 x2;x2^2;x3^2",TRUE,FALSE,FALSE,"x3;x1^2;x2^2;x3^2",TRUE,FALSE,FALSE,1,FALSE,15.1038636193916,15.0593194818462,0.0557435412772534,0.0160904522893763,1.18421817587755e-10,15.0593191861731,0.998123473921797,0.00119951722350422,0.0549257483754139,0.996250469193716,0.669132085032162,0.990142717967809,0.213724902516751
"aizawa",3,7,20,5000,4,13,1.24322049982893,5.51617504210327,0.0188414121133079,0.00110323500842065,15.0019185798342,0.000552554056291293,1.58323957813523,0.674794380190673,0.647522487016684,1.24504442600376,4.95410482921621,0.0260287973380624,0.000990820965843242,13.77634617658,0.00101977517944412,1.5770295355539,0.675787238196632,0.645569971469219,"x3;x1^2;x2^2;x1^2 x3;x2^2 x3;x3^3",TRUE,FALSE,FALSE,"x3;x1^2;x2^2;x1^2 x3;x2^2 x3;x3^3",TRUE,FALSE,FALSE,0,TRUE,1.54559721119491,1.53255820272885,0.00613229749311449,0.000201230400112862,1.18421817587755e-10,1.53255835173285,0.997987301544017,-0.00589202299476488,0.0990164709564046,0.995978654043108,0.673452664648129,0.990142717967809,0.0675857484650385
"aizawa",3,7,30,5000,4,13,0.407548536297905,0.00279488326243343,0.957838152293158,5.58976652486687e-07,2.56746094148673,0.277002022675632,1.24458175711927,0.679301589651806,0.641313522040867,0.407582773087849,4.88396626030902e-06,0.998236700698377,9.76793252061804e-10,2.23803522521532,0.326600485275088,1.29191187810677,0.679315007371072,0.641299721103379,"x3;x1^2;x2^2;x2^2 x3;x3^3;x1^4;x1^2 x2^2;x2^4;x1^3 x3;x1^2 x3^2;x2^2 x3^2;x3^4;x1^4 x3;x1^2 x2^2 x3",TRUE,FALSE,FALSE,"x3;x1^2;x2^2;x2^2 x3;x3^3;x1^3 x3;x1^2 x3^2",TRUE,FALSE,FALSE,1,TRUE,0.166095809438565,0.16560373350434,0.000679329021962841,1.57632776777997e-05,1.18421817587755e-10,0.165603808890652,0.997951743563736,-0.00916151380464121,0.0551874292254426,0.995907682481901,0.678773785906192,0.990142717967809,0.0213724902516751
"aizawa",3,7,40,5000,4,13,0.12651559951837,0.151107093498998,0.697479617282033,3.02214186997996e-05,0.161534516461467,0.92240834941493,1.30268760052721,0.681201845709523,0.632516596951136,0.126490277456777,0.151647652513911,0.696965749119526,3.03295305027822e-05,0.163319829428682,0.921585323015868,1.29512269826784,0.681112287726745,0.632756849022003,"x3;x1^2;x2^2;x3^2;x1^2 x3;x2^2 x3;x3^3;x1^3 x3;x1^2 x3^2;x2^2 x3^2;x3^4;x1^4 x3;x1^2 x2^2 x3;x2^4 x3",TRUE,FALSE,TRUE,"x3;x1^2;x2^2;x1^2 x3;x2^2 x3;x3^3;x1^3 x3",TRUE,TRUE,TRUE,0,TRUE,0.0160061969214925,0.0158563020404782,5.85455340521753e-05,1.67627716988584e-06,1.18421817587755e-10,0.0158563030318186,0.998122256837806,0.000157722153225628,0.108448622965433,0.996248039594996,0.679309797296418,0.990142717967809,0.00675857484650385
"aizawa",3,7,45,5000,4,13,0.0732378722613186,0.689318313028017,0.406396344529518,0.000137863662605604,0.897600579503518,0.638393579703991,1.65443933222324,0.683336289313437,0.625972642496931,0.0732384798444738,0.688561290907651,0.406654170491648,0.00013771225818153,0.895289055428817,0.63913183731118,1.64480328424132,0.683340731385062,0.625948428262578,"x3;x1^2;x2^2;x3^2;x1^2 x3;x2^2 x3;x3^3;x1^3 x3;x3^4",TRUE,FALSE,TRUE,"x3;x1^2;x2^2;x1^2 x3;x2^2 x3;x3^3;x1^3 x3",TRUE,TRUE,TRUE,0,TRUE,0.00536378593336522,0.00534321916402638,1.74815912948281e-05,3.44350037589746e-07,1.18421817587755e-10,0.00534320897210933,0.998344787545999,0.00886987788714045,0.0625782384360114,0.996692314820266,0.682437950524239,0.990142717967809,0.00380062593558114
"aizawa",3,7,50,5000,4,13,0.0404556968702173,1.36717093927631,0.242298550774663,0.000273434187855261,1.59115197757782,0.451321204088606,1.68525044730784,0.679430621871577,0.634493329797085,0.0404486002459847,1.39955324119642,0.236798386931508,0.000279910648239284,1.62335171358022,0.444113172154253,1.58758374509733,0.679348547439278,0.634708660639296,"x3;x1^2;x2^2;x3^2;x1^2 x3;x2^2 x3;x3^3;x1^3 x3;x1^2 x3^2;x2^2 x3^2;x3^4;x1^4 x3;x1^2 x2^2 x3;x2^4 x3",TRUE,FALSE,TRUE,"x3;x1^2;x2^2;x1^2 x3;x2^2 x3;x3^3;x1^3 x3",TRUE,TRUE,TRUE,0,TRUE,0.00163666340925491,0.00163750526248524,6.12177726603088e-06,1.99590966822958e-07,1.18421817587755e-10,0.00163748194874764,0.998057190314798,0.0214485894899664,0.0274726906550494,0.99611815513907,0.679390603909783,0.990142717967809,0.00213724902516751
"aizawa",3,7,55,5000,4,13,0.0229904803557474,0.860290371337015,0.353657445992866,0.000172058074267403,1.20685714012905,0.546933218929961,1.41852451631892,0.679924475892376,0.636192675502333,0.0229894599203995,0.841054226622938,0.359095435474569,0.000168210845324588,1.16066209341267,0.559713044732052,1.41860495579354,0.679900877250057,0.636246026750309,"x3;x1^2;x2^2;x1^2 x3;x2^2 x3;x3^3;x1^2 x2^2;x1^3 x3",TRUE,FALSE,TRUE,"x3;x1^2;x2^2;x1^2 x3;x2^2 x3;x3^3;x1^3 x3",TRUE,TRUE,TRUE,0,TRUE,0.000528562186988007,0.000526182247547336,1.89481202623043e-06,3.32783647386998e-08,1.18421817587755e-10,0.000526181245413264,0.998206427823808,0.00404349667976201,0.0675534061256208,0.996416072548767,0.679068013740729,0.990142717967809,0.00120186344907448
"aizawa",3,7,57,5000,4,13,0.0182567424522737,2.94633377778881,0.0860726173476908,0.000589266755557761,5.76001593463428,0.0561343155924572,1.53231564915617,0.682320561982298,0.628051942279137,0.018253596480693,2.99447378795914,0.0835490516206881,0.000598894757591828,5.86133524347593,0.053361401019172,1.53298206102052,0.68225176827602,0.628247533875012,"x3;x1^2;x2^2;x3^2;x1^2 x3;x2^2 x3;x3^3;x1^3 x3;x1^2 x3^2;x2^2 x3^2;x3^4;x1^4 x3;x1^2 x2^2 x3;x2^4 x3",TRUE,FALSE,TRUE,"x3;x1^2;x2^2;x1^2 x3;x2^2 x3;x3^3;x1^3 x3",TRUE,TRUE,TRUE,0,TRUE,0.000333308644968652,0.000332271856720487,1.15857750486516e-06,2.73740900391594e-08,1.18421817587755e-10,0.000332269431998631,0.99822080913931,0.00513191064129267,0.056469014306248,0.996444783798739,0.68183455708889,0.990142717967809,0.000954674071882966
"aizawa",3,7,60,5000,4,13,0.012562539112614,0.0227273315110031,0.880168301106102,4.54546630220061e-06,3.54477917267165,0.169926449366788,1.36319437129649,0.672783294110428,0.652514975597866,0.012561688950575,0.0231908094876039,0.878961926643714,4.63816189752078e-06,3.52635481038291,0.171499075134667,1.36352003263233,0.672725511223115,0.652601412518045,"x3;x1^2;x2^2;x1^2 x3;x2^2 x3;x3^3;x1^4;x1^2 x2^2;x2^4;x1^3 x3;x1^2 x3^2",TRUE,FALSE,TRUE,"x3;x1^2;x2^2;x1^2 x3;x2^2 x3;x3^3;x1^3 x3",TRUE,TRUE,TRUE,0,TRUE,0.000157817388955957,0.000157932207753254,6.15899719282089e-07,1.72132402323679e-09,1.18421817587755e-10,0.000157929058878589,0.998051680667798,0.00996133860280767,0.0253707148709604,0.996107157283816,0.673296214240111,0.990142717967809,0.000675857484650385
"aizawa",3,7,Inf,5000,4,13,1.02240892547085e-05,1407.57093441783,4.75611194487869e-308,0.281514186883566,1954.69126188161,0,1808.76295962102,0.99028006235408,0.0194001847686577,8.14095801194997e-06,800.175280164147,4.94256133051953e-176,0.160035056032829,1444.3028188951,2.36389280199144e-314,38.0421325193955,0.990014146212254,0.0198698902546204,"x3;x1^2;x2^2;x3^2;x1^2 x3;x2^2 x3;x1 x3^2;x2 x3^2;x3^3;x1^4;x1^2 x2^2;x2^4;x1^3 x3;x1^2 x3^2;x1 x2 x3^2;x2^2 x3^2;x1 x3^3;x3^4;x1^4 x3;x1^2 x2^2 x3;x2^4 x3",TRUE,FALSE,TRUE,"x3;x1^2;x2^2;x3^2;x1^2 x3;x2^2 x3;x1 x3^2;x2 x3^2;x3^3;x1^4;x2^4;x1^3 x3;x1 x2 x3^2;x1 x3^3;x3^4;x1^4 x3;x2^4 x3",TRUE,FALSE,TRUE,10,TRUE,1.04532001088245e-10,1.18421817587755e-10,1.44945540014538e-15,1.36799315182945e-11,1.18421817587755e-10,0,0.940180726727188,0.940180726727188,-0.207676083958063,0.883939798909263,0.990142717967809,0.990142717967809,0
"aizawa",3,8,10,5000,4,13,4.45850366447256,0.00910741220183567,0.923971093931453,1.82148244036713e-06,10.4416837698268,0.00540277869336687,1.30509408996888,0.69455165021205,0.607792344841981,4.44673537139702,8.79781506882677,0.00301591518293887,0.00175956301376535,57.819214330646,2.78430709527491e-13,1.20973637265109,0.694396608149567,0.609068639432648,"x3;x1^2;x2^2;x2^3;x1^2 x3;x2^2 x3;x1^2 x2 x3;x2^5;x1^3 x2 x3;x1^2 x2^2 x3;x2^4 x3;x1^2 x2 x3^2;x2^2 x3^3",TRUE,FALSE,FALSE,"x3;x1^2;x2^2;x1^2 x3;x2^2 x3;x2^5;x1^3 x2 x3;x1^2 x2^2 x3;x2^4 x3",TRUE,FALSE,FALSE,4,FALSE,19.8782549261152,19.7630575497482,0.0632487676306013,0.0261076557566592,1.33803867692359e-10,19.7630580934425,0.998435247777765,-0.00909673593166437,0.0787791715295837,0.996872944005048,0.693503178168348,0.980795145435721,0.227622799089843
"aizawa",3,8,20,5000,4,13,1.34270471803462,0.0999018766132085,0.751947417721012,1.99803753226417e-05,2.88300181161848,0.236572419165025,1.48422316140713,0.672867000146686,0.654137075649775,1.34408662514625,0.0613423046905987,0.80438681512274,1.22684609381197e-05,2.98222052092406,0.225122572045368,1.44072780259257,0.673508373486857,0.652844761504531,"x3;x1^2;x2^2;x1^2 x3;x2^2 x3;x3^3",TRUE,FALSE,FALSE,"x3;x1^2;x2^2;x1^2 x3;x2^2 x3;x3^3",TRUE,FALSE,FALSE,0,TRUE,1.80285595983242,1.79813334632403,0.00564957160543996,0.000139322453714843,1.33803867692359e-10,1.7981339730236,0.998458909301255,-0.0144319740268913,0.0508320086746605,0.996920193563052,0.672478888381863,0.980795145435721,0.0719806492506806
"aizawa",3,8,30,5000,4,13,0.448844329598902,0.0455553287593916,0.830986167728519,9.11106575187832e-06,5.26260081820321,0.0719847916686724,1.31658141174901,0.700912290630664,0.597260194927944,0.448811200677456,0.0560934417549508,0.812780499164549,1.12186883509902e-05,5.09238242620372,0.0783796295071427,1.31681168104958,0.700870263455771,0.597339924502592,"x3;x1^2;x2^2;x1 x3;x1^2 x3;x2^2 x3;x3^3;x1^2 x2^2;x1^3 x3;x2^2 x3^2",TRUE,FALSE,TRUE,"x3;x1^2;x2^2;x1^2 x3;x2^2 x3;x3^3;x1^3 x3",TRUE,TRUE,TRUE,0,TRUE,0.201461232213088,0.200877506504989,0.000600024777231033,1.69617926417123e-05,1.33803867692359e-10,0.2008775118264,0.998495302155747,-0.002796054669244,0.0541690007998877,0.996992868427097,0.700582230286592,0.980795145435721,0.0227622799089843
"aizawa",3,8,40,5000,4,13,0.134616307098626,12.6529601685689,0.000374971492179512,0.00253059203371378,18.9197934427729,7.79146375153513e-05,1.67582341075598,0.664985945779237,0.666050641295499,0.134612726245843,12.7392967194381,0.000358052304633383,0.00254785934388761,19.0505102449478,7.29851091059298e-05,1.6754261279274,0.66497056523556,0.666105071686191,"x3;x1^2;x2^2;x1^2 x3;x2^2 x3;x3^3;x1^2 x2^2;x2^4;x1^3 x3;x2^2 x3^2",TRUE,FALSE,TRUE,"x3;x1^2;x2^2;x1^2 x3;x2^2 x3;x3^3;x1^3 x3",TRUE,TRUE,TRUE,0,TRUE,0.0181215501368716,0.0180169447424749,5.52411852097808e-05,2.73811104496398e-06,1.33803867692359e-10,0.0180169174549553,0.998395498355898,0.0056391606663469,0.081414608660309,0.996793571137322,0.664359257493862,0.980795145435721,0.00719806492506806
"aizawa",3,8,45,5000,4,13,0.0770111926642639,5.8002056786509,0.0160242999631243,0.00116004113573018,13.1080366022948,0.00142438049356422,1.41821151503316,0.671181586671994,0.654053904729164,0.0770113066637756,5.80212581216471,0.0160068104892645,0.00116042516243294,13.1127705927565,0.001421012978747,1.41819872710853,0.67118307662998,0.654050317825744,"x3;x1^2;x2^2;x1^2 x3;x2^2 x3;x3^3;x1^3 x3",TRUE,TRUE,TRUE,"x3;x1^2;x2^2;x1^2 x3;x2^2 x3;x3^3;x1^3 x3",TRUE,TRUE,TRUE,0,TRUE,0.00593072379557238,0.00590283935561315,1.99869174472731e-05,1.20044114005525e-06,1.33803867692359e-10,0.00590283747510013,0.998261324142691,0.00208101281614609,0.0703404286907902,0.996525671279119,0.670298892725397,0.980795145435721,0.00404776936876894
"aizawa",3,8,50,5000,4,13,0.0442425030364164,0.621151531814893,0.430619691216989,0.000124230306362979,0.832206680313826,0.659612102544028,1.35506456659469,0.68156507332329,0.630024400099065,0.0442425284240372,0.621387025602244,0.430532325172361,0.000124277405120449,0.833045925352027,0.659335372517066,1.36294943275105,0.681564199884279,0.630024055501539,"x3;x1^2;x2^2;x1^2 x3;x2^2 x3;x3^3;x1^3 x3",TRUE,TRUE,TRUE,"x3;x1^2;x2^2;x1^2 x3;x2^2 x3;x3^3;x1^3 x3",TRUE,TRUE,TRUE,0,TRUE,0.00195739907492732,0.00195116066300463,6.19540794349269e-06,9.74613611601354e-08,1.33803867692359e-10,0.00195112505067605,0.998376954384136,0.0309290290932903,0.0571873886322613,0.996756543045343,0.681297844168649,0.980795145435721,0.00227622799089843
"aizawa",3,8,55,5000,4,13,0.0243842019247881,0.692655758562553,0.405262525119071,0.000138531151712511,0.796868559955297,0.671370401619908,1.41599065418675,0.679627246503294,0.640157179431643,0.0243841866585399,0.692770433814612,0.405223649051076,0.000138554086762922,0.796534600324178,0.671482516285925,1.4156946509207,0.679627158396299,0.640158946286175,"x3;x1^2;x2^2;x1^2 x3;x2^2 x3;x3^3;x1^3 x3",TRUE,TRUE,TRUE,"x3;x1^2;x2^2;x1^2 x3;x2^2 x3;x3^3;x1^3 x3",TRUE,TRUE,TRUE,0,TRUE,0.000594589303508839,0.000591347316861749,1.89804448203985e-06,5.46424893522825e-08,1.33803867692359e-10,0.000591344706201003,0.998379373340829,0.0059861716202271,0.0769660200632443,0.996761373112426,0.679273975421132,0.980795145435721,0.00128001706483719
"aizawa",3,8,57,5000,4,13,0.019472050491794,4.36537100771446,0.0366764958265678,0.000873074201542892,12.437180356611,0.0019920516761666,1.43033279052601,0.675221584411339,0.635924892979958,0.0194720453879461,4.36550152146332,0.0366736864492996,0.000873100304292664,12.4377869252402,0.00199144760974593,1.43032528296226,0.675221499999624,0.63592537695797,"x3;x1^2;x2^2;x1^2 x3;x2^2 x3;x3^3;x1^3 x3",TRUE,TRUE,TRUE,"x3;x1^2;x2^2;x1^2 x3;x2^2 x3;x3^3;x1^3 x3",TRUE,TRUE,TRUE,0,TRUE,0.000379160750354975,0.000378502897267461,1.22564069107949e-06,2.96788532550526e-08,1.33803867692359e-10,0.000378518403027002,0.998389773399015,-0.0374153381945474,0.0435600712641444,0.996782139627737,0.675063751865148,0.980795145435721,0.00101675369552908
"aizawa",3,8,60,5000,4,13,0.0140066520772796,3.66451159849123,0.0555829315367401,0.000732902319698245,5.22185593220837,0.0734663378502403,1.49660604532454,0.684947892736561,0.629247716617701,0.0140063744288836,3.68352781832821,0.0549524633725317,0.000736705563665641,5.22319098892095,0.0734173133509345,1.49733237784248,0.684935245882966,0.629272402455781,"x3;x1^2;x2^2;x1^2 x3;x2^2 x3;x3^3;x1^3 x3;x2^2 x3^2",TRUE,FALSE,TRUE,"x3;x1^2;x2^2;x1^2 x3;x2^2 x3;x3^3;x1^3 x3",TRUE,TRUE,TRUE,0,TRUE,0.00019618630241396,0.000195328810703992,5.75995920893137e-07,1.89785614942421e-08,1.33803867692359e-10,0.000195329974398388,0.998493171138546,0.00039630991027245,0.0679540510595853,0.996988612810309,0.684117148592076,0.980795145435721,0.000719806492506806
"aizawa",3,8,Inf,5000,4,13,1.06234077422609e-05,1217.10496944905,1.16932136116731e-266,0.243420993889809,1664.30096029612,0,2476.81550714919,0.979150258100623,0.0413301772967974,0.00552684041296725,94.8082143043983,2.09753439885527e-22,0.0189616428608797,101.172816695836,1.07300561642129e-22,12.4327652753663,0.997891137687067,0.00421861339660002,"x3;x1^2;x2^2;x2 x3;x3^2;x1^2 x3;x1 x3^2;x3^3;x1^4;x1^2 x2^2;x2^4;x1^3 x3;x1^2 x2 x3;x1 x2^2 x3;x1^2 x3^2;x1 x2 x3^2;x2^2 x3^2;x3^4;x1^2 x2^3;x1^4 x3;x1^2 x2^2 x3;x2^4 x3",TRUE,FALSE,FALSE,"x3;x1^2;x2^2;x2 x3;x3^2;x1^2 x3;x1 x3^2;x3^3;x1^4;x1^2 x2^2;x2^4;x1^3 x3;x1^2 x2 x3;x1 x2^2 x3;x1^2 x3^2;x1 x2 x3^2;x2^2 x3^2;x3^4;x1^2 x2^3;x1^4 x3;x1^2 x2^2 x3;x2^4 x3",TRUE,FALSE,FALSE,16,TRUE,1.1285679205833e-10,1.33803867692359e-10,3.12483934859735e-15,2.06150907770595e-11,1.33803867692359e-10,0,0.919210099511306,0.919210099511306,-0.167727389569602,0.844947207043585,0.980795145435721,0.980795145435721,0
"aizawa",3,9,10,5000,4,13,5.17702000537922,6.45018302127833,0.011094091324224,0.00129003660425567,10.8663736143099,0.00436914995477048,1.46625367132258,0.672998143145474,0.652795316821336,5.1762762053262,7.20938275133049,0.00725234315594047,0.0014418765502661,10.1846712668486,0.00614365379358796,1.36426862485584,0.672952796731862,0.652853274987683,"x3;x1^2;x2^2;x1 x2 x3;x3^3;x1^4;x1^2 x2^2;x1 x2^3",TRUE,FALSE,FALSE,"x3;x2^2;x3^3",TRUE,FALSE,FALSE,0,FALSE,26.8015361360967,26.7594789189206,0.0636311425143431,0.0216972737891177,9.85726754553175e-11,26.7594781404811,0.998964147972811,0.0101354613893732,0.0376148544700576,0.997929368935045,0.672549470189584,0.973018692658257,0.279403857358959
"aizawa",3,9,20,5000,4,13,1.68594526280685,0.282333457361102,0.595175849097122,5.64666914722205e-05,1.14200738542001,0.564958109699011,1.48116942175063,0.679524873889961,0.637474187959451,1.6864746087799,0.291794918089015,0.589072593980318,5.8358983617803e-05,2.69425399253677,0.259986129811518,1.40465952848271,0.679852552275686,0.637008018016705,"x3;x1^2;x2^2;x1 x3;x1^4;x1^2 x2^2;x1^2 x3^2;x2^2 x3^2;x3^4;x1^3 x2^2",TRUE,FALSE,FALSE,"x3;x1^2;x2^2;x1 x3;x1^2 x3^2;x2^2 x3^2;x3^4",TRUE,FALSE,FALSE,4,TRUE,2.84241142918086,2.83656777560873,0.00682569431352625,0.000902886536625865,9.85726754553175e-11,2.83656850121125,0.998647933030948,-0.0199701512163969,0.0486658751859525,0.997297694146985,0.679170163920854,0.973018692658257,0.0883552576291109
"aizawa",3,9,30,5000,4,13,0.533762630847023,4.48185102925968,0.034256600102101,0.000896370205851937,4.50756815480859,0.105001139405315,1.48522827290762,0.678392187329324,0.640451880246181,0.5368856441332,4.01887158699857,0.0449938079753049,0.000803774317399715,4.30754787884447,0.1160453820956,1.31295247651099,0.682245815147261,0.633067876599603,"x3;x1^2;x2^2;x1^2 x3;x1^2 x2^2;x1^2 x3^2;x2^2 x3^2;x3^4",TRUE,FALSE,FALSE,"x3;x1^2;x2^2;x1^2 x3;x2^2 x3^2;x3^4",TRUE,FALSE,FALSE,2,TRUE,0.284902546088735,0.284599540127797,0.000669630155745552,0.00015646529361689,9.85726754553175e-11,0.284599264633981,0.998619412903155,0.0239576160834848,0.0394912144544007,0.997240731827043,0.678176795845903,0.973018692658257,0.0279403857358959
"aizawa",3,9,40,5000,4,13,0.1721630271706,10.2672431272046,0.00135412996730363,0.00205344862544091,23.7846384137996,6.84276131412389e-06,1.56621687520181,0.681958210349522,0.627084239443831,0.171851115789161,11.924926522819,0.000553878119225273,0.00238498530456381,32.0975661045887,1.07177119103057e-07,1.5451711276586,0.681460747190404,0.629321842009146,"x3;x1^2;x2^2;x1^2 x3;x2^2 x3;x3^3;x1^4;x1^2 x2^2;x1^3 x3;x1^2 x3^2",TRUE,FALSE,TRUE,"x3;x1^2;x2^2;x1^2 x3;x2^2 x3;x3^3;x1^4;x1^2 x2^2;x1^3 x3;x1^2 x3^2",TRUE,FALSE,TRUE,3,TRUE,0.0296401079245447,0.0296337463083111,6.69691869658316e-05,2.88332114146996e-05,9.85726754553175e-11,0.0296338086519604,0.998359210959706,-0.0177412030191248,0.0364400874118883,0.996721114108087,0.681715868408684,0.973018692658257,0.00883552576291109
"aizawa",3,9,45,5000,4,13,0.0973777172096319,7.46980584571021,0.00627423173994963,0.00149396116914204,22.6526463216722,1.20514790739244e-05,2.34041209190532,0.678237590996416,0.61867621387814,0.0965810862042164,5.68154742018867,0.0171442408749067,0.00113630948403773,10.3710920953202,0.00559687961773217,2.09572702478482,0.677401273413187,0.627174903567033,"x1;x3;x1^2;x2^2;x1 x3;x2 x3;x1^3;x2^2 x3;x2 x3^2;x3^3;x1^2 x2^2;x2^4;x1^3 x3;x1 x2^2 x3;x2^3 x3;x1^2 x3^2;x2^2 x3^2;x2 x3^3;x3^4;x1^5;x1^3 x2^2;x1^4 x3;x1^3 x2 x3;x1^2 x2^2 x3;x2^4 x3;x1^3 x3^2;x1^2 x2 x3^2;x1 x2^2 x3^2;x1^2 x3^3;x2^2 x3^3;x1 x3^4",TRUE,FALSE,FALSE,"x1;x3;x1^2;x2^2;x2 x3;x1^3;x2^2 x3;x3^3;x1^2 x2^2;x1^3 x3;x1 x2^2 x3;x2^3 x3;x1^5;x1^3 x2^2;x1^4 x3;x1^3 x3^2;x1 x2^2 x3^2;x1^2 x3^3",TRUE,FALSE,FALSE,12,TRUE,0.00948241980895905,0.00948090891484056,2.1056280916824e-05,1.03458989271675e-05,9.85726754553175e-11,0.00948084571139376,0.998356471708414,0.0322452112739384,0.0363267733610206,0.996715644602073,0.678003903171678,0.973018692658257,0.00496858126626889
"aizawa",3,9,50,5000,4,13,0.052283632346123,3.97570233867679,0.0461611988263251,0.000795140467735358,8.1169289354963,0.0172755258863032,1.27870083645269,0.674605552020831,0.647124432877141,0.0522595791580523,3.64225115764312,0.0563307197366711,0.000728450231528625,7.35574643719526,0.0252766756737499,1.26174287572865,0.674441606872242,0.647707102474561,"x3;x1^2;x2^2;x1^2 x3;x2^2 x3;x3^3;x1^4;x1^2 x2^2;x1^3 x3;x1^2 x3^2",TRUE,FALSE,TRUE,"x3;x1^2;x2^2;x1^2 x3;x2^2 x3;x3^3;x1^4;x1^2 x2^2;x1^3 x3;x1^2 x3^2",TRUE,FALSE,TRUE,3,TRUE,0.00273357821130455,0.00273228788091297,7.22548494357425e-06,1.69477348549624e-06,9.85726754553175e-11,0.00273230388470947,0.998392944784734,-0.0181017283682102,0.0357717897646323,0.996788472195933,0.674394191091404,0.973018692658257,0.00279403857358959
"aizawa",3,9,55,5000,4,13,0.0305893689334419,7.09987465362745,0.00770893427628378,0.00141997493072549,17.9119036680995,0.000128967279372784,1.67533614039069,0.68006038519605,0.62948896360343,0.0305893919074236,7.10349446969772,0.00769338161365419,0.00142069889393954,17.9156614027057,0.000128725194462329,1.67510670492723,0.680063160618591,0.629487941260985,"x3;x1^2;x2^2;x1^2 x3;x2^2 x3;x3^3;x1^3 x3",TRUE,TRUE,TRUE,"x3;x1^2;x2^2;x1^2 x3;x2^2 x3;x3^3;x1^3 x3",TRUE,TRUE,TRUE,0,TRUE,0.000935709491746217,0.000933545553895221,2.0183329978347e-06,7.05585524851834e-07,9.85726754553175e-11,0.000933530298725238,0.998591880188843,0.025662882030068,0.0551698738074319,0.997185743179089,0.679919353600282,0.973018692658257,0.00157120335410532
"aizawa",3,9,57,5000,4,13,0.0242868092270359,1.81627480341056,0.177757337698227,0.000363254960682112,9.70422535411782,0.0078118561738795,1.96412361675067,0.677725463320836,0.637780701474789,0.0242867967364093,1.81744520292564,0.177617682421858,0.000363489040585128,9.70529609170359,0.00780767506918586,1.96449620766496,0.677724349656674,0.637781852257211,"x3;x1^2;x2^2;x1^2 x3;x2^2 x3;x3^3;x1^3 x3",TRUE,TRUE,TRUE,"x3;x1^2;x2^2;x1^2 x3;x2^2 x3;x3^3;x1^3 x3",TRUE,TRUE,TRUE,0,TRUE,0.000589849102430435,0.000589709321391471,1.29869015505486e-06,1.14718484068952e-07,9.85726754553175e-11,0.000589706260104724,0.998819455746379,0.00471927321560404,0.0276490854867876,0.997640305177492,0.677948808667131,0.973018692658257,0.00124805118665935
"aizawa",3,9,60,5000,4,13,0.0163417429101796,0.257647918321947,0.611740690700387,5.15295836643894e-05,3.01135781132988,0.221866616187192,1.3626922405234,0.667321044211737,0.665328682588173,0.016338862057974,0.211168347653142,0.645853202352975,4.22336695306285e-05,3.21054765829253,0.200834553025821,1.36225190068891,0.667186863502108,0.665564925531571,"x3;x1^2;x2^2;x1^2 x3;x2^2 x3;x3^3;x1^4;x1^2 x2^2;x1^3 x3;x1^2 x3^2",TRUE,FALSE,TRUE,"x3;x1^2;x2^2;x1^2 x3;x2^2 x3;x3^3;x1^3 x3",TRUE,TRUE,TRUE,0,TRUE,0.000267052561342406,0.000266210325526578,6.21799531631371e-07,1.98519778634983e-08,9.85726754553175e-11,0.000266207574121879,0.998782102125807,0.0104131526967134,0.057890169214584,0.997565687526846,0.666777924902285,0.973018692658257,0.000883552576291109
"aizawa",3,9,Inf,5000,4,13,9.23496877029122e-06,823.919476637416,3.40119115270791e-181,0.164783895327483,1245.01816538542,4.44365621167672e-271,2317.14089740384,0.971880491645635,0.0555195070644711,0.00607631687131025,1.52874971454956,0.216300187313358,0.000305749942909912,200.283422911719,3.22854843688457e-44,5.6163667123638,0.998367510574928,0.00326682308423562,"x1;x3;x1^2;x2^2;x1 x3;x2 x3;x3^2;x1^3;x2^2 x3;x2 x3^2;x3^3;x1^4;x1^2 x2^2;x2^4;x1^3 x3;x1^2 x2 x3;x1 x2^2 x3;x2^3 x3;x1^2 x3^2;x2^2 x3^2;x2 x3^3;x3^4;x1^4 x2;x1^2 x2^3;x1 x2^4;x1^4 x3;x1^2 x2^2 x3;x2^4 x3;x1^3 x3^2;x1^2 x3^3;x2^2 x3^3;x1 x3^4",TRUE,FALSE,FALSE,"x1;x3;x1^2;x2^2;x1 x3;x2 x3;x3^2;x1^3;x2^2 x3;x2 x3^2;x3^3;x1^4;x1^2 x2^2;x2^4;x1^3 x3;x1^2 x2 x3;x1 x2^2 x3;x2^3 x3;x1^2 x3^2;x2^2 x3^2;x2 x3^3;x3^4;x1^4 x2;x1 x2^4;x1^4 x3;x1^2 x2^2 x3;x2^4 x3;x1^3 x3^2;x1^2 x3^3;x2^2 x3^3;x1 x3^4",TRUE,FALSE,FALSE,25,TRUE,8.52846481882542e-11,9.85726754553175e-11,7.60114691293397e-15,1.29406333667284e-11,9.85726754553175e-11,0,0.931585235018407,0.931585235018407,-0.151961982130649,0.867851050104301,0.973018692658257,0.973018692658257,0
"aizawa",3,10,10,5000,4,13,5.46133253051448,11.4408418230088,0.000718472333414117,0.00228816836460176,14.9347538577291,0.000571425221754397,1.57416261402608,0.677676664212213,0.640103037152817,5.46512560616016,9.83736268423154,0.0017100249487623,0.00196747253684631,9.87479271187637,0.00717325067131817,1.43891652183493,0.678683257485237,0.638261894972885,"x3;x1^2;x1 x3;x1 x2^2;x2^2 x3;x2^4;x1 x2^2 x3;x1^2 x3^2;x1 x2^4;x1^2 x2^2 x3",TRUE,FALSE,FALSE,"x1^2;x1 x2^2;x2^4;x1 x2^4",TRUE,FALSE,FALSE,3,FALSE,29.8261530088557,29.8066377890995,0.0716592122318841,0.017224260724696,9.44614697617755e-11,29.8066383694352,0.99903758161066,-0.00248348127788332,0.0265318175269942,0.998076089470476,0.677622677990281,0.990215883723989,0.283174836988339
"aizawa",3,10,20,5000,4,13,1.70714138608678,4.98318634696743,0.0255948007905757,0.000996637269393485,9.3871268237017,0.00915400846653701,1.30451460589109,0.685646685090121,0.62238065601481,1.70849047950683,4.55440072129127,0.0328342524548232,0.000910880144258254,8.28496485218825,0.0158833732236748,1.25189603010912,0.686119957537053,0.621495430077641,"x3;x1^2;x2^2;x2^2 x3;x1^2 x3^2;x3^4",TRUE,FALSE,FALSE,"x3;x1^2;x2^2;x2^2 x3;x1^2 x3^2;x3^4",TRUE,FALSE,FALSE,2,TRUE,2.91433171209029,2.91227146908022,0.00663668266683065,0.000406109263593723,9.44614697617755e-11,2.91227187495606,0.998847501714034,-0.0144878448979822,0.0314735680676162,0.997696331680368,0.685447407178065,0.990215883723989,0.0895477460930048
"aizawa",3,10,30,5000,4,13,0.571322851240588,10.9244243470311,0.000949046877118751,0.00218488486940621,18.8162995692054,8.20526220173723e-05,1.45435112423707,0.683119408977839,0.625987691644459,0.571276102476268,12.9365968976117,0.000322220246490869,0.00258731937952235,29.5278733966973,3.87350178769748e-07,1.36553450000754,0.683409333236799,0.626129420317576,"x3;x1^2;x2^2;x1^2 x3;x1 x2 x3;x3^3;x1^2 x2^2;x1 x2^3;x2^4;x1^3 x3;x2^2 x3^2",TRUE,FALSE,FALSE,"x3;x1^2;x2^2;x1^2 x3;x3^3;x1 x2^3;x2^4;x1^3 x3;x2^2 x3^2",TRUE,FALSE,FALSE,3,TRUE,0.326409800349676,0.325487026876403,0.000730431443292519,3.9837484586858e-05,9.44614697617755e-11,0.325486831030261,0.998829842440472,0.0172464452532426,0.0545209883998568,0.997661054149659,0.682462948472693,0.990215883723989,0.0283174836988339
"aizawa",3,10,40,5000,4,13,0.171484677549389,0.00414299639342782,0.948678712638221,8.28599278685564e-07,1.97232973499528,0.373004472983394,1.76800761041205,0.677810362447772,0.632165689741985,0.171484677719952,0.00417227611647567,0.948497932114349,8.34455223295134e-07,1.97223410820427,0.373022308020159,1.76827407158336,0.677811617846351,0.632165235948463,"x3;x1^2;x2^2;x1^2 x3;x2^2 x3;x3^3;x1^3 x3",TRUE,TRUE,TRUE,"x3;x1^2;x2^2;x1^2 x3;x2^2 x3;x3^3;x1^3 x3",TRUE,TRUE,TRUE,0,TRUE,0.0294069946342179,0.0293539221188393,6.72668795606119e-05,3.24533684915799e-06,9.44614697617755e-11,0.0293539623733692,0.998824028829264,-0.0113819846167133,0.0435333918499269,0.997649440566723,0.677526318985238,0.990215883723989,0.00895477460930048
"aizawa",3,10,45,5000,4,13,0.0959558713569596,1.51951448114303,0.217692981507533,0.000303902896228606,2.43318702894545,0.29623757910819,1.47564691181448,0.680594543157603,0.637710763977869,0.0959473447056886,1.49786206815658,0.221000610896277,0.000299572413631317,2.40474929535725,0.300479830314068,1.46762976519416,0.680529482463758,0.637828861834389,"x3;x1^2;x2^2;x1^2 x3;x1 x2 x3;x2^2 x3;x3^3;x1^2 x2^2;x2^4;x1^3 x3;x2^2 x3^2",TRUE,FALSE,TRUE,"x3;x1^2;x2^2;x1^2 x3;x2^2 x3;x3^3;x1^3 x3",TRUE,TRUE,TRUE,0,TRUE,0.00920752924787338,0.00919094779642127,2.10901721062658e-05,1.35785494092731e-06,9.44614697617755e-11,0.00919096148757402,0.998792541284103,-0.00759222545179651,0.0440468119379573,0.997586540524757,0.68041339481292,0.990215883723989,0.00503563982057492
"aizawa",3,10,50,5000,4,13,0.0548975898354506,5.49552069097962,0.0190652495205351,0.00109910413819592,29.2500753279101,4.4506848668679e-07,1.62081978779771,0.677509971243015,0.632802422220689,0.0548612457056165,5.54374777064209,0.0185468221682864,0.00110874955412842,29.8528641902543,3.29255400138017e-07,1.61073776501045,0.677526512441506,0.633581166659321,"x3;x1^2;x2^2;x1^2 x3;x1 x2 x3;x2^2 x3;x3^3;x1^2 x2^2;x2^4;x1^3 x3;x2^2 x3^2",TRUE,FALSE,TRUE,"x3;x1^2;x2^2;x1^2 x3;x2^2 x3;x3^3;x2^4;x1^3 x3",TRUE,FALSE,TRUE,1,TRUE,0.00301374536974137,0.00301001887138702,6.65328475130537e-06,1.76233587474539e-06,9.44614697617755e-11,0.00301000411179323,0.998563830413126,0.0139225818372493,0.0437066214633206,0.997129723409335,0.677551856978643,0.990215883723989,0.00283174836988339
"aizawa",3,10,55,5000,4,13,0.0301882760840342,21.3954605288391,3.73654823411377e-06,0.00427909210576783,46.8125768278751,6.83562296222945e-11,1.59820416665238,0.681627530508083,0.630971531211404,0.0301882954623976,21.3939260602216,3.73953992305409e-06,0.00427878521204431,46.8103410344013,6.84326875564107e-11,1.59806954463539,0.681628679027498,0.630971145112257,"x3;x1^2;x2^2;x1^2 x3;x2^2 x3;x3^3;x1^3 x3",TRUE,TRUE,TRUE,"x3;x1^2;x2^2;x1^2 x3;x2^2 x3;x3^3;x1^3 x3",TRUE,TRUE,TRUE,0,TRUE,0.000911332012925873,0.000908102833304199,2.14039498254025e-06,8.49506237680075e-08,9.44614697617755e-11,0.000908114346589065,0.998804837417531,-0.0157494803826419,0.0611908683494046,0.997611103248661,0.680903934115881,0.990215883723989,0.00159240913092584
"aizawa",3,10,57,5000,4,13,0.0248440688690193,4.11606924329492,0.0424776657690462,0.000823213848658984,4.2359280485899,0.120276258937242,2.44237512276984,0.673633240713718,0.628019828080731,0.0248337269372088,4.00063092334723,0.0454832351733307,0.000800126184669447,4.1945578485404,0.122790095228534,2.45068425046095,0.67365422588354,0.628465408007583,"x3;x1^2;x2^2;x1^2 x3;x2^2 x3;x3^3;x2^4;x1^3 x3;x2^2 x3^2",TRUE,FALSE,TRUE,"x3;x1^2;x2^2;x1^2 x3;x2^2 x3;x3^3;x2^4;x1^3 x3",TRUE,FALSE,TRUE,1,TRUE,0.000617227757968576,0.000616913208777453,1.4054950621594e-06,7.77389574117273e-08,9.44614697617755e-11,0.000616917218301921,0.998825488416842,-0.00565574071003682,0.0298631231130319,0.997652356311143,0.673495741640767,0.990215883723989,0.00126489553392715
"aizawa",3,10,60,5000,4,13,0.0174389135188699,0.979832007083459,0.322240284424995,0.000195966401416692,1.69766915866464,0.427913340515505,1.43501834155598,0.690241386573173,0.619418239732951,0.0174328849677421,1.12304422879537,0.289263895816866,0.000224608845759075,1.94762227233807,0.3776410505766,1.43400377246893,0.690027817314821,0.619835494436003,"x3;x1^2;x2^2;x1^2 x3;x2^2 x3;x3^3;x1^2 x2^2;x2^4;x1^3 x3;x2^2 x3^2",TRUE,FALSE,TRUE,"x3;x1^2;x2^2;x1^2 x3;x2^2 x3;x3^3;x1^2 x2^2;x1^3 x3",TRUE,FALSE,TRUE,1,TRUE,0.000304115704718623,0.000303192736872709,7.28017594648397e-07,2.89866255408209e-08,9.44614697617755e-11,0.000303196583819113,0.998736319391384,-0.0116163724649505,0.0568748515751955,0.997474235671449,0.689747965255788,0.990215883723989,0.000895477460930048
"aizawa",3,10,Inf,5000,4,13,9.13099995562849e-06,1345.03507503895,1.84754676303731e-294,0.269007015007791,1938.10183148345,0,4157.89248442605,0.989249458635773,0.0214512863563525,7.2018657211217e-06,1481.73756233601,4.94065645841247e-324,0.296347512467202,2093.34809703457,0,523.144777602309,0.984280332705372,0.031240841634674,"x3;x1^2;x2^2;x3^2;x1^2 x3;x2^2 x3;x3^3;x1^4;x1^2 x2^2;x2^4;x1^3 x3;x1^2 x3^2;x1 x2 x3^2;x2^2 x3^2;x2 x3^3;x3^4;x1^5;x1 x2^4;x1^2 x2^2 x3;x1^2 x3^3;x2^2 x3^3",TRUE,FALSE,TRUE,"x3;x1^2;x2^2;x3^2;x1^2 x3;x2^2 x3;x3^3;x1^4;x1^2 x2^2;x2^4;x1^3 x3;x1 x2 x3^2;x2^2 x3^2;x2 x3^3;x1^5;x1 x2^4;x1^2 x2^2 x3;x1^2 x3^3",TRUE,FALSE,TRUE,11,TRUE,8.33751601896874e-11,9.44614697617755e-11,1.327927557256e-14,1.10234427648041e-11,9.44614697617755e-11,0,0.939471601356165,0.939471601356165,-0.0121985637777505,0.882606889754718,0.990215883723989,0.990215883723989,0
"aizawa",3,11,10,5000,4,13,7.09490774209759,2.45991676652462,0.116784970398144,0.000491983353304924,2.64642667455753,0.266278283823174,1.20249505236578,0.686170674225371,0.625945032859318,7.10440932296184,13.9920330032454,0.000183586891623691,0.00279840660064908,21.7013975907546,1.93910527762944e-05,1.41848628926554,0.687188239656401,0.623755548742161,"x1^2 x3;x1^2 x2^2;x1 x2^2 x3",FALSE,FALSE,FALSE,"x1^2 x2^2",FALSE,FALSE,FALSE,1,FALSE,50.3377158688763,50.226934226761,0.151142037358999,0.107709297986229,2.90632862709571e-10,50.2269314652624,0.999156570645673,0.00218099744018429,0.0353883721074978,0.998313852664422,0.685715832175292,0.972658293456547,0.37141636235362
"aizawa",3,11,20,5000,4,13,2.1772881556122,6.96277734148667,0.00832227488467212,0.00139255546829733,6.99120099224348,0.0303305296016037,1.45908051834073,0.670895223473499,0.656405753575263,2.18214957814888,9.50686492210954,0.00204704604040679,0.00190137298442191,10.1502405801482,0.00625033454120125,1.5812200986679,0.672611330585342,0.653106484147684,"x3;x1^2;x2^2;x3^2;x1^2 x3;x1^2 x2^3",TRUE,FALSE,FALSE,"x3;x1^2;x2^2;x3^2;x1^2 x2^3",TRUE,FALSE,FALSE,2,FALSE,4.74058371256917,4.72976811876774,0.0126637313388381,0.00166201831951851,2.90632862709571e-10,4.7297704224558,0.998729350132711,-0.0361371937983879,0.0467479805907133,0.997460314816506,0.670504703642406,0.972658293456547,0.117452166529186
"aizawa",3,11,30,5000,4,13,0.694382296334495,2.46605447652791,0.116329609900196,0.000493210895305583,10.1037491551746,0.00639732990772561,1.70037628374813,0.683021334613542,0.63287761053222,0.694331174758639,2.27394153477455,0.131564919849051,0.00045478830695491,9.93537858156218,0.00695921018124644,1.63615552239525,0.683001847131838,0.632961978168316,"x3;x1^2;x2^2;x1 x3;x1^2 x3;x2^2 x3;x3^3;x1^3 x3",TRUE,FALSE,TRUE,"x3;x1^2;x2^2;x1^2 x3;x2^2 x3;x3^3;x1^3 x3",TRUE,TRUE,TRUE,0,TRUE,0.482166773462767,0.482123322425197,0.00125939166382329,0.00124113101262664,2.90632862709571e-10,0.482122790705245,0.997564423305164,0.0127654600743747,0.048463449165082,0.995134778644165,0.683102291334368,0.972658293456547,0.037141636235362
"aizawa",3,11,40,5000,4,13,0.223560603023317,30.5689300200776,3.22212602776652e-08,0.00611378600401552,41.880190372069,8.05067343059435e-10,1.55229977620084,0.680897987715213,0.637075123289464,0.229888530869257,14.2992476098715,0.000155927190015519,0.0028598495219743,21.4149029478459,2.23775692423214e-05,1.52361733006214,0.697967170977194,0.603044983803683,"x1;x2;x3;x1^2;x2^2;x1 x3;x2 x3;x3^2;x1^3;x1^2 x2;x1 x2^2;x2^3;x1^2 x3;x1 x2 x3;x2^2 x3;x1 x3^2;x2 x3^2;x1^4;x1^3 x2;x1^2 x2^2;x1 x2^3;x2^4;x1^3 x3;x1^2 x2 x3;x1 x2^2 x3;x2^3 x3;x2^2 x3^2;x1 x3^3;x2 x3^3;x3^4",TRUE,FALSE,FALSE,"x1;x2;x3;x1^2;x2^2;x1 x3;x3^2;x1^3;x1^2 x2;x2^3;x1^2 x3;x1 x2 x3;x2^2 x3;x1^4;x1 x2^3;x2^4;x1^3 x3;x1 x2^2 x3;x2^2 x3^2;x1 x3^3;x2 x3^3;x3^4",TRUE,FALSE,FALSE,16,TRUE,0.0499793432241491,0.0499146159929937,0.000128690178752742,5.3548514366316e-05,2.90632862709571e-10,0.0499145795863732,0.998189447360886,-0.00436176632846856,0.0485131487550027,0.996382172822631,0.68078318286984,0.972658293456547,0.0117452166529186
"aizawa",3,11,45,5000,4,13,0.128821942644221,6.95791566186285,0.00834491929819754,0.00139158313237257,7.09261212997289,0.0288309428240335,1.53588864282015,0.691092245117765,0.614533734266869,0.128712017781947,6.207752671888,0.0127192002511824,0.0012415505343776,6.34765658139958,0.0418431033261976,1.55242837217769,0.690635580336438,0.615545141316473,"x1;x2;x3;x1^2;x2^2;x1 x3;x2 x3;x3^2;x1^3;x1^2 x2;x1 x2^2;x2^3;x1^2 x3;x1 x2 x3;x2^2 x3;x1 x3^2;x2 x3^2;x3^3;x1^4;x1^3 x2;x1^2 x2^2;x1 x2^3;x2^4;x1^3 x3;x1 x2^2 x3;x2^3 x3;x1^2 x3^2;x1 x2 x3^2;x2^2 x3^2;x1 x3^3;x2 x3^3;x3^4",TRUE,FALSE,TRUE,"x3;x1^2;x2^2;x1^2 x3;x2^2 x3;x3^3;x1^3 x3",TRUE,TRUE,TRUE,0,TRUE,0.0165950929066309,0.0165685608519077,4.53160723311557e-05,2.43582813573932e-05,2.90632862709571e-10,0.0165685626782113,0.997839794358408,0.00888753368504739,0.0561757202497098,0.99568425520523,0.6911143152175,0.972658293456547,0.00660482069724998
"aizawa",3,11,50,5000,4,13,0.0726887318995252,32.275402516211,1.33796396693116e-08,0.0064550805032422,93.949891048314,3.97228473323431e-21,1.48177555111158,0.67604675387919,0.639501971428258,0.0726860165474291,31.8206625999086,1.69084373608383e-08,0.00636413251998172,92.6561042445543,7.5854719366738e-21,1.48166550052127,0.67605459689654,0.639475249079588,"x3;x1^2;x2^2;x1^2 x3;x2^2 x3;x3^3;x1^3 x3;x1^2 x2 x3^2",TRUE,FALSE,TRUE,"x3;x1^2;x2^2;x1^2 x3;x2^2 x3;x3^3;x1^3 x3",TRUE,TRUE,TRUE,0,TRUE,0.00528365174516105,0.00528325523835016,1.41495675134498e-05,1.65937717253655e-05,2.90632862709571e-10,0.00528336544611798,0.997141596288731,-0.0327551170415411,0.0557396598236474,0.994291363049238,0.675000636323405,0.972658293456547,0.0037141636235362
"aizawa",3,11,55,5000,4,13,0.0393764404526482,0.0868782519992145,0.768183970963245,1.73756503998429e-05,6.76888651810016,0.0338965086677946,1.29950624621766,0.680537111761725,0.638729229871792,0.0672788703802382,135.443668207469,2.640538653278e-31,0.0270887336414938,157.972607477617,4.97375215474846e-35,4.48015872548545,0.890365285365175,0.219255989632636,"x1;x2;x3;x1^2;x1 x2;x2^2;x1 x3;x2 x3;x3^2;x1^3;x1^2 x2;x1 x2^2;x2^3;x1^2 x3;x1 x2 x3;x2^2 x3;x1 x3^2;x2 x3^2;x1^4;x1^3 x2;x1^2 x2^2;x1 x2^3;x2^4;x1^3 x3;x1 x2^2 x3;x1^2 x3^2;x2^2 x3^2;x1 x3^3;x2 x3^3;x3^4",TRUE,FALSE,FALSE,"x1;x2;x3;x1^2;x2^2;x1 x3;x2 x3;x3^2;x1^2 x2;x2^3;x1^2 x3;x1 x2 x3;x2^2 x3;x1 x3^2;x2 x3^2;x1^4;x1^3 x2;x1 x2^3;x2^4;x1^3 x3;x1 x2^2 x3;x1^2 x3^2;x2^2 x3^2;x1 x3^3;x2 x3^3;x3^4",TRUE,FALSE,FALSE,20,TRUE,0.00155050406272095,0.00154758981896836,4.38729633157583e-06,2.8547904890341e-07,2.90632862709571e-10,0.00154757888343823,0.998490106884005,0.00301837922996776,0.0458952311682035,0.996982493545232,0.680285214390075,0.972658293456547,0.00208862769403313
"aizawa",3,11,57,5000,4,13,0.0324832703157208,8.45233719769006,0.00364574627905291,0.00169046743953801,15.0466513211184,0.000540332611630859,1.75601355391138,0.689372713996178,0.616702172958608,0.0324597978632598,7.5577495327878,0.00597525621972111,0.00151154990655756,13.6269294193087,0.00109887900006454,1.72073344024077,0.689109858693694,0.617480266817378,"x1;x2;x3;x1^2;x1 x2;x2^2;x1 x3;x2 x3;x3^2;x1^2 x2;x1 x2^2;x2^3;x1^2 x3;x1 x2 x3;x2^2 x3;x1 x3^2;x2 x3^2;x3^3;x1^4;x1^3 x2;x1^2 x2^2;x1 x2^3;x2^4;x1^3 x3;x1 x2^2 x3;x1^2 x3^2;x2^2 x3^2;x1 x3^3;x2 x3^3;x3^4",TRUE,FALSE,TRUE,"x3;x1^2;x2^2;x1^2 x3;x2^2 x3;x3^3;x1^3 x3",TRUE,TRUE,TRUE,0,TRUE,0.00105516285040419,0.00105273986386013,2.66195951180759e-06,1.5462169460835e-07,2.90632862709571e-10,0.00105273914604461,0.998693141544066,0.000632896946536217,0.0488941383604772,0.997387990967156,0.688995232799118,0.972658293456547,0.00165905594919759
"aizawa",3,11,60,5000,4,13,0.0227365294716817,26.9003134341511,2.14224138578271e-07,0.00538006268683021,53.9837089313483,1.89490110579002e-12,1.5729434276955,0.669713062729094,0.645936898318848,0.0226954883721184,25.8076299569703,3.77194427050921e-07,0.00516152599139407,53.024347821702,3.06132309064487e-12,1.53703827148317,0.669774727063428,0.647420596298281,"x1;x2;x3;x1^2;x1 x2;x2^2;x1 x3;x2 x3;x3^2;x1^3;x1^2 x2;x1 x2^2;x2^3;x1^2 x3;x1 x2 x3;x2^2 x3;x2 x3^2;x3^3;x1^4;x1^3 x2;x1^2 x2^2;x1 x2^3;x2^4;x1^3 x3;x1^2 x2 x3;x1 x2^2 x3;x2^3 x3;x1^2 x3^2;x2^2 x3^2;x1 x3^3;x2 x3^3;x3^4",TRUE,FALSE,TRUE,"x3;x1^2;x2^2;x1^2 x3;x2^2 x3;x3^3;x1^3 x3;x1 x3^3",TRUE,FALSE,TRUE,1,TRUE,0.000516949772416649,0.000517925510166444,1.33672782718022e-06,1.10712082281338e-06,2.90632862709571e-10,0.00051794828124406,0.997669051624318,-0.0195530268081057,0.0274504687699838,0.995343536568965,0.669163627264616,0.972658293456547,0.00117452166529186
"aizawa",3,11,Inf,5000,4,13,1.57355649267586e-05,1061.70271221698,6.96170848039772e-233,0.212340542443396,2523.92695924661,0,8833513372872.82,0.965755393254102,0.0681033446879336,8.16059509494639e-06,274.14890467176,1.41481150202962e-61,0.054829780934352,533.437001472693,1.4642893668541e-116,41289475.2599152,0.876100850154301,0.232260237742247,"x1;x3;x1^2;x2^2;x1 x3;x2 x3;x3^2;x1^3;x1^2 x2;x2^3;x1^2 x3;x1 x2 x3;x2^2 x3;x2 x3^2;x3^3;x1^2 x2^2;x1^3 x3;x1 x2^2 x3;x1 x3^3;x3^4",TRUE,FALSE,TRUE,"x1;x3;x1^2;x2^2;x2 x3;x1^3;x1^2 x2;x2^3;x1^2 x3;x1 x2 x3;x2^2 x3;x2 x3^2;x3^3;x1^2 x2^2;x1^3 x3;x1 x2^2 x3;x1 x3^3;x3^4",TRUE,FALSE,TRUE,11,TRUE,2.47608003564236e-10,2.90632862709571e-10,1.04489212579533e-13,4.22831674445391e-11,2.90632862709571e-10,0,0.924299770673792,0.924299770673792,-0.0708678316310403,0.854330066067625,0.972658293456547,0.972658293456547,0
"aizawa",3,12,10,5000,4,13,4.89438672592452,0.044464350288644,0.832992057067133,8.8928700577288e-06,0.756057274731174,0.685210877750487,1.25007951581169,0.678475385916112,0.64198172202406,4.89617210456629,0.000140980171731002,0.990526534568505,2.81960343462004e-08,2.45779532030492,0.292614961091772,1.23786522295874,0.678717941400534,0.641356624145412,"x2;x3;x1^2;x2^2;x3^2",TRUE,FALSE,FALSE,"x3;x1^2;x2^2;x3^2",TRUE,FALSE,FALSE,1,FALSE,23.9550214229062,23.9284447662983,0.0657951729312786,0.0137246184404409,2.33224381714941e-10,23.9284511216546,0.998710706121933,-0.0353459623414693,0.0350062897953682,0.99742307452257,0.677909839826738,0.824905101020672,0.261676232307555
"aizawa",3,12,20,5000,4,13,1.62422455790967,9.55588031654647,0.00199309906693185,0.00191117606330929,33.0622931099792,6.61628602407557e-08,1.33353028790242,0.673617311292033,0.647549337351858,1.62597269492501,10.1333630037445,0.0014560950048223,0.0020266726007489,50.8366975551502,9.14010925004372e-12,1.28801543413546,0.674201223029005,0.646227955065284,"x3;x1^2;x2^2;x1^2 x2^2;x1^2 x3^2;x2^2 x3^2;x3^4",TRUE,FALSE,FALSE,"x3;x1^2;x2^2;x1^2 x3^2;x2^2 x3^2;x3^4",TRUE,FALSE,FALSE,3,FALSE,2.63810541451685,2.63436062543432,0.00693825353447526,0.000347372692611678,2.33224381714941e-10,2.63435618525758,0.998664090286819,0.0822772065334639,0.0399345665689912,0.997329965228399,0.672944816558901,0.824905101020672,0.0827492903623211
"aizawa",3,12,30,5000,4,13,0.487299978013227,0.365083438226245,0.545696489138874,7.30166876452489e-05,0.41365972136216,0.813157988365153,1.32486232554821,0.673611423975384,0.651724750163386,0.487299974254085,0.363659619268272,0.546480768189161,7.27319238536544e-05,0.410033904672629,0.814633506353186,1.32504297891118,0.673613442667712,0.651723363691893,"x3;x1^2;x2^2;x1^2 x3;x2^2 x3;x3^3;x1^3 x3",TRUE,TRUE,TRUE,"x3;x1^2;x2^2;x1^2 x3;x2^2 x3;x3^3;x1^3 x3",TRUE,TRUE,TRUE,0,TRUE,0.237461268571691,0.237672878251017,0.000586870345572009,8.0414091615707e-06,2.33224381714941e-10,0.237673012794535,0.998768229976238,-0.0104528145201129,0.0158311079446718,0.997537977209867,0.673541423433694,0.824905101020672,0.0261676232307555
"aizawa",3,12,40,5000,4,13,0.166886890017412,11.5640230688679,0.000672402093303328,0.00231280461377359,72.9941156874776,1.41100701451507e-16,1.48946822284601,0.68548030586021,0.615418731222608,0.166797778771597,10.9601273876863,0.000930934168891327,0.00219202547753726,65.8654431367827,4.98311315136216e-15,1.51727323028905,0.685602244448914,0.615951403886818,"x3;x1^2;x2^2;x1 x3;x2 x3;x3^2;x1^2 x3;x1 x2 x3;x2^2 x3;x1 x3^2;x3^3;x1^2 x2^2;x2^4;x1^3 x3;x1 x2^2 x3;x1 x2 x3^2;x1 x3^3",TRUE,FALSE,TRUE,"x3;x1^2;x2^2;x1^2 x3;x2^2 x3;x3^3;x1^3 x3;x1 x3^3",TRUE,FALSE,TRUE,1,TRUE,0.0278512340596839,0.0277755200263147,6.85807547587658e-05,5.96465892427065e-06,2.33224381714941e-10,0.0277749959660127,0.998612311911225,0.0927786585735461,0.0553733455384033,0.997226549500682,0.684490586711302,0.824905101020672,0.00827492903623211
"aizawa",3,12,45,5000,4,13,0.0888243354395585,29.2600448497012,6.32872942211267e-08,0.00585200896994024,155.26436937562,1.92650691403475e-34,1.73165627234236,0.694589871480594,0.604880419220616,0.0887167594196058,28.2417789512303,1.07068409160772e-07,0.00564835579024606,142.785794828338,9.87321526347732e-32,1.69307107256225,0.694448076337476,0.606145209106663,"x3;x1^2;x2^2;x1 x3;x1^2 x3;x1 x2 x3;x2^2 x3;x1 x3^2;x3^3;x2^4;x1^3 x3;x1 x2 x3^2;x1 x3^3",TRUE,FALSE,TRUE,"x3;x1^2;x2^2;x1^2 x3;x1 x2 x3;x2^2 x3;x1 x3^2;x3^3;x1^3 x3;x1 x2 x3^2;x1 x3^3",TRUE,FALSE,TRUE,4,TRUE,0.0078897625662792,0.00788029156581897,2.05889018983363e-05,7.25925400194422e-06,2.33224381714941e-10,0.00788007306642037,0.998298261659687,0.0628910085320555,0.0448096848369132,0.996599419232752,0.693816046709977,0.824905101020672,0.00465333456009086
"aizawa",3,12,50,5000,4,13,0.0497104894892536,5.82336329485774,0.0158146766034176,0.00116467265897155,12.6433326612302,0.00179694670278682,1.5427244405772,0.673601476477239,0.646343161707364,0.0497008248205713,5.7069514076816,0.0168978597811894,0.00114139028153632,12.4939956395777,0.00193625841582113,1.5496778911918,0.673503421750457,0.646590875958757,"x3;x1^2;x2^2;x2 x3;x1^2 x3;x2^2 x3;x3^3;x1^2 x2^2;x2^4;x1^3 x3;x1^2 x2 x3",TRUE,FALSE,TRUE,"x3;x1^2;x2^2;x1^2 x3;x2^2 x3;x3^3;x1^3 x3",TRUE,TRUE,TRUE,0,TRUE,0.0024711327652612,0.00246235024266265,6.69841528201678e-06,7.11161965273748e-07,2.33224381714941e-10,0.00246239187478825,0.998507504602593,-0.0251133669720749,0.0628728848591048,0.997017236747698,0.673237280519438,0.824905101020672,0.00261676232307555
"aizawa",3,12,55,5000,4,13,0.0283433171455501,2.28912456655591,0.130283388791331,0.000457824913311181,36.3530552696231,1.27653976543433e-08,1.44974938177124,0.680649088033077,0.634994917913581,0.0283414993980562,2.25450993218273,0.133225625526383,0.000450901986436547,36.119622080861,1.43457652843122e-08,1.44918678292031,0.680639722402564,0.635055682197725,"x3;x1^2;x2^2;x2 x3;x1^2 x3;x2^2 x3;x1 x3^2;x3^3;x1^2 x2^2;x2^4;x1^3 x3;x1^2 x2 x3;x1 x3^3;x2 x3^3",TRUE,FALSE,TRUE,"x3;x1^2;x2^2;x1^2 x3;x2^2 x3;x3^3;x1^3 x3",TRUE,TRUE,TRUE,0,TRUE,0.000803343626813236,0.000801718930401773,1.95344048454527e-06,6.57749935651518e-08,2.33224381714941e-10,0.000801655579318338,0.998755324743603,0.0723585262910525,0.0458290566862064,0.9975121987037,0.679708655303487,0.824905101020672,0.00147151359246648
"aizawa",3,12,57,5000,4,13,0.0223516062528776,1.37462735236519,0.241018428879306,0.000274925470473039,1.37470073052797,0.50290682467099,1.34062863903308,0.67685995211646,0.643637907359632,0.0223467926004123,1.19934553011988,0.27345252497257,0.000239869106023976,1.21328602302825,0.545177956726033,1.33311452424858,0.676780811083392,0.643902809181805,"x3;x1^2;x2^2;x2 x3;x3^2;x1^2 x3;x2^2 x3;x1 x3^2;x3^3;x1^2 x2^2;x2^4;x1^3 x3;x1^2 x2 x3;x1 x3^3;x2 x3^3",TRUE,FALSE,TRUE,"x3;x1^2;x2^2;x1^2 x3;x2^2 x3;x3^3;x1^3 x3",TRUE,TRUE,TRUE,0,TRUE,0.000499594302083677,0.000498820078661387,1.22571493933464e-06,2.04655355316478e-07,2.33224381714941e-10,0.000498849273356459,0.998590166815435,-0.0381417639846891,0.0441650302283025,0.997182321260479,0.676720918519581,0.824905101020672,0.00116886479427668
"aizawa",3,12,60,5000,4,13,0.0158527895638656,0.0839869340240925,0.771965427783131,1.67973868048185e-05,5.17585513279359,0.075175675353489,1.55743523735994,0.686933210350322,0.625909157961477,0.0158492514999936,0.124495039395663,0.724209484546511,2.48990078791327e-05,4.79170759228963,0.0910948692623422,1.55636398872386,0.686808849616092,0.626172085724495,"x3;x1^2;x2^2;x2 x3;x3^2;x1^2 x3;x2^2 x3;x1 x3^2;x3^3;x1^2 x2^2;x2^4;x1^3 x3;x1^2 x2 x3;x1 x3^3;x2 x3^3",TRUE,FALSE,TRUE,"x3;x1^2;x2^2;x1^2 x3;x2^2 x3;x3^3;x1^3 x3",TRUE,TRUE,TRUE,0,TRUE,0.000251310936956207,0.000250081060706645,6.63496561257959e-07,1.28083828545922e-08,2.33224381714941e-10,0.000250081229070614,0.998677781147401,0.00158421546147156,0.0733187694328541,0.997357310557496,0.686171245611495,0.824905101020672,0.000827492903623211
"aizawa",3,12,Inf,5000,4,13,1.38118264520482e-05,71.6345201298712,2.58985912737452e-17,0.0143269040259742,258.724233468383,6.5878929732339e-57,2634.343119589,0.779601762541483,0.393781520050657,0.0107258286357882,221.336259208193,4.62290857807681e-50,0.0442672518416385,263.589719650145,5.7838848054153e-58,14.8699242540958,0.997325610732797,0.00534812688466673,"x2;x3;x1^2;x1 x2;x2^2;x1 x3;x3^2;x1^3;x1^2 x2;x1 x2^2;x2^3;x2^2 x3;x2 x3^2;x3^3;x1^4;x1^3 x2;x1^2 x2^2;x2^4;x1^3 x3;x1^2 x2 x3;x1 x2^2 x3;x2^3 x3;x1^2 x3^2;x1 x2 x3^2;x2^2 x3^2;x1 x3^3;x2 x3^3;x3^4;x1^5;x1^4 x2;x1^3 x2^2;x1^2 x2^3;x2^5;x1^4 x3;x1^2 x2^2 x3;x2^4 x3;x1^3 x3^2;x1^2 x2 x3^2;x1 x2^2 x3^2;x1^2 x3^3;x2^2 x3^3;x1 x3^4",TRUE,FALSE,FALSE,"x2;x3;x1^2;x1 x2;x2^2;x1 x3;x1^3;x1^2 x2;x1 x2^2;x2^3;x2^2 x3;x2 x3^2;x3^3;x1^4;x1^3 x2;x1^2 x2^2;x2^4;x1^3 x3;x1^2 x2 x3;x1 x2^2 x3;x2^3 x3;x1^2 x3^2;x1 x2 x3^2;x2^2 x3^2;x1 x3^3;x2 x3^3;x3^4;x1^5;x1^4 x2;x1^3 x2^2;x1^2 x2^3;x2^5;x1^4 x3;x1^2 x2^2 x3;x2^4 x3;x1^3 x3^2;x1^2 x2 x3^2;x1 x2^2 x3^2;x1^2 x3^3;x2^2 x3^3;x1 x3^4",TRUE,FALSE,FALSE,35,TRUE,1.90766549941498e-10,2.33224381714941e-10,5.97589763513618e-15,4.23854477140239e-11,2.33224381714941e-10,0,0.90428115352822,0.90428115352822,0.0105163228476423,0.817724404626329,0.824905101020672,0.824905101020672,0
"aizawa",3,13,10,5000,4,13,5.44529003588088,0.18814314770558,0.66446657370933,3.7628629541116e-05,0.203211556731403,0.903385615634003,1.35003370122619,0.688574734295269,0.621790123377245,5.44617843578206,0.00509774341023697,0.943080616722802,1.01954868204739e-06,0.222534578478057,0.894699573397799,1.27586782931555,0.68867045030172,0.621640837219477,"x3;x1^2;x2^2;x1 x3;x3^2",TRUE,FALSE,FALSE,"x3;x1^2;x2^2;x3^2",TRUE,FALSE,FALSE,1,FALSE,29.6511835748636,29.5840166633063,0.0727595054045731,0.0402579252249882,1.11788723202008e-10,29.5840169869697,0.998905377242425,-0.00206461450251814,0.0449684963450652,0.997811952683832,0.688131449244067,0.969620844997381,0.288983864308445
"aizawa",3,13,20,5000,4,13,1.76774299175861,29.0713765132914,6.97600888509929e-08,0.00581427530265827,70.9573112652519,3.90675011316881e-16,2.28172234788015,0.675941547526206,0.633301256951352,1.77014317087293,29.3688260366684,5.98324244160668e-08,0.00587376520733368,77.16694668196,1.75150118447567e-17,2.2832495983557,0.677230829318914,0.631640451589269,"x3;x2^2;x1^4;x1^2 x2^2;x1^2 x3^2;x2^2 x3^2;x3^4;x1^3 x3^2",TRUE,FALSE,FALSE,"x3;x2^2;x1^4;x1^2 x2^2;x1^2 x3^2;x2^2 x3^2;x3^4;x1^3 x3^2",TRUE,FALSE,FALSE,6,TRUE,3.12491528491169,3.1253690909059,0.00726289830587128,0.00481368092275836,1.11788723202008e-10,3.12536857873648,0.998174227496907,0.0212604328045287,0.035900175190923,0.996351788439047,0.67574895063743,0.969620844997381,0.0913847218251727
"aizawa",3,13,30,5000,4,13,0.562509296364033,7.01905810788917,0.00806466425093131,0.00140381162157783,10.5136212322916,0.00521190099156674,1.41828377797493,0.688147005971018,0.618804173741194,0.566138628267946,8.91366959813986,0.00283043934675741,0.00178273391962797,10.7439766028565,0.00464488668794535,1.46734980900318,0.69236419458539,0.61077758862071,"x3;x1^2;x2^2;x1^2 x3;x3^3;x1^3 x3;x1 x2^2 x3;x1^4 x3",TRUE,FALSE,FALSE,"x3;x1^2;x2^2;x1^2 x3;x3^3;x1^3 x3;x1 x2^2 x3;x1^4 x3",TRUE,FALSE,FALSE,2,TRUE,0.31641670849596,0.316020427043296,0.000748038499877888,0.000300197578880195,1.11788723202008e-10,0.316020603529723,0.998438848343215,-0.0154370219575293,0.0450787715521537,0.996880133880924,0.687959081179939,0.969620844997381,0.0288983864308445
"aizawa",3,13,40,5000,4,13,0.178138536195577,5.42970421151685,0.0197970320518499,0.00108594084230337,5.67041189720686,0.058706434080664,1.41183528988951,0.684213544283771,0.622779219782256,0.177929509542693,4.72972926221862,0.0296455514106353,0.000945945852443724,4.78170026359089,0.091551819671942,1.42538312602345,0.683642997378541,0.624198448015628,"x3;x1^2;x2^2;x3^2;x1^2 x2;x1^2 x3;x2^2 x3;x2 x3^2;x3^3;x1^2 x2^2;x2^4;x1^3 x3;x2^2 x3^2;x2 x3^3;x1^3 x2^2;x1^2 x2^3;x1 x2^4;x1^4 x3;x2^4 x3;x1^3 x3^2;x1^2 x3^3;x2^2 x3^3",TRUE,FALSE,TRUE,"x3;x1^2;x2^2;x1^2 x2;x1^2 x3;x2^2 x3;x3^3;x1^3 x3;x2^4 x3",TRUE,FALSE,TRUE,2,TRUE,0.0317333380779028,0.0316587327153562,7.41134383452166e-05,4.08435094059716e-06,1.11788723202008e-10,0.0316588730014285,0.998793714347879,-0.0337881077510092,0.0492756436684711,0.997588883820833,0.684037079517553,0.969620844997381,0.00913847218251727
"aizawa",3,13,45,5000,4,13,0.0993589831504681,34.7945281127737,3.66401820628300e-09,0.00695890562255474,137.138515525038,1.66245433799396e-30,1.80635681356956,0.688856513814635,0.612098992930704,0.098853819945972,45.3136665365669,1.6787360098154e-11,0.00906273330731338,171.331251029301,6.25016597329613e-38,1.61812088316806,0.690042876744207,0.615250977282844,"x2;x3;x1^2;x1 x2;x2^2;x1 x3;x1^2 x2;x1 x2^2;x2^3;x1 x2 x3;x2^2 x3;x2 x3^2;x3^3;x1^4;x1^2 x2^2;x1^3 x3;x1^2 x2 x3;x1 x2^2 x3;x2^3 x3;x1^2 x3^2;x1 x2 x3^2;x2^2 x3^2;x1 x3^3;x2 x3^3;x3^4;x1^4 x2;x1^3 x2^2;x1^2 x2^3;x2^5;x1^4 x3;x1^3 x2 x3;x1^2 x2^2 x3;x1 x2^3 x3;x2^4 x3;x1^3 x3^2;x1^2 x2 x3^2;x2^3 x3^2;x1^2 x3^3;x2^2 x3^3",TRUE,FALSE,FALSE,"x3;x1^2;x2^2;x1^2 x2;x1 x2 x3;x2^2 x3;x3^3;x1^4;x1^2 x2^2;x1^3 x3;x1^2 x2 x3;x1^2 x3^2;x1 x2 x3^2;x1^4 x2;x1^2 x2^3;x1^4 x3;x1^3 x2 x3;x1^2 x2^2 x3;x1 x2^3 x3;x1^3 x3^2;x1^2 x2 x3^2;x1^2 x3^3",TRUE,FALSE,FALSE,16,TRUE,0.00987220753269499,0.00990075634733849,2.40319286196071e-05,1.34696739936794e-05,1.11788723202008e-10,0.00990081219467511,0.998023868988083,-0.0218038779181285,0.0109947224993098,0.996051643069942,0.688415176040554,0.969620844997381,0.0051389405573319
"aizawa",3,13,50,5000,4,13,0.0559688578414389,14.447502440018,0.000144120843760681,0.0028895004880036,81.213181027447,2.3162306861501e-18,1.3258730878099,0.684171809769935,0.62374784112361,0.0559556708442419,14.0377182859002,0.000179180215698416,0.00280754365718004,78.4050287699528,9.4311429123705e-18,1.31085634376735,0.684112550499748,0.623989946764904,"x3;x1^2;x2^2;x1 x3;x1^2 x3;x2^2 x3;x2 x3^2;x3^3;x1^2 x2^2;x2^4;x1^3 x3;x2^2 x3^2;x2 x3^3",TRUE,FALSE,TRUE,"x3;x1^2;x2^2;x1^2 x3;x2^2 x3;x3^3;x1^3 x3",TRUE,TRUE,TRUE,0,TRUE,0.00313251304807519,0.00313516294346247,7.7732670450779e-06,5.05954735116059e-06,1.11788723202008e-10,0.00313513624302992,0.997993153312073,0.0150899542760149,0.0314370886729842,0.995990334057775,0.683565615571546,0.969620844997381,0.00288983864308445
"aizawa",3,13,55,5000,4,13,0.031149538197467,2.81896517426853,0.0931564446457861,0.000563793034853707,13.3255319420115,0.00127760765292064,1.40024903280022,0.682011588847677,0.634972005106911,0.0311488661931641,2.85122953259829,0.0913040849157068,0.000570245906519658,13.2752276019029,0.00131014979503478,1.39952869169949,0.682000384598291,0.635001420683719,"x3;x1^2;x2^2;x1^2 x3;x2^2 x3;x2 x3^2;x3^3;x1^3 x3;x2^2 x3^2",TRUE,FALSE,TRUE,"x3;x1^2;x2^2;x1^2 x3;x2^2 x3;x3^3;x1^3 x3",TRUE,TRUE,TRUE,0,TRUE,0.000970293729915458,0.000970132116771585,2.19989120865185e-06,2.15698945207655e-07,1.11788723202008e-10,0.000970129497924766,0.998737213530853,0.00286335834098255,0.0283005040765463,0.997476021691372,0.682072657726871,0.969620844997381,0.00162507569213839
"aizawa",3,13,57,5000,4,13,0.0251420109610378,20.2460109477581,6.80952997181007e-06,0.00404920218955161,41.741788224693,8.62751761395601e-10,1.52046198732145,0.685984937574355,0.624254905995408,0.0251413682239463,20.2603246235361,6.75877293253364e-06,0.00405206492470723,41.7428349905724,8.62300329988534e-10,1.52050222702222,0.68596944280659,0.624290471963965,"x3;x1^2;x2^2;x1^2 x3;x2^2 x3;x3^3;x1^3 x3;x2^2 x3^2",TRUE,FALSE,TRUE,"x3;x1^2;x2^2;x1^2 x3;x2^2 x3;x3^3;x1^3 x3",TRUE,TRUE,TRUE,0,TRUE,0.000632120715164943,0.000631230836824929,1.4323134302616e-06,3.32599146042828e-07,1.11788723202008e-10,0.000631232857198158,0.998670606208565,0.00265545764693454,0.0426801716933884,0.997342979704983,0.685528420882705,0.969620844997381,0.00129084350582963
"aizawa",3,13,60,5000,4,13,0.0176299489347585,9.92399825694461,0.00163137612045041,0.00198479965138892,65.6297853077777,5.60625949809928e-15,1.53484820415275,0.687981367068476,0.617089918935065,0.0176291841292273,9.89213879784227,0.00165986332791511,0.00197842775956845,65.6233582781693,5.62430427404143e-15,1.53429083358883,0.687966598749291,0.617149648722546,"x3;x1^2;x2^2;x1^2 x3;x2^2 x3;x2 x3^2;x3^3;x1^3 x3;x2^2 x3^2",TRUE,FALSE,TRUE,"x3;x1^2;x2^2;x1^2 x3;x2^2 x3;x3^3;x1^3 x3",TRUE,TRUE,TRUE,0,TRUE,0.000310815099442194,0.000309812580898614,7.25709850304378e-07,1.39683513175489e-08,1.11788723202008e-10,0.000309813588072561,0.998816462684193,-0.00171667673052002,0.0579203822088309,0.997634326128964,0.687496369744695,0.969620844997381,0.000913847218251727
"aizawa",3,13,Inf,5000,4,13,1.02603815326893e-05,1047.48155208178,8.58468302788076e-230,0.209496310416356,1843.06053543355,0,1778.15755751182,0.967027092919786,0.0648116637118617,2.73168408929006e-06,18.3682688295719,1.82064858065061e-05,0.00367365376591439,35.8051777756521,1.67882115913928e-08,337.708935407884,0.550527557189548,0.707718363141188,"x2;x3;x1^2;x1 x2;x2^2;x1 x3;x3^2;x1^3;x1^2 x2;x1 x2^2;x2^3;x1^2 x3;x1 x2 x3;x2^2 x3;x2 x3^2;x3^3;x1^2 x2^2;x2^4;x1^3 x3;x1^2 x2 x3;x1 x2^2 x3;x2^3 x3;x1^2 x3^2;x1 x2 x3^2;x2^2 x3^2;x1 x3^3;x2 x3^3;x3^4;x1^5;x1^4 x2;x1^3 x2^2;x1^2 x2^3;x1 x2^4;x2^5;x1^4 x3;x1^3 x2 x3;x1^2 x2^2 x3;x1 x2^3 x3;x2^4 x3;x1^3 x3^2;x1^2 x2 x3^2;x1 x2^2 x3^2;x2^3 x3^2;x1^2 x3^3;x2^2 x3^3",TRUE,FALSE,TRUE,"x2;x3;x1^2;x2^2;x1 x3;x3^2;x1^3;x1^2 x2;x1 x2^2;x2^3;x1^2 x3;x1 x2 x3;x2^2 x3;x2 x3^2;x3^3;x1^2 x2^2;x2^4;x1^3 x3;x1^2 x2 x3;x1 x2^2 x3;x2^3 x3;x1^2 x3^2;x1 x2 x3^2;x1 x3^3;x2 x3^3;x3^4;x1^5;x1^4 x2;x1^3 x2^2;x1^2 x2^3;x1 x2^4;x1^4 x3;x1^3 x2 x3;x1^2 x2^2 x3;x1 x2^3 x3;x2^4 x3;x1^3 x3^2;x1^2 x2 x3^2;x1 x2^2 x3^2;x2^3 x3^2;x1^2 x3^3;x2^2 x3^3",TRUE,FALSE,TRUE,35,TRUE,1.05275429196351e-10,1.11788723202008e-10,9.42951268149013e-15,6.53019661984185e-12,1.11788723202008e-10,0,0.970275791259393,0.970275791259393,0.0135968512872414,0.941435111104042,0.969620844997381,0.969620844997381,0
"aizawa",3,14,10,5000,4,13,4.68842662318763,0.332624840035798,0.564117559631265,6.65249680071597e-05,3.48074114629329,0.175455369519973,1.40075035285206,0.682839914348745,0.628321296404584,4.72028348984597,3.85622424781746,0.0495617444309677,0.000771244849563492,7.95905358798098,0.0186944835869698,1.72395706149758,0.687728588329441,0.617181955943953,"x1^2",FALSE,FALSE,FALSE,"x1^2",FALSE,FALSE,FALSE,0,FALSE,21.9813442010146,21.9191783688656,0.0596026810136991,0.0159829243821975,1.26300494265063e-10,21.9191804625097,0.998771941050533,-0.0193530593067647,0.0505536118258539,0.997545390229849,0.682453298332975,0.912503328855191,0.244146647729121
"aizawa",3,14,20,5000,4,13,1.47790667808439,5.84460045857087,0.0156249213124007,0.00116892009171417,65.8274503133718,5.07867925302267e-15,1.48334573676489,0.678696914177743,0.631276530001943,1.47585470605964,24.7052380272054,6.68023714354028e-07,0.00494104760544107,507.116845881498,7.60284395263829e-111,1.5621859876105,0.67972474401688,0.631394526423295,"x3;x1^2;x2^2;x1 x2^2;x3^3;x1^4;x1^2 x2^2;x2^4;x1^2 x3^2;x2^2 x3^2;x1^3 x2^2;x1^2 x2^3",TRUE,FALSE,FALSE,"x3;x1^2;x2^2;x1 x2^2;x3^3;x1^4;x1^2 x2^2;x2^4;x1^2 x3^2;x2^2 x3^2;x1^3 x2^2",TRUE,FALSE,FALSE,7,TRUE,2.18420814912643,2.1880734903547,0.00565968583321922,0.000589247720406745,1.26300494265063e-10,2.18807607205834,0.998605919791852,-0.0767510453291426,0.0100436733632323,0.997213783043331,0.678327961879956,0.912503328855191,0.0772059489918799
"aizawa",3,14,30,5000,4,13,0.450266678144583,5.88695934464309,0.0152534156942782,0.00117739186892862,6.54730561777112,0.0378678501123124,1.42778896693297,0.670090112868501,0.658362832493221,0.450294135581875,6.30578255226368,0.012034478060165,0.00126115651045274,7.3153067540819,0.0257929681368026,1.42051115877045,0.670169737412696,0.65830568017753,"x3;x1^2;x2^2;x2^3;x1^2 x3;x3^3;x2^4;x1^3 x3;x2^2 x3^2",TRUE,FALSE,FALSE,"x3;x1^2;x2^2;x1^2 x3;x3^3;x2^4;x1^3 x3;x2^2 x3^2",TRUE,FALSE,FALSE,2,TRUE,0.202740081447358,0.202662879835356,0.000565399114031894,3.68769928093582e-05,1.26300494265063e-10,0.202662822501285,0.998542866281934,0.00999626514048869,0.0311067382669906,0.997087855802541,0.669775519092618,0.912503328855191,0.0244146647729121
"aizawa",3,14,40,5000,4,13,0.146963916208785,0.0247885240136132,0.87489516189875,4.95770480272263e-06,0.474634034955812,0.788741203632048,1.70652347875821,0.677662489680827,0.63662540043106,0.147612046408362,0.262216722135076,0.608601310885071,5.24433444270153e-05,1.01209507508618,0.602873711687592,1.75233590636097,0.680555311797938,0.631137740014312,"x3;x1^2;x2^2;x2 x3;x1^2 x3;x3^3;x1^2 x2^2;x2^4;x1^3 x3;x2^2 x3^2",TRUE,FALSE,FALSE,"x3;x1^2;x2^2;x2 x3;x1^2 x3;x3^3;x1^2 x2^2;x2^4;x1^3 x3;x2^2 x3^2",TRUE,FALSE,FALSE,4,TRUE,0.0215983926674228,0.0215191867106543,5.22360019165048e-05,1.55012195709163e-06,1.26300494265063e-10,0.0215192884649902,0.998759923125442,-0.0288186265145655,0.0625259348002303,0.997521384041539,0.677120976255828,0.912503328855191,0.00772059489918799
"aizawa",3,14,45,5000,4,13,0.0894733445095881,4.47396212714956,0.0344150983659055,0.000894792425429912,5.64448949826177,0.0594722923826955,1.5407534216466,0.693519349767447,0.604375244578031,0.0904653110276534,1.79558325999318,0.180247375668057,0.000359116651998635,5.05960482544709,0.0796747614498369,1.54670676984287,0.700177571823749,0.591403301530291,"x3;x1^2;x2^2;x2 x3;x1 x2^2;x1^2 x3;x2 x3^2;x3^3;x1^2 x2^2;x2^4;x1^3 x3;x2^2 x3^2",TRUE,FALSE,FALSE,"x3;x1^2;x2^2;x2 x3;x1 x2^2;x1^2 x3;x2 x3^2;x3^3;x1^2 x2^2;x2^4;x1^3 x3;x2^2 x3^2",TRUE,FALSE,FALSE,6,TRUE,0.00800547937773144,0.00797835234981535,1.98689855562484e-05,1.17527871712093e-06,1.26300494265063e-10,0.00797837735797468,0.99869998534581,-0.0141095768160102,0.0600978163720676,0.997401660729721,0.692853497203674,0.912503328855191,0.00434160956686722
"aizawa",3,14,50,5000,4,13,0.0463547479420989,0.014848225577307,0.903015204841325,2.96964511546141e-06,0.0804671445252912,0.960565051595469,1.42313879134798,0.680091859466425,0.639460462624688,0.0480225472958342,13.2625863800828,0.000270755834559248,0.00265251727601656,24.4206862191069,4.97869320721032e-06,1.520226823737,0.701848351744364,0.596023834951095,"x3;x1^2;x2^2;x2 x3;x2^3;x1^2 x3;x2 x3^2;x3^3;x1^2 x2^2;x2^4;x1^3 x3;x1 x2^2 x3;x2^2 x3^2",TRUE,FALSE,FALSE,"x3;x1^2;x2^2;x2 x3;x2^3;x1^2 x3;x2 x3^2;x3^3;x1^2 x2^2;x2^4;x1^3 x3;x1 x2^2 x3;x2^2 x3^2",TRUE,FALSE,FALSE,7,TRUE,0.00214876265677553,0.00215019233206325,5.73909504925864e-06,1.59675550817606e-07,1.26300494265063e-10,0.0021502002616865,0.99863587772167,-0.00764380984092095,0.020016891325933,0.99727361627293,0.679894688389236,0.912503328855191,0.00244146647729121
"aizawa",3,14,55,5000,4,13,0.0270275456912608,7.54987439832604,0.00600142574841901,0.00150997487966521,7.57095253997776,0.0226980498020612,1.55724855360159,0.701271439307774,0.595613721833626,0.027003758294648,6.43884071938767,0.0111651486873201,0.00128776814387753,6.71262378892965,0.0348636027728307,1.55512401452688,0.700791069917191,0.596634882919044,"x2;x3;x1^2;x1 x2;x2^2;x2 x3;x3^2;x1 x2^2;x2^3;x1^2 x3;x1 x2 x3;x2^2 x3;x1 x3^2;x2 x3^2;x3^3;x1^2 x2^2;x1 x2^3;x2^4;x1^3 x3;x1^2 x2 x3;x1 x2^2 x3;x1^2 x3^2;x1 x2 x3^2;x2^2 x3^2",TRUE,FALSE,TRUE,"x3;x1^2;x2^2;x1^2 x3;x2^2 x3;x3^3;x1^2 x2^2;x1^3 x3",TRUE,FALSE,TRUE,1,TRUE,0.000730488226093192,0.000726378791726065,1.86186221826859e-06,7.17425734075725e-08,1.26300494265063e-10,0.000726376479912345,0.998676373667045,-0.00011016452040048,0.0819366076427127,0.997354499320759,0.700047882553274,0.912503328855191,0.00137293749424775
"aizawa",3,14,57,5000,4,13,0.0203680079175626,6.38525598963162,0.0115072164098037,0.00127705119792632,6.39662440855392,0.0408310603432961,1.55223934852151,0.683994764240151,0.630230681411643,0.0230683568776203,130.970138916241,2.51359126125069e-30,0.0261940277832483,193.488024829633,9.65182082352532e-43,2.37327309916495,0.753565360557124,0.49228645412158,"x2;x3;x1^2;x2^2;x1 x3;x2 x3;x3^2;x1 x2^2;x2^3;x1^2 x3;x1 x2 x3;x2 x3^2;x3^3;x1^2 x2^2;x1 x2^3;x2^4;x1^3 x3;x1 x2^2 x3;x1^2 x3^2;x1 x2 x3^2;x2^2 x3^2;x2 x3^3;x3^4",TRUE,FALSE,FALSE,"x2;x3;x1^2;x2^2;x1 x3;x2 x3;x3^2;x1 x2^2;x2^3;x1^2 x3;x1 x2 x3;x2 x3^2;x3^3;x1^2 x2^2;x1 x2^3;x2^4;x1^3 x3;x1 x2^2 x3;x1 x2 x3^2;x2^2 x3^2;x2 x3^3;x3^4",TRUE,FALSE,FALSE,16,TRUE,0.000414855746529894,0.000414812063292833,1.11192907228273e-06,4.28631858426586e-08,1.26300494265063e-10,0.000414823578071385,0.998604694049665,-0.0254457407746974,0.0279268766695483,0.997211334978024,0.683844467469525,0.912503328855191,0.0010905630161926
"aizawa",3,14,60,5000,4,13,0.0147269813467809,1.04310350148699,0.307100776499438,0.000208620700297397,4.97505921511825,0.0831150399314137,1.39270106921612,0.682770512963024,0.627862786616415,0.0187922706970461,207.195885283983,5.61905552147573e-47,0.0414391770567966,366.706349340694,2.34816170577845e-80,3.71254387124352,0.804953395465541,0.387042636099691,"x2;x3;x1^2;x2^2;x1 x3;x2 x3;x3^2;x2^3;x1^2 x3;x2 x3^2;x3^3;x1^2 x2^2;x2^4;x1^3 x3;x1 x2^2 x3;x2^3 x3;x1^2 x3^2;x2^2 x3^2",TRUE,FALSE,FALSE,"x2;x3;x1^2;x2^2;x1 x3;x2 x3;x3^2;x2^3;x1^2 x3;x2 x3^2;x3^3;x1^2 x2^2;x2^4;x1^3 x3;x1 x2^2 x3;x2^3 x3;x1^2 x3^2;x2^2 x3^2",TRUE,FALSE,FALSE,12,TRUE,0.000216883979588431,0.000216602303618547,5.57589463342053e-07,1.96605401977339e-08,1.26300494265063e-10,0.000216590612145962,0.998647644226692,0.0377904673515001,0.0392366801141421,0.997297117319522,0.682498212649861,0.912503328855191,0.000772059489918799
"aizawa",3,14,Inf,5000,4,13,1.06808179922391e-05,100.536275685655,1.16248269567361e-23,0.0201072551371311,196.403670583196,2.24638825651802e-43,1907.9701336143,0.904357363557534,0.182208475075164,0.00728649069829715,27.068545935516,1.96367202816911e-07,0.00541370918710321,29.7803736579044,3.4140826117215e-07,5.26855024886825,0.998338751236033,0.00332047519048233,"x3;x1^2;x2^2;x1 x3;x3^2;x1^3;x1^2 x2;x1^2 x3;x3^3;x1^4;x1^2 x2^2;x2^4;x1^3 x3;x1^2 x2 x3;x1 x2^2 x3;x2^3 x3;x1^2 x3^2;x2^2 x3^2;x1 x3^3;x2 x3^3;x1^4 x2;x1^2 x2^3;x2^5;x1^4 x3;x1^2 x2^2 x3;x1 x2^3 x3;x2^4 x3;x1^2 x3^3;x2^2 x3^3",TRUE,FALSE,FALSE,"x3;x1^2;x2^2;x1 x3;x3^2;x1^3;x1^2 x2;x1^2 x3;x3^3;x1^2 x2^2;x2^4;x1^3 x3;x1^2 x2 x3;x1 x2^2 x3;x2^3 x3;x1^2 x3^2;x2^2 x3^2;x1 x3^3;x1^4 x2;x1^2 x2^3;x2^5;x1^4 x3;x1^2 x2^2 x3;x1 x2^3 x3;x2^4 x3;x1^2 x3^3;x2^2 x3^3",TRUE,FALSE,FALSE,21,TRUE,1.14079872983338e-10,1.26300494265063e-10,1.12698332583618e-15,1.1849276890475e-11,1.26300494265063e-10,0,0.951657124405272,0.951657124405272,-0.348613143390324,0.905651282431311,0.912503328855191,0.912503328855191,0
"aizawa",3,15,10,5000,4,13,4.20363803335783,0.0619744480898501,0.803402028429389,1.239488961797e-05,2.30026030006394,0.316595561775039,1.33359575514523,0.69440805194172,0.610543243037523,4.19224238573254,0.0242130501030675,0.876344043910328,4.8426100206135e-06,5.64562401928751,0.0594385656664385,1.34165515724304,0.693455023793324,0.612468621314359,"x3;x1^2;x2^2;x1^2 x2;x1 x2^2;x1^2 x3;x3^3;x1^4;x1^3 x2;x2^2 x3^2;x1^2 x2^3;x1 x2^4;x1^4 x3;x1^2 x2^2 x3;x1^2 x2 x3^2",TRUE,FALSE,FALSE,"x3;x2^2;x1 x2^2;x1^2 x3;x3^3;x1^4;x2^2 x3^2;x1^2 x2^3;x1 x2^4;x1^4 x3;x1^2 x2^2 x3",TRUE,FALSE,FALSE,7,FALSE,17.6705727154925,17.6606979129324,0.0640173949148395,0.00971089282141753,1.26892341844332e-10,17.6606977015933,0.998275445669732,-3.09458962082532e-05,0.0333980062642929,0.996553865427101,0.694515884771902,0.991168971208106,0.218403647861676
"aizawa",3,15,20,5000,4,13,1.34148350534487,13.909121994644,0.000191865032121972,0.0027818243989288,20.4896961346788,3.55401303573478e-05,1.81895505172345,0.681667049562887,0.627228526002077,1.34109401401665,14.0907346649319,0.000174199761576114,0.00281814693298638,21.6609381735941,1.97873228227291e-05,1.86501270603166,0.68148879946046,0.627523302250494,"x3;x1^2;x2^2;x1 x3;x1 x2^2;x1^2 x3;x1 x2 x3;x2^2 x3;x1 x3^2;x3^3;x1^4;x1^2 x2^2;x2^4",TRUE,FALSE,FALSE,"x3;x1^2;x2^2;x1 x3;x1^2 x3;x2^2 x3;x3^3",TRUE,FALSE,FALSE,1,TRUE,1.79957799511237,1.79189238931593,0.00600508979483792,0.00077409653436538,1.26892341844332e-10,1.7918927784906,0.998184614044465,-0.015945047736721,0.0684577872711189,0.996372523715097,0.681485762422329,0.991168971208106,0.0690652976532261
"aizawa",3,15,30,5000,4,13,0.413600603990869,0.0452136292993611,0.831611695160106,9.04272585987222e-06,0.0648246862801955,0.968107307358691,1.24618872750634,0.66561978461046,0.664839246045095,0.413788681414814,0.0177674773312707,0.893960318146314,3.55349546625414e-06,0.0675472896194482,0.966790317878176,1.21768760531393,0.665858088251032,0.664355141610518,"x3;x1^2;x2^2;x3^3;x1^2 x2^2;x1^3 x3;x1^2 x3^2;x2^2 x3^2;x3^4;x1^4 x3;x1^2 x2^2 x3;x2^4 x3",TRUE,FALSE,FALSE,"x3;x1^2;x2^2;x3^3;x1^3 x3;x1^2 x3^2;x2^2 x3^2;x1^4 x3;x2^4 x3",TRUE,FALSE,FALSE,4,TRUE,0.171065459621611,0.170190924931963,0.000611341601776668,1.63775058777098e-05,1.26892341844332e-10,0.170191033573269,0.998180351078748,-0.0126123645681572,0.0731294113191838,0.996364013279692,0.664814504516067,0.991168971208106,0.0218403647861676
"aizawa",3,15,40,5000,4,13,0.130601964149847,5.80621356485929,0.0159696428220983,0.00116124271297186,6.29410536293674,0.0429786120391596,1.55833296685294,0.672472231941515,0.64698137979174,0.13059095754918,5.86744361004267,0.0154234333616168,0.00117348872200853,6.37891946813223,0.0411941207082254,1.55273144384378,0.672464042875525,0.647068429721345,"x3;x1^2;x2^2;x3^2;x1^2 x3;x2^2 x3;x3^3;x1^2 x2^2;x1^3 x3;x2^2 x3^2;x3^4",TRUE,FALSE,TRUE,"x3;x1^2;x2^2;x1^2 x3;x2^2 x3;x3^3;x1^3 x3",TRUE,TRUE,TRUE,0,TRUE,0.0170568730397979,0.0170176297578282,5.6766842648269e-05,4.94488147073206e-06,1.26892341844332e-10,0.0170175589809375,0.998171066984338,0.0196637517503644,0.0516272516000637,0.996345478964652,0.671989139953802,0.991168971208106,0.00690652976532261
"aizawa",3,15,45,5000,4,13,0.0735484962196796,1.18982148728376,0.275365567371439,0.000237964297456753,1.56266425069806,0.457795763590883,1.34250658841895,0.678903711201595,0.641161716705828,0.0735436527018112,1.17935155855453,0.277488044874927,0.000235870311710906,1.54912547062484,0.460905274543626,1.35147563710881,0.678855994415797,0.641245727509888,"x3;x1^2;x2^2;x3^2;x1^2 x3;x2^2 x3;x3^3;x1^2 x2^2;x2^4;x1^3 x3;x2^2 x3^2;x3^4",TRUE,FALSE,TRUE,"x3;x1^2;x2^2;x1^2 x3;x2^2 x3;x3^3;x1^3 x3",TRUE,TRUE,TRUE,0,TRUE,0.00540938129617623,0.00538902249826645,1.89928166395145e-05,3.50406844038072e-07,1.26892341844332e-10,0.00538902504780767,0.998244223879714,-0.00313716630585594,0.0613996913653688,0.996491530509212,0.678483890677437,0.991168971208106,0.00388382710069811
"aizawa",3,15,50,5000,4,13,0.040838433831066,0.284573337961867,0.593719236680296,5.69146675923734e-05,0.547877922845598,0.760378486265373,1.31517653455425,0.673337845945872,0.650838419840702,0.0408317613504794,0.272252454494718,0.601824793490784,5.44504908989436e-05,0.539873212759347,0.763427889260631,1.32577135587539,0.673203760941288,0.651032292901389,"x3;x1^2;x2^2;x3^2;x1^2 x3;x2^2 x3;x3^3;x1^2 x2^2;x2^4;x1^3 x3;x2^2 x3^2;x3^4",TRUE,FALSE,TRUE,"x3;x1^2;x2^2;x1^2 x3;x2^2 x3;x3^3;x1^3 x3",TRUE,TRUE,TRUE,0,TRUE,0.00166777767777435,0.00165950599686018,5.7847613333305e-06,6.44725793455878e-08,1.26892341844332e-10,0.00165950326850083,0.998251958666817,0.00567464138868395,0.0717972045284757,0.996506972982136,0.672478722814583,0.991168971208106,0.00218403647861676
"aizawa",3,15,55,5000,4,13,0.0237944205057369,0.380393382560481,0.537392779841675,7.60786765120962e-05,0.641670270081845,0.725542857723938,1.3591521928504,0.683639282569138,0.62709918483468,0.0237867334373877,0.35791768395461,0.549664980964391,7.1583536790922e-05,0.614636969188812,0.735416344829455,1.34436002592181,0.683519855367249,0.627500976524409,"x3;x1^2;x2^2;x1^2 x3;x2^2 x3;x3^3;x1^2 x2^2;x2^4;x1^3 x3;x2^2 x3^2",TRUE,FALSE,TRUE,"x3;x1^2;x2^2;x1^2 x3;x2^2 x3;x3^3;x1^2 x2^2;x1^3 x3;x2^2 x3^2",TRUE,FALSE,TRUE,2,TRUE,0.000566174447203833,0.000564248926940548,2.01991344819388e-06,1.05052461360149e-07,1.26892341844332e-10,0.000564240906828736,0.998155873619797,0.0121061661838839,0.0591619461092645,0.9963151480417,0.683348405634086,0.991168971208106,0.00122817396764941
"aizawa",3,15,57,5000,4,13,0.0191640308036684,0.398377687240795,0.527928278176061,7.96755374481591e-05,1.26832076992189,0.530380616965493,1.73325784014991,0.68247779185096,0.616988220433096,0.0191577098651858,0.3771802963338,0.539116170594426,7.54360592667601e-05,1.31514509317395,0.518107491041562,1.7175048523897,0.682426788658388,0.617395698767898,"x3;x1^2;x2^2;x1^2 x3;x2^2 x3;x3^3;x1^4;x1^2 x2^2;x2^4;x1^3 x3;x1^2 x3^2;x2^2 x3^2",TRUE,FALSE,TRUE,"x3;x1^2;x2^2;x1^2 x3;x2^2 x3;x3^3;x1^3 x3",TRUE,TRUE,TRUE,0,TRUE,0.000367260076643953,0.00036637638651715,1.23948057027525e-06,7.61156120598288e-08,1.26892341844332e-10,0.000366376872190494,0.998260678092915,-0.00155949678731786,0.0506512270118066,0.996524381426526,0.681777932936398,0.991168971208106,0.000975573259657276
"aizawa",3,15,60,5000,4,13,0.0132232436540787,1.09272511917965,0.295868198399439,0.000218545023835929,1.09272663109654,0.579051814631749,1.29130039214506,0.675834932958406,0.640953401322146,0.0132217595491141,1.10870691200733,0.292363209959177,0.000221741382401466,1.10871862329144,0.574440180456908,1.28822182715146,0.675770456316734,0.641090793141348,"x3;x1^2;x2^2;x1 x3;x1^3;x1^2 x3;x2^2 x3;x3^3;x1^4;x1^2 x2^2;x2^4;x1^3 x3;x1^2 x3^2;x2^2 x3^2",TRUE,FALSE,TRUE,"x3;x1^2;x2^2;x1^2 x3;x2^2 x3;x3^3;x1^3 x3",TRUE,TRUE,TRUE,0,TRUE,0.000174854172735133,0.000174846352512568,6.26971985073808e-07,1.60420857220394e-08,1.26892341844332e-10,0.00017484436466068,0.998164030913634,0.00997852791957852,0.0310687442822618,0.996331432609755,0.676035385285594,0.991168971208106,0.000690652976532261
"aizawa",3,15,Inf,5000,4,13,1.02913485558123e-05,1533.74147003543,0,0.306748294007086,2124.77803840623,0,1327.8320098325,0.991399130552343,0.0171891317842965,0.00751010163949259,584.211075441966,4.55084214309799e-129,0.116842215088393,768.135868570413,1.59006714483923e-167,10.3318480544858,0.998905208108361,0.00218891954677696,"x2;x3;x1^2;x2^2;x3^2;x1 x2 x3;x1 x3^2;x2 x3^2;x3^3;x1^4;x1^3 x2;x1^2 x2^2;x2^4;x1^3 x3;x1^2 x3^2;x2^2 x3^2;x3^4;x1^4 x3;x1^2 x2^2 x3;x2^4 x3;x2^2 x3^3",TRUE,FALSE,FALSE,"x2;x3;x1^2;x2^2;x3^2;x1 x2 x3;x1 x3^2;x2 x3^2;x3^3;x1^4;x1^3 x2;x1^2 x2^2;x2^4;x1^3 x3;x1^2 x3^2;x2^2 x3^2;x3^4;x1^4 x3;x1^2 x2^2 x3;x2^4 x3;x2^2 x3^3",TRUE,FALSE,FALSE,16,TRUE,1.05911855097219e-10,1.26892341844332e-10,3.33106568997927e-15,2.0742930177549e-11,1.26892341844332e-10,0,0.914135997934745,0.914135997934745,-0.134352822458173,0.835644622720152,0.991168971208106,0.991168971208106,0
"aizawa",3,16,10,5000,4,13,4.41218631175052,4.99043759617207e-05,0.994363548635725,9.98087519234414e-09,6.83562003431961,0.0327841531123182,1.25916828633976,0.679459101903226,0.640436141450398,4.42990858374214,1.22876672980202,0.26764701387907,0.000245753345960404,1.63133232956732,0.442344554824044,1.26797648125548,0.682656284894817,0.62994556516882,"x1^2;x2^2;x1^2 x3;x1^2 x2 x3;x1^4 x2;x1^3 x2^2;x1^2 x2^2 x3;x1^2 x2 x3^2",FALSE,FALSE,FALSE,"x2^2;x1^2 x2^2 x3",FALSE,FALSE,FALSE,1,FALSE,19.4673880495987,19.4041788367728,0.0598574142753601,0.0185409007432485,1.14869546062865e-10,19.4041794357787,0.99854257453505,-0.0107563849007826,0.0553372569384351,0.997087273159087,0.678591098159348,0.991990981343667,0.236118654197105
"aizawa",3,16,20,5000,4,13,1.45846453004895,1.98494112720233,0.158870835634503,0.000396988225440465,3.5492509053808,0.169546940959037,1.47050237960549,0.692200282389321,0.609354388315538,1.45797328918591,0.789112133321381,0.374368731952862,0.000157822426664276,0.804449655937512,0.66883035701458,1.56548929053189,0.692326008634713,0.609512872043658,"x3;x1^2;x2^2;x1^3;x1^2 x3;x3^3;x1^4;x1^3 x3;x2^2 x3^2;x1^2 x2^2 x3",TRUE,FALSE,FALSE,"x3;x1^2;x2^2;x1^3;x1^2 x3;x3^3;x1^3 x3;x2^2 x3^2",TRUE,FALSE,FALSE,2,TRUE,2.12711878541092,2.12292800306979,0.0058630130468557,0.000893400014724786,1.14869546062865e-10,2.12292773581648,0.998514014043418,0.00870639114709741,0.0471659032705345,0.997030236241099,0.692038508938373,0.991990981343667,0.0746672745316529
"aizawa",3,16,30,5000,4,13,0.456740635485818,0.900941333655158,0.34252943036284,0.000180188266731032,2.7718845337618,0.250088039057861,1.3580234342436,0.684529322668873,0.627431717931126,0.458788756113371,0.250220028742583,0.616920191062896,5.00440057485166e-05,2.43698113058617,0.295676134078975,1.37113288814216,0.687263472232198,0.621860128349133,"x3;x1^2;x2^2;x1^2 x3;x3^3;x2^2 x3^2",TRUE,FALSE,FALSE,"x3;x1^2;x2^2;x1^2 x3;x3^3;x2^2 x3^2",TRUE,FALSE,FALSE,1,TRUE,0.208612008103989,0.207817615294818,0.000595494483225295,2.07246512107063e-05,1.14869546062865e-10,0.207817723695541,0.998512477534478,-0.00897364848188093,0.0634668237956034,0.997027167792042,0.684365182866168,0.991990981343667,0.0236118654197105
"aizawa",3,16,40,5000,4,13,0.144363601876366,5.11717913568576,0.0236900961678249,0.00102343582713715,10.5266462754309,0.00517806866041087,1.93195201227464,0.680248879802597,0.629067149489997,0.144580105693173,5.48287233507005,0.0192036784740294,0.00109657446701401,11.2165365260069,0.00366741485976918,1.88197900706766,0.681233845850183,0.62741470255735,"x3;x1^2;x2^2;x1^2 x2;x3^3;x1^4;x1^2 x2^2;x2^4;x1^3 x3;x2^3 x3;x1^2 x3^2;x2^2 x3^2;x1^4 x3;x1^2 x2^2 x3;x2^4 x3",TRUE,FALSE,FALSE,"x3;x1^2;x2^2;x3^3;x1^4;x1^2 x2^2;x2^4;x1^3 x3;x2^3 x3;x1^2 x3^2;x2^2 x3^2;x2^4 x3",TRUE,FALSE,FALSE,7,TRUE,0.020840849546718,0.0207475661937674,5.33852182660949e-05,8.00038231831637e-06,1.14869546062865e-10,0.0207475596806612,0.99861277659696,0.00411975474395958,0.0716775654887725,0.997227477582691,0.679785610540097,0.991990981343667,0.00746672745316529
"aizawa",3,16,45,5000,4,13,0.0808704775824702,6.16569037607804,0.0130251530738047,0.00123313807521561,6.48920322678538,0.0389840920042291,1.61189070215232,0.686978706913324,0.622659135806167,0.0811367985974039,5.66873654639271,0.0172698901833257,0.00113374730927854,5.72813505265217,0.0570362911829941,1.54750863204176,0.689206059183589,0.618532563803618,"x3;x1^2;x2^2;x3^3;x1^4;x1^2 x2^2;x2^4;x1^3 x3;x1^2 x2 x3;x2^3 x3;x1^2 x3^2;x2^2 x3^2;x1^2 x2^3;x1 x2^4;x1^2 x2^2 x3;x2^4 x3",TRUE,FALSE,FALSE,"x3;x1^2;x2^2;x3^3;x1^4;x1^2 x2^2;x2^4;x1^3 x3;x1^2 x2 x3;x2^3 x3;x1^2 x3^2;x2^2 x3^2;x1^2 x2^3;x1 x2^4;x1^2 x2^2 x3;x2^4 x3",TRUE,FALSE,FALSE,11,TRUE,0.00654003414441682,0.0065368869522359,1.82042833987465e-05,1.60937684394182e-06,1.14869546062865e-10,0.00653689107239287,0.998475003634511,-0.00397728509927054,0.0333661166465919,0.996952332882937,0.686910423458937,0.991990981343667,0.00419884941084813
"aizawa",3,16,50,5000,4,13,0.0454424087320595,1.30544018982808,0.253221896305789,0.000261088037965615,4.27083229345829,0.118195393514378,1.4269066937169,0.683278141374338,0.631940605106884,0.0454254605347153,1.39483494830813,0.237590286576458,0.000278966989661626,4.31665184718998,0.115518345793472,1.42430304464081,0.683118902918099,0.632324568699547,"x3;x1^2;x2^2;x2 x3;x3^2;x1^2 x2;x1 x2^2;x1^2 x3;x2^2 x3;x3^3;x1^4;x1^3 x2;x1^2 x2^2;x2^4;x1^3 x3;x1^2 x2 x3;x2^3 x3;x1^2 x3^2;x1 x2 x3^2;x2^2 x3^2;x1^4 x3;x1^2 x2^2 x3;x2^4 x3;x1^3 x3^2;x1^2 x2 x3^2;x2^3 x3^2;x2^2 x3^3",TRUE,FALSE,TRUE,"x3;x1^2;x2^2;x1^2 x3;x2^2 x3;x3^3;x1^3 x3",TRUE,TRUE,TRUE,0,TRUE,0.00206501251137155,0.00206180610453678,5.80134091484875e-06,1.6044367908079e-07,1.14869546062865e-10,0.0020618090953799,0.998583722142297,0.000360337170556309,0.0413282524913004,0.997169450127564,0.683154346453351,0.991990981343667,0.00236118654197105
"aizawa",3,16,55,5000,4,13,0.0247751577206251,10.8692442805597,0.000977744191511652,0.00217384885611194,12.17803349283,0.002267637481695,1.37242626720522,0.672160672857032,0.650618791908307,0.0247584212928433,10.3810714821092,0.00127313788529982,0.00207621429642183,12.0747996107784,0.00238775948812602,1.38608710689387,0.671867353877776,0.651488120083174,"x3;x1^2;x1 x2;x2^2;x2 x3;x3^2;x1^2 x2;x1 x2^2;x1^2 x3;x2^2 x3;x3^3;x1^4;x1^2 x2^2;x2^4;x1^3 x3;x1^2 x2 x3;x2^3 x3;x1^2 x3^2;x2^2 x3^2;x1^3 x2^2;x1^4 x3;x1^2 x2^2 x3;x2^4 x3;x1^3 x3^2;x1^2 x2 x3^2;x2^3 x3^2;x2^2 x3^3",TRUE,FALSE,TRUE,"x3;x1^2;x2^2;x1^2 x3;x2^2 x3;x3^3;x1^3 x3",TRUE,TRUE,TRUE,0,TRUE,0.00061380844008185,0.000610442760643604,1.73338945645164e-06,4.49426115295928e-08,1.14869546062865e-10,0.000610448152132518,0.998573923248377,-0.00801746709665447,0.0783742707842632,0.997149880191656,0.671162861051218,0.991990981343667,0.00132779276903362
"aizawa",3,16,57,5000,4,13,0.0200125381121783,0.0207105422106768,0.885570293137212,4.14210844213536e-06,2.87376904570972,0.237667052728219,1.43892381340665,0.676193869636815,0.646117690609388,0.0200099017996469,0.0170102709045614,0.89623143102298,3.40205418091227e-06,3.00660202423909,0.222394819138068,1.43713543597134,0.676160940012215,0.64616416961271,"x3;x1^2;x1 x2;x2^2;x3^2;x1^2 x2;x1^2 x3;x2^2 x3;x3^3;x1^4;x1^2 x2^2;x1 x2^3;x2^4;x1^3 x3;x1^2 x2 x3;x2^3 x3;x1^2 x3^2;x1 x2 x3^2;x2^2 x3^2;x1^3 x2^2;x1^4 x3;x1^2 x2^2 x3;x2^4 x3;x2^2 x3^3",TRUE,FALSE,TRUE,"x3;x1^2;x2^2;x1^2 x3;x2^2 x3;x3^3;x1^3 x3",TRUE,TRUE,TRUE,0,TRUE,0.000400501681691389,0.000399598579661334,1.10628416497057e-06,3.5372632759899e-08,1.14869546062865e-10,0.000399601557189949,0.99857873979787,-0.00665651151158748,0.0485472246740643,0.997159499576301,0.675870279639037,0.991990981343667,0.00105470328630614
"aizawa",3,16,60,5000,4,13,0.0140475866443094,0.941399487918168,0.3319181888862,0.000188279897583634,7.31092339715042,0.0258495600225912,1.43218851829215,0.677224566055944,0.641702541407932,0.0140386962208688,0.743734019341513,0.38846735783611,0.000148746803868303,6.72086507752331,0.0347202378476864,1.41660383344884,0.676854494173414,0.642482307165824,"x3;x1^2;x1 x2;x2^2;x1^2 x2;x1 x2^2;x1^2 x3;x2^2 x3;x3^3;x1^4;x1^3 x2;x1^2 x2^2;x2^4;x1^3 x3;x1^2 x2 x3;x2^3 x3;x1^2 x3^2;x2^2 x3^2;x1^3 x2^2;x1^4 x3;x1^2 x2^2 x3;x2^4 x3",TRUE,FALSE,TRUE,"x3;x1^2;x2^2;x1^2 x3;x2^2 x3;x3^3;x1^3 x3",TRUE,TRUE,TRUE,0,TRUE,0.000197334690529381,0.000198155847464414,5.67596249651046e-07,3.69347894591889e-08,1.14869546062865e-10,0.000198155882814656,0.998502066823082,-0.00249865203422226,-0.0108728532491473,0.997006377449966,0.678023036598748,0.991990981343667,0.000746672745316529
"aizawa",3,16,Inf,5000,4,13,9.48324548858157e-06,1647.92279535499,0,0.329584559070999,2147.21301711595,0,364.713719990073,0.992297500120024,0.0153940978461463,0.00648315534796906,67.8803436775872,1.73724416087653e-16,0.0135760687355174,68.3095212169135,1.46816861867535e-15,68.8728580107828,0.998324539553738,0.00335067454242684,"x3;x1^2;x1 x2;x2^2;x1^2 x3;x3^3;x1^4;x1^2 x2^2;x1 x2^3;x2^4;x1^3 x3;x1^2 x2 x3;x2^3 x3;x1^2 x3^2;x2^2 x3^2;x1^3 x2^2;x1^4 x3;x1^2 x2^2 x3;x2^4 x3",TRUE,FALSE,FALSE,"x3;x1^2;x1 x2;x2^2;x1^2 x3;x3^3;x1^4;x1^2 x2^2;x1 x2^3;x2^4;x1^3 x3;x1^2 x2 x3;x2^3 x3;x1^2 x3^2;x2^2 x3^2;x1^3 x2^2;x1^2 x2^2 x3;x2^4 x3",TRUE,FALSE,FALSE,12,TRUE,8.99319449967027e-11,1.14869546062865e-10,9.51231336183165e-15,2.46885896976557e-11,1.14869546062865e-10,0,0.885278827701999,0.885278827701999,-0.0386676723997178,0.783718602777425,0.991990981343667,0.991990981343667,0
"aizawa",3,17,10,5000,4,13,5.67988892172813,4.89205757655163,0.0269805131175275,0.000978411515310326,16.9818798929789,0.000205320179405145,1.5310217374511,0.673335620018935,0.643812509977541,5.68872601945007,1.55417987995024,0.212519436687651,0.000310835975990049,9.61611860971457,0.00816368756298175,1.50553720074017,0.67463111697978,0.641364660020633,"x3;x1^2;x2^2;x1^2 x3",TRUE,FALSE,FALSE,"x1^2;x2^2",TRUE,FALSE,FALSE,0,FALSE,32.26113816317,32.21251807005,0.0696553929070967,0.023907750863199,8.32916319022477e-11,32.2125199203625,0.99908413698148,-0.0139921378005403,0.0357618617120175,0.998169112768028,0.67293542328754,0.97780081729517,0.300036310664756
"aizawa",3,17,20,5000,4,13,1.81336637593304,0.545327384030033,0.460233232996496,0.000109065476806007,3.52814871960014,0.171345317216098,1.29902302508772,0.679145066651432,0.638035787400915,1.81399624151698,1.00743892109206,0.315517176975411,0.000201487784218411,6.65496447402666,0.035883337166626,1.29286931070511,0.679360528044416,0.637592582228982,"x3;x1^2;x2^2;x1^2 x3;x2^2 x3;x3^3",TRUE,FALSE,FALSE,"x3;x1^2;x2^2;x1^2 x3;x2^2 x3;x3^3",TRUE,FALSE,FALSE,0,TRUE,3.28829761336451,3.27995604467282,0.00756685655120262,0.000909231964240054,8.32916319022477e-11,3.27995569868609,0.998878823542717,0.00916679810393644,0.0498669579680364,0.997758904122082,0.678789160919472,0.97780081729517,0.0948798122454497
"aizawa",3,17,30,5000,4,13,0.570583581067103,2.19419506340708,0.13853155989958,0.000438839012681416,9.54734676741566,0.00844928561569877,1.24854962682108,0.68431064537023,0.626960096040505,0.572284313572918,3.51362530519645,0.0608661314905489,0.00070272506103929,11.0761809072077,0.00393403188681781,1.29369355693647,0.686363490272293,0.623264189373176,"x3;x1^2;x2^2;x1^2 x3;x2^2 x3;x3^3;x1^2 x2^2;x1^2 x2 x3;x1^2 x2^2 x3;x1^2 x2 x3^2",TRUE,FALSE,FALSE,"x3;x1^2;x2^2;x1^2 x3;x2^2 x3;x3^3;x1^2 x2^2;x1^2 x2^2 x3",TRUE,FALSE,FALSE,2,TRUE,0.325565622983359,0.325525186315212,0.000695818411715194,4.83270425235307e-05,8.32916319022477e-11,0.325524870727527,0.998877582927384,0.0295768034772695,0.0254931080512793,0.997756425674852,0.684488932021227,0.97780081729517,0.0300036310664756
"aizawa",3,17,40,5000,4,13,0.185725104195607,1.12375079062751,0.289112242870326,0.000224750158125502,1.17084112569055,0.556871613047428,1.59740271989601,0.676215904449349,0.639526622075409,0.185685409208337,1.15850683041026,0.281775426020972,0.000231701366082051,1.20151465533237,0.548396163202903,1.60367330028099,0.676114033891956,0.639778362350647,"x3;x1^2;x2^2;x1^2 x3;x2^2 x3;x3^3;x1^4;x1^3 x3;x1^2 x3^2",TRUE,FALSE,TRUE,"x3;x1^2;x2^2;x1^2 x3;x2^2 x3;x3^3;x1^3 x3",TRUE,TRUE,TRUE,0,TRUE,0.0344938143284692,0.0344476903644016,7.69414747171776e-05,5.79543582886224e-06,8.32916319022477e-11,0.0344477466984312,0.998807846570915,-0.0170925799027293,0.0394781919367304,0.997617114371628,0.676159936012887,0.97780081729517,0.00948798122454497
"aizawa",3,17,45,5000,4,13,0.10155340354287,0.547905724453173,0.459174678798681,0.000109581144890635,6.89603556236011,0.0318086255845182,1.58294593653502,0.686484542083353,0.620832563304994,0.101553419126771,0.548225394067291,0.459043705052529,0.000109645078813458,6.89848466156782,0.0317696981837904,1.58289555221206,0.686484272590545,0.620832663678213,"x3;x1^2;x2^2;x1^2 x3;x2^2 x3;x3^3;x1^3 x3",TRUE,TRUE,TRUE,"x3;x1^2;x2^2;x1^2 x3;x2^2 x3;x3^3;x1^3 x3",TRUE,TRUE,TRUE,0,TRUE,0.010313093771141,0.0102894906846095,2.37001560370887e-05,4.04910062913627e-06,8.32916319022477e-11,0.010289432691347,0.998698269533251,0.0310694274977276,0.0509823457412802,0.99739823356871,0.686157122378494,0.97780081729517,0.00533548393519177
"aizawa",3,17,50,5000,4,13,0.0585886686845503,0.247061669679338,0.619151687774417,4.94123339358676e-05,17.8930252135639,0.00013019039438165,1.67546069032504,0.684370706117711,0.622636579498793,0.0585019415947085,0.026581731855478,0.870487688476108,5.3163463710956e-06,13.3349091213119,0.0012716314957243,1.62951849609595,0.684036012162018,0.624239403223324,"x3;x1^2;x2^2;x3^2;x1^2 x3;x2^2 x3;x3^3;x1^4;x1^2 x2^2;x1^3 x3;x1^2 x3^2;x2^2 x3^2;x1^2 x2^3",TRUE,FALSE,TRUE,"x3;x1^2;x2^2;x1^2 x3;x2^2 x3;x3^3;x1^4;x1^2 x2^2;x1^3 x3;x1^2 x3^2",TRUE,FALSE,TRUE,3,TRUE,0.003432632098228,0.003426812225743,7.03079353713527e-06,1.61147752331086e-06,8.32916319022477e-11,0.00342678635349495,0.99877824301021,0.0243014532465452,0.0453946555582313,0.997557978710561,0.684452634345494,0.97780081729517,0.00300036310664756
"aizawa",3,17,55,5000,4,13,0.033026228290863,0.0651322875310544,0.798560690841339,1.30264575062109e-05,47.7785322794809,4.21719360029169e-11,1.71538741331301,0.688710765059181,0.619275360061537,0.0330262097019472,0.0649895941082125,0.798776726835767,1.29979188216425e-05,47.7738536389426,4.22707051488881e-11,1.71546624157603,0.688709995240664,0.619276185925267,"x3;x1^2;x2^2;x1^2 x3;x2^2 x3;x3^3;x1^3 x3",TRUE,TRUE,TRUE,"x3;x1^2;x2^2;x1^2 x3;x2^2 x3;x3^3;x1^3 x3",TRUE,TRUE,TRUE,0,TRUE,0.0010907317551202,0.00108741538965181,2.40295690566773e-06,2.0866424307911e-07,8.32916319022477e-11,0.00108740390365658,0.99879573320278,0.0202666304960765,0.0577813991872453,0.99759291666408,0.688463657208626,0.97780081729517,0.00168722816544442
"aizawa",3,17,57,5000,4,13,0.0258771621665386,0.0442155710981576,0.833453054603287,8.84311421963152e-06,20.191522409249,4.12540526221242e-05,1.24004980698785,0.673557090665933,0.645524680251901,0.0258771600618324,0.044022319873944,0.833812092026839,8.8044639747888e-06,20.1950207231443,4.11819558820015e-05,1.24011052054756,0.673556087097729,0.64552506487079,"x3;x1^2;x2^2;x1^2 x3;x2^2 x3;x3^3;x1^3 x3",TRUE,TRUE,TRUE,"x3;x1^2;x2^2;x1^2 x3;x2^2 x3;x3^3;x1^3 x3",TRUE,TRUE,TRUE,0,TRUE,0.000669627521793337,0.0006691035608764,1.43022915973266e-06,9.02710156028952e-08,8.32916319022477e-11,0.000669113242752439,0.998871582048163,-0.0195689794109068,0.0327919843973891,0.997744437423399,0.67344846421344,0.97780081729517,0.00134021297023455
"aizawa",3,17,60,5000,4,13,0.0174554227572612,0.27990782720385,0.596761636397916,5.59815654407701e-05,12.5565126180765,0.00187667007556048,1.45332401308493,0.671184263474771,0.65348001028769,0.0174554165717165,0.279285403320142,0.597169971587328,5.58570806640285e-05,12.5553480610957,0.00187776313838162,1.45349287325644,0.671183179815571,0.65348083773284,"x3;x1^2;x2^2;x1^2 x3;x2^2 x3;x3^3;x1^3 x3",TRUE,TRUE,TRUE,"x3;x1^2;x2^2;x1^2 x3;x2^2 x3;x3^3;x1^3 x3",TRUE,TRUE,TRUE,0,TRUE,0.000304691783634711,0.000304233579219878,7.08615690871754e-07,1.3904326797976e-07,8.32916319022477e-11,0.000304227558374147,0.998614856048007,0.0185716571393372,0.0443215991223329,0.997231630719781,0.671166871963749,0.97780081729517,0.000948798122454497
"aizawa",3,17,Inf,5000,4,13,8.58916433878815e-06,1060.98355933872,9.97756939452312e-233,0.212196711867744,1676.54922143402,0,1737.50878317355,0.977606441384918,0.0443344734161911,4.58946112665749e-06,300.536170188295,2.5174351245461e-67,0.0601072340376591,535.017466719596,6.64405533647521e-117,117.317120589795,0.93873613826219,0.119193299947521,"x3;x1^2;x2^2;x1 x3;x2 x3;x1^3;x1 x2^2;x2^3;x1^2 x3;x1 x2 x3;x2^2 x3;x1 x3^2;x2 x3^2;x3^3;x1^4;x1^2 x2^2;x2^4;x1^3 x3;x1^2 x2 x3;x1 x2^2 x3;x2^3 x3;x1^2 x3^2;x2^2 x3^2;x1 x3^3;x2 x3^3;x3^4;x1^4 x3;x1^3 x3^2;x2^3 x3^2;x1^2 x3^3",TRUE,FALSE,TRUE,"x3;x1^2;x2^2;x1 x3;x2 x3;x1^3;x1 x2^2;x2^3;x1^2 x3;x1 x2 x3;x2^2 x3;x1 x3^2;x2 x3^2;x3^3;x1^4;x1^2 x2^2;x2^4;x1^3 x3;x1^2 x2 x3;x1 x2^2 x3;x2^3 x3;x2^2 x3^2;x2 x3^3;x3^4;x1^4 x3;x1^3 x3^2;x2^3 x3^2;x1^2 x3^3",TRUE,FALSE,TRUE,21,TRUE,7.37737440387101e-11,8.32916319022477e-11,7.50436845941593e-15,9.2929491173438e-12,8.32916319022477e-11,0,0.942198488039817,0.942198488039817,-0.127845381638367,0.887737990864517,0.97780081729517,0.97780081729517,0
"aizawa",3,18,10,5000,4,13,5.29967037149293,0.91340341403157,0.339213002612888,0.000182680682806314,4.31941707105568,0.115358739112592,1.24369178230131,0.683812097121565,0.631787794273934,5.32305013182168,4.17817947808191,0.0409476637401853,0.000835635895616382,13.0605130353102,0.00145863163702565,1.20118746622734,0.686933170583248,0.624850739752628,"x1^2",FALSE,FALSE,FALSE,"x1^2",FALSE,FALSE,FALSE,0,FALSE,28.08650604648,27.973939760514,0.0760280706377507,0.0419172131874531,8.16699981440639e-11,27.9739401663782,0.998818216213606,-0.00667179938621846,0.0610372845650671,0.99763782904013,0.683098153686754,0.991632729968506,0.282456008751592
"aizawa",3,18,20,5000,4,13,1.71396474474467,0.989122153474248,0.319957022529657,0.00019782443069485,6.45211562461473,0.0397137496560417,1.48715106662676,0.675974233306984,0.646737244660424,1.71523047180165,0.721739987329835,0.395573754229734,0.000144347997465967,7.18198700000933,0.0275709250976948,1.40653961063869,0.676383697234522,0.645935913467055,"x3;x1^2;x2^2;x2^2 x3;x1^2 x3^2;x3^4",TRUE,FALSE,FALSE,"x3;x1^2;x2^2;x2^2 x3;x1^2 x3^2;x3^4",TRUE,FALSE,FALSE,2,FALSE,2.93767514622765,2.93493329120521,0.00704975193907575,0.000933893901538694,8.16699981440639e-11,2.93493338657041,0.998762470208042,-0.00544841447981426,0.0346353132631385,0.99752647189607,0.675720751270703,0.991632729968506,0.0893204326455485
"aizawa",3,18,30,5000,4,13,0.55338029247143,0.511825704779864,0.474349588736599,0.000102365140955973,5.98970329833774,0.050044050612431,1.46810021277994,0.688508567771021,0.618006620718839,0.553295086473628,0.406311500049187,0.523847604283341,8.12623000098375e-05,5.33574183060743,0.0693998262341145,1.50257585291232,0.688420946152676,0.618204736273264,"x3;x1^2;x2^2;x1^2 x3;x2^2 x3;x3^3;x1^2 x2^2;x2^4;x1^3 x3;x2^2 x3^2",TRUE,FALSE,TRUE,"x3;x1^2;x2^2;x1^2 x3;x3^3;x1^3 x3",TRUE,FALSE,FALSE,0,TRUE,0.306229748095765,0.30603676082372,0.00066592802663805,1.20313393758674e-05,8.16699981440639e-11,0.306036746075706,0.998900765219249,-0.000238669031355853,0.0303140066190367,0.997802738755601,0.688468339324032,0.991632729968506,0.0282456008751592
"aizawa",3,18,40,5000,4,13,0.168598212960925,1.88896470410154,0.169318738988694,0.000377792940820307,6.17350232602837,0.0456500232325223,1.42396595021298,0.680608157745444,0.63608411277683,0.168507929618039,1.60642691740341,0.204994795582712,0.000321285383480683,6.39786973171244,0.0408056443243902,1.41262005451287,0.680277642934071,0.63671601065293,"x3;x1^2;x2^2;x1^2 x3;x1 x2 x3;x2^2 x3;x3^3;x1^2 x2^2;x1^3 x3;x1 x2^2 x3;x1^2 x3^2;x2^2 x3^2;x3^4;x1^3 x2^2;x1^3 x3^2",TRUE,FALSE,TRUE,"x3;x1^2;x2^2;x1^2 x3;x2^2 x3;x3^3;x1^3 x3;x1^3 x2^2",TRUE,FALSE,TRUE,1,TRUE,0.0284253574136175,0.028418464366206,6.59590146938017e-05,3.20139161876985e-06,8.16699981440639e-11,0.0284184156290083,0.998804006750892,0.0132797588192949,0.027394268844705,0.997609443901635,0.68089007348454,0.991632729968506,0.00893204326455485
"aizawa",3,18,45,5000,4,13,0.0948540467894403,1.31287575328669,0.251874643950411,0.000262575150657338,1.31507106150108,0.518126669578659,1.62797617363577,0.678002956320253,0.636292512739783,0.0947786079899318,1.58906605183044,0.207459619710601,0.000317813210366088,1.59242973639455,0.451032956352332,1.61304341619113,0.677972850619643,0.637185764622804,"x3;x1^2;x2^2;x1^2 x3;x2^2 x3;x3^3;x1^2 x2^2;x2^4;x1^3 x3;x2^2 x3^2",TRUE,FALSE,TRUE,"x3;x1^2;x2^2;x1^2 x3;x2^2 x3;x3^3;x1^2 x2^2;x2^4;x1^3 x3;x2^2 x3^2",TRUE,FALSE,TRUE,3,TRUE,0.00899729019233332,0.00899003799160466,2.14769997596833e-05,6.23910092255733e-07,8.16699981440639e-11,0.00899001234579113,0.998788356761973,0.0149504053020714,0.0330563480777759,0.997578181603282,0.677876950658508,0.991632729968506,0.0050228570460473
"aizawa",3,18,50,5000,4,13,0.0552090597084071,5.86632367528132,0.0154332490658837,0.00117326473505626,5.8785032933824,0.0529053057883349,1.37524703110784,0.684771506200082,0.623978141882568,0.0551995801063395,5.84790191899042,0.0155956339554653,0.00116958038379808,5.86026444717816,0.0533899782639191,1.3767584763147,0.684737978126952,0.624177949912294,"x3;x1^2;x2^2;x1^2 x3;x2^2 x3;x3^3;x1^2 x2^2;x1^3 x3;x2^2 x3^2",TRUE,FALSE,TRUE,"x3;x1^2;x2^2;x1^2 x3;x2^2 x3;x3^3;x1^3 x3",TRUE,TRUE,TRUE,0,TRUE,0.00304804027388647,0.00304104838198804,6.93669928447199e-06,2.29472255780706e-07,8.16699981440639e-11,0.00304103064460878,0.998833951879527,0.0168213485991165,0.0484405912085758,0.997669263427273,0.684507918507857,0.991632729968506,0.00282456008751592
"aizawa",3,18,55,5000,4,13,0.0323707024538739,0.205890820198915,0.650007380652487,4.11781640397831e-05,0.214691671226382,0.898214984539881,1.79982500330724,0.689976290871911,0.602991309042138,0.0323707208381031,0.205660814864462,0.650189882462072,4.11321629728924e-05,0.214436771720727,0.898329469113007,1.79981625140506,0.68997781251046,0.602989418712626,"x3;x1^2;x2^2;x1^2 x3;x2^2 x3;x3^3;x1^3 x3",TRUE,TRUE,TRUE,"x3;x1^2;x2^2;x1^2 x3;x2^2 x3;x3^3;x1^3 x3",TRUE,TRUE,TRUE,0,TRUE,0.00104786237735724,0.00104312366092104,2.28901610098467e-06,3.82135140925246e-07,8.16699981440639e-11,0.00104312216863708,0.998724460598572,0.00346621940058218,0.0758100497414663,0.997450548197909,0.688936948371896,0.991632729968506,0.00158836686269347
"aizawa",3,18,57,5000,4,13,0.0239426312785843,0.611899528614582,0.434073499204075,0.000122379905722916,1.1219940021358,0.570639851601924,1.31144512041388,0.673311529041415,0.65007670342195,0.0239426286848018,0.611300818337519,0.43429844905442,0.000122260163667504,1.12021276559017,0.571148300264183,1.31155080357063,0.673310589479197,0.650077092781145,"x3;x1^2;x2^2;x1^2 x3;x2^2 x3;x3^3;x1^3 x3",TRUE,TRUE,TRUE,"x3;x1^2;x2^2;x1^2 x3;x2^2 x3;x3^3;x1^3 x3",TRUE,TRUE,TRUE,0,TRUE,0.000573249592542245,0.000571776272532597,1.34757119711561e-06,2.2046519810314e-08,8.16699981440639e-11,0.000571778744178469,0.998807288071348,-0.00432999371163971,0.0510644698589615,0.997615998704441,0.673054158566446,0.991632729968506,0.00126168464613785
"aizawa",3,18,60,5000,4,13,0.0166984273584703,0.985138464103594,0.320933486233142,0.000197027692820719,5.27815720712147,0.0714270518772009,1.33034745836441,0.674340953755477,0.649202051655358,0.0166984276242417,0.985417406148189,0.320864985647554,0.000197083481229638,5.27695183046406,0.0714701131026666,1.32701046070895,0.674340833944722,0.649202110960213,"x3;x1^2;x2^2;x1^2 x3;x2^2 x3;x3^3;x1^3 x3",TRUE,TRUE,TRUE,"x3;x1^2;x2^2;x1^2 x3;x2^2 x3;x3^3;x1^3 x3",TRUE,TRUE,TRUE,0,TRUE,0.00027883747624611,0.000278435003940053,6.33346574475891e-07,5.74127812361392e-08,8.16699981440639e-11,0.000278434567210293,0.998768552318213,0.00190065027175168,0.0410342081629593,0.997538621099819,0.674005525545085,0.991632729968506,0.000893204326455485
"aizawa",3,18,Inf,5000,4,13,8.41882246549767e-06,1476.7404727706,4.44659081257122e-323,0.295348094554121,2241.4093486515,0,1197.15244357225,0.991767138408581,0.016450284816509,7.53278073431155e-06,1390.00237454402,3.12564650828837e-304,0.278000474908805,2046.04093363387,0,1008.50855903782,0.991966840510573,0.016054163828863,"x3;x1^2;x2^2;x1^2 x3;x2^2 x3;x1 x3^2;x3^3;x1^4;x1^2 x2^2;x2^4;x1^3 x3;x1^2 x3^2;x2^2 x3^2",TRUE,FALSE,TRUE,"x3;x1^2;x2^2;x1^2 x3;x2^2 x3;x1 x3^2;x3^3;x1^2 x2^2;x2^4;x1^3 x3;x1^2 x3^2;x2^2 x3^2",TRUE,FALSE,TRUE,5,TRUE,7.08765717055683e-11,8.16699981440639e-11,9.3334927662045e-16,1.06733303086258e-11,8.16699981440639e-11,0,0.932049851754425,0.932049851754425,-0.184078135049959,0.868716926155446,0.991632729968506,0.991632729968506,0
"aizawa",3,19,10,5000,4,13,4.88379506543826,3.24225030466387,0.0717620097902249,0.000648450060932775,3.69327095340773,0.157767085385348,1.73544933509925,0.693027483418637,0.599235554296025,4.91900358226378,1.38001443625435,0.240098688330231,0.000276002887250871,1.95108189293453,0.376988367869662,1.83482806319826,0.697904965881557,0.589335408856614,"x1 x2^2;x2^2 x3;x1^3 x3;x1^3 x2^2;x1^3 x3^2",FALSE,FALSE,FALSE,"x1 x2^2;x2^2 x3;x1^3 x2^2",FALSE,FALSE,FALSE,2,FALSE,23.8514542411991,23.8471769919706,0.0599507651496026,0.0122325045115684,1.13714145340421e-10,23.8471777234976,0.998962445917432,-0.00839212595080378,0.0223989327787222,0.997925968353338,0.692982433296639,0.989592778785013,0.245661745921113
"aizawa",3,19,20,5000,4,13,1.46625406959707,0.0807022776025031,0.77634795240965,1.61404555205006e-05,1.32019059317873,0.516802082669115,1.3605354836937,0.673022987292013,0.649753570795764,1.46728672130643,0.000534859799768391,0.981548939744528,1.06971959953678e-07,1.65455387793002,0.437238293276995,1.36081004519799,0.673512122153687,0.648762398863562,"x3;x1^2;x2^2;x1^2 x3;x2^2 x3;x3^3",TRUE,FALSE,FALSE,"x3;x1^2;x2^2;x1^2 x3;x2^2 x3;x3^3",TRUE,FALSE,FALSE,0,TRUE,2.14990099660997,2.1467130366868,0.00533956800658647,0.000271108954563121,1.13714145340421e-10,2.14671366124229,0.998734294634593,-0.023351650404393,0.0402868851727033,0.997470191279257,0.672762374203888,0.989592778785013,0.0776850651084297
"aizawa",3,19,30,5000,4,13,0.476387788121658,1.8921387898906,0.168960884492449,0.00037842775797812,2.54687961087889,0.279867275171437,1.32616919617627,0.690681654210322,0.614248302728662,0.476271056867499,2.14619228231853,0.142923964339645,0.000429238456463706,2.64759021784473,0.266123415721641,1.33122620494326,0.690582352139849,0.614629626624121,"x3;x1^2;x2^2;x1^2 x3;x2^2 x3;x3^3;x1^4;x1^2 x2^2;x1^3 x3;x1^2 x3^2;x2^2 x3^2",TRUE,FALSE,TRUE,"x3;x1^2;x2^2;x2^2 x3;x3^3;x1^3 x3",TRUE,FALSE,FALSE,0,TRUE,0.226945324671445,0.226037416755848,0.000551290381646648,5.25700202457291e-05,1.13714145340421e-10,0.226037322098109,0.998665145437041,0.00973205093901899,0.0677081341328045,0.997332072710786,0.690110599991958,0.989592778785013,0.0245661745921113
"aizawa",3,19,40,5000,4,13,0.14898188212479,0.0255270085613506,0.873060887124833,5.10540171227013e-06,0.393939576630099,0.821215443240129,1.41483070750934,0.668540290147128,0.660890358484092,0.148981971804866,0.0254509235204208,0.873248601918074,5.09018470408416e-06,0.393925930297668,0.821221046548713,1.4148754394805,0.668540504906536,0.660888379628371,"x3;x1^2;x2^2;x1^2 x3;x2^2 x3;x3^3;x1^3 x3",TRUE,TRUE,TRUE,"x3;x1^2;x2^2;x1^2 x3;x2^2 x3;x3^3;x1^3 x3",TRUE,TRUE,TRUE,0,TRUE,0.0221956012014448,0.0221177993462722,5.49698418332798e-05,1.06799429023108e-06,1.13714145340421e-10,0.02211777270404,0.998740326944253,0.00967229020718474,0.060569198728061,0.997482240664713,0.668005234210605,0.989592778785013,0.00776850651084296
"aizawa",3,19,45,5000,4,13,0.0821255757650767,0.0181028908692744,0.892970061052273,3.62057817385487e-06,6.34284850841594,0.0419438166843136,1.43304743648695,0.668289994072758,0.652102580493379,0.0821255420419588,0.0181385449936245,0.892865348841265,3.62770899872489e-06,6.34348701094654,0.0419304282050238,1.43307109029117,0.668290730700718,0.65210346691369,"x3;x1^2;x2^2;x1^2 x3;x2^2 x3;x3^3;x1^3 x3",TRUE,TRUE,TRUE,"x3;x1^2;x2^2;x1^2 x3;x2^2 x3;x3^3;x1^3 x3",TRUE,TRUE,TRUE,0,TRUE,0.00674461019474535,0.00673303499071939,1.58222536876255e-05,8.31425420585916e-07,1.13714145340421e-10,0.00673302746988619,0.998791162237734,0.00371294257795409,0.0427144765209781,0.997583785764204,0.668355655517402,0.989592778785013,0.00436855224605729
"aizawa",3,19,50,5000,4,13,0.048158589581123,0.632358918427064,0.426491365155623,0.000126471783685413,9.73076130431453,0.00770889322606122,1.56782294424257,0.694587953015773,0.610810810876484,0.0481585859767912,0.632684951132909,0.426372163290314,0.000126536990226582,9.73378090324942,0.00769726312494338,1.56770139450423,0.694587885901021,0.610811135941784,"x3;x1^2;x2^2;x1^2 x3;x2^2 x3;x3^3;x1^3 x3",TRUE,TRUE,TRUE,"x3;x1^2;x2^2;x1^2 x3;x2^2 x3;x3^3;x1^3 x3",TRUE,TRUE,TRUE,0,TRUE,0.00231924975044305,0.0023151690687434,6.21255203526818e-06,1.75966786603164e-07,1.13714145340421e-10,0.00231517809346908,0.998631195326111,-0.00902473207785991,0.0433108642334447,0.997264264278457,0.694491189088334,0.989592778785013,0.00245661745921113
"aizawa",3,19,55,5000,4,13,0.0261111064557006,0.0039745268737556,0.949731587437655,7.9490537475112e-07,0.163272174299831,0.921607282411145,1.55375043814062,0.673661215780622,0.651278819934149,0.0261110912178549,0.0039444518856541,0.949921886624131,7.88890377130819e-07,0.162846988658882,0.921803230330504,1.55312939214481,0.673660859218384,0.651278908444013,"x3;x1^2;x2^2;x1^2 x3;x2^2 x3;x3^3;x1^3 x3",TRUE,TRUE,TRUE,"x3;x1^2;x2^2;x1^2 x3;x2^2 x3;x3^3;x1^3 x3",TRUE,TRUE,TRUE,0,TRUE,0.000681789880340932,0.000679887572344021,1.89712304487114e-06,1.4307580285611e-07,1.13714145340421e-10,0.000679893590807636,0.998521624107739,-0.011141560010802,0.0543024378238389,0.997045433810757,0.673364370483287,0.989592778785013,0.00138145751749854
"aizawa",3,19,57,5000,4,13,0.0206236773156174,0.294940581689331,0.587071746103482,5.89881163378661e-05,0.359912667688073,0.835306685246926,1.35537571617694,0.673837718093453,0.648878503696663,0.0206236772267383,0.294759725715104,0.587186407269752,5.89519451430207e-05,0.3599722048562,0.835281819719754,1.35538844182729,0.67383924106279,0.648877854596583,"x3;x1^2;x2^2;x1^2 x3;x2^2 x3;x3^3;x1^3 x3",TRUE,TRUE,TRUE,"x3;x1^2;x2^2;x1^2 x3;x2^2 x3;x3^3;x1^3 x3",TRUE,TRUE,TRUE,0,TRUE,0.000425336066018711,0.000424785587607739,1.16680325269139e-06,1.49907910020362e-07,1.13714145340421e-10,0.000424775849359658,0.998545771595471,0.0174688947644265,0.0399792264074343,0.997093657971195,0.674148028623356,0.989592778785013,0.0010973307112212
"aizawa",3,19,60,5000,4,13,0.0148304216211961,6.64343221021975,0.00995220173910654,0.00132868644204395,6.85005141846847,0.0325484441827712,1.46419762537321,0.68204270387604,0.629068446877895,0.0148304077734443,6.64309503999113,0.00995408539763552,0.00132861900799823,6.84986330172872,0.0325515057803552,1.46432808770054,0.682042701035075,0.629069432890678,"x3;x1^2;x2^2;x1^2 x3;x2^2 x3;x3^3;x1^3 x3",TRUE,TRUE,TRUE,"x3;x1^2;x2^2;x1^2 x3;x2^2 x3;x3^3;x1^3 x3",TRUE,TRUE,TRUE,0,TRUE,0.000219941405462441,0.000218877405814963,5.71577555012531e-07,2.60755158557855e-08,1.13714145340421e-10,0.000218869461753819,0.998657652143879,0.0241913165207004,0.0737021980276199,0.997317106185524,0.681302171810162,0.989592778785013,0.000776850651084296
"aizawa",3,19,Inf,5000,4,13,9.75596933388378e-06,1387.52483487011,1.07973603950556e-303,0.277504966974022,1936.13156291332,0,3901.38947172522,0.989125412224084,0.0217027739002519,4.19978002155493e-06,469.551896968652,4.01124614083699e-104,0.0939103793937304,598.77466364638,9.50022382666004e-131,198.752807471663,0.974090289256336,0.0512377977976612,"x3;x1^2;x2^2;x2 x3;x1^3;x1^2 x3;x1 x2 x3;x2^2 x3;x1 x3^2;x3^3;x1^4;x1^3 x2;x1^2 x2^2;x2^4;x1^3 x3;x1^2 x2 x3;x1 x2^2 x3;x1^2 x3^2;x2^2 x3^2;x2 x3^3;x1^4 x3;x1^2 x2^2 x3;x1^3 x3^2;x2^3 x3^2;x1^2 x3^3",TRUE,FALSE,TRUE,"x3;x1^2;x2^2;x2 x3;x1^3;x1^2 x3;x2^2 x3;x1 x3^2;x3^3;x1^3 x2;x2^4;x1^3 x3;x1^2 x2 x3;x1 x2^2 x3;x1^2 x3^2;x2 x3^3;x1^4 x3;x1^2 x2^2 x3;x1^3 x3^2;x2^3 x3^2;x1^2 x3^3",TRUE,FALSE,TRUE,14,TRUE,9.51789376436808e-11,1.13714145340421e-10,1.40146988149898e-15,1.83241004162614e-11,1.13714145340421e-10,0,0.915342282640291,0.915342282640291,-0.144337741031548,0.837851494389138,0.989592778785013,0.989592778785013,0
"rossler",1,0,20,5000,4,13,9.95098983726004,3.35212901217869,0.0671181528913422,0.000670425802435738,6.44628453419218,0.0398297058442883,1.43218415657444,0.680073448206662,0.635987418998351,9.95098984150329,3.34877113733821,0.0672552038571057,0.000669754227467643,6.44424235713087,0.0398703962708337,1.43217183377516,0.680073562334988,0.635987488862092,"x2;x3",FALSE,TRUE,TRUE,"x2;x3",FALSE,TRUE,TRUE,0,TRUE,99.0221987412525,99.037778443441,0.0970403883349355,0.00847512098183415,2.26025532685243e-08,99.037676257747,0.999481171809094,0.0312374159509337,0.0140163879102968,0.99896261280088,0.680156866330856,0.87634668234142,0.535963697678081
"rossler",1,0,30,5000,4,13,3.36080091926923,4.03815604172026,0.0444824003851795,0.000807631208344053,9.02112976003861,0.0109922491198263,1.63357883122388,0.690014520267808,0.615343611594244,3.3608007511884,4.03961644868222,0.0444439217055371,0.000807923289736443,9.02170432702477,0.010989091681664,1.6266068636231,0.690015538128633,0.615343262482096,"x2;x3",FALSE,TRUE,TRUE,"x2;x3",FALSE,TRUE,TRUE,0,TRUE,11.2949828189609,11.2944334768528,0.00930778989688223,0.000136404912240712,2.26025532685243e-08,11.2943646802558,0.999583502496334,0.0670449062184449,0.0154123100268067,0.999167178462839,0.690034246281332,0.87634668234142,0.169486602782863
"rossler",1,0,40,5000,4,13,1.0172633808964,9.02671882804646,0.00266061627692859,0.00180534376560929,10.1304001212654,0.00631264786414064,1.83270414558548,0.669644366237995,0.64825773994192,1.0172633300995,9.02929835086307,0.00265686441939323,0.00180585967017261,10.1336469228019,0.00630240822051981,1.83271390799898,0.669644870827905,0.648258076729712,"x2;x3",FALSE,TRUE,TRUE,"x2;x3",FALSE,TRUE,TRUE,0,TRUE,1.03482478611278,1.03444271843168,0.000917644318066189,0.000195948185206394,2.26025532685243e-08,1.03443171707709,0.999463811555241,0.038073457844825,0.0243593454427465,0.998927910608531,0.669656243545903,0.87634668234142,0.0535963697678081
"rossler",1,0,50,5000,4,13,0.323743655025796,3.40295834252603,0.0650796029330884,0.000680591668505206,7.56987893255943,0.0227102374702859,1.46774026709387,0.685820464720688,0.627401412040065,0.323743788008922,3.4031106142368,0.0650735962243943,0.00068062212284736,7.57038783450533,0.0227044595633938,1.46769777973735,0.685820894193219,0.627401389715957,"x2;x3",FALSE,TRUE,TRUE,"x2;x3",FALSE,TRUE,TRUE,0,TRUE,0.104809954169461,0.104988469832311,9.74768430830706e-05,2.24920526609267e-06,2.26025532685243e-08,0.104986528027619,0.999527643769254,0.0191857705276909,-0.012332934590733,0.999055510658918,0.686236062133775,0.87634668234142,0.0169486602782863
"rossler",1,0,55,5000,4,13,0.180742982948716,11.1970552000427,0.000819272460362291,0.00223941104000855,12.7600828159236,0.00169505276648984,1.50368631459926,0.678953576823006,0.637480972571722,0.180743012710817,11.1996143392803,0.000818143341154519,0.00223992286785607,12.7626113159905,0.00169291115002774,1.50362495458127,0.678954340828584,0.637481043598776,"x2;x3",FALSE,TRUE,TRUE,"x2;x3",FALSE,TRUE,TRUE,0,TRUE,0.0326680258851997,0.0327093280829667,3.19657851457768e-05,7.25111588827933e-07,2.26025532685243e-08,0.0327093097451214,0.999499896832164,-0.000668449870915285,-0.00422033131228658,0.999000043767507,0.679099593090046,0.87634668234142,0.00953093208109257
"rossler",1,0,58,5000,4,13,0.129908102881757,12.8525583996277,0.000337018153993124,0.00257051167992554,19.1530887984432,6.93361322176823e-05,1.46332593330526,0.679916800325758,0.631250290248965,0.129908059776057,12.8434230285456,0.000338667506025249,0.00256868460570911,19.1339692632327,7.0002147933854e-05,1.46328815006527,0.679914844774076,0.631250180260429,"x2;x3",FALSE,TRUE,TRUE,"x2;x3",FALSE,TRUE,TRUE,0,TRUE,0.0168761151943372,0.0168651379830713,1.55919066083626e-05,2.05545251434834e-06,2.26025532685243e-08,0.0168665301485691,0.999468810813339,-0.0318543478388257,0.027965326288502,0.998937903788631,0.679876830706258,0.87634668234142,0.00674738318806103
"rossler",1,0,61,5000,4,13,0.0907427419469056,2.8367508996162,0.0921303338540481,0.000567350179923241,3.27010165573758,0.194942462537456,1.37260917272236,0.683491148315629,0.632240931324454,0.0907427354972377,2.83734109201335,0.0920964951454251,0.00056746821840267,3.27075003820784,0.194879274142863,1.37259175869834,0.68349103019912,0.632241144559944,"x2;x3",FALSE,TRUE,TRUE,"x2;x3",FALSE,TRUE,TRUE,0,TRUE,0.0082342452160427,0.00823498748984425,7.64594465200125e-06,5.17336600078196e-07,2.26025532685243e-08,0.00823409425474071,0.999502180837806,0.0353849196504325,0.0150099961681686,0.99900460949953,0.683633449930599,0.87634668234142,0.00477678148361221
"rossler",1,0,Inf,5000,4,13,0.000144302053762164,63.8573043402235,1.33765467654057e-15,0.0127714608680447,136.650297118258,2.12209589640943e-30,133156.51502919,0.861310854009566,0.256909710897263,0.000144265790300827,62.9816180287478,2.08644720049734e-15,0.0125963236057496,133.680897474231,9.36616804575996e-30,80452.7958918631,0.861298209764985,0.2576411225043,"x2;x3",TRUE,FALSE,TRUE,"x2;x3",TRUE,FALSE,FALSE,0,TRUE,2.08230827199785e-08,2.26025532685243e-08,2.08674905182485e-11,1.38614827399988e-09,2.26025532685243e-08,0,0.968399861174486,0.968399861174486,-0.126517885735504,0.937798291122764,0.87634668234142,0.87634668234142,0
"rossler",1,1,20,5000,4,13,10.0119456628448,2.92984369792958,0.0869559107823346,0.000585968739585916,3.27942963224045,0.194035370160884,1.46846886250862,0.688169975587594,0.623611305221796,10.0119436776806,2.92970241812281,0.0869635207188125,0.000585940483624562,3.2799538724399,0.193984516255514,1.46849598560079,0.688170425062648,0.62361040777852,"x2;x3",FALSE,TRUE,TRUE,"x2;x3",FALSE,TRUE,TRUE,0,TRUE,100.239055955756,100.25563462028,0.0866637260327844,0.00262523741210728,2.34642512178204e-07,100.255589363456,0.999556873733814,0.00564036518813521,0.0123527476586679,0.999113943828515,0.688476690380385,0.514516336275374,0.521283063574115
"rossler",1,1,30,5000,4,13,3.0310942152678,7.44216977232083,0.00637130311813076,0.00148843395446417,14.5642834242458,0.00068771110611153,1.77958162634126,0.671069156550125,0.651624395286946,3.03109963703118,7.42493122449475,0.0064326283775044,0.00148498624489895,14.5358939126778,0.000697542610132533,1.79727495426483,0.671067654836855,0.651625431457003,"x2;x3",FALSE,TRUE,TRUE,"x2;x3",FALSE,TRUE,TRUE,0,TRUE,9.18753214182991,9.17884899307826,0.00906417831779627,0.000898854525161369,2.34642512178204e-07,9.17898446686405,0.999470061255209,-0.0448577233996664,0.0321180533376355,0.998940403345492,0.671059662284349,0.514516336275374,0.164844178656456
"rossler",1,1,40,5000,4,13,1.0031063472005,0.764290543961562,0.381989134255325,0.000152858108792312,1.1869678322765,0.552399415179264,1.9320499791627,0.679191756758321,0.62463499744084,1.00310561004015,0.764087229206684,0.382052453700039,0.000152817445841337,1.18718581247156,0.552339212393942,1.93208729756285,0.679191453858749,0.624635240740622,"x2;x3",FALSE,TRUE,TRUE,"x2;x3",FALSE,TRUE,TRUE,0,TRUE,1.00622234379393,1.00811409743202,0.000888423776061551,9.83480572542932e-06,2.34642512178204e-07,1.0080722091812,0.99955532024134,0.0447470374821015,-0.016588547929961,0.999110838222768,0.679816950171348,0.514516336275374,0.0521283063574115
"rossler",1,1,50,5000,4,13,0.308036891118602,5.06810137818943,0.0243700617519894,0.00101362027563789,5.3947500370153,0.0673821577103335,1.45531061427879,0.675395916578313,0.644110434331728,0.308036977749588,5.06862692871825,0.0243626740503486,0.00101372538574365,5.3951195114402,0.067369710868082,1.45532011698113,0.6753961574137,0.64411032761147,"x2;x3",FALSE,TRUE,TRUE,"x2;x3",FALSE,TRUE,TRUE,0,TRUE,0.0948867262900137,0.0947676943823885,8.90665771803623e-05,8.67711666519068e-06,2.34642512178204e-07,0.0947958224656572,0.999490771267106,-0.0915847328963461,0.0373637219461715,0.998981801848114,0.675166938985388,0.514516336275374,0.0164844178656456
"rossler",1,1,55,5000,4,13,0.176396466382561,1.27013529468219,0.25974130024628,0.000254027058936438,6.52837331160675,0.0382280149767711,1.40825337792326,0.681361311348701,0.635330826996956,0.176396449066464,1.27009356451004,0.259749127996753,0.000254018712902008,6.52714794388004,0.0382514438411862,1.4082639305123,0.681361145195255,0.635330913460481,"x2;x3",FALSE,TRUE,TRUE,"x2;x3",FALSE,TRUE,TRUE,0,TRUE,0.0311157133522541,0.0310755251614114,2.79957079289205e-05,3.31931805765166e-07,2.34642512178204e-07,0.031087793797365,0.999549640537584,-0.0701044430124096,0.0365928610312554,0.999099483898813,0.6812883817267,0.514516336275374,0.00926986938755859
"rossler",1,1,58,5000,4,13,0.126062839785272,0.128800914999378,0.719678545131704,2.57601829998755e-05,1.30513067118529,0.520708270458668,1.26670693956412,0.678774179168223,0.638556542389967,0.126062793652423,0.128465612197575,0.720028279527369,2.5693122439515e-05,1.3010123720377,0.521781591356741,1.26667838219665,0.678775113481743,0.638555872704223,"x2;x3",FALSE,TRUE,TRUE,"x2;x3",FALSE,TRUE,TRUE,0,TRUE,0.0158918395747272,0.0158760679893157,1.41294035921986e-05,2.71684486665711e-07,2.34642512178204e-07,0.0158853912263235,0.999549801210558,-0.0733099384309398,0.0318663781232156,0.999099805100065,0.678413389276434,0.514516336275374,0.00656256495471368
"rossler",1,1,61,5000,4,13,0.0871703164424909,3.68484265263482,0.0549091522221777,0.000736968530526963,4.5602730294604,0.102270244367709,1.34341365561401,0.665693915804218,0.668529767301483,0.0871703128914927,3.68551837889127,0.0548869076171238,0.000737103675778254,4.56191093720349,0.102186524041362,1.34340390141927,0.665693995316862,0.668529738564118,"x2;x3",FALSE,TRUE,TRUE,"x2;x3",FALSE,TRUE,TRUE,0,TRUE,0.00759866406868401,0.00756917345116093,6.94540212667996e-06,3.79708021193007e-07,2.34642512178204e-07,0.00756790761178261,0.999519616755172,0.0187159762408481,0.0800324481456893,0.999039464278406,0.665106471559658,0.514516336275374,0.00464594019443663
"rossler",1,1,Inf,5000,4,13,0.000475477970265926,4.47121252224932,0.034470521489907,0.000894242504449864,5.01222836954317,0.0815846469553432,547222.991392092,0.53891444840506,0.709720906177646,0.000475478611441228,4.4713676690639,0.0344673917503598,0.000894273533812781,5.01241369120908,0.0815770876042335,572672.766393808,0.538916165981313,0.709721184170305,"x2;x3",FALSE,TRUE,TRUE,"x2;x3",FALSE,TRUE,TRUE,0,TRUE,2.26079300208205e-07,2.34642512178204e-07,3.04752208203794e-10,2.20601003233535e-09,2.34642512178204e-07,0,0.994673314929904,0.994673314929904,-0.350818992424795,0.989375003433644,0.514516336275374,0.514516336275374,0
"rossler",1,2,20,5000,4,13,8.13046808463961,9.3014702569013,0.00228970028334102,0.00186029405138026,9.39835326801946,0.0091027689273674,1.38595492821009,0.690029221510457,0.616952449518728,8.13047265909842,9.3099670930912,0.00227910575505904,0.00186199341861824,9.40638795632455,0.0090662733286189,1.38599151663544,0.690029566392497,0.616952637864928,"x2;x3",FALSE,TRUE,TRUE,"x2;x3",FALSE,TRUE,TRUE,0,TRUE,66.1045112753434,66.0359709355786,0.0670084306462428,0.00073928668213015,1.24842826858621e-08,66.0359608190473,0.99948129329494,0.0087982335823513,0.0324820205234455,0.998962855646525,0.690088355045191,0.989313241371089,0.425522315734175
"rossler",1,2,30,5000,4,13,2.64735794421006,3.50178810205444,0.0613026069665781,0.000700357620410888,9.91481394071072,0.00703113615951438,1.45430744273802,0.687534721827168,0.617900310546164,2.6473578251614,3.50256883684069,0.0612737163991245,0.000700513767368138,9.91518349989922,0.00702983706905407,1.45429957811743,0.687535196335051,0.617900132179021,"x2;x3",FALSE,TRUE,TRUE,"x2;x3",FALSE,TRUE,TRUE,0,TRUE,7.00850408477213,6.98047335951756,0.00643940664042614,0.000229633777145353,1.24842826858621e-08,6.98047905333302,0.99951932826719,-0.00827544419319415,0.0819198891192188,0.999038887579694,0.686992947579244,0.989313241371089,0.13456197129493
"rossler",1,2,40,5000,4,13,0.820025146366655,4.38128954176015,0.0363354975016434,0.000876257908352029,4.70890313646781,0.0949455634215235,1.36709393433282,0.677113512984367,0.640115093999402,0.820025096314957,4.37833050759027,0.0363986323018693,0.000875666101518053,4.70647862746795,0.0950607314003758,1.36709748014855,0.677112987085741,0.640115305298105,"x2;x3",FALSE,TRUE,TRUE,"x2;x3",FALSE,TRUE,TRUE,0,TRUE,0.672441240673654,0.670553743126147,0.000653558491182705,5.66188083521786e-05,1.24842826858621e-08,0.670549598968434,0.99948380793549,0.0208475470777143,0.0616097690252254,0.998967882325228,0.676748789113735,0.989313241371089,0.0425522315734175
"rossler",1,2,50,5000,4,13,0.253614374061796,19.1727604205321,1.19405187579049e-05,0.00383455208410641,19.1743809728775,6.86018890500569e-05,1.52747326313273,0.67149610084028,0.653419126136551,0.253614372391532,19.1738431078702,1.19337480341073e-05,0.00383476862157405,19.1754539741808,6.85650939630522e-05,1.52747648035781,0.671496210664077,0.653419114445797,"x2;x3",FALSE,TRUE,TRUE,"x2;x3",FALSE,TRUE,TRUE,0,TRUE,0.0643202507307567,0.0641356559277165,6.33026395226041e-05,5.25866920338037e-06,1.24842826858621e-08,0.064136341292145,0.999463225869903,-0.00862315908281777,0.0629526935593439,0.998926739866272,0.670880579472379,0.989313241371089,0.013456197129493
"rossler",1,2,55,5000,4,13,0.14907315174794,1.35406390123334,0.244568914673814,0.000270812780246667,22.3149243933603,1.42684151161983e-05,1.58590693506354,0.689104323814449,0.620077975617215,0.149073162777113,1.35486307472556,0.244429743436785,0.000270972614945112,22.3237129938096,1.42058529755348e-05,1.58592341272852,0.689104816429927,0.620078054683062,"x2;x3",FALSE,TRUE,TRUE,"x2;x3",FALSE,TRUE,TRUE,0,TRUE,0.0222228045720643,0.0222088201391275,2.08881820803849e-05,2.38378080902399e-07,1.24842826858621e-08,0.0222085754884607,0.99952182554176,0.00613435972730037,0.0258660028307831,0.999043879734333,0.689128300454485,0.989313241371089,0.00756697572582165
"rossler",1,2,58,5000,4,13,0.102770812226551,6.47476992278267,0.0109416477152694,0.00129495398455653,8.28521143405229,0.0158814150685003,1.53448114383739,0.683084504994594,0.632785611395089,0.102770828441862,6.47922005506686,0.0109142865406094,0.00129584401101337,8.28210616089786,0.0159060922868521,1.53449124935049,0.683084682148532,0.63278587171904,"x2;x3",FALSE,TRUE,TRUE,"x2;x3",FALSE,TRUE,TRUE,0,TRUE,0.0105618398457051,0.0105479514088922,1.01253761506308e-05,1.12288870158487e-07,1.24842826858621e-08,0.0105477855489062,0.999516695886792,0.00803431903578371,0.0368527826488488,0.99903362535645,0.682802356327673,0.989313241371089,0.00535700856563254
"rossler",1,2,61,5000,4,13,0.0724558997869148,0.00473693942789214,0.945128578103904,9.47387885578429e-07,0.00947556223783341,0.995273424462533,1.21325893318923,0.681157245343945,0.634839548570276,0.0724558982786109,0.00474380852525706,0.945088870461244,9.48761705051411e-07,0.00946278735839655,0.995279781731839,1.21326179700376,0.681156789504417,0.634839588234611,"x2;x3",FALSE,TRUE,TRUE,"x2;x3",FALSE,TRUE,TRUE,0,TRUE,0.00524985741393143,0.00523938868154271,4.69974300249992e-06,1.42328681559073e-08,1.24842826858621e-08,0.00523962506625489,0.99955225483812,-0.0135905724851173,0.0482735374725045,0.999104710151971,0.680587216108407,0.989313241371089,0.00379247163094928
"rossler",1,2,Inf,5000,4,13,0.00010814428810864,809.176007154959,5.45815797400852e-178,0.161835201430992,2399.41690453392,0,31487.1358658496,0.988971500650567,0.0219458797706339,0.000108130839832665,809.825262502922,3.94355915360319e-178,0.161965052500584,2396.08847754732,0,30626.0737003312,0.988985422688872,0.0219809744738583,"x2;x3",TRUE,FALSE,TRUE,"x2;x3",TRUE,FALSE,FALSE,0,TRUE,1.16951870505245e-08,1.24842826858621e-08,1.217084799592e-12,5.16274605187196e-10,1.24842826858621e-08,0,0.978968603068583,0.978968603068583,-0.84176813922659,0.958379525794053,0.989313241371089,0.989313241371089,0
"rossler",1,3,20,5000,4,13,9.90032588012527,10.3151805034624,0.00131940390609156,0.00206303610069248,15.7207414376233,0.000385730847181527,1.53949824101556,0.680020046957857,0.635364806840933,9.90031836648458,10.3209341383764,0.0013152969893123,0.00206418682767527,15.721641857948,0.000385557226320068,1.53954448979184,0.680020138743977,0.63536448482736,"x2;x3",FALSE,TRUE,TRUE,"x2;x3",FALSE,TRUE,TRUE,0,TRUE,98.0164525326781,98.1728798463099,0.0887800962036764,0.00354869780032335,7.91748304779041e-08,98.1730788539349,0.999517458203905,-0.0349676157528083,-0.0100971968934176,0.999035149254395,0.68030791343328,0.734081030708456,0.52621169281364
"rossler",1,3,30,5000,4,13,3.11955123507034,0.381811322737182,0.536635437776731,7.63622645474364e-05,7.57283826731997,0.022676658721519,1.46781491789893,0.684291072541271,0.628764365856071,3.11955190719247,0.381690534422717,0.536699876774423,7.63381068845434e-05,7.57189593895327,0.0226873456683622,1.46706441438671,0.684291145047768,0.628764265325439,"x2;x3",FALSE,TRUE,TRUE,"x2;x3",FALSE,TRUE,TRUE,0,TRUE,9.73159990822885,9.7287965674443,0.00950223422045041,3.49523365553404e-05,7.91748304779041e-08,9.72880641160846,0.999513407951889,-0.00570654330496531,0.0201991705920972,0.999027052675599,0.684144798107025,0.734081030708456,0.166402748070396
"rossler",1,3,40,5000,4,13,1.06798892999802,17.3163984341557,3.1644426666563e-05,0.00346327968683113,31.9131553199371,1.17529360266332e-07,1.58371644749641,0.692655594090838,0.603617829800943,1.06798913583073,17.3205428035195,3.15754891352656e-05,0.00346410856070391,31.9196453662398,1.17148592904886e-07,1.5837138518132,0.692657219186002,0.603616790455633,"x2;x3",FALSE,TRUE,TRUE,"x2;x3",FALSE,TRUE,TRUE,0,TRUE,1.14060035459832,1.13804279345191,0.000870056007430874,0.000151183619068706,7.91748304779041e-08,1.13795139181956,0.999558319032653,0.151034657400542,0.0567289259641738,0.999116833147384,0.692488129719448,0.734081030708456,0.052621169281364
"rossler",1,3,50,5000,4,13,0.319115424381416,7.61225828416676,0.00579728351103457,0.00152245165683335,8.91197907795427,0.0116088268025474,1.54850983178448,0.686786717342082,0.625053503407636,0.31911528361969,7.61227083480703,0.00579724316166398,0.00152245416696141,8.91460927866928,0.0115935700645388,1.5484714711532,0.686786197295651,0.625054271585871,"x2;x3",FALSE,TRUE,TRUE,"x2;x3",FALSE,TRUE,TRUE,0,TRUE,0.101834654078131,0.101775641027429,9.02387369516015e-05,3.00539755494521e-06,7.91748304779041e-08,0.101771897533558,0.999542838115796,0.0213816232603029,0.0252524021797666,0.999085885228581,0.686735816580646,0.734081030708456,0.0166402748070396
"rossler",1,3,55,5000,4,13,0.183689323466421,0.0440317251809041,0.833794599077588,8.80634503618081e-06,1.16471146809339,0.558580947274582,1.43206835498839,0.69373850546059,0.612083741679596,0.18368935065821,0.0439339143444576,0.83397661309079,8.78678286889151e-06,1.16518836619866,0.558447770055509,1.43207797807153,0.69373822732535,0.612084007243489,"x2;x3",FALSE,TRUE,TRUE,"x2;x3",FALSE,TRUE,TRUE,0,TRUE,0.0337417675555515,0.0336893892333705,3.09146012970859e-05,8.44833871801186e-07,7.91748304779041e-08,0.0336911686436449,0.999532260425572,-0.0162605016434075,0.041127331088692,0.999064739631453,0.693490171788178,0.734081030708456,0.00935751418652223
"rossler",1,3,58,5000,4,13,0.128311482336181,7.50259470898635,0.00616101662969774,0.00150051894179727,32.653235165829,8.11783230513052e-08,1.44243847174818,0.696529501036515,0.605904833022969,0.12831147667499,7.50108485597033,0.00616618385082365,0.00150021697119407,32.6576304130337,8.10001195364142e-08,1.44245856696688,0.696529843718914,0.605904738108873,"x2;x3",FALSE,TRUE,TRUE,"x2;x3",FALSE,TRUE,TRUE,0,TRUE,0.016463836499308,0.0164485744090261,1.41990541621715e-05,1.34857773920919e-07,7.91748304779041e-08,0.0164495686494665,0.999568074749643,-0.0123611116083823,0.0304731743329105,0.999136336058708,0.696454148697797,0.734081030708456,0.00662461272066318
"rossler",1,3,61,5000,4,13,0.0877960953929257,5.93695736276053,0.0148265926761165,0.00118739147255211,14.0523787268614,0.000888310367194765,1.31747295148639,0.673511595245532,0.647699105915534,0.0877961031936351,5.93790191473801,0.0148186486579123,0.0011875803829476,14.0537288006473,0.000887710927269302,1.31746167239801,0.673512676656465,0.647698409679179,"x2;x3",FALSE,TRUE,TRUE,"x2;x3",FALSE,TRUE,TRUE,0,TRUE,0.00770815436624371,0.00770582474343753,7.27193380336502e-06,3.24304151069433e-07,7.91748304779041e-08,0.00771000317864801,0.999504525193033,-0.0822260690938554,0.0210399362576304,0.999009295881351,0.673536330388005,0.734081030708456,0.00468986664877103
"rossler",1,3,Inf,5000,4,13,0.000279976637572111,27.1438182035797,1.88868159350923e-07,0.00542876364071594,67.1506488624477,2.62072753328794e-15,3277911.65625179,0.690635563996886,0.524519749339437,0.00027997688950357,27.1440006214557,1.88850339001135e-07,0.00542880012429113,67.1516156473782,2.61946099948596e-15,3321102.43036029,0.690636014004008,0.524520074963979,"x2;x3",FALSE,TRUE,TRUE,"x2;x3",FALSE,TRUE,TRUE,0,TRUE,7.83869175861851e-08,7.91748304779041e-08,2.33463483007835e-10,2.07909241818465e-09,7.91748304779041e-08,0,0.985335753838932,0.985335753838932,0.189864940681119,0.970886547793336,0.734081030708456,0.734081030708456,0
"rossler",1,4,20,5000,4,13,9.78815702779023,2.06921386479675,0.150298977070074,0.00041384277295935,8.23450539482391,0.0162892043988261,1.35997124642145,0.690172902077378,0.615168862491818,9.78815883620157,2.07035442928767,0.150186615064322,0.000414070885857535,8.23369259402744,0.0162958256833359,1.35997003618851,0.690172869756422,0.615169131323548,"x2;x3",FALSE,TRUE,TRUE,"x2;x3",FALSE,TRUE,TRUE,0,TRUE,95.8080180006792,95.5861450828409,0.0895264457811932,0.0175717037148616,3.0257210885684e-08,95.5862551462329,0.999430226167626,-0.0290481980250906,0.0570283343419539,0.998860776977472,0.689711705923822,0.944407384035237,0.50092467780919
"rossler",1,4,30,5000,4,13,3.04724437415834,5.55521029990626,0.0184257592270266,0.00111104205998125,5.97811254061267,0.0503349168715351,1.56499668085408,0.684517814263623,0.62919049070095,3.04724402680278,5.55509474200142,0.0184269756250013,0.00111101894840028,5.97805163274088,0.0503364497912083,1.56500659492291,0.684517737548396,0.629190537674195,"x2;x3",FALSE,TRUE,TRUE,"x2;x3",FALSE,TRUE,TRUE,0,TRUE,9.28569827583964,9.29149953555051,0.0093048758151446,0.000281357514692938,3.0257210885684e-08,9.29151100782571,0.999478123162685,-0.0102618877448633,0.00653943713330681,0.998956518680803,0.684819458306801,0.944407384035237,0.158406291806305
"rossler",1,4,40,5000,4,13,0.941835945538248,0.137055365868184,0.711226104904482,2.74110731736368e-05,0.139240777064547,0.932747834482167,1.51525993918305,0.672622923611457,0.653871174631396,0.941835951552707,0.137023113034164,0.711258561113059,2.74046226068328e-05,0.139219162199442,0.93275791514595,1.51526582151862,0.672622950581745,0.653871065923412,"x2;x3",FALSE,TRUE,TRUE,"x2;x3",FALSE,TRUE,TRUE,0,TRUE,0.887054948307926,0.886936945537682,0.000944667697365001,1.0935754152256e-05,3.0257210885684e-08,0.886938924826013,0.999462721425461,-0.00436083557037102,0.0185688438410216,0.998925731519188,0.6726924896515,0.944407384035237,0.050092467780919
"rossler",1,4,50,5000,4,13,0.310316478759028,0.134873136449074,0.713431963541899,2.69746272898147e-05,0.433683011403195,0.805057556226382,1.3685481928324,0.685578012922547,0.623742723180231,0.310316310907574,0.134694967708959,0.713612953450799,2.69389935417917e-05,0.433191753521942,0.805255325949051,1.36846515482591,0.685578357964618,0.623742130195624,"x2;x3",FALSE,TRUE,TRUE,"x2;x3",FALSE,TRUE,TRUE,0,TRUE,0.0962963169894023,0.0963436152444259,9.11641519160757e-05,1.39884450502114e-06,3.0257210885684e-08,0.096343930744152,0.99952230236435,-0.00477708563327482,0.00754758250104808,0.999044832923732,0.685757834976218,0.944407384035237,0.0158406291806305
"rossler",1,4,55,5000,4,13,0.171061357385535,0.164451625844184,0.685090648836624,3.28903251688368e-05,0.262349784655065,0.877064369147819,1.75868181374073,0.688047411814169,0.622919804696508,0.171061456582878,0.164349264193863,0.685183416528978,3.28698528387725e-05,0.261782855672699,0.877313020993273,1.75870104350129,0.688047428751616,0.622919404320084,"x2;x3",FALSE,TRUE,TRUE,"x2;x3",FALSE,TRUE,TRUE,0,TRUE,0.0292619879905817,0.0292110369985759,2.79508512278073e-05,1.53941521318081e-07,3.0257210885684e-08,0.0292112717113431,0.999521498800655,-0.00226588180100509,0.0436484940919211,0.999043226564709,0.687416732835185,0.944407384035237,0.00890784040528464
"rossler",1,4,58,5000,4,13,0.119579145305974,2.61224934401794,0.106041256440578,0.000522449868803588,5.24197788859992,0.072730900440483,1.91576026778249,0.673867036156034,0.637503840924611,0.11957915840157,2.61118843743828,0.106112213637926,0.000522237687487656,5.23896349930702,0.0728406027148317,1.91579540502551,0.673865501509485,0.637504585390323,"x2;x3",FALSE,TRUE,TRUE,"x2;x3",FALSE,TRUE,TRUE,0,TRUE,0.0142991719921072,0.0142727103847653,1.46900068509113e-05,4.70651366858455e-06,3.0257210885684e-08,0.0142695343751949,0.999329377310327,0.0720158099819046,0.0499606716874584,0.998659204355445,0.673362403610917,0.944407384035237,0.00630626806288795
"rossler",1,4,61,5000,4,13,0.0880284901454045,0.106021437001528,0.744719950853526,2.12042874003056e-05,0.4386477176511,0.803061597448913,1.55397919791902,0.681826831047548,0.625830514983857,0.0880284767765776,0.106070787558726,0.744662614887653,2.12141575117453e-05,0.438773921434984,0.803010924341569,1.55398204618658,0.681826752356384,0.625830546795274,"x2;x3",FALSE,TRUE,TRUE,"x2;x3",FALSE,TRUE,TRUE,0,TRUE,0.00774901507727958,0.00773130158917909,6.9769073922272e-06,2.48596960186781e-08,3.0257210885684e-08,0.00773076635667898,0.999549411838903,0.0181689859021005,0.053091381595772,0.999099026707498,0.681035535470057,0.944407384035237,0.00446449589031785
"rossler",1,4,Inf,5000,4,13,0.000169113254109551,337.298665241307,2.47274912202902e-75,0.0674597330482614,703.475784081561,1.74652340682657e-153,85715.5254986194,0.925988253234855,0.142718100672335,0.000169094198474436,335.138884086249,7.3039417336293e-75,0.0670277768172497,696.373099077438,6.08839558562166e-152,60560.3710941652,0.926013780019808,0.142891808121039,"x2;x3",TRUE,FALSE,TRUE,"x2;x3",TRUE,FALSE,FALSE,0,TRUE,2.85992927155216e-08,3.0257210885684e-08,9.14657061906023e-11,1.43774266213414e-09,3.0257210885684e-08,0,0.974349984608326,0.974349984608326,0.00965145697943437,0.949357892506245,0.944407384035237,0.944407384035237,0
"rossler",1,5,20,5000,4,13,9.95272118720434,6.3818173475617,0.0115295315211624,0.00127636346951234,9.41616665407096,0.00902205334688693,1.42093259706184,0.682307649733688,0.628977974785761,9.95271937496852,6.37805772223329,0.0115539804971963,0.00127561154444666,9.41988430129421,0.00900529851806044,1.42087484083914,0.682306938818221,0.628978813749181,"x2;x3",FALSE,TRUE,TRUE,"x2;x3",FALSE,TRUE,TRUE,0,TRUE,99.0566590302262,98.7898861053559,0.100626967132591,0.0032857566319794,2.1529312432446e-08,98.7898864030986,0.999484218589047,-1.08299725596137e-05,0.0583156628623572,0.998968703208557,0.682111350330621,0.992153729261009,0.512737643025119
"rossler",1,5,30,5000,4,13,3.02768567208932,0.466863615493052,0.494433601624796,9.33727230986105e-05,0.498467433964427,0.779397793596011,1.36651346580567,0.677166353764841,0.644217359630973,3.02768543955279,0.466747557341649,0.494487261807645,9.33495114683298e-05,0.498061866907107,0.77955585865678,1.36645571881952,0.677166337908145,0.644217539486548,"x2;x3",FALSE,TRUE,TRUE,"x2;x3",FALSE,TRUE,TRUE,0,TRUE,9.16688052897496,9.19169692058825,0.00960346413520434,9.09472830070073e-05,2.1529312432446e-08,9.19170886939523,0.999480032603865,-0.013125513988248,-0.0256777863427935,0.998960335573824,0.677628144529645,0.992153729261009,0.162141879406572
"rossler",1,5,40,5000,4,13,1.01065285011741,0.133515962393928,0.714814064349806,2.67031924787856e-05,0.143686891686189,0.930676585694955,1.48535483832054,0.68397485123234,0.61963883607519,1.01065295920709,0.133496191739781,0.714834256850729,2.66992383479562e-05,0.143662335532601,0.930688012683695,1.48535933140617,0.68397482853562,0.619638833244396,"x2;x3",FALSE,TRUE,TRUE,"x2;x3",FALSE,TRUE,TRUE,0,TRUE,1.02141918345045,1.02124494499945,0.00093189609715997,1.26082007551033e-05,2.1529312432446e-08,1.02124253213917,0.999538726811218,0.00754350557901347,0.0182518036314221,0.99907766639539,0.68414426586719,0.992153729261009,0.0512737643025119
"rossler",1,5,50,5000,4,13,0.308109929836461,6.30275282736246e-05,0.993665670696066,1.26055056547249e-08,4.59052400477832,0.100734997000626,1.85442251727198,0.674187339810089,0.640482128563692,0.308109849585419,5.95363109334453e-05,0.993843601658202,1.19072621866891e-08,4.59145274257501,0.100688229660534,1.85451273855043,0.674186430241266,0.640482250739567,"x2;x3",FALSE,TRUE,TRUE,"x2;x3",FALSE,TRUE,TRUE,0,TRUE,0.094931728863829,0.0950600212712354,9.72126572310768e-05,2.99065263834734e-06,2.1529312432446e-08,0.0950590487423543,0.999465608882306,0.0129049645432214,-0.00455526077562913,0.998931503338478,0.67457258876146,0.992153729261009,0.0162141879406572
"rossler",1,5,55,5000,4,13,0.173599944348182,12.7670603189942,0.000352776809975589,0.00255341206379883,12.9774223481567,0.0015205074151446,1.3992478981425,0.681978108603393,0.634813520812445,0.173599977923626,12.7680958874934,0.000352581560317349,0.00255361917749867,12.9785053016896,0.00151968431857001,1.39923418317627,0.681978176715367,0.634813473490495,"x2;x3",FALSE,TRUE,TRUE,"x2;x3",FALSE,TRUE,TRUE,0,TRUE,0.0301369406776918,0.0300935493564508,3.0811902207635e-05,1.531096935012e-06,2.1529312432446e-08,0.0300928992860646,0.999471838227388,0.0113938826818753,0.0392664696832219,0.998943955409634,0.681892454734257,0.992153729261009,0.00911790793343457
"rossler",1,5,58,5000,4,13,0.123842207781823,0.111875019360527,0.738019468076172,2.23750038721053e-05,2.41007038911224,0.299681452171957,1.56272680753662,0.686359802738062,0.624704404129952,0.123842215697361,0.111904087901177,0.737986685580133,2.23808175802354e-05,2.4107457802179,0.299580268163949,1.56273406575793,0.686359978869236,0.624704473962017,"x2;x3",FALSE,TRUE,TRUE,"x2;x3",FALSE,TRUE,TRUE,0,TRUE,0.0153368924282761,0.0152767272800106,1.52218613445722e-05,2.72356093627138e-07,2.1529312432446e-08,0.0152762435343897,0.999492100194988,0.0120774717211946,0.078394957107403,0.998984458352189,0.685950837108606,0.992153729261009,0.00645498448387769
"rossler",1,5,61,5000,4,13,0.0923130065065377,0.552580401952999,0.457265255984724,0.0001105160803906,1.83066419984432,0.400383636634586,2.30806346362178,0.690803897928897,0.59811016202656,0.0923129796229361,0.551950975237419,0.45752162070683,0.000110390195047484,1.83138687979222,0.400238988156968,2.30819458254235,0.69080261934467,0.598110352140224,"x2;x3",FALSE,TRUE,TRUE,"x2;x3",FALSE,TRUE,TRUE,0,TRUE,0.00852169117027608,0.00851277829807602,7.45229291542267e-06,8.11774398196013e-07,2.1529312432446e-08,0.0085123986229963,0.999508391338524,0.0165422421443839,0.0340001062895573,0.999017024356124,0.69071551584597,0.992153729261009,0.00456977905362623
"rossler",1,5,Inf,5000,4,13,0.000141780634520398,1054.18761915669,2.99320982602698e-231,0.210837523831338,2720.61633018787,0,161742.725289508,0.992053978854635,0.0158141961893859,0.000141734150848962,1056.00927563372,1.20280515528168e-231,0.211201855126745,2713.25383844446,0,107983.473851915,0.992076045127422,0.015839171267424,"x2;x3",TRUE,FALSE,TRUE,"x2;x3",TRUE,FALSE,FALSE,0,TRUE,2.01017483250066e-08,2.1529312432446e-08,2.1017634701939e-12,8.88929677501388e-10,2.1529312432446e-08,0,0.979006776258782,0.979006776258782,-0.851646216429205,0.958454267960612,0.992153729261009,0.992153729261009,0
"rossler",1,6,20,5000,4,13,10.2240910062917,0.409407006880462,0.522270638759642,8.18814013760924e-05,10.5309087045155,0.00516704483642025,1.73571002804792,0.677072628816684,0.623657532006132,10.2240906452028,0.409539491630624,0.522203333778777,8.19078983261248e-05,10.530748880809,0.00516745776104741,1.73570915343933,0.677072801534119,0.623657365190122,"x2;x3",FALSE,TRUE,TRUE,"x2;x3",FALSE,TRUE,TRUE,0,TRUE,104.532036904936,104.532476480018,0.0872114912188571,0.0118108005464307,1.32309417608152e-08,104.532563756279,0.999530239323816,-0.0397276911988594,0.0160194930338237,0.999060699322725,0.677119413288781,0.981705758352192,0.513534398990711
"rossler",1,6,30,5000,4,13,3.06464715119583,0.563034045908823,0.453040355957132,0.000112606809181765,9.2348007056019,0.00987844317715315,1.28844749700181,0.683192958884241,0.632062546183182,3.064647565334,0.562569142290767,0.453226944310794,0.000112513828458153,9.23731160957906,0.00986604904776748,1.28848315959189,0.683193058162364,0.632062448186205,"x2;x3",FALSE,TRUE,TRUE,"x2;x3",FALSE,TRUE,TRUE,0,TRUE,9.39206216133274,9.3737109213598,0.00881329898062612,0.000227974244653222,1.32309417608152e-08,9.37370964228742,0.999526563814968,0.00115904871699531,0.0474389100149449,0.999053351771757,0.682785202549723,0.981705758352192,0.162393835765632
"rossler",1,6,40,5000,4,13,0.994665427360464,0.000276854356795349,0.986724658446169,5.53708713590697e-08,1.57682798658225,0.454565167278869,1.43867205381349,0.67672412421559,0.638798375055495,0.99466541866555,0.000276964785136099,0.986722011400092,5.53929570272199e-08,1.57715571560423,0.454490686282582,1.43867713751456,0.676724485209671,0.638798420070764,"x2;x3",FALSE,TRUE,TRUE,"x2;x3",FALSE,TRUE,TRUE,0,TRUE,0.989359312386175,0.988620930608137,0.000890751240389678,1.81347392613247e-05,1.32309417608152e-08,0.988620827770008,0.999541782872654,0.00116253250660238,0.0277368683367828,0.999083775708243,0.676340466530356,0.981705758352192,0.0513534398990711
"rossler",1,6,50,5000,4,13,0.316634474106198,0.360200890093057,0.548394687460076,7.20401780186114e-05,2.66036924102047,0.264428437879939,1.34722536565254,0.699856660771242,0.599160061639733,0.316634648407802,0.36070051951425,0.548117442099083,7.214010390285e-05,2.66703383489835,0.26354875030994,1.34727880933076,0.699857768510579,0.599159579915625,"x2;x3",FALSE,TRUE,TRUE,"x2;x3",FALSE,TRUE,TRUE,0,TRUE,0.100257390192509,0.10016055365268,8.54675166780472e-05,3.34573596369748e-07,1.32309417608152e-08,0.100159490866569,0.999570494613069,0.0151987471636798,0.0312212533443757,0.999141173701016,0.699761879193028,0.981705758352192,0.0162393835765632
"rossler",1,6,55,5000,4,13,0.177621036902988,2.2239328824176,0.135886515486485,0.000444786576483519,6.70851290997939,0.0349353364951224,1.47965501964905,0.685491011460302,0.619159943917011,0.177621071866156,2.22379050342969,0.135899043916451,0.000444758100685939,6.70798706081724,0.0349445230614691,1.47966768307388,0.685490482191802,0.619160326740831,"x2;x3",FALSE,TRUE,TRUE,"x2;x3",FALSE,TRUE,TRUE,0,TRUE,0.0315492327504925,0.0314867090978768,2.69310490086406e-05,2.21034537245629e-06,1.32309417608152e-08,0.0314862254158682,0.999548579157628,0.0132648509410264,0.0494358202028943,0.999097362096032,0.685059871576274,0.981705758352192,0.00913207648071894
"rossler",1,6,58,5000,4,13,0.126280044612216,0.0587301727505554,0.808514328502371,1.17460345501111e-05,0.830843108125525,0.660061970242421,1.37138159329213,0.691915861517575,0.607617376384012,0.126280044589138,0.0587300219218114,0.808514569609883,1.17460043843623e-05,0.830861614044637,0.660055862743962,1.37137768365574,0.691915809374086,0.607617337179432,"x2;x3",FALSE,TRUE,TRUE,"x2;x3",FALSE,TRUE,TRUE,0,TRUE,0.0159466496672632,0.0159215217391031,1.4278970677071e-05,5.38577739328429e-07,1.32309417608152e-08,0.0159211956074297,0.999540852352014,0.0124383458784308,0.0417192537734195,0.99908191552059,0.691621055816209,0.981705758352192,0.00646501504719851
"rossler",1,6,61,5000,4,13,0.0859041568525044,1.22722293119501,0.267947792387772,0.000245444586239002,1.22722854421935,0.541390595797067,1.19392016086508,0.672338353276792,0.652592736816848,0.0859040966646113,1.22816086825459,0.267765003758454,0.000245632173650918,1.22817736647249,0.541133814989253,1.19390256446843,0.672337669701088,0.652593083020721,"x2;x3",FALSE,TRUE,TRUE,"x2;x3",FALSE,TRUE,TRUE,0,TRUE,0.00737952416453968,0.00737135684913214,6.73587259166071e-06,1.23704667405441e-07,1.32309417608152e-08,0.00737161351776966,0.99954375471184,-0.0123420761552241,0.03339851680721,0.999087717583444,0.672168162016424,0.981705758352192,0.00457688014864421
"rossler",1,6,Inf,5000,4,13,0.000111275153680888,595.038031009385,2.00943603349146e-131,0.119007606201877,2100.89965227258,0,400704.806403267,0.986324443765962,0.0271268399341975,0.000111254591482598,596.166750246539,1.14173620954533e-131,0.119233350049308,2094.24555953925,0,271877.115856348,0.986326058264664,0.0271883524092057,"x2;x3",TRUE,FALSE,TRUE,"x2;x3",TRUE,FALSE,FALSE,0,TRUE,1.23821598267053e-08,1.32309417608152e-08,2.85964110186958e-11,4.9867681792691e-10,1.32309417608152e-08,0,0.979890123068287,0.979890123068287,-0.206197619039228,0.960184653286782,0.981705758352192,0.981705758352192,0
"rossler",1,7,20,5000,4,13,9.2956052286119,0.0101817615086716,0.919626100188092,2.03635230173432e-06,10.3127024337021,0.00576268817064255,1.37843603114818,0.685694094191574,0.624876223560239,9.2956022558593,0.00958850142484921,0.921995108935524,1.91770028496984e-06,10.267851026098,0.0058933804648171,1.37997518971023,0.685693758609032,0.624876884500596,"x2;x3",FALSE,TRUE,TRUE,"x2;x3",FALSE,TRUE,TRUE,0,TRUE,86.4082765661969,86.2826696828269,0.0711873124138563,0.0160307049119167,3.10414870185711e-09,86.2826516636931,0.999505187167521,0.0150711563529009,0.0432027518197724,0.999010619174781,0.685415207376349,0.991244480393126,0.488465288978953
"rossler",1,7,30,5000,4,13,3.06370298356848,0.0613845165869816,0.804320887821887,1.22769033173963e-05,0.21263444767781,0.899139374386455,1.19023490226736,0.701417636599707,0.595008270100363,3.06370248005012,0.0612907419029112,0.804467379488033,1.22581483805822e-05,0.212686883577501,0.899115801104457,1.19023940912612,0.701417976261548,0.595007978435901,"x2;x3",FALSE,TRUE,TRUE,"x2;x3",FALSE,TRUE,TRUE,0,TRUE,9.38627597152638,9.37702471653606,0.00718728953359952,5.83486212310887e-05,3.10414870185711e-09,9.37702143671004,0.99961732240944,0.00851116342668897,0.0316702261861758,0.999234791261019,0.70138813824286,0.991244480393126,0.154466287110583
"rossler",1,7,40,5000,4,13,0.904385025572888,0.169094774620359,0.680917566231151,3.38189549240719e-05,20.8170904141621,3.01735390795381e-05,1.54665681162495,0.676210279147487,0.647466083168783,0.904384992483863,0.169046608762051,0.680960510179507,3.38093217524102e-05,20.8151600067818,3.0202676750433e-05,1.54667615773628,0.676210242660792,0.647466255585378,"x2;x3",FALSE,TRUE,TRUE,"x2;x3",FALSE,TRUE,TRUE,0,TRUE,0.817912274480474,0.817416844898729,0.000765988671155831,1.97395787997892e-05,3.10414870185711e-09,0.817416424427047,0.999527439991505,0.00457543050584859,0.0254092849166736,0.999055103295971,0.675999396689475,0.991244480393126,0.0488465288978953
"rossler",1,7,50,5000,4,13,0.300661300261506,3.02563908608659,0.0819580253515579,0.000605127817217319,5.83608672623985,0.05403931924999,1.34346770856402,0.691947827045741,0.61194697811798,0.300661358483576,3.02517790763959,0.0819813292163167,0.000605035581527919,5.83515523768806,0.0540644936155574,1.34347565948063,0.691948389545573,0.611946777924693,"x2;x3",FALSE,TRUE,TRUE,"x2;x3",FALSE,TRUE,TRUE,0,TRUE,0.0903972174749393,0.0903811632907512,6.96164648836165e-05,1.62333539823885e-05,3.10414870185711e-09,0.0903809921791345,0.999528244899498,0.00361167015850507,0.0207168201595832,0.999056712351872,0.692040850879194,0.991244480393126,0.0154466287110583
"rossler",1,7,55,5000,4,13,0.162549382218245,0.378827591275203,0.538231358426074,7.57655182550406e-05,2.70688473540212,0.258349394569855,1.36855645292668,0.677230972742893,0.644371127078899,0.162549373771459,0.378650974766066,0.538326097470413,7.57301949532132e-05,2.70537257637196,0.258544801116957,1.36857578361869,0.677231396526608,0.644371020563863,"x2;x3",FALSE,TRUE,TRUE,"x2;x3",FALSE,TRUE,TRUE,0,TRUE,0.026422301659533,0.0264348564115267,2.18303321815793e-05,8.31818636625199e-07,3.10414870185711e-09,0.0264349233485497,0.999572570586198,-0.00483555457212331,0.00672562780057177,0.9991453238683,0.677664342567389,0.991244480393126,0.00868627765909984
"rossler",1,7,58,5000,4,13,0.120562092834374,4.23937234771885,0.0394967661292291,0.00084787446954377,6.22236877013467,0.0445481619048304,1.54847047002856,0.682928710258832,0.624105396435253,0.120562062113017,4.24182509315065,0.0394397477740689,0.000848365018630129,6.22416024897975,0.0445082762262647,1.5484802383507,0.682930872960732,0.624105076770594,"x2;x3",FALSE,TRUE,TRUE,"x2;x3",FALSE,TRUE,TRUE,0,TRUE,0.0145352182286043,0.0145367006818462,1.10910074644226e-05,6.54633369969969e-07,3.10414870185711e-09,0.0145368013678485,0.999596471632143,-0.00681242723223127,0.0131806334228411,0.99919310609943,0.682721765688412,0.991244480393126,0.00614941365074985
"rossler",1,7,61,5000,4,13,0.0856066452594993,7.74171189333995,0.00539596224990006,0.00154834237866799,34.8102233190925,2.760934154961e-08,1.65618714994045,0.678480683021368,0.636420122617253,0.0856066605902117,7.74164034896218,0.0053961760384628,0.00154832806979244,34.8081794121057,2.76375714350144e-08,1.6562030871368,0.678480891433927,0.63641994698902,"x2;x3",FALSE,TRUE,TRUE,"x2;x3",FALSE,TRUE,TRUE,0,TRUE,0.00732849771258575,0.00731998047469583,5.72327170912604e-06,4.4303135108923e-08,3.10414870185711e-09,0.00732006241595961,0.999607290192192,-0.00895397384037024,0.0348847319648931,0.999214734605378,0.67822540095379,0.991244480393126,0.00435345147048263
"rossler",1,7,Inf,5000,4,13,5.48436050648643e-05,416.242997391715,1.60402439195606e-92,0.083248599478343,1675.10581453163,0,167046.258730268,0.992937584471751,0.0140627956262526,5.48290894579008e-05,418.887916165996,4.26093803295878e-93,0.0837775832331991,1675.14249305338,0,133422.433496055,0.992956186614687,0.0140751789680356,"x2;x3",TRUE,FALSE,TRUE,"x2;x3",TRUE,FALSE,FALSE,0,TRUE,3.00782101651081e-09,3.10414870185711e-09,2.97828519875377e-12,3.64319342635081e-11,3.10414870185711e-09,0,0.993537602700404,0.993537602700404,-0.220432654614193,0.987116967979666,0.991244480393126,0.991244480393126,0
"rossler",1,8,20,5000,4,13,10.5623929127628,1.55744813568156,0.212039253766047,0.000311489627136312,4.43124480717405,0.109085597847558,1.47995452617578,0.676883915168629,0.644383285448581,10.562392610352,1.55697087957866,0.212109293467882,0.000311394175915732,4.43110816708391,0.10909305083511,1.47995431668037,0.676883643306857,0.644383729267391,"x2;x3",FALSE,TRUE,TRUE,"x2;x3",FALSE,TRUE,TRUE,0,TRUE,111.564144043582,111.353151307623,0.0852905934045161,0.00138190343298137,4.32970060216552e-09,111.353203541065,0.999616865490233,-0.0376610173581746,0.0480622024832956,0.999233877772518,0.676582426894515,0.885646787286558,0.559167807121622
"rossler",1,8,30,5000,4,13,3.40593080506934,2.9765777848755,0.0844777184174832,0.000595315556975099,18.7036401568958,8.68072791665912e-05,1.34192715525173,0.68783143606543,0.624158512556059,3.40592547662693,2.96683911253795,0.0849877643556874,0.00059336782250759,18.6965473797935,8.71156780354657e-05,1.34200920351306,0.68783067760921,0.624158764171199,"x2;x3",FALSE,TRUE,TRUE,"x2;x3",FALSE,TRUE,TRUE,0,TRUE,11.6003646489203,11.5800967741312,0.00903225520633838,0.00219432632951379,4.32970060216552e-09,11.5800880850971,0.999510171471028,0.0175211395898273,0.0501006563636594,0.999020582874044,0.687646861547824,0.885646787286558,0.176824386474605
"rossler",1,8,40,5000,4,13,1.059729518987,1.24990769553094,0.263570107667164,0.000249981539106188,1.57655776344418,0.454626588441109,1.65107677692191,0.680619395944177,0.633984788724559,1.05972945189161,1.2496891754693,0.263611851383521,0.00024993783509386,1.57620673094803,0.454706389797199,1.65108026229102,0.680619240844255,0.633984807398521,"x2;x3",FALSE,TRUE,TRUE,"x2;x3",FALSE,TRUE,TRUE,0,TRUE,1.12302665341241,1.12346349263591,0.00087433823105631,0.000144294403538779,4.32970060216552e-09,1.12346408113988,0.999540904555309,-0.00123925462372632,0.0100155668771894,0.999082019879245,0.680783286558966,0.885646787286558,0.0559167807121622
"rossler",1,8,50,5000,4,13,0.341277294586604,0.318420776193047,0.572558249745276,6.36841552386093e-05,1.29358934087679,0.523721790174483,1.55211875676655,0.679960896416038,0.634844030021357,0.341277321118259,0.317840710252665,0.572908197696016,6.35681420505331e-05,1.29137060618532,0.52430311241709,1.55212118530097,0.679960087526315,0.634844515253534,"x2;x3",FALSE,TRUE,TRUE,"x2;x3",FALSE,TRUE,TRUE,0,TRUE,0.116470191800352,0.116286501460617,9.01037063665363e-05,1.16099198560061e-05,4.32970060216552e-09,0.116289259629742,0.999559330586887,-0.0634008493943998,0.0448836494644914,0.999118855363306,0.679868091095614,0.885646787286558,0.0176824386474605
"rossler",1,8,55,5000,4,13,0.19968246365484,5.46009445121204,0.0194555950906715,0.00109201889024241,9.47209471936049,0.00877325526428705,3.18773754860164,0.675856672932576,0.618465453735815,0.199682492126575,5.45896160988143,0.0194682127896152,0.00109179232197629,9.47025157049532,0.00878134419873424,3.18774107206546,0.675856424875727,0.618465887464046,"x2;x3",FALSE,TRUE,TRUE,"x2;x3",FALSE,TRUE,TRUE,0,TRUE,0.0398730862912665,0.0399290697343767,2.95766995343064e-05,1.1660729798195e-05,4.32970060216552e-09,0.0399312992684448,0.999477813116521,-0.0874661853778754,-0.00304119762799764,0.998955898912183,0.676258168288508,0.885646787286558,0.00994356598160996
"rossler",1,8,58,5000,4,13,0.139669135981281,4.66438881741469,0.03079438174958,0.000932877763482938,17.0148027245037,0.000201967985196134,1.67192702146669,0.682402576393595,0.628827174290111,0.139669189690403,4.66395131046377,0.0308022286144759,0.000932790262092755,17.0095805859582,0.000202496026672794,1.67194450856981,0.682402170767838,0.628827337115911,"x2;x3",FALSE,TRUE,TRUE,"x2;x3",FALSE,TRUE,TRUE,0,TRUE,0.0195074675457575,0.0195037987815925,1.44710356521873e-05,3.18292544844267e-06,4.32970060216552e-09,0.0195032770623723,0.999557099092547,0.0311232298846725,0.020085139402855,0.999114394346307,0.682242832034372,0.885646787286558,0.00703950561842629
"rossler",1,8,61,5000,4,13,0.0970425746520242,10.7666475319085,0.00103345529962286,0.00215332950638171,11.5823961460218,0.0030543206843153,1.53115344205369,0.690086251101556,0.613497176990613,0.0970426395902253,10.7688068330288,0.00103225032186449,0.00215376136660576,11.5848215669044,0.00305061892276654,1.53123196983162,0.690085826014416,0.613497415276294,"x2;x3",FALSE,TRUE,TRUE,"x2;x3",FALSE,TRUE,TRUE,0,TRUE,0.0094172612950937,0.00941479095941743,6.70801928164766e-06,4.37347405155083e-07,4.32970060216552e-09,0.00941423951129878,0.999620980761511,0.0433292060522353,0.0196480870951172,0.999242105178604,0.689889723941616,0.885646787286558,0.00498358832671335
"rossler",1,8,Inf,5000,4,13,6.31758037253656e-05,82.5609498072589,1.02461446189765e-19,0.0165121899614518,290.92489747137,6.70596357236985e-64,170703.606059807,0.917170626630062,0.157909947618487,6.3129165176054e-05,79.4352537484296,4.98290033569165e-19,0.0158870507496859,274.450165784784,2.53456667931576e-60,91634.0673385788,0.916968443430965,0.158959542470393,"x2;x3",TRUE,FALSE,TRUE,"x2;x3",TRUE,FALSE,FALSE,0,TRUE,3.99118217634592e-09,4.32970060216552e-09,4.17194247515363e-11,1.10617433544818e-10,4.32970060216552e-09,0,0.982730488995462,0.982730488995462,-0.172184645883637,0.96575921400126,0.885646787286558,0.885646787286558,0
"rossler",1,9,20,5000,4,13,9.86958227323298,2.0407883650594,0.153130265608845,0.00040815767301188,3.46205649363439,0.177102211528125,1.39256679184636,0.689416610817944,0.614942144112511,9.86958144565946,2.03998803216174,0.15321085162254,0.000407997606432348,3.46181740053339,0.177123384752167,1.39256178254564,0.689416199529584,0.614942227644882,"x2;x3",FALSE,TRUE,TRUE,"x2;x3",FALSE,TRUE,TRUE,0,TRUE,97.4086542481146,97.5639210738146,0.085542037614949,0.00367757484440357,1.2725269510858e-08,97.5639327527119,0.999545975118241,-0.00497077085954717,-0.0116372989381081,0.999092156375076,0.689626083473362,0.992686044083963,0.513467652851489
"rossler",1,9,30,5000,4,13,3.08817754039564,6.65449951822838,0.00989057471783488,0.00133089990364568,6.86219796576583,0.0323513676300854,1.51403662625004,0.685464630820276,0.62467122639446,3.0881777019917,6.65541904569156,0.00988547206492819,0.00133108380913831,6.86268399893536,0.0323435066664226,1.51402353660486,0.685465217971246,0.624670910013079,"x2;x3",FALSE,TRUE,TRUE,"x2;x3",FALSE,TRUE,TRUE,0,TRUE,9.53684052100407,9.53322229108434,0.00837808469367354,2.99373989493476e-05,1.2725269510858e-08,9.53322637329222,0.999559235306489,-0.00572709115525259,0.0212498415067309,0.999118664886493,0.685461052383866,0.992686044083963,0.162372728783136
"rossler",1,9,40,5000,4,13,0.964373383297992,14.5784013461905,0.000134446755585327,0.00291568026923811,15.1894246681323,0.000503104661947867,1.47348648092882,0.677624297469996,0.6437893983704,0.964372988722161,14.5770182614122,0.000134545475498316,0.00291540365228244,15.1882321000201,0.000503404744694714,1.47352579354943,0.677624021171403,0.643789575587594,"x2;x3",FALSE,TRUE,TRUE,"x2;x3",FALSE,TRUE,TRUE,0,TRUE,0.930016022413616,0.929793336630621,0.000874411529205542,3.24732237065071e-06,1.2725269510858e-08,0.929797225771129,0.999527175048345,-0.017878089235836,0.0193190792247326,0.999054573660125,0.677741076520732,0.992686044083963,0.0513467652851489
"rossler",1,9,50,5000,4,13,0.318034425157167,0.232772671153446,0.629475512499351,4.65545342306892e-05,3.77264563670439,0.151628349943584,1.59650282510538,0.682739253969705,0.632850815008535,0.318034423475591,0.233011767329733,0.629299585165585,4.66023534659466e-05,3.76912517942843,0.151895485548381,1.59650129129322,0.682739048813593,0.632850829175877,"x2;x3",FALSE,TRUE,TRUE,"x2;x3",FALSE,TRUE,TRUE,0,TRUE,0.10114589558505,0.101179246672262,9.0466018684003e-05,6.10114367513798e-07,1.2725269510858e-08,0.101178554816663,0.999550967122714,0.0111178903070124,0.00949851459198136,0.999102135875953,0.682828176008738,0.992686044083963,0.0162372728783136
"rossler",1,9,55,5000,4,13,0.174869263410585,6.32278989411403,0.0119195949024123,0.00126455797882281,6.85077947189096,0.0325365978360033,1.64587959045805,0.681423297988376,0.629869828099318,0.174869223726422,6.32192821402884,0.0119253883051906,0.00126438564280577,6.84875669975795,0.0325695215441895,1.64588429521755,0.681423156636119,0.629869860841299,"x2;x3",FALSE,TRUE,TRUE,"x2;x3",FALSE,TRUE,TRUE,0,TRUE,0.0305792592857607,0.0305873292352408,2.7555579115894e-05,7.34171604896634e-07,1.2725269510858e-08,0.0305870867543559,0.999531459302809,0.00764558167964048,0.0111025288375258,0.999063138136002,0.681549458145207,0.992686044083963,0.00913088954786817
"rossler",1,9,58,5000,4,13,0.123381397516108,0.0698243604023205,0.791592682836741,1.39648720804641e-05,17.2344951506842,0.000180957642152592,1.24969056273558,0.682864102771315,0.633439613442036,0.123381396896411,0.0697397745472154,0.791716045271183,1.39479549094431e-05,17.2312854018608,0.000181248289606034,1.24969942852838,0.682864001523495,0.633439605097444,"x2;x3",FALSE,TRUE,TRUE,"x2;x3",FALSE,TRUE,TRUE,0,TRUE,0.0152229692530278,0.0152032390144258,1.41383804964825e-05,6.42225256397679e-08,1.2725269510858e-08,0.0152029711192824,0.999536715106084,0.00913595586899877,0.0364745866652759,0.999073644845061,0.682519505754101,0.992686044083963,0.00646417476309046
"rossler",1,9,61,5000,4,13,0.0895014422593233,0.182500293657534,0.669233274629947,3.65000587315067e-05,0.549306848251901,0.75983541822069,1.78232408906994,0.689070258889417,0.618140859607869,0.0895014453244974,0.182703740920085,0.669059911146116,3.65407481840169e-05,0.550383850227845,0.759426356247305,1.78236032384472,0.689069991711353,0.618140672537685,"x2;x3",FALSE,TRUE,TRUE,"x2;x3",FALSE,TRUE,TRUE,0,TRUE,0.00801050816649898,0.00799166956788651,7.12864940849721e-06,3.15277914979153e-07,1.2725269510858e-08,0.00799156861651945,0.999534788745502,0.0073202592641935,0.0549942223543258,0.999069793912516,0.688648134777745,0.992686044083963,0.00457628527305223
"rossler",1,9,Inf,5000,4,13,0.000109129073755168,574.443274562472,6.06445207060513e-127,0.114888654912494,2070.61660073637,0,142685.266499261,0.992615511214395,0.0147003371694339,0.000109092898948171,575.63657727999,3.33595445423459e-127,0.115127315455998,2062.78669302488,0,98176.1531252312,0.99263753944489,0.0147247008614685,"x2;x3",TRUE,FALSE,TRUE,"x2;x3",TRUE,FALSE,FALSE,0,TRUE,1.19091547386609e-08,1.2725269510858e-08,1.25048875055625e-12,4.95592446650389e-10,1.2725269510858e-08,0,0.980223792623392,0.980223792623392,-0.838327830549144,0.960838683624987,0.992686044083963,0.992686044083963,0
"rossler",1,10,20,5000,4,13,9.9766818223441,0.289586031232535,0.59048593335854,5.79172062465071e-05,1.19734594120498,0.549540408713214,1.47074455482605,0.682114104008516,0.632153142690131,9.97667735905463,0.290190820686356,0.590098273853027,5.80381641372712e-05,1.19817000289625,0.549314027755075,1.47077348157986,0.682113392388883,0.632154549502678,"x2;x3",FALSE,TRUE,TRUE,"x2;x3",FALSE,TRUE,TRUE,0,TRUE,99.5341801842913,99.2945599155037,0.1065219602439,0.00102771817631887,6.28172444599365e-08,99.2944916912405,0.999464585768325,0.0125860993066772,0.0530508304665043,0.99892945820505,0.682042687038597,0.984626433334949,0.522555786124112
"rossler",1,10,30,5000,4,13,3.20044580245728,0.562877436160507,0.453103197587927,0.000112575487232101,2.33009698065488,0.311907537167336,1.46255618867346,0.684728892095944,0.621705438100234,3.20044557415875,0.563185975410553,0.452979405387106,0.000112637195082111,2.33034723475819,0.311868511538454,1.4625554164794,0.684728862529509,0.621705535399915,"x2;x3",FALSE,TRUE,TRUE,"x2;x3",FALSE,TRUE,TRUE,0,TRUE,10.2428533344665,10.2399616767595,0.0100612955455883,5.95957926716488e-05,6.28172444599365e-08,10.2399817461946,0.999511095822349,-0.0125721311521498,0.0201060043591322,0.999022430671993,0.684566324891678,0.984626433334949,0.1652466488652
"rossler",1,10,40,5000,4,13,0.974997223641736,3.14305964792933,0.0762506429294002,0.000628611929585865,5.68288928267867,0.0583413227696719,1.5211451621164,0.659502898449957,0.680988194594999,0.97499711566807,3.14340121339879,0.0762346785478019,0.000628680242679758,5.68080869448882,0.0584020464830233,1.52115793892355,0.659502818715279,0.680988345858287,"x2;x3",FALSE,TRUE,TRUE,"x2;x3",FALSE,TRUE,TRUE,0,TRUE,0.950619586109093,0.950645449219849,0.000986403507091335,6.70330823608668e-06,6.28172444599365e-08,0.950642107584853,0.99947742068333,0.0068139266299139,0.0158468097614524,0.998955114455802,0.659556441593356,0.984626433334949,0.0522555786124112
"rossler",1,10,50,5000,4,13,0.316086450641064,0.0636133253678069,0.800873476120432,1.27226650735614e-05,0.505002947194173,0.776855068067105,1.43238272305083,0.674663571382389,0.64120607874787,0.316086431781588,0.0636348497892305,0.800840498829539,1.27269699578461e-05,0.505048089208181,0.776837533863805,1.43234826986922,0.674663280044577,0.641205948624445,"x2;x3",FALSE,TRUE,TRUE,"x2;x3",FALSE,TRUE,TRUE,0,TRUE,0.0999106442788656,0.0999072007661764,0.000103295568279868,2.1255446922639e-06,6.28172444599365e-08,0.0999075738493685,0.999470577371738,-0.00351492519115829,0.0169603483606524,0.998941435031796,0.674572459003203,0.984626433334949,0.01652466488652
"rossler",1,10,55,5000,4,13,0.177374939062747,0.672878759615033,0.412049737309907,0.000134575751923007,0.807461284316058,0.667823980670821,1.41829335151602,0.677526443496378,0.641985061054464,0.177374930975309,0.672113385195125,0.412315753760474,0.000134422677039025,0.807498068277468,0.667811698178004,1.41828974875173,0.677527059087832,0.641984778373452,"x2;x3",FALSE,TRUE,TRUE,"x2;x3",FALSE,TRUE,TRUE,0,TRUE,0.0314618690075132,0.0314156611097614,3.24265733136447e-05,2.04051795818337e-07,6.28172444599365e-08,0.0314152431468273,0.999479899472862,0.00524353688594279,0.0390637859030792,0.998960069450283,0.677270707658714,0.984626433334949,0.00929250195061211
"rossler",1,10,58,5000,4,13,0.125769683064005,0.0062172496825541,0.937152300845705,1.24344993651082e-06,0.505978150751915,0.776476364489763,1.3557654588105,0.674309441282396,0.64707983018593,0.125769671928164,0.00622113213962828,0.937132721448841,1.24422642792566e-06,0.506207850566681,0.776387191372076,1.35579115535964,0.674309291991256,0.647079866887225,"x2;x3",FALSE,TRUE,TRUE,"x2;x3",FALSE,TRUE,TRUE,0,TRUE,0.0158180131780204,0.0158142032506368,1.56481321315875e-05,6.61923283663985e-07,6.28172444599365e-08,0.0158140547779975,0.999498788905359,0.00312366578048049,0.0196466424902121,0.998997829023279,0.674109632007363,0.984626433334949,0.00657858758231722
"rossler",1,10,61,5000,4,13,0.089771755300412,6.15910827406912,0.0130737100931474,0.00123182165481382,6.45321823356407,0.039691861322273,1.59914511112972,0.671466180063106,0.64759617283229,0.0897717796991734,6.15983565780667,0.0130683349557291,0.00123196713156133,6.45392689348791,0.0396777997979189,1.59916896516782,0.671466277437251,0.647595969976904,"x2;x3",FALSE,TRUE,TRUE,"x2;x3",FALSE,TRUE,TRUE,0,TRUE,0.00805896804971704,0.00805320304901623,8.4352438911252e-06,4.36980909967199e-07,6.28172444599365e-08,0.00805376646898415,0.99944825874304,-0.0109227166847044,0.0281648165164106,0.998896821904494,0.671413573025324,0.984626433334949,0.00465728334610332
"rossler",1,10,Inf,5000,4,13,0.000242500707537467,683.081840657291,1.42801632391592e-150,0.136616368131458,2353.55449448065,0,179817.21564228,0.984667901470447,0.0304402543794432,0.000242460625108537,683.834202961832,9.79763888224481e-151,0.136766840592366,2348.493768255,0,145509.926278342,0.984681803479623,0.0304946503497106,"x2;x3",TRUE,FALSE,TRUE,"x2;x3",TRUE,FALSE,FALSE,0,TRUE,5.88065931561719e-08,6.28172444599365e-08,1.2935984432756e-11,2.26721217523874e-09,6.28172444599365e-08,0,0.981605090592287,0.981605090592287,-0.800145470669202,0.963548553876691,0.984626433334949,0.984626433334949,0
"rossler",1,11,20,5000,4,13,10.5428248386551,0.874433492316584,0.349730847521167,0.000174886698463317,3.90330059989028,0.142039470328445,1.35268647190844,0.688611934689795,0.622045201190973,10.5428336116358,0.87731370100947,0.348938492087774,0.000175462740201894,3.90062121117009,0.142229887327566,1.35171607853702,0.688612074126345,0.622045624222805,"x2;x3",FALSE,TRUE,TRUE,"x2;x3",FALSE,TRUE,TRUE,0,TRUE,111.151155578563,111.299164636103,0.090765481074972,0.0161485161652516,2.00683376807733e-08,111.299194196759,0.999517151397487,-0.00611131703925163,-0.00564526565528952,0.999034535937747,0.68882425951022,0.903247516367588,0.554894529487272
"rossler",1,11,30,5000,4,13,3.42897765935031,4.79562795233958,0.0285320540687623,0.000959125590467916,7.34764214732691,0.0253793082275912,1.72840107871651,0.688434912980463,0.618071530646863,3.42897761704517,4.79487325555547,0.0285445567015714,0.000958974651111093,7.34736820973858,0.0253827846389104,1.72833937506518,0.688435034363946,0.618071338648514,"x2;x3",FALSE,TRUE,TRUE,"x2;x3",FALSE,TRUE,TRUE,0,TRUE,11.7578877883235,11.7380703960034,0.0090950600967534,3.5399087919059e-05,2.00683376807733e-08,11.7380743822378,0.999613370253147,-0.00287201444270668,0.0442149063663499,0.999226889988856,0.688074527645382,0.903247516367588,0.175473057434725
"rossler",1,11,40,5000,4,13,1.07218431784354,1.39282148850686,0.237929195125237,0.000278564297701372,5.27478851270423,0.0715474612097448,1.30373355800188,0.678542149422322,0.636168156740956,1.07218500486325,1.39337363109462,0.237836199341166,0.000278674726218924,5.2785635777463,0.0714125404236573,1.30371004847631,0.678541502866978,0.636167918013341,"x2;x3",FALSE,TRUE,TRUE,"x2;x3",FALSE,TRUE,TRUE,0,TRUE,1.14957921142963,1.14735017534086,0.000889483708007927,0.00020952114083134,2.00683376807733e-08,1.1473662200003,0.999519295484323,-0.0500767574313698,0.0526523262993869,0.999038822045478,0.678384398381356,0.903247516367588,0.0554894529487272
"rossler",1,11,50,5000,4,13,0.337814565251349,0.227253653036212,0.633567723022483,4.54507306072424e-05,4.11997358115984,0.127455653498969,1.1619922264922,0.691483017736091,0.616657056755312,0.337814317622247,0.226914528162144,0.633821157507033,4.53829056324288e-05,4.1229097506031,0.127268675085041,1.16185946941183,0.691482252864948,0.616657079616057,"x2;x3",FALSE,TRUE,TRUE,"x2;x3",FALSE,TRUE,TRUE,0,TRUE,0.114118680495958,0.11407972505455,9.37152984626019e-05,1.22649625691478e-06,2.00683376807733e-08,0.114080752625826,0.999581016834272,-0.0115410164013393,0.0206111871201542,0.999162209215437,0.69152890914417,0.903247516367588,0.0175473057434725
"rossler",1,11,55,5000,4,13,0.188215730214054,10.5061048591418,0.00118980795639709,0.00210122097182835,66.9434307721628,2.90682380408309e-15,1.68577670640609,0.683533131161098,0.627765047572146,0.188215724320904,10.5049738238135,0.00119053645409529,0.0021009947647627,66.9358203328198,2.91790597888646e-15,1.68577666067807,0.683532715580464,0.627764997146967,"x2;x3",FALSE,TRUE,TRUE,"x2;x3",FALSE,TRUE,TRUE,0,TRUE,0.0354251611000097,0.0353799224481775,3.05016145939929e-05,1.23998266228959e-06,2.00683376807733e-08,0.0353767537413197,0.999542702938092,0.0573166998725916,0.0373168503733302,0.999085614996787,0.683287923776115,0.903247516367588,0.00986757516530452
"rossler",1,11,58,5000,4,13,0.131867440991053,22.3641296214934,2.25547495859296e-06,0.00447282592429868,64.1762622369261,1.15958268195351e-14,1.65678792354557,0.682930587249648,0.626631782612198,0.131867502116022,22.3581810865489,2.2624719275853e-06,0.00447163621730977,64.1576186506832,1.17044261018391e-14,1.65682959939887,0.682930182123211,0.626631572294562,"x2;x3",FALSE,TRUE,TRUE,"x2;x3",FALSE,TRUE,TRUE,0,TRUE,0.0173890219935288,0.0173576391531981,1.45012225125981e-05,2.22999550629731e-06,2.00683376807733e-08,0.0173597425960683,0.999522020126048,-0.0526251819504938,0.0484429368249528,0.999044268716856,0.682606981636635,0.903247516367588,0.00698570824037095
"rossler",1,11,61,5000,4,13,0.0939802565048576,1.27039563885456,0.259692471447473,0.000254079127770913,23.8122270304843,6.74901820181349e-06,1.41768746186463,0.677362639193288,0.637730138796004,0.0939802580870568,1.27065566235317,0.259643714129701,0.000254131132470634,23.8165025399031,6.73460586687557e-06,1.41766371844005,0.677363183804569,0.63773012688971,"x2;x3",FALSE,TRUE,TRUE,"x2;x3",FALSE,TRUE,TRUE,0,TRUE,0.00883228861271884,0.00885044210120928,7.14798399172716e-06,6.47551256288198e-07,2.00683376807733e-08,0.00885163500997734,0.999546113631971,-0.0401686333136305,-0.0201110196406747,0.999092433276778,0.677618213986042,0.903247516367588,0.00494550269970815
"rossler",1,11,Inf,5000,4,13,0.000134948642824402,209.431440810734,1.82772177973212e-47,0.0418862881621468,878.568345979102,1.6645915404944e-191,257596.013186803,0.866711290891124,0.247703520115097,0.000134829118653428,207.330747247674,5.25095695849618e-47,0.0414661494495348,863.152765907839,3.70474536488968e-188,144727.242101215,0.866501306384237,0.250395235998862,"x2;x3",TRUE,FALSE,TRUE,"x2;x3",TRUE,FALSE,FALSE,0,TRUE,1.82111362001479e-08,2.00683376807733e-08,7.14514600323931e-11,1.59042853426596e-09,2.00683376807733e-08,0,0.958012589799268,0.958012589799268,0.0852607150887995,0.9177881222139,0.903247516367588,0.903247516367588,0
"rossler",1,12,20,5000,4,13,10.1630710102303,8.15834088152492,0.0042863565623782,0.00163166817630498,14.8236820014293,0.000604057599772439,1.3979505760659,0.675427413806699,0.641263394181136,10.1630619255636,8.16021504446664,0.00428192938553226,0.00163204300889333,14.8249093678357,0.000603687013492605,1.39792032900398,0.675428696526599,0.641262344180582,"x2;x3",FALSE,TRUE,TRUE,"x2;x3",FALSE,TRUE,TRUE,0,TRUE,103.288012358983,103.130665668677,0.0915617129952115,0.00508591515481712,5.79137267601756e-08,103.131031907378,0.999520732526318,-0.0733044468602889,0.0421164418649898,0.999041694749947,0.67540658205865,0.801243165858382,0.530085803130528
"rossler",1,12,30,5000,4,13,3.09018207067979,0.572848119971653,0.449129363864091,0.000114569623994331,10.2757434371252,0.00587016980147786,1.29901283495021,0.679620556518888,0.640048648460238,3.09018201563741,0.572614204013448,0.449221967389822,0.00011452284080269,10.2749487759792,0.00587250266283636,1.29900668665595,0.679620629947523,0.640048551803574,"x2;x3",FALSE,TRUE,TRUE,"x2;x3",FALSE,TRUE,TRUE,0,TRUE,9.54922522995084,9.54000824544632,0.00926070231401784,1.20946246404805e-05,5.79137267601756e-08,9.53996158369028,0.999514156818514,0.0319138437154301,0.0310829326266434,0.999028549680624,0.679120098593802,0.801243165858382,0.167627849321208
"rossler",1,12,40,5000,4,13,1.00050669163199,11.1113018352976,0.000858032426007725,0.00222226036705953,14.5422958607218,0.000695313364140973,1.41302674936728,0.67465813734468,0.648603781214512,1.0005066489062,11.1105773038541,0.000858367686240277,0.00222211546077081,14.542861032062,0.000695116906307427,1.41302667918661,0.674658447377054,0.648603704589379,"x2;x3",FALSE,TRUE,TRUE,"x2;x3",FALSE,TRUE,TRUE,0,TRUE,1.00101364000038,1.00107087222508,0.000906656040168812,1.34258827358744e-06,5.79137267601756e-08,1.00108785646469,0.999547908293839,-0.0351950039043585,0.014069678251352,0.999096020974588,0.674595048969302,0.801243165858382,0.0530085803130528
"rossler",1,12,50,5000,4,13,0.321711399072551,0.362179529338884,0.547298265399081,7.24359058677767e-05,1.41731337873334,0.492305072119829,1.67897162722746,0.68006584848664,0.63053593107643,0.321711051760194,0.362152698221225,0.547313106002195,7.24305396442451e-05,1.41797640599349,0.492141893327758,1.67895677719707,0.680065042519629,0.630536268859423,"x2;x3",FALSE,TRUE,TRUE,"x2;x3",FALSE,TRUE,TRUE,0,TRUE,0.103498224293218,0.103634298305652,9.29714745109177e-05,3.2594406674727e-07,5.79137267601756e-08,0.103634936701037,0.999550768160372,-0.0048191624848065,-0.00695471322227143,0.999101738129989,0.680668423817805,0.801243165858382,0.0167627849321208
"rossler",1,12,55,5000,4,13,0.178786575661135,5.72451959022926,0.0167296130407367,0.00114490391804585,21.0287987370256,2.71427829437866e-05,1.3563106614277,0.678173920663649,0.636750449072303,0.178786708427905,5.72274090469338,0.0167465682423516,0.00114454818093868,21.0392744049832,2.7000985233621e-05,1.35622535582152,0.678169550659477,0.636752728728757,"x2;x3",FALSE,TRUE,TRUE,"x2;x3",FALSE,TRUE,TRUE,0,TRUE,0.0319646396366346,0.0319509699875217,2.65845918340363e-05,4.95671361149745e-06,5.79137267601756e-08,0.0319594768180553,0.999498970101798,-0.0958297334002151,0.0249828099425892,0.998998191234555,0.678276665884129,0.801243165858382,0.00942640669260963
"rossler",1,12,58,5000,4,13,0.129543555261872,2.27853670121466,0.131175584746545,0.000455707340242932,2.39065088687925,0.302605457194574,1.7457241917941,0.685210172627298,0.628229914215333,0.129543533982917,2.27684761216262,0.131318546729635,0.000455369522432525,2.38744165079015,0.303091413154149,1.74574699671581,0.685209215186263,0.628230167484036,"x2;x3",FALSE,TRUE,TRUE,"x2;x3",FALSE,TRUE,TRUE,0,TRUE,0.0167815327098857,0.0167532080170243,1.44514035370549e-05,1.52167656591707e-07,5.79137267601756e-08,0.0167507931323646,0.999562701766759,0.0389603000670903,0.0435710844366317,0.999125594763263,0.684934178294001,0.801243165858382,0.00667338487992342
"rossler",1,12,61,5000,4,13,0.0888157275581803,1.76551927473633,0.183937577585628,0.000353103854947266,1.95390070503862,0.376457412436229,1.59839171619736,0.682711833545583,0.630843766752282,0.088815687723862,1.76537571139255,0.183955408112498,0.000353075142278511,1.95322924357338,0.376583821977702,1.59838628116217,0.682711051145202,0.630844024516856,"x2;x3",FALSE,TRUE,TRUE,"x2;x3",FALSE,TRUE,TRUE,0,TRUE,0.0078882334616889,0.00788839398798523,7.20117305742688e-06,8.08995266191773e-09,5.79137267601756e-08,0.00788712503461756,0.999543702993942,0.0315041117024656,0.0147572490480101,0.999087614194841,0.682758725938709,0.801243165858382,0.00472439469331463
"rossler",1,12,Inf,5000,4,13,0.000240669067296047,36.6019658207874,1.44885532170768e-09,0.00732039316415748,107.315824275731,4.97353121567897e-24,2687442.69615556,0.741410867986523,0.452421781368482,0.000240669663834548,36.5973800110653,1.45226779767523e-09,0.00731947600221307,107.329318769929,4.94008652828023e-24,2651392.97606531,0.741404432479858,0.452430030627333,"x2;x3",FALSE,TRUE,TRUE,"x2;x3",FALSE,TRUE,TRUE,0,TRUE,5.79215999531492e-08,5.79137267601756e-08,5.50498081507195e-10,1.72756554437309e-09,5.79137267601756e-08,0,0.980436505344413,0.980436505344413,0.208795982580261,0.961255741011966,0.801243165858382,0.801243165858382,0
"rossler",1,13,20,5000,4,13,9.82198516928715,0.610826135761585,0.434476924903716,0.000122165227152317,0.634944115554121,0.727987022065788,1.44698067357937,0.687662987827444,0.621907390897292,9.82198625879131,0.611502652246666,0.434222595372461,0.000122300530449333,0.635318907868498,0.727850612877047,1.44698157078587,0.687662856083881,0.621907586133936,"x2;x3",FALSE,TRUE,TRUE,"x2;x3",FALSE,TRUE,TRUE,0,TRUE,96.4713926656967,96.5263862561124,0.100521986285697,0.0031311086249956,2.36198697139141e-07,96.5259392146682,0.99947067557178,0.046391387755388,0.00764904618867946,0.99894163132791,0.687990322754163,0.583805772146097,0.511803196438919
"rossler",1,13,30,5000,4,13,3.07584073086129,0.125792467716692,0.722835076091027,2.51584935433384e-05,0.691710497573102,0.707614907810122,1.38245536113671,0.678678974373183,0.641096484368933,3.07584086994006,0.125472337272132,0.723173456785539,2.50944674544263e-05,0.692689923106941,0.707268464591462,1.38246730522791,0.678678583476658,0.641096666350563,"x2;x3",FALSE,TRUE,TRUE,"x2;x3",FALSE,TRUE,TRUE,0,TRUE,9.46079620162532,9.45252819398557,0.00986809363132235,0.00160862653605091,2.36198697139141e-07,9.45257327337412,0.999425347748714,-0.0164809300810816,0.0313987288528257,0.998851025722638,0.678724438786252,0.583805772146097,0.161846381450156
"rossler",1,13,40,5000,4,13,0.972024544475899,0.153258274314333,0.695440879739417,3.06516548628666e-05,3.15164171219574,0.206837698991485,1.40038955710381,0.680636479393329,0.636943751092453,0.972024535475005,0.15333035984067,0.695372848610544,3.0666071968134e-05,3.15196595603098,0.206804168785152,1.40037285742258,0.680636487213974,0.636943743530448,"x2;x3",FALSE,TRUE,TRUE,"x2;x3",FALSE,TRUE,TRUE,0,TRUE,0.944831715063579,0.942838763917603,0.00106985476415845,1.42333825068383e-05,2.36198697139141e-07,0.942838263136934,0.999432480242496,0.000350867454577414,0.0482205323676122,0.998865282563667,0.680014403912223,0.583805772146097,0.0511803196438919
"rossler",1,13,50,5000,4,13,0.306197050806355,3.51066989745162,0.0609747960699763,0.000702133979490324,4.14367803491298,0.125953937098203,1.6448542271279,0.676047878366181,0.638527939851992,0.306197042860205,3.51077241532216,0.0609710232328119,0.000702154483064433,4.14390871872204,0.125939410169013,1.64486694175751,0.676047924038076,0.638527946727685,"x2;x3",FALSE,TRUE,TRUE,"x2;x3",FALSE,TRUE,TRUE,0,TRUE,0.0937566339225095,0.0941506944958602,9.71215228932714e-05,1.25988034146329e-05,2.36198697139141e-07,0.0941694524038865,0.999428871226974,-0.0606923228639576,-0.0475408378264339,0.998858068642024,0.676637843598504,0.583805772146097,0.0161846381450156
"rossler",1,13,55,5000,4,13,0.171397299480879,3.0098330266616,0.0827608158862228,0.00060196660533232,5.22492237177407,0.0733537841145308,1.53851265388656,0.673922253772978,0.642929947066745,0.1713972545852,3.0100028999807,0.0827521430223908,0.000602000579996139,5.22518962969927,0.0733439825793561,1.53852232827033,0.67392192263773,0.642930107051994,"x2;x3",FALSE,TRUE,TRUE,"x2;x3",FALSE,TRUE,TRUE,0,TRUE,0.0293770342693381,0.029433765851087,3.15423259123361e-05,4.68786233820333e-06,2.36198697139141e-07,0.029416688792732,0.999392867374823,0.101740137410223,-0.0110389519518986,0.99878610335967,0.674466354162688,0.583805772146097,0.00910129086219437
"rossler",1,13,58,5000,4,13,0.124939577661452,1.24528605635678,0.264454728536279,0.000249057211271356,1.26458332419963,0.531372678004389,1.33126646504905,0.68067544532563,0.63591075149182,0.124939548974994,1.24451172910272,0.264603301991501,0.000248902345820545,1.26352969771674,0.531652685916764,1.33128337068794,0.680676921921439,0.635909679254463,"x2;x3",FALSE,TRUE,TRUE,"x2;x3",FALSE,TRUE,TRUE,0,TRUE,0.0156098980662221,0.0155969116115053,1.6141757547154e-05,6.67160137690503e-07,2.36198697139141e-07,0.0155868241405864,0.999468991537715,0.0854934537045541,0.0295771063878183,0.998938265045417,0.680561687398115,0.583805772146097,0.00644322049834438
"rossler",1,13,61,5000,4,13,0.0858751438029453,12.2807434451015,0.000457656021441103,0.0024561486890203,12.2937619220454,0.00214014657132018,1.54391384703193,0.673837362451378,0.651524527100769,0.0858751449764494,12.282554412491,0.00045721214081022,0.00245651088249819,12.2957585472462,0.00213801110214151,1.54393990468136,0.673837596653652,0.651524291430666,"x2;x3",FALSE,TRUE,TRUE,"x2;x3",FALSE,TRUE,TRUE,0,TRUE,0.00737454032317654,0.00736863806843413,7.6414172236019e-06,2.56799653367238e-07,2.36198697139141e-07,0.00736477979144757,0.999462815925524,0.0469718748136422,0.0292583914233134,0.998925920417777,0.674035339388649,0.583805772146097,0.00456145078966037
"rossler",1,13,Inf,5000,4,13,0.000479930956669787,8.7030103403355,0.00317684976123603,0.0017406020680671,11.4102632563035,0.00332883918734297,301251.344396361,0.569028479762218,0.670330930724806,0.000479931542437778,8.70328527850895,0.00317637064333745,0.00174065705570179,11.4082756684166,0.0033321490119355,315463.201776195,0.569035752859283,0.670323755334598,"x2;x3",FALSE,TRUE,TRUE,"x2;x3",FALSE,TRUE,TRUE,0,TRUE,2.30333723169977e-07,2.36198697139141e-07,1.52354423786857e-11,4.41595971878752e-09,2.36198697139141e-07,0,0.990516680447072,0.990516680447072,-0.276443160043902,0.981123294243886,0.583805772146097,0.583805772146097,0
"rossler",1,14,20,5000,4,13,9.65352202221979,3.61420897557886,0.0572879593046992,0.000722841795115772,33.4000464227357,5.58820168120796e-08,1.55949797319202,0.677116785247694,0.637395813593616,9.65352116006718,3.60496524544237,0.0576072728693636,0.000720993049088474,33.4400963557045,5.47741112068433e-08,1.55937594318466,0.67711658964934,0.637396279691879,"x2;x3",FALSE,TRUE,TRUE,"x2;x3",FALSE,TRUE,TRUE,0,TRUE,93.1904874334824,93.024734276312,0.0903462525393265,0.015838637101756,2.38677003181249e-08,93.0248199451339,0.999417230203681,-0.0264505518922743,0.0472770961002566,0.998834800027998,0.676709506367998,0.972574356310285,0.511572698260321
"rossler",1,14,30,5000,4,13,3.14887253990425,7.65744746345867,0.00565384390612284,0.00153148949269173,17.1665846320157,0.000187207615060182,1.47587834307831,0.68563367726957,0.619704279001697,3.14887254426224,7.65990596326438,0.00564614475412568,0.00153198119265287,17.1623671510011,0.000187602803870213,1.47587234755353,0.685634253744963,0.619704249654598,"x2;x3",FALSE,TRUE,TRUE,"x2;x3",FALSE,TRUE,TRUE,0,TRUE,9.91539827256302,9.90170416916391,0.00888597464049432,0.00138183373418566,2.38677003181249e-08,9.90166645559783,0.999476960604371,0.0355980598621132,0.0406003353437771,0.998954194778952,0.685634263224601,0.972574356310285,0.161773491526067
"rossler",1,14,40,5000,4,13,0.971473228559153,1.23416593555596,0.266598389952765,0.000246833187111192,1.77195066866878,0.412311835214521,1.13077444134275,0.678809497464817,0.640382619599075,0.971473228301894,1.23396415385626,0.266637487453596,0.000246792830771252,1.77199678018717,0.412302329161719,1.13076724108069,0.678809080017387,0.640382582038489,"x2;x3",FALSE,TRUE,TRUE,"x2;x3",FALSE,TRUE,TRUE,0,TRUE,0.943760233807144,0.94332183181248,0.000887722607314995,9.4791484948304e-06,2.38677003181249e-08,0.943324505141078,0.999525641465867,-0.00854377173968534,0.023038448002162,0.999051507947752,0.678892871775308,0.972574356310285,0.0511572698260321
"rossler",1,14,50,5000,4,13,0.305721041612337,0.422397504252022,0.51574315414989,8.44795008504044e-05,0.688068543157192,0.708904632352363,1.31035981048698,0.673208735251243,0.64893059992879,0.305721023197373,0.422267698216847,0.515807670425673,8.44535396433693e-05,0.687974612294938,0.708937927145895,1.31035853555858,0.67320856968659,0.64893061578093,"x2;x3",FALSE,TRUE,TRUE,"x2;x3",FALSE,TRUE,TRUE,0,TRUE,0.0934653552845322,0.0934831557111639,9.34529404603801e-05,9.49970981165999e-07,2.38677003181249e-08,0.0934844725083282,0.999498404078389,-0.0129642653921402,0.0128010191297799,0.998997059755247,0.673662618431618,0.972574356310285,0.0161773491526067
"rossler",1,14,55,5000,4,13,0.177465367512565,0.170937912343841,0.679279597038352,3.41875824687681e-05,26.0347310429241,2.22141645786115e-06,1.4540576834756,0.692351175026769,0.612586171775041,0.177465377227145,0.170825466834551,0.67937922882906,3.41650933669102e-05,26.0348116106906,2.22132697238243e-06,1.4540697189484,0.692350842501341,0.612586034826461,"x2;x3",FALSE,TRUE,TRUE,"x2;x3",FALSE,TRUE,TRUE,0,TRUE,0.0314939566663699,0.0314461347503788,3.08561224370995e-05,1.73525853006867e-06,2.38677003181249e-08,0.031445501490417,0.99948129424031,0.0112695375620056,0.0408460778041322,0.998962857536286,0.692131493850418,0.972574356310285,0.00909719196054383
"rossler",1,14,58,5000,4,13,0.122516445413673,0.705940373079862,0.400794812873779,0.000141188074615972,8.69249703997476,0.0129553231662554,1.44474774724538,0.691231152626394,0.617151736806185,0.122516470498631,0.706324245488101,0.400666780662804,0.00014126484909762,8.69381960307193,0.0129467588821032,1.44473387622114,0.691231374275768,0.61715175601144,"x2;x3",FALSE,TRUE,TRUE,"x2;x3",FALSE,TRUE,TRUE,0,TRUE,0.0150102793968016,0.0150257485325211,1.56410153367494e-05,6.85665956820502e-08,2.38677003181249e-08,0.015026010848747,0.999477125727741,-0.00435374679351883,0.000279519519342707,0.998954524852987,0.69127884130256,0.972574356310285,0.00644031869820027
"rossler",1,14,61,5000,4,13,0.0857755072570586,1.00042099054027,0.317208661914961,0.000200084198108053,1.02009168206003,0.600468052107343,1.42416033791977,0.683513201268762,0.6316415389228,0.085775511005807,1.00021265189046,0.317259057801386,0.000200042530378091,1.02003292213912,0.600485694094129,1.42415348343478,0.683513667353801,0.631641440944619,"x2;x3",FALSE,TRUE,TRUE,"x2;x3",FALSE,TRUE,TRUE,0,TRUE,0.00735743764520572,0.00735175765942143,7.05226904119429e-06,1.33998378611072e-07,2.38677003181249e-08,0.00735120745207259,0.999516044560308,0.0225372655761982,0.0281732071337925,0.999032323333483,0.683497086103477,0.972574356310285,0.00455939647248122
"rossler",1,14,Inf,5000,4,13,0.000149569821537443,670.313406036728,8.53982392127153e-148,0.134062681207346,2080.77755224417,0,102144.708594221,0.972616440017041,0.0539162851737751,0.000149533231425416,670.543759485098,7.60946128022335e-148,0.13410875189702,2071.26103865931,0,76192.6337077173,0.972629691957541,0.0541008821939208,"x2;x3",TRUE,FALSE,TRUE,"x2;x3",TRUE,FALSE,FALSE,0,TRUE,2.23711315147425e-08,2.38677003181249e-08,4.09630023663777e-12,8.82873005784272e-10,2.38677003181249e-08,0,0.98115060738559,0.98115060738559,-0.715635301228328,0.962656514373111,0.972574356310285,0.972574356310285,0
"rossler",1,15,20,5000,4,13,9.8100265778802,0.361629675989385,0.547602545353025,7.23259351978771e-05,1.00853990767608,0.603946323219645,1.37178576980611,0.689813417938111,0.619163161363386,9.81002631396536,0.362046225631012,0.547372004612517,7.24092451262025e-05,1.0105388685876,0.603342992232248,1.37178222253104,0.689813432935474,0.619163072829411,"x2;x3",FALSE,TRUE,TRUE,"x2;x3",FALSE,TRUE,TRUE,0,TRUE,96.2366214587158,96.1587370806284,0.0901669910773514,0.00340599415154699,3.76144687682828e-08,96.1587268387207,0.999522702482936,0.00102601906200229,0.0288310539940907,0.999045632778792,0.689541252991952,0.665758711186927,0.515907332728013
"rossler",1,15,30,5000,4,13,3.23330114078146,13.4112155833484,0.000250124272855448,0.00268224311666968,68.0626337040556,1.66106596335992e-15,1.44349871676519,0.682719201565521,0.623856226799452,3.23330119161591,13.4134635154078,0.000249824709645235,0.00268269270308155,68.0712426773839,1.65393129363397e-15,1.44348305234749,0.682720179147896,0.623856116269795,"x2;x3",FALSE,TRUE,TRUE,"x2;x3",FALSE,TRUE,TRUE,0,TRUE,10.4542362669787,10.4314367113104,0.00894805624741339,0.000479120932106599,3.76144687682828e-08,10.4312683505564,0.999548010785938,0.134792131501976,0.0527754465531126,0.999096225866125,0.682399401215276,0.665758711186927,0.163144223300285
"rossler",1,15,40,5000,4,13,0.952280239739474,0.706537525646646,0.400595671401729,0.000141307505129329,0.707077440311925,0.702198802814513,1.51062844581808,0.669965317288869,0.656204044686729,0.952280313285185,0.706754889579331,0.400523219421432,0.000141350977915866,0.707278307292154,0.702128282079373,1.51062718938189,0.669965327999631,0.656203974027209,"x2;x3",FALSE,TRUE,TRUE,"x2;x3",FALSE,TRUE,TRUE,0,TRUE,0.90683765499827,0.908812790621526,0.000848618075324402,3.67452737457314e-05,3.76144687682828e-08,0.908820166364423,0.999518282058411,-0.0208341366617325,-0.0198243746078608,0.999036796168998,0.670332558093392,0.665758711186927,0.0515907332728013
"rossler",1,15,50,5000,4,13,0.302206735786459,0.481416851300565,0.487781241198617,9.62833702601129e-05,5.82960902692614,0.0542146282270584,1.32080990097467,0.660647072972957,0.675412898646607,0.302206710738686,0.481391317151281,0.487792782133883,9.62782634302562e-05,5.82995284331007,0.0542053090893829,1.32081929062411,0.660647051420446,0.675412930236168,"x2;x3",FALSE,TRUE,TRUE,"x2;x3",FALSE,TRUE,TRUE,0,TRUE,0.0913289111547064,0.0912746457582771,8.79614097475468e-05,1.27585298134886e-06,3.76144687682828e-08,0.0912797053798267,0.999513450524706,-0.0439212527551326,0.025183007564718,0.999027137779805,0.660551567512244,0.665758711186927,0.0163144223300285
"rossler",1,15,55,5000,4,13,0.179579480277222,0.409536622400752,0.522204791244056,8.19073244801504e-05,8.55172283926307,0.0139000697672491,1.96421578250102,0.689405960679627,0.612540549791641,0.179579394255743,0.409674844672299,0.522134587491747,8.19349689344599e-05,8.55027757207044,0.0139101180548319,1.96422803504041,0.689407745089767,0.612540199981763,"x2;x3",FALSE,TRUE,TRUE,"x2;x3",FALSE,TRUE,TRUE,0,TRUE,0.0322487897366371,0.0322176584294954,2.67228976988306e-05,8.79203714122627e-07,3.76144687682828e-08,0.0322135229005311,0.999579090689425,0.0588351025191483,0.03141036580531,0.999158358543498,0.68935742684915,0.665758711186927,0.00917427387278326
"rossler",1,15,58,5000,4,13,0.127200662980555,6.4453179313107,0.0111245131834482,0.00128906358626214,7.40011405207847,0.0247221166257482,2.15334408049016,0.68682981002054,0.610702951925752,0.127200648439021,6.44455167361478,0.011129312460751,0.00128891033472296,7.39917174032077,0.0247337673407699,2.15335535957196,0.686829048458854,0.610702882627157,"x2;x3",FALSE,TRUE,TRUE,"x2;x3",FALSE,TRUE,TRUE,0,TRUE,0.0161800086626928,0.0161782689511424,1.33894035422415e-05,4.96441932391863e-07,3.76144687682828e-08,0.0161768677732415,0.999573840648751,0.0283929924979306,0.0165762579662803,0.999147862909294,0.686618962901904,0.665758711186927,0.00649488851302245
"rossler",1,15,61,5000,4,13,0.0876851612675196,2.66857158323256,0.10234784402112,0.000533714316646512,3.21518391756666,0.200369531694411,1.66117346383468,0.692508760627684,0.614896013485288,0.0876851591099727,2.66866467410734,0.102341857274226,0.000533732934821468,3.21545878531463,0.200341996025653,1.66117491859234,0.69250870487853,0.614896024520646,"x2;x3",FALSE,TRUE,TRUE,"x2;x3",FALSE,TRUE,TRUE,0,TRUE,0.00768868750651093,0.00768504635471749,6.83246334656549e-06,2.48626413921964e-07,3.76144687682828e-08,0.00768589345424377,0.99954060651148,-0.0212855682248266,0.0234107195606031,0.999081424065338,0.692401137387358,0.665758711186927,0.00459802894283921
"rossler",1,15,Inf,5000,4,13,0.000191178749931364,42.3070371901793,7.80113511292493e-11,0.00846140743803586,187.270453436418,2.16141282721198e-41,433900.05077369,0.685197037733016,0.530181763836768,0.000191178509927767,42.3154222722829,7.76775997281513e-11,0.00846308445445659,187.319178393987,2.10939170775827e-41,422498.302128607,0.685197072460991,0.530180582705188,"x2;x3",FALSE,TRUE,TRUE,"x2;x3",FALSE,TRUE,TRUE,0,TRUE,3.65493144253191e-08,3.76144687682828e-08,4.40356383064436e-11,6.08619159185207e-11,3.76144687682828e-08,0,0.998699898624467,0.998699898624467,-0.365847082213107,0.99740148751252,0.665758711186927,0.665758711186927,0
"rossler",1,16,20,5000,4,13,11.0583348131032,0.727969603930041,0.393542111586129,0.000145593920786008,1.6954493874404,0.428388539034597,1.86184364260601,0.682555433074636,0.620368919847309,11.0074982045109,6.85098579126955,0.00885923771689319,0.00137019715825391,79.15899435616,6.46908383070338e-18,1.52572015433321,0.681904285796026,0.625178363896036,"x2;x3;x1 x3;x2 x3",FALSE,FALSE,TRUE,"x2;x3;x1 x3;x2 x3",FALSE,FALSE,TRUE,2,TRUE,122.28676883869,122.329410863432,0.0944272372565196,0.00644081311375665,2.8307403800267e-08,122.328751623071,0.999592912599664,0.177030168062452,0.0081663683738003,0.999185990919479,0.682520129383707,0.588071806622625,0.559658479014267
"rossler",1,16,30,5000,4,13,3.43225280824199,4.1900236033712,0.040662531128435,0.00083800472067424,10.4731518041374,0.00531843654112081,1.80883428648435,0.682031605162032,0.627298709410936,3.43225260071199,4.18932736258297,0.0406792344509719,0.000837865472516595,10.473124494794,0.00531850916312164,1.80882285099424,0.68203124895277,0.627299068547318,"x2;x3",FALSE,TRUE,TRUE,"x2;x3",FALSE,TRUE,TRUE,0,TRUE,11.780359339685,11.7566800590882,0.00948276864144685,0.000204807023558469,2.8307403800267e-08,11.7565250894228,0.999585591367065,0.134025078182052,0.0501333398084,0.999171354468646,0.681669689260521,0.588071806622625,0.176979550551063
"rossler",1,16,40,5000,4,13,1.06103680666588,9.08638100527663,0.00257519949757255,0.00181727620105533,9.08839039344804,0.0106287233063557,1.41112658787542,0.682236481954229,0.633129816612639,1.06103673221018,9.09238539754703,0.00256675881365893,0.00181847707950941,9.09469863262468,0.0105952518562038,1.41109259002805,0.68223604706491,0.633130036034052,"x2;x3",FALSE,TRUE,TRUE,"x2;x3",FALSE,TRUE,TRUE,0,TRUE,1.12579910509973,1.1235914992265,0.000899387623974088,8.61301849333572e-06,2.8307403800267e-08,1.12361441147482,0.999598321299349,-0.0636319616769899,0.0489896654147773,0.999196803944476,0.681771440292146,0.588071806622625,0.0559658479014267
"rossler",1,16,50,5000,4,13,0.33596394178195,6.86409770940453,0.00879446429392307,0.00137281954188091,7.94787871027044,0.0187992302311667,1.3543738594698,0.681523315132485,0.636516350601306,0.335963936569412,6.86374552878076,0.00879619772957858,0.00137274910575615,7.94810100563385,0.0187971408564254,1.35435502354587,0.681523456062264,0.636516310240591,"x2;x3",FALSE,TRUE,TRUE,"x2;x3",FALSE,TRUE,TRUE,0,TRUE,0.112871770177666,0.11294050948649,9.46025441770771e-05,3.01733484055445e-06,2.8307403800267e-08,0.1129373656325,0.99956840291538,0.0276389933765644,0.00443079506398096,0.999136992106803,0.681752490198166,0.588071806622625,0.0176979550551063
"rossler",1,16,55,5000,4,13,0.186377369604288,0.691717212082965,0.405580906709591,0.000138343442416593,0.755184261942072,0.685510041969038,1.26438237893931,0.672366865419185,0.653764807804229,0.18637732946606,0.691740735819238,0.405572922326873,0.000138348147163848,0.755395451789436,0.685437659410156,1.26439376019662,0.672366371067638,0.653764896251308,"x2;x3",FALSE,TRUE,TRUE,"x2;x3",FALSE,TRUE,TRUE,0,TRUE,0.0347365239006135,0.0347511388450878,2.75343889337968e-05,4.26701741294971e-08,2.8307403800267e-08,0.034755771639336,0.99960420365232,-0.0739715459977856,0.00662374201919878,0.999208563959389,0.672440296337765,0.588071806622625,0.00995229149884771
"rossler",1,16,58,5000,4,13,0.135726499855691,0.077169452694197,0.781170571544254,1.54338905388394e-05,1.80876951764548,0.404790852508308,1.60343104952791,0.673741270208452,0.647620638601747,0.135726505548522,0.0773512443069779,0.780919539718563,1.54702488613956e-05,1.81489085302456,0.403553816269118,1.60343636475467,0.67374004671918,0.647620957345206,"x2;x3",FALSE,TRUE,TRUE,"x2;x3",FALSE,TRUE,TRUE,0,TRUE,0.0184216827630768,0.0183846939726777,1.62835633270992e-05,3.16991053560264e-06,2.8307403800267e-08,0.0183890541605522,0.999470596382069,-0.0933922711117243,0.051956964772884,0.998941473032329,0.673116118676528,0.588071806622625,0.00704568281157133
"rossler",1,16,61,5000,4,13,0.0951535785860749,0.777557250391353,0.377889262097935,0.000155511450078271,30.5413891257044,2.3335742104432e-07,1.54737363882268,0.675535418797652,0.645673813166356,0.0951535742627077,0.777305521359646,0.377966475956942,0.000155461104271929,30.522689356075,2.35549518009332e-07,1.54737307535191,0.675537069172996,0.645673746017249,"x2;x3",FALSE,TRUE,TRUE,"x2;x3",FALSE,TRUE,TRUE,0,TRUE,0.00905420351773632,0.00905087901462908,7.6706707617573e-06,1.53471516076162e-06,2.8307403800267e-08,0.00905076166838069,0.99950002818147,0.00359523502926579,0.0243636361383297,0.99900030633476,0.675616901461419,0.588071806622625,0.00498796144455971
"rossler",1,16,Inf,5000,4,13,0.000166263698523092,1.20588440547289,0.272148739263754,0.000241176881094579,1.24952773268332,0.535387836682298,304719.286924365,0.610695726642709,0.6254640824817,0.000166263842087495,1.20633123795277,0.272059929901485,0.000241266247590553,1.2494463758287,0.535409615860464,298892.483292771,0.610685624296687,0.625470704248586,"x2;x3",FALSE,TRUE,TRUE,"x2;x3",FALSE,TRUE,TRUE,0,TRUE,2.76436174465777e-08,2.8307403800267e-08,5.60424317735276e-11,4.59873618320094e-11,2.8307403800267e-08,0,0.998195575844841,0.998195575844841,-0.222398467366495,0.996394407636214,0.588071806622625,0.588071806622625,0
"rossler",1,17,20,5000,4,13,10.5571495310925,3.15270208588974,0.075801344453638,0.000630540417177947,25.428276159048,3.00829200780957e-06,1.46146246110211,0.68638926263188,0.622774555846664,10.5571494925896,3.15454336750407,0.0757158722364906,0.000630908673500814,25.4277174080518,3.0091325682982e-06,1.46146533193756,0.686388811381126,0.62277371380655,"x2;x3",FALSE,TRUE,TRUE,"x2;x3",FALSE,TRUE,TRUE,0,TRUE,111.453406221847,111.364325708628,0.0984948575565334,0.00710186783841615,3.39210773763361e-08,111.364465112821,0.999513089323048,-0.0348511660135546,0.0299283738185171,0.999026415728103,0.686284967100338,0.641684375945589,0.542572476806219
"rossler",1,17,30,5000,4,13,3.25168811235277,7.78469502878322,0.00526906845407795,0.00155693900575664,13.0804728598497,0.0014441470190829,1.46721263748918,0.678869737965928,0.642061805419221,3.25168800951506,7.78496213526544,0.00526828949271104,0.00155699242705309,13.0836585971036,0.00144184851369804,1.46721547984485,0.678869770772503,0.642061962282122,"x2;x3",FALSE,TRUE,TRUE,"x2;x3",FALSE,TRUE,TRUE,0,TRUE,10.5734755800163,10.5475882576295,0.00883314589376217,0.000112662073081842,3.39210773763361e-08,10.5475591241737,0.999575801002437,0.0246595814998133,0.0570295863164332,0.999151781949663,0.678231977958523,0.641684375945589,0.171576482242653
"rossler",1,17,40,5000,4,13,1.03353335049584,3.15779412534049,0.0755652249429588,0.000631558825068097,8.87505884162304,0.01182511734943,1.38067555923703,0.695975125023264,0.604706018998859,1.03353345046539,3.15737457100809,0.0755846499000359,0.000631474914201618,8.87393714449422,0.0118317513096691,1.38066786382198,0.695975254596867,0.604705906498626,"x2;x3",FALSE,TRUE,TRUE,"x2;x3",FALSE,TRUE,TRUE,0,TRUE,1.06819118658715,1.06767396901004,0.000984363702670804,0.000133665917340136,3.39210773763361e-08,1.06764732154222,0.999470816932698,0.0674025076320459,0.0254511183335671,0.998941913900115,0.696053257871244,0.641684375945589,0.0542572476806219
"rossler",1,17,50,5000,4,13,0.326911387485227,9.65866823868935,0.00188460193590411,0.00193173364773787,10.9506622953949,0.00418884119517075,1.39001161382214,0.688396404513362,0.619608685942495,0.3269113199837,9.65882423204135,0.00188444191169765,0.00193176484640827,10.9508653017885,0.00418841603597647,1.39000862530697,0.688396098452764,0.619608644233986,"x2;x3",FALSE,TRUE,TRUE,"x2;x3",FALSE,TRUE,TRUE,0,TRUE,0.106871055267516,0.107238442918592,9.63444719620031e-05,2.00099677883511e-06,3.39210773763361e-08,0.107228076198144,0.999543829102117,0.08437014907262,-0.0421197943394434,0.999087866296123,0.68892467187837,0.641684375945589,0.0171576482242653
"rossler",1,17,55,5000,4,13,0.183938002319834,12.7504120386041,0.00035593074493523,0.00255008240772082,12.9209462708335,0.00156405552524134,1.3679604736141,0.684553160815318,0.627385331458011,0.183937868401906,12.7434010117783,0.000357267445011582,0.00254868020235566,12.9122696304404,0.00157085563878452,1.36794932576044,0.684551627711843,0.627385397721297,"x2;x3",FALSE,TRUE,TRUE,"x2;x3",FALSE,TRUE,TRUE,0,TRUE,0.0338331886974114,0.0338028671466124,3.25807244087101e-05,5.66122189087241e-07,3.39210773763361e-08,0.0337971869531593,0.999509770812778,0.0837755525088247,0.0303879207494519,0.999019781950213,0.684146058281413,0.641684375945589,0.0096484546395832
"rossler",1,17,58,5000,4,13,0.1315972807395,0.217795201760559,0.640725023530112,4.35590403521119e-05,16.0100830685659,0.000333775637646095,1.41610114201226,0.692009572928382,0.614778832293052,0.131597300395577,0.217728738594219,0.640775981681558,4.35457477188438e-05,16.0121570458505,0.000333429695500808,1.41610319627908,0.692009185509885,0.614778552027615,"x2;x3",FALSE,TRUE,TRUE,"x2;x3",FALSE,TRUE,TRUE,0,TRUE,0.0173178442980307,0.0173298056923703,1.57355619176722e-05,9.41239227932671e-07,3.39210773763361e-08,0.0173300722620707,0.999517882359382,-0.00651386592410354,0.00474006448897186,0.999035997156183,0.692130056536976,0.641684375945589,0.00683058278791451
"rossler",1,17,61,5000,4,13,0.0923603148540557,21.7619454198088,3.08662015688349e-06,0.00435238908396175,26.4980476074991,1.76206559466763e-06,1.48506776173454,0.689123624139824,0.621312451030853,0.0923603241769354,21.7610813886612,3.08801056510154e-06,0.00435221627773224,26.4969782838218,1.76300795579811e-06,1.4850690654137,0.689123656240727,0.621312431382695,"x2;x3",FALSE,TRUE,TRUE,"x2;x3",FALSE,TRUE,TRUE,0,TRUE,0.00853042775994029,0.00851652529158818,8.06981039438923e-06,8.13672124258992e-08,3.39210773763361e-08,0.00851552304658745,0.999525471891535,0.0315474469302591,0.0418433239847419,0.999051168959996,0.689204186105008,0.641684375945589,0.00483568228959093
"rossler",1,17,Inf,5000,4,13,0.000178899461562975,3.3943732933574,0.0654192190810586,0.00067887465867148,6.50128122084864,0.0387493766244045,178422.533166742,0.634262442743452,0.570986839758314,0.000178870841046326,3.32984371968457,0.0680333386993657,0.000665968743936914,6.31148189409727,0.0426068198966838,124953.498351518,0.634411067323014,0.571987829854338,"x2;x3",TRUE,FALSE,TRUE,"x2;x3",TRUE,FALSE,FALSE,0,TRUE,3.20050173475225e-08,3.39210773763361e-08,5.79688022030944e-11,1.21878976292166e-09,3.39210773763361e-08,0,0.981087363123615,0.981087363123615,-0.1658879795279,0.962532414080848,0.641684375945589,0.641684375945589,0
"rossler",1,18,20,5000,4,13,9.52798120116821,7.5971346102274,0.0058461137599946,0.00151942692204548,10.604929583103,0.00497930581842936,1.54192950031664,0.668066103680591,0.661675993640617,9.52797936747251,7.59769304150167,0.00584430329780999,0.00151953860830033,10.6042944241465,0.00498088739489813,1.53906244750345,0.668066070516445,0.661675731084875,"x2;x3",FALSE,TRUE,TRUE,"x2;x3",FALSE,TRUE,TRUE,0,TRUE,90.7824257698148,90.8858433985278,0.0917318348970958,0.000300865301542986,1.56568203288949e-08,90.8858256676211,0.99949606395665,0.00786095471963793,-0.00208298966012099,0.998992381864835,0.668330789370546,0.992580098437571,0.509515884938364
"rossler",1,18,30,5000,4,13,3.08872722368292,0.608871213362932,0.435213135057044,0.000121774242672586,1.4926411185486,0.474107798914212,1.53967036616742,0.683270473875161,0.625645389559251,3.08872638828227,0.608718585419768,0.435270693691695,0.000121743717083954,1.49303585509773,0.47401423430963,1.53964900814813,0.68326955494352,0.625645453577109,"x2;x3",FALSE,TRUE,TRUE,"x2;x3",FALSE,TRUE,TRUE,0,TRUE,9.54023586231997,9.52631245148311,0.00876511081652303,0.000176027919579534,1.56568203288949e-08,9.52631420454425,0.999533641622944,-0.00199734059273097,0.0394284379222496,0.999067500736024,0.683117006815861,0.992580098437571,0.161123070044151
"rossler",1,18,40,5000,4,13,0.971625650727396,5.47532203476054,0.0192868068566855,0.00109506440695211,5.54646087134512,0.0624599057763282,1.40766108114623,0.682988047828096,0.633405120526588,0.971625592488604,5.47534828973694,0.0192865171473966,0.00109506965794739,5.54652569485233,0.0624578813740594,1.40765613293183,0.682988044991315,0.633405151928875,"x2;x3",FALSE,TRUE,TRUE,"x2;x3",FALSE,TRUE,TRUE,0,TRUE,0.944056405151435,0.9425638541969,0.000887771804782349,7.30060383783511e-06,1.56568203288949e-08,0.942564310306742,0.999525273115899,-0.00285019183738935,0.0412384931532356,0.999050771597413,0.682616520722697,0.992580098437571,0.0509515884938364
"rossler",1,18,50,5000,4,13,0.300440806471201,30.1749808134102,3.94769374245753e-08,0.00603499616268205,56.3136258157321,5.91087160983018e-13,1.59485699575697,0.677738517217096,0.639968733871704,0.300440698614969,30.1760882771594,3.94544013622935e-08,0.00603521765543189,56.3192623226201,5.89423672722663e-13,1.59493777143351,0.677738758919015,0.639968782416039,"x2;x3",FALSE,TRUE,TRUE,"x2;x3",FALSE,TRUE,TRUE,0,TRUE,0.0902646781930659,0.0901856873818145,8.065347917593e-05,5.23197621264376e-08,1.56568203288949e-08,0.0901853157042547,0.999552050405299,0.00579148441322453,0.0296128392924258,0.999104301469438,0.677497813007268,0.992580098437571,0.0161123070044151
"rossler",1,18,55,5000,4,13,0.171345181871861,4.14161655750293,0.0418411939280005,0.000828323311500587,4.22888333557569,0.120700661810875,1.47530189332238,0.68278394150133,0.627012213284235,0.171345169067042,4.14161179877601,0.0418413115465823,0.000828322359755202,4.22888027042967,0.120700846793593,1.47530355588678,0.68278389581164,0.627012209927863,"x2;x3",FALSE,TRUE,TRUE,"x2;x3",FALSE,TRUE,TRUE,0,TRUE,0.0293591713507013,0.0292353592638141,2.69040372442014e-05,8.79737618839265e-08,1.56568203288949e-08,0.0292355215392904,0.999540408830811,-0.002746612371846,0.0848471636210769,0.999081028885664,0.682311987990879,0.992580098437571,0.00906061607273653
"rossler",1,18,58,5000,4,13,0.122946037214959,5.41363866791336,0.0199800272173739,0.00108272773358267,5.63500220644715,0.0597550780663562,1.38128791297358,0.689324676817897,0.619332816101143,0.122946025213933,5.41157123673174,0.0200037030771639,0.00108231424734635,5.63239920842495,0.0598328998728847,1.38130250338458,0.689324554019697,0.619332978390836,"x2;x3",FALSE,TRUE,TRUE,"x2;x3",FALSE,TRUE,TRUE,0,TRUE,0.0151157280668621,0.0151126970504819,1.40690612576424e-05,1.81570867836884e-07,1.56568203288949e-08,0.0151124842785183,0.99952983569084,0.00819398796415401,0.0187857252492506,0.999059892436158,0.689131487365815,0.992580098437571,0.00641442495261699
"rossler",1,18,61,5000,4,13,0.0871176516807065,3.77747795156935,0.0519469039860656,0.000755495590313871,8.58179948608106,0.01369259993187,1.3845219153077,0.675411346146423,0.646758604373078,0.0871176470564736,3.77743660022675,0.0519481878987071,0.000755487320045349,8.57992565071225,0.0137054347825521,1.38451310209883,0.675411295573037,0.64675873018649,"x2;x3",FALSE,TRUE,TRUE,"x2;x3",FALSE,TRUE,TRUE,0,TRUE,0.0075894852343609,0.00758573768970134,6.73568815334486e-06,1.57539679594853e-07,1.56568203288949e-08,0.00758535841315678,0.999554095444073,0.0179792944438052,0.0232788930910728,0.999108389719019,0.675409671548845,0.992580098437571,0.00454106510445362
"rossler",1,18,Inf,5000,4,13,0.000120977076524274,753.136958193427,8.34287632059777e-166,0.150627391638685,2321.83281474606,0,191440.191465195,0.992513334556707,0.0149088908532757,0.000120940173389779,754.517674793283,4.17926899130131e-166,0.150903534958657,2314.56177788891,0,125084.711084534,0.992534506085849,0.0149302689191721,"x2;x3",TRUE,FALSE,TRUE,"x2;x3",TRUE,FALSE,FALSE,0,TRUE,1.46354530443601e-08,1.56568203288949e-08,1.50612427853544e-12,6.36471211046262e-10,1.56568203288949e-08,0,0.979337655064963,0.979337655064963,-0.850965275558218,0.959102242628141,0.992580098437571,0.992580098437571,0
"rossler",1,19,20,5000,4,13,9.45807071567207,0.635447926187027,0.425363992129985,0.000127089585237405,1.23814958933743,0.538442376968835,1.29504827459936,0.66369525500369,0.667900237566331,9.45806364226484,0.631683394834737,0.426738505218316,0.000126336678966947,1.22859280972218,0.541021421467632,1.29503814424962,0.66369500969664,0.667900186830003,"x2;x3",FALSE,TRUE,TRUE,"x2;x3",FALSE,TRUE,TRUE,0,TRUE,89.4551016626536,89.431332213972,0.0869890308830964,0.000243799507653034,2.84471719352171e-08,89.4313877409213,0.999513529077977,-0.0154736263688491,0.0197920704539575,0.999027294809913,0.663695298741001,0.914879922049187,0.50496453700494
"rossler",1,19,30,5000,4,13,2.92826108645096,2.15348142198194,0.142247019838396,0.000430696284396389,2.18475317036134,0.335418395320341,1.35143268765544,0.663267331902833,0.666984993456324,2.9282610192451,2.15322349282534,0.142270912162621,0.000430644698565067,2.18458418188476,0.335446737439519,1.35143216450177,0.663267252687496,0.666985034914474,"x2;x3",FALSE,TRUE,TRUE,"x2;x3",FALSE,TRUE,TRUE,0,TRUE,8.57471299042295,8.56373906956882,0.00882552565316374,4.41443571373428e-05,2.84471719352171e-08,8.56373964450355,0.99948449899561,-0.00194690145233216,0.0361056884388544,0.998969263732505,0.662931669251291,0.914879922049187,0.159683807454799
"rossler",1,19,40,5000,4,13,0.957959700224347,8.94289476616202,0.00278550937339074,0.0017885789532324,10.4799752251993,0.00530032249268037,1.28245603237067,0.685159407012149,0.627387327369405,0.957959780832749,8.94438949929367,0.00278323097681206,0.00178887789985873,10.4790899654193,0.0053026690931417,1.28247496045834,0.685159235058135,0.627387283922946,"x2;x3",FALSE,TRUE,TRUE,"x2;x3",FALSE,TRUE,TRUE,0,TRUE,0.91768678725392,0.916451906559698,0.000897693083853556,2.59327347555484e-05,2.84471719352171e-08,0.916441734112179,0.999497262115558,0.0308628338047451,0.0375711326910743,0.998994776976496,0.685060215935158,0.914879922049187,0.050496453700494
"rossler",1,19,50,5000,4,13,0.300895662994895,1.26518861756774,0.26067123632347,0.000253037723513547,4.30906049998877,0.115957648927215,1.35494446480449,0.682394068985286,0.629409241939145,0.300895926922457,1.26581745281154,0.260552791834099,0.000253163490562308,4.30648995691739,0.116106781810322,1.35500948670847,0.682394424164996,0.629409612791058,"x2;x3",FALSE,TRUE,TRUE,"x2;x3",FALSE,TRUE,TRUE,0,TRUE,0.0905382000091377,0.0905438103475075,9.22479430852251e-05,1.7698847757381e-06,2.84471719352171e-08,0.0905434653304952,0.999479941610714,0.00302532925628323,0.0153694590808471,0.998960153682156,0.682511099344892,0.914879922049187,0.0159683807454799
"rossler",1,19,55,5000,4,13,0.18014652734164,2.44393306933714,0.117980079818507,0.000488786613867429,3.87194747453483,0.144283705977416,1.46509307623335,0.691028005728724,0.610330429897453,0.180146489825679,2.44497923506917,0.11790144542658,0.000488995847013834,3.87265552806853,0.144232634724309,1.46508415720115,0.691028661641676,0.610330349403123,"x2;x3",FALSE,TRUE,TRUE,"x2;x3",FALSE,TRUE,TRUE,0,TRUE,0.0324527713132522,0.0323223153292554,2.7829984152221e-05,1.13497502757888e-06,2.84471719352171e-08,0.0323255173106493,0.99955689118509,-0.0508829663748307,0.0839846982595955,0.999113978715601,0.69071482401309,0.914879922049187,0.00897968038955722
"rossler",1,19,58,5000,4,13,0.124341968725669,0.0906506126262357,0.763351660162372,1.81301225252471e-05,0.0960683596049011,0.953101209709701,1.43404826140257,0.676896146737878,0.630894915132824,0.124341789459705,0.0905595281016933,0.763467033055703,1.81119056203387e-05,0.0960024093597453,0.953132638857107,1.43408298107239,0.676895435704417,0.630895379053313,"x2;x3",FALSE,TRUE,TRUE,"x2;x3",FALSE,TRUE,TRUE,0,TRUE,0.0154609251865754,0.0154206814539954,1.39043371732238e-05,4.26445669177055e-07,2.84471719352171e-08,0.0154172167105691,0.999539244705392,0.0820336747728312,0.0586203080568167,0.999078701706226,0.676692264889067,0.914879922049187,0.00635712687690395
"rossler",1,19,61,5000,4,13,0.084091573268521,0.0434693683410582,0.83484397792018,8.69387366821165e-06,2.57824700722733,0.275512162705121,1.33370277137186,0.672496246297017,0.650337507652997,0.0840915759855388,0.0434758461818796,0.83483184982665,8.69516923637593e-06,2.5782406219513,0.27551304231713,1.33370110742549,0.672496207740124,0.650337560066035,"x2;x3",FALSE,TRUE,TRUE,"x2;x3",FALSE,TRUE,TRUE,0,TRUE,0.00707139269477503,0.00706312401885331,7.01479556936261e-06,4.83707158161033e-08,2.84471719352171e-08,0.00706327978456309,0.999501772130869,-0.00377463655307277,0.0344826452459593,0.999003792492748,0.67244997140077,0.914879922049187,0.00450050117329925
"rossler",1,19,Inf,5000,4,13,0.000163544518770895,233.114723856839,1.24764968107339e-52,0.0466229447713677,493.666815528808,6.3330520664572e-108,182007.183492954,0.913967144223359,0.164486023040155,0.000163523174920574,229.940274080756,6.14282041727447e-52,0.0459880548161512,485.421223229624,3.90949512866612e-106,121826.767924744,0.91396853832629,0.164767587368165,"x2;x3",TRUE,FALSE,TRUE,"x2;x3",TRUE,FALSE,FALSE,0,TRUE,2.67468096200038e-08,2.84471719352171e-08,5.72286243523531e-12,1.08883642825977e-09,2.84471719352171e-08,0,0.980481653176915,0.980481653176915,-0.600537181288706,0.961344272216537,0.914879922049187,0.914879922049187,0
