"trial","log10n","n","snr","variant","p_selected","truth_in_selected","n_spurious_selected","p_final","success","truth_in_final","n_spurious_final","selected"
0,5,1e+05,49,"min/min",14,TRUE,7,8,TRUE,TRUE,0,"x3;x1^2;x2^2;x1 x3;x3^2;x1^2 x3;x2^2 x3;x3^3;x1^4;x1^2 x2^2;x2^4;x1^3 x3;x1 x2^2 x3;x3^4"
0,5,1e+05,49,"min/1se",15,TRUE,8,8,TRUE,TRUE,0,"x2;x3;x1^2;x2^2;x1 x3;x1^2 x3;x2^2 x3;x3^3;x1^4;x1^2 x2^2;x2^4;x1^3 x3;x1 x2^2 x3;x3^4;x1^3 x2 x3"
0,5,1e+05,49,"1se/1se",15,TRUE,8,8,TRUE,TRUE,0,"x2;x3;x1^2;x2^2;x1 x3;x1^2 x3;x2^2 x3;x3^3;x1^4;x1^2 x2^2;x2^4;x1^3 x3;x1 x2^2 x3;x3^4;x1^3 x2 x3"
1,5,1e+05,49,"min/min",39,FALSE,34,35,FALSE,FALSE,29,"x2;x3;x1^2;x1 x2;x2^2;x1 x3;x2 x3;x3^2;x1^3;x1^2 x2;x2^3;x1 x2 x3;x2^2 x3;x1 x3^2;x3^3;x1^4;x1^3 x2;x1^2 x2^2;x2^4;x1^2 x2 x3;x2^3 x3;x1^2 x3^2;x2^2 x3^2;x1 x3^3;x2 x3^3;x3^4;x1^4 x2;x1^3 x2^2;x1^2 x2^3;x1 x2^4;x2^5;x1^4 x3;x1^3 x2 x3;x1^2 x2^2 x3;x1 x2^3 x3;x1^2 x2 x3^2;x2^3 x3^2;x1 x3^4;x3^5"
1,5,1e+05,49,"min/1se",37,FALSE,33,35,FALSE,FALSE,30,"x2;x3;x1^2;x1 x2;x2^2;x1 x3;x2 x3;x3^2;x1^3;x1^2 x2;x2^3;x1 x2 x3;x2^2 x3;x1 x3^2;x1^4;x1^2 x2^2;x2^4;x1^2 x2 x3;x2^3 x3;x1^2 x3^2;x1 x2 x3^2;x2^2 x3^2;x1 x3^3;x2 x3^3;x3^4;x1^3 x2^2;x1^2 x2^3;x1 x2^4;x2^5;x1^4 x3;x1^3 x2 x3;x1^2 x2^2 x3;x1 x2^3 x3;x1^2 x2 x3^2;x2^3 x3^2;x1 x3^4;x3^5"
1,5,1e+05,49,"1se/1se",19,FALSE,16,20,FALSE,FALSE,16,"x3;x1^2;x1 x2;x2^2;x1 x3;x2 x3;x3^2;x1^3;x1^4;x1^2 x2^2;x1^2 x2 x3;x1^2 x3^2;x2^2 x3^2;x1 x3^3;x3^4;x1^2 x2^3;x1 x2^4;x1^4 x3;x1 x2^3 x3"
2,5,1e+05,49,"min/min",25,TRUE,18,8,TRUE,TRUE,0,"x2;x3;x1^2;x2^2;x1 x3;x3^2;x1^3;x1^2 x2;x1 x2^2;x2^3;x1^2 x3;x1 x2 x3;x2^2 x3;x2 x3^2;x3^3;x1^4;x1^2 x2^2;x2^4;x1^3 x3;x2^2 x3^2;x1 x3^3;x3^4;x1^3 x2 x3;x1^2 x2^2 x3;x1 x2^3 x3"
2,5,1e+05,49,"min/1se",17,FALSE,12,18,FALSE,FALSE,12,"x2;x3;x1^2;x2^2;x1 x3;x1^2 x2;x1 x2^2;x2^3;x1^2 x3;x1 x2 x3;x2 x3^2;x3^3;x1^4;x1^2 x2^2;x2^4;x2^2 x3^2;x3^4"
2,5,1e+05,49,"1se/1se",16,FALSE,11,17,FALSE,FALSE,11,"x2;x3;x1^2;x2^2;x1 x3;x1^2 x2;x1 x2^2;x1^2 x3;x1 x2 x3;x2 x3^2;x3^3;x1^4;x1^2 x2^2;x2^4;x2^2 x3^2;x3^4"
3,5,1e+05,49,"min/min",33,TRUE,26,10,FALSE,TRUE,2,"x1;x2;x3;x1^2;x2^2;x2 x3;x1^2 x2;x2^3;x1^2 x3;x2^2 x3;x1 x3^2;x2 x3^2;x3^3;x1^4;x1^2 x2^2;x2^4;x1^3 x3;x1 x2^2 x3;x2^3 x3;x1^2 x3^2;x2^2 x3^2;x1 x3^3;x1^5;x1^4 x2;x1^3 x2^2;x1^4 x3;x1^2 x2^2 x3;x2^4 x3;x1^3 x3^2;x1^2 x2 x3^2;x2^3 x3^2;x1^2 x3^3;x2^2 x3^3"
3,5,1e+05,49,"min/1se",17,FALSE,12,18,FALSE,FALSE,12,"x1;x2;x3;x1^2;x2^2;x2 x3;x1^2 x2;x2^3;x1 x3^2;x3^3;x1^4;x1^2 x2^2;x2^4;x1^3 x3;x1^2 x2 x3;x1^2 x3^2;x2^2 x3^2"
3,5,1e+05,49,"1se/1se",17,FALSE,12,18,FALSE,FALSE,12,"x1;x2;x3;x1^2;x2^2;x2 x3;x1^2 x2;x2^3;x1 x3^2;x3^3;x1^4;x1^2 x2^2;x2^4;x1^3 x3;x1^2 x2 x3;x1^2 x3^2;x2^2 x3^2"
4,5,1e+05,49,"min/min",12,TRUE,5,8,TRUE,TRUE,0,"x3;x1^2;x2^2;x1 x3;x1^2 x3;x2^2 x3;x3^3;x1^2 x2^2;x2^4;x1^3 x3;x2^2 x3^2;x3^4"
4,5,1e+05,49,"min/1se",15,FALSE,9,14,FALSE,FALSE,7,"x3;x1^2;x2^2;x1 x3;x1^2 x2;x2^3;x1^2 x3;x2 x3^2;x3^3;x1^2 x2^2;x2^4;x1^3 x3;x2^2 x3^2;x2 x3^3;x3^4"
4,5,1e+05,49,"1se/1se",16,FALSE,10,13,FALSE,FALSE,6,"x3;x1^2;x2^2;x1 x3;x3^2;x1^2 x2;x2^3;x1^2 x3;x2 x3^2;x3^3;x1^2 x2^2;x2^4;x1^3 x3;x2^2 x3^2;x2 x3^3;x3^4"
5,5,1e+05,49,"min/min",25,FALSE,19,21,FALSE,FALSE,14,"x2;x3;x1^2;x2^2;x3^2;x1^3;x1^2 x2;x1 x2^2;x1 x2 x3;x2^2 x3;x1 x3^2;x3^3;x1^4;x1^2 x2^2;x2^4;x1^3 x3;x1^2 x2 x3;x1^2 x3^2;x2^2 x3^2;x1 x3^3;x3^4;x1^2 x2^3;x1^4 x3;x1^2 x2^2 x3;x1 x2^2 x3^2"
5,5,1e+05,49,"min/1se",18,FALSE,13,18,FALSE,FALSE,12,"x3;x1^2;x2^2;x1^3;x1 x2^2;x1 x2 x3;x1 x3^2;x3^3;x1^4;x1^2 x2^2;x1^3 x3;x1^2 x2 x3;x2^3 x3;x1^2 x3^2;x2^2 x3^2;x3^4;x1^4 x3;x1^2 x2^2 x3"
5,5,1e+05,49,"1se/1se",18,FALSE,13,18,FALSE,FALSE,12,"x3;x1^2;x2^2;x1^3;x1 x2^2;x1 x2 x3;x1 x3^2;x3^3;x1^4;x1^2 x2^2;x1^3 x3;x1^2 x2 x3;x2^3 x3;x1^2 x3^2;x2^2 x3^2;x3^4;x1^4 x3;x1^2 x2^2 x3"
6,5,1e+05,49,"min/min",15,TRUE,8,8,TRUE,TRUE,0,"x1;x3;x1^2;x2^2;x1 x3;x3^2;x1 x2^2;x1^2 x3;x2^2 x3;x3^3;x1^4;x1^2 x2^2;x2^4;x1^3 x3;x3^4"
6,5,1e+05,49,"min/1se",13,TRUE,6,8,TRUE,TRUE,0,"x2;x3;x1^2;x2^2;x1 x3;x1 x2^2;x1^2 x3;x2^2 x3;x3^3;x1^4;x1^2 x2^2;x2^4;x1^3 x3"
6,5,1e+05,49,"1se/1se",13,TRUE,6,8,TRUE,TRUE,0,"x2;x3;x1^2;x2^2;x1 x3;x1 x2^2;x1^2 x3;x2^2 x3;x3^3;x1^4;x1^2 x2^2;x2^4;x1^3 x3"
7,5,1e+05,49,"min/min",31,FALSE,25,22,FALSE,FALSE,15,"x1;x2;x3;x1^2;x2^2;x1 x3;x3^2;x1^3;x1^2 x2;x2^3;x1^2 x3;x2 x3^2;x3^3;x1^4;x1^2 x2^2;x2^4;x1^3 x3;x1 x2^2 x3;x1^2 x3^2;x1 x2 x3^2;x2^2 x3^2;x1 x3^3;x2 x3^3;x3^4;x1^4 x3;x1^3 x2 x3;x1^2 x2^2 x3;x1 x2^3 x3;x2^4 x3;x1^3 x3^2;x2^2 x3^3"
7,5,1e+05,49,"min/1se",17,FALSE,13,17,FALSE,FALSE,12,"x1;x3;x1^2;x2^2;x1 x3;x3^2;x3^3;x1^4;x1^2 x2^2;x2^4;x1^2 x3^2;x2^2 x3^2;x2 x3^3;x3^4;x1^4 x3;x1^2 x2^2 x3;x1 x2^3 x3"
7,5,1e+05,49,"1se/1se",17,FALSE,13,17,FALSE,FALSE,12,"x1;x3;x1^2;x2^2;x1 x3;x3^2;x3^3;x1^4;x1^2 x2^2;x2^4;x1^2 x3^2;x2^2 x3^2;x2 x3^3;x3^4;x1^4 x3;x1^2 x2^2 x3;x1 x2^3 x3"
8,5,1e+05,49,"min/min",19,FALSE,13,17,FALSE,FALSE,10,"x1;x3;x1^2;x1 x2;x2^2;x1^2 x3;x1 x3^2;x2 x3^2;x3^3;x1^4;x1^2 x2^2;x1 x2^3;x2^4;x1^3 x3;x1^2 x3^2;x2^2 x3^2;x3^4;x1^2 x2^2 x3;x2^4 x3"
8,5,1e+05,49,"min/1se",16,FALSE,11,14,FALSE,FALSE,8,"x1;x3;x1^2;x1 x2;x2^2;x1^3;x1 x3^2;x3^3;x1^4;x1^2 x2^2;x2^4;x1^3 x3;x1^2 x3^2;x2^2 x3^2;x3^4;x1^2 x2^2 x3"
8,5,1e+05,49,"1se/1se",15,FALSE,10,15,FALSE,FALSE,9,"x1;x3;x1^2;x1 x2;x2^2;x1^3;x1 x3^2;x3^3;x1^4;x1^2 x2^2;x2^4;x1^3 x3;x1^2 x3^2;x2^2 x3^2;x3^4"
9,5,1e+05,49,"min/min",32,FALSE,26,31,FALSE,FALSE,24,"x3;x1^2;x1 x2;x2^2;x1 x3;x2 x3;x3^2;x1^3;x2^2 x3;x2 x3^2;x3^3;x1^4;x1^2 x2^2;x2^4;x1^3 x3;x1^2 x2 x3;x1 x2^2 x3;x2^3 x3;x1^2 x3^2;x1 x2 x3^2;x2^2 x3^2;x1 x3^3;x3^4;x1^4 x2;x1^2 x2^3;x1 x2^4;x1^4 x3;x1^2 x2^2 x3;x1 x2^3 x3;x2^4 x3;x1^2 x3^3;x1 x3^4"
9,5,1e+05,49,"min/1se",16,FALSE,12,16,FALSE,FALSE,12,"x2;x3;x1^2;x2^2;x1 x3;x2 x3;x3^2;x1^3;x2^4;x1^3 x3;x1 x2^2 x3;x1^2 x3^2;x2^2 x3^2;x1 x3^3;x3^4;x1^2 x2^3"
9,5,1e+05,49,"1se/1se",16,FALSE,12,16,FALSE,FALSE,12,"x2;x3;x1^2;x2^2;x1 x3;x2 x3;x3^2;x1^3;x2^4;x1^3 x3;x1 x2^2 x3;x1^2 x3^2;x2^2 x3^2;x1 x3^3;x3^4;x1^2 x2^3"
10,5,1e+05,49,"min/min",9,TRUE,2,8,TRUE,TRUE,0,"x3;x1^2;x2^2;x1^2 x3;x2^2 x3;x3^3;x1^3 x3;x1^2 x3^2;x2^2 x3^2"
10,5,1e+05,49,"min/1se",13,TRUE,6,9,FALSE,TRUE,1,"x3;x1^2;x2^2;x2 x3;x1^3;x1^2 x3;x2^2 x3;x3^3;x1^2 x2^2;x2^4;x1^3 x3;x1^2 x3^2;x2^2 x3^2"
10,5,1e+05,49,"1se/1se",13,TRUE,6,9,FALSE,TRUE,1,"x3;x1^2;x2^2;x2 x3;x1^3;x1^2 x3;x2^2 x3;x3^3;x1^2 x2^2;x2^4;x1^3 x3;x1^2 x3^2;x2^2 x3^2"
11,5,1e+05,49,"min/min",48,TRUE,41,12,FALSE,TRUE,4,"x1;x2;x3;x1^2;x1 x2;x2^2;x1 x3;x2 x3;x3^2;x1^3;x1 x2^2;x2^3;x1^2 x3;x1 x2 x3;x2^2 x3;x1 x3^2;x3^3;x1^4;x1^3 x2;x1^2 x2^2;x1 x2^3;x2^4;x1^3 x3;x1^2 x2 x3;x1 x2^2 x3;x2^3 x3;x1^2 x3^2;x1 x2 x3^2;x2^2 x3^2;x1 x3^3;x2 x3^3;x3^4;x1^5;x1^4 x2;x1^3 x2^2;x1^2 x2^3;x1 x2^4;x2^5;x1^4 x3;x1^3 x2 x3;x1^2 x2^2 x3;x2^4 x3;x1^3 x3^2;x1^2 x2 x3^2;x1 x2^2 x3^2;x2^2 x3^3;x1 x3^4;x3^5"
11,5,1e+05,49,"min/1se",20,FALSE,15,20,FALSE,FALSE,14,"x2;x3;x1^2;x2^2;x1 x3;x2 x3;x1^3;x1^2 x3;x3^3;x1^2 x2^2;x1 x2^3;x2^4;x1^2 x2 x3;x1 x2 x3^2;x2^2 x3^2;x1 x3^3;x3^4;x1^2 x2^3;x1^3 x2 x3;x1^2 x2^2 x3"
11,5,1e+05,49,"1se/1se",18,FALSE,13,19,FALSE,FALSE,13,"x2;x3;x1^2;x2^2;x1 x3;x2 x3;x1^3;x1^2 x3;x3^3;x1^2 x2^2;x1 x2^3;x2^4;x2^2 x3^2;x1 x3^3;x3^4;x1^2 x2^3;x1^3 x2 x3;x1^2 x2^2 x3"
12,5,1e+05,49,"min/min",36,FALSE,31,31,FALSE,FALSE,25,"x1;x2;x3;x1^2;x2^2;x3^2;x1^3;x1 x2^2;x2^3;x2 x3^2;x3^3;x1^4;x1^2 x2^2;x2^4;x1^3 x3;x1^2 x2 x3;x1 x2^2 x3;x1^2 x3^2;x1 x2 x3^2;x2^2 x3^2;x1 x3^3;x3^4;x1^5;x1^4 x2;x1^3 x2^2;x1^2 x2^3;x1 x2^4;x1^4 x3;x1^3 x2 x3;x1^2 x2^2 x3;x2^4 x3;x1^3 x3^2;x1 x2^2 x3^2;x2^3 x3^2;x1^2 x3^3;x2^2 x3^3"
12,5,1e+05,49,"min/1se",32,FALSE,27,27,FALSE,FALSE,21,"x1;x2;x3;x1^2;x2^2;x3^2;x1^3;x1^2 x2;x1 x2^2;x3^3;x1^2 x2^2;x2^4;x1^3 x3;x1^2 x2 x3;x1 x2^2 x3;x1^2 x3^2;x2^2 x3^2;x1 x3^3;x3^4;x1^5;x1^4 x2;x1^3 x2^2;x1^2 x2^3;x1^4 x3;x1^3 x2 x3;x1^2 x2^2 x3;x2^4 x3;x1^3 x3^2;x1^2 x2 x3^2;x1 x2^2 x3^2;x2^3 x3^2;x1^2 x3^3"
12,5,1e+05,49,"1se/1se",26,FALSE,21,22,FALSE,FALSE,16,"x1;x2;x3;x1^2;x2^2;x2 x3;x3^2;x1 x2^2;x3^3;x1^4;x1^2 x2^2;x2^4;x1^3 x3;x1 x2^2 x3;x1^2 x3^2;x2^2 x3^2;x1 x3^3;x3^4;x1^5;x1^3 x2^2;x1 x2^4;x1^4 x3;x1^2 x2^2 x3;x2^4 x3;x1^3 x3^2;x1^2 x3^3"
13,5,1e+05,49,"min/min",42,FALSE,36,32,FALSE,FALSE,25,"x1;x2;x3;x1^2;x2^2;x1 x3;x2 x3;x3^2;x1^2 x2;x1 x2^2;x2^3;x1 x2 x3;x2^2 x3;x2 x3^2;x3^3;x1^4;x1^2 x2^2;x2^4;x1^3 x3;x1^2 x2 x3;x1 x2^2 x3;x2^3 x3;x1^2 x3^2;x2^2 x3^2;x1 x3^3;x3^4;x1^5;x1^4 x2;x1^3 x2^2;x1^2 x2^3;x1 x2^4;x1^4 x3;x1^2 x2^2 x3;x2^4 x3;x1^3 x3^2;x1^2 x2 x3^2;x1 x2^2 x3^2;x2^3 x3^2;x1^2 x3^3;x1 x2 x3^3;x1 x3^4;x2 x3^4"
13,5,1e+05,49,"min/1se",24,FALSE,19,25,FALSE,FALSE,19,"x1;x2;x3;x1^2;x2^2;x1 x3;x2 x3;x3^2;x2^3;x2 x3^2;x3^3;x2^4;x1^3 x3;x1^2 x2 x3;x1 x2^2 x3;x2^3 x3;x1^2 x3^2;x2^2 x3^2;x1 x3^3;x3^4;x1^2 x2^2 x3;x2^4 x3;x1 x2^2 x3^2;x1 x3^4"
13,5,1e+05,49,"1se/1se",24,FALSE,19,23,FALSE,FALSE,17,"x1;x2;x3;x1^2;x2^2;x1 x3;x2 x3;x3^2;x2^3;x2 x3^2;x3^3;x1^2 x2^2;x2^4;x1^3 x3;x1^2 x2 x3;x1 x2^2 x3;x2^3 x3;x1^2 x3^2;x2^2 x3^2;x1 x3^3;x3^4;x1^2 x2^2 x3;x2^4 x3;x1 x3^4"
14,5,1e+05,49,"min/min",28,FALSE,23,25,FALSE,FALSE,19,"x1;x2;x3;x1^2;x2^2;x1 x3;x2 x3;x3^2;x1^3;x1 x2^2;x3^3;x1^4;x1^2 x2^2;x2^4;x1^3 x3;x1^2 x2 x3;x1^2 x3^2;x1 x2 x3^2;x2^2 x3^2;x2 x3^3;x3^4;x1^4 x2;x1^3 x2^2;x1^2 x2^3;x2^5;x1^4 x3;x1^2 x2^2 x3;x2^4 x3"
14,5,1e+05,49,"min/1se",18,FALSE,13,18,FALSE,FALSE,12,"x2;x3;x1^2;x2^2;x2 x3;x1^3;x1 x2^2;x3^3;x1^4;x1^2 x2^2;x2^4;x1^3 x3;x1^2 x3^2;x2^2 x3^2;x1^2 x2^3;x1^4 x3;x1^2 x2^2 x3;x2^4 x3"
14,5,1e+05,49,"1se/1se",18,FALSE,13,18,FALSE,FALSE,12,"x2;x3;x1^2;x2^2;x2 x3;x1^3;x1 x2^2;x3^3;x1^4;x1^2 x2^2;x2^4;x1^3 x3;x1^2 x3^2;x2^2 x3^2;x1^2 x2^3;x1^4 x3;x1^2 x2^2 x3;x2^4 x3"
15,5,1e+05,49,"min/min",21,FALSE,16,20,FALSE,FALSE,14,"x1;x3;x1^2;x2^2;x3^2;x1 x3^2;x3^3;x1^4;x1^2 x2^2;x2^4;x1^3 x3;x1^2 x2 x3;x2^3 x3;x1^2 x3^2;x2^2 x3^2;x3^4;x1^2 x2^3;x1^4 x3;x1^2 x2^2 x3;x2^4 x3;x1^2 x2 x3^2"
15,5,1e+05,49,"min/1se",16,FALSE,11,17,FALSE,FALSE,11,"x3;x1^2;x2^2;x1 x3^2;x3^3;x1^2 x2^2;x2^4;x1^3 x3;x1^2 x2 x3;x1^2 x3^2;x2^2 x3^2;x3^4;x1^2 x2^3;x1^4 x3;x1^2 x2^2 x3;x2^4 x3"
15,5,1e+05,49,"1se/1se",16,FALSE,11,17,FALSE,FALSE,11,"x3;x1^2;x2^2;x1 x3^2;x3^3;x1^2 x2^2;x2^4;x1^3 x3;x1^2 x2 x3;x1^2 x3^2;x2^2 x3^2;x3^4;x1^2 x2^3;x1^4 x3;x1^2 x2^2 x3;x2^4 x3"
16,5,1e+05,49,"min/min",16,FALSE,11,17,FALSE,FALSE,11,"x2;x3;x1^2;x2^2;x3^3;x1^4;x1^2 x2^2;x2^4;x1^3 x3;x1^2 x2 x3;x2^3 x3;x1^2 x3^2;x2^2 x3^2;x1^4 x3;x1^2 x2^2 x3;x2^4 x3"
16,5,1e+05,49,"min/1se",20,FALSE,15,19,FALSE,FALSE,13,"x2;x3;x1^2;x2^2;x1^3;x1 x2^2;x3^3;x1^4;x1^2 x2^2;x2^4;x1^3 x3;x1^2 x2 x3;x2^3 x3;x1^2 x3^2;x2^2 x3^2;x1^3 x2^2;x1^2 x2^3;x1^4 x3;x1^2 x2^2 x3;x2^4 x3"
16,5,1e+05,49,"1se/1se",20,FALSE,15,19,FALSE,FALSE,13,"x2;x3;x1^2;x2^2;x1^3;x1 x2^2;x3^3;x1^4;x1^2 x2^2;x2^4;x1^3 x3;x1^2 x2 x3;x2^3 x3;x1^2 x3^2;x2^2 x3^2;x1^3 x2^2;x1^2 x2^3;x1^4 x3;x1^2 x2^2 x3;x2^4 x3"
17,5,1e+05,49,"min/min",20,TRUE,13,11,FALSE,TRUE,3,"x1;x2;x3;x1^2;x2^2;x1 x3;x2 x3;x3^2;x2^3;x1^2 x3;x2^2 x3;x3^3;x1^4;x1^2 x2^2;x2^4;x1^3 x3;x1 x2^2 x3;x1^2 x3^2;x3^4;x1^3 x3^2"
17,5,1e+05,49,"min/1se",30,TRUE,23,9,FALSE,TRUE,1,"x1;x3;x1^2;x1 x2;x2^2;x1 x3;x2 x3;x3^2;x1^3;x1^2 x2;x2^3;x1^2 x3;x2^2 x3;x3^3;x1^3 x3;x1^2 x2 x3;x1 x2^2 x3;x2^3 x3;x1^2 x3^2;x2^2 x3^2;x1 x3^3;x2 x3^3;x3^4;x1^3 x2^2;x1^2 x2^3;x1 x2^4;x1^2 x2 x3^2;x1 x2^2 x3^2;x2^3 x3^2;x1 x3^4"
17,5,1e+05,49,"1se/1se",30,TRUE,23,11,FALSE,TRUE,3,"x1;x3;x1^2;x1 x2;x2^2;x1 x3;x2 x3;x3^2;x1^3;x1^2 x2;x1 x2^2;x2^3;x1^2 x3;x2^2 x3;x3^3;x1^3 x3;x1^2 x2 x3;x1 x2^2 x3;x2^3 x3;x1^2 x3^2;x2^2 x3^2;x1 x3^3;x2 x3^3;x3^4;x1^3 x2^2;x1 x2^4;x1^2 x2 x3^2;x1 x2^2 x3^2;x2^3 x3^2;x1 x3^4"
18,5,1e+05,49,"min/min",11,TRUE,4,8,TRUE,TRUE,0,"x3;x1^2;x2^2;x3^2;x1^2 x3;x2^2 x3;x3^3;x1^3 x3;x1^2 x3^2;x2^2 x3^2;x3^4"
18,5,1e+05,49,"min/1se",25,TRUE,18,13,FALSE,TRUE,5,"x1;x2;x3;x1^2;x2^2;x1 x3;x2 x3;x3^2;x1^2 x2;x1^2 x3;x2^2 x3;x3^3;x1^4;x1^2 x2^2;x2^4;x1^3 x3;x1 x2^2 x3;x1^2 x3^2;x1 x2 x3^2;x2^2 x3^2;x1 x3^3;x3^4;x1^2 x2^2 x3;x1 x2^2 x3^2;x2^3 x3^2"
18,5,1e+05,49,"1se/1se",25,TRUE,18,13,FALSE,TRUE,5,"x1;x2;x3;x1^2;x2^2;x1 x3;x2 x3;x3^2;x1^2 x2;x1^2 x3;x2^2 x3;x3^3;x1^4;x1^2 x2^2;x2^4;x1^3 x3;x1 x2^2 x3;x1^2 x3^2;x1 x2 x3^2;x2^2 x3^2;x1 x3^3;x3^4;x1^2 x2^2 x3;x1 x2^2 x3^2;x2^3 x3^2"
19,5,1e+05,49,"min/min",25,TRUE,18,14,FALSE,TRUE,6,"x2;x3;x1^2;x2^2;x2 x3;x1^3;x1^2 x2;x1 x2^2;x1^2 x3;x1 x2 x3;x2^2 x3;x3^3;x1^4;x1^2 x2^2;x2^4;x1^3 x3;x1^2 x2 x3;x2^3 x3;x1^2 x3^2;x2^2 x3^2;x2 x3^3;x1^3 x2^2;x1^4 x3;x1^2 x2^2 x3;x2^3 x3^2"
19,5,1e+05,49,"min/1se",19,FALSE,13,18,FALSE,FALSE,11,"x2;x3;x1^2;x2^2;x2 x3;x1^3;x1 x2^2;x1 x2 x3;x2^2 x3;x3^3;x1^4;x1^2 x2^2;x2^4;x1^3 x3;x1^2 x3^2;x2^2 x3^2;x1^3 x2^2;x1^4 x3;x1^2 x2^2 x3"
19,5,1e+05,49,"1se/1se",19,FALSE,13,18,FALSE,FALSE,11,"x2;x3;x1^2;x2^2;x2 x3;x1^3;x1 x2^2;x1 x2 x3;x2^2 x3;x3^3;x1^4;x1^2 x2^2;x2^4;x1^3 x3;x1^2 x3^2;x2^2 x3^2;x1^3 x2^2;x1^4 x3;x1^2 x2^2 x3"
0,4.8,63096,49,"min/min",14,TRUE,7,8,TRUE,TRUE,0,"x3;x1^2;x2^2;x1 x3;x3^2;x1^2 x3;x2^2 x3;x3^3;x1^4;x1^2 x2^2;x2^4;x1^3 x3;x1 x2^2 x3;x3^4"
0,4.8,63096,49,"min/1se",12,TRUE,5,8,TRUE,TRUE,0,"x3;x1^2;x2^2;x1 x3;x1^2 x3;x2^2 x3;x3^3;x1^4;x1^2 x2^2;x2^4;x1^3 x3;x3^4"
0,4.8,63096,49,"1se/1se",12,TRUE,5,8,TRUE,TRUE,0,"x3;x1^2;x2^2;x1 x3;x1^2 x3;x2^2 x3;x3^3;x1^4;x1^2 x2^2;x2^4;x1^3 x3;x3^4"
1,4.8,63096,49,"min/min",42,FALSE,37,39,FALSE,FALSE,33,"x1;x2;x3;x1^2;x1 x2;x2^2;x1 x3;x2 x3;x3^2;x1^3;x1 x2^2;x2^3;x1 x2 x3;x2^2 x3;x1 x3^2;x3^3;x1^4;x1^3 x2;x1^2 x2^2;x1 x2^3;x2^4;x1^2 x2 x3;x1 x2^2 x3;x2^3 x3;x1^2 x3^2;x1 x2 x3^2;x2^2 x3^2;x1 x3^3;x2 x3^3;x3^4;x1^4 x2;x1^3 x2^2;x1^2 x2^3;x2^5;x1^4 x3;x1^3 x2 x3;x1^2 x2^2 x3;x1 x2^3 x3;x1^2 x2 x3^2;x2^3 x3^2;x1 x3^4;x3^5"
1,4.8,63096,49,"min/1se",19,FALSE,16,19,FALSE,FALSE,15,"x3;x1^2;x2^2;x1 x3;x2 x3;x1^3;x1^2 x2;x1^4;x1^2 x2^2;x1^2 x2 x3;x1^2 x3^2;x1 x2 x3^2;x2^2 x3^2;x1 x3^3;x3^4;x1 x2^4;x1^4 x3;x1 x2^3 x3;x2^3 x3^2"
1,4.8,63096,49,"1se/1se",19,FALSE,16,19,FALSE,FALSE,15,"x3;x1^2;x2^2;x1 x3;x2 x3;x1^3;x1^2 x2;x1^4;x1^2 x2^2;x1^2 x2 x3;x1^2 x3^2;x1 x2 x3^2;x2^2 x3^2;x1 x3^3;x3^4;x1 x2^4;x1^4 x3;x1 x2^3 x3;x2^3 x3^2"
2,4.8,63096,49,"min/min",19,TRUE,12,8,TRUE,TRUE,0,"x2;x3;x1^2;x2^2;x1 x3;x3^2;x1 x2^2;x2^3;x1^2 x3;x1 x2 x3;x2^2 x3;x3^3;x1^4;x1^2 x2^2;x2^4;x1^3 x3;x3^4;x1^3 x2 x3;x1 x2^3 x3"
2,4.8,63096,49,"min/1se",18,FALSE,13,19,FALSE,FALSE,13,"x2;x3;x1^2;x2^2;x1 x3;x1^2 x2;x1 x2^2;x2^3;x1^2 x3;x1 x2 x3;x2 x3^2;x3^3;x1^4;x1^2 x2^2;x2^4;x2^2 x3^2;x3^4;x1^3 x2 x3"
2,4.8,63096,49,"1se/1se",17,FALSE,12,18,FALSE,FALSE,12,"x2;x3;x1^2;x2^2;x1 x3;x1^2 x2;x1 x2^2;x2^3;x1^2 x3;x1 x2 x3;x2 x3^2;x3^3;x1^4;x1^2 x2^2;x2^4;x2^2 x3^2;x3^4"
3,4.8,63096,49,"min/min",26,TRUE,19,10,FALSE,TRUE,2,"x1;x2;x3;x1^2;x2^2;x2 x3;x1^2 x2;x1^2 x3;x2^2 x3;x2 x3^2;x3^3;x1^4;x1^2 x2^2;x2^4;x1^3 x3;x1 x2^2 x3;x1^2 x3^2;x2^2 x3^2;x1 x3^3;x1^3 x2^2;x1^4 x3;x1^2 x2^2 x3;x2^4 x3;x1^3 x3^2;x2^3 x3^2;x1^2 x3^3"
3,4.8,63096,49,"min/1se",18,FALSE,13,18,FALSE,FALSE,12,"x1;x2;x3;x1^2;x2^2;x2 x3;x2^3;x3^3;x1^4;x1^2 x2^2;x2^4;x1^3 x3;x1^2 x2 x3;x1^2 x3^2;x2^2 x3^2;x1 x3^3;x1^3 x2^2;x1^2 x2^2 x3"
3,4.8,63096,49,"1se/1se",18,FALSE,13,18,FALSE,FALSE,12,"x1;x2;x3;x1^2;x2^2;x2 x3;x2^3;x3^3;x1^4;x1^2 x2^2;x2^4;x1^3 x3;x1^2 x2 x3;x1^2 x3^2;x2^2 x3^2;x1 x3^3;x1^3 x2^2;x1^2 x2^2 x3"
4,4.8,63096,49,"min/min",12,TRUE,5,8,TRUE,TRUE,0,"x3;x1^2;x2^2;x1 x3;x1^2 x3;x2^2 x3;x3^3;x1^2 x2^2;x2^4;x1^3 x3;x2^2 x3^2;x3^4"
4,4.8,63096,49,"min/1se",14,FALSE,8,13,FALSE,FALSE,6,"x3;x1^2;x2^2;x1 x3;x1^2 x2;x2^3;x1^2 x3;x3^3;x1^2 x2^2;x2^4;x1^3 x3;x2^2 x3^2;x2 x3^3;x3^4"
4,4.8,63096,49,"1se/1se",17,FALSE,11,17,FALSE,FALSE,10,"x3;x1^2;x2^2;x1 x3;x3^2;x1^2 x2;x2^3;x1^2 x3;x2 x3^2;x3^3;x1^2 x2^2;x2^4;x1^3 x3;x2^3 x3;x2^2 x3^2;x2 x3^3;x3^4"
5,4.8,63096,49,"min/min",24,FALSE,18,21,FALSE,FALSE,14,"x2;x3;x1^2;x2^2;x3^2;x1^3;x1^2 x2;x1 x2^2;x2^2 x3;x1 x3^2;x3^3;x1^4;x1^2 x2^2;x2^4;x1^3 x3;x1^2 x2 x3;x1^2 x3^2;x2^2 x3^2;x3^4;x1^4 x3;x1^2 x2^2 x3;x2^4 x3;x1^2 x2 x3^2;x1 x2^2 x3^2"
5,4.8,63096,49,"min/1se",15,FALSE,10,15,FALSE,FALSE,9,"x3;x1^2;x2^2;x1^3;x1 x2^2;x1 x3^2;x3^3;x1^4;x1^2 x2^2;x1^3 x3;x1^2 x2 x3;x2^3 x3;x1^2 x3^2;x2^2 x3^2;x3^4"
5,4.8,63096,49,"1se/1se",15,FALSE,10,15,FALSE,FALSE,9,"x3;x1^2;x2^2;x1^3;x1 x2^2;x1 x3^2;x3^3;x1^4;x1^2 x2^2;x1^3 x3;x1^2 x2 x3;x2^3 x3;x1^2 x3^2;x2^2 x3^2;x3^4"
6,4.8,63096,49,"min/min",13,TRUE,6,8,TRUE,TRUE,0,"x3;x1^2;x2^2;x1 x3;x3^2;x1^2 x3;x2^2 x3;x3^3;x1^4;x1^2 x2^2;x2^4;x1^3 x3;x3^4"
6,4.8,63096,49,"min/1se",12,TRUE,5,8,TRUE,TRUE,0,"x3;x1^2;x2^2;x1 x3;x1^2 x3;x2^2 x3;x3^3;x1^4;x1^2 x2^2;x2^4;x1^3 x3;x1^2 x2^2 x3"
6,4.8,63096,49,"1se/1se",12,TRUE,5,8,TRUE,TRUE,0,"x3;x1^2;x2^2;x1 x3;x1^2 x3;x2^2 x3;x3^3;x1^4;x1^2 x2^2;x2^4;x1^3 x3;x1^2 x2^2 x3"
7,4.8,63096,49,"min/min",27,FALSE,21,22,FALSE,FALSE,15,"x1;x3;x1^2;x2^2;x1 x3;x3^2;x1^3;x1^2 x2;x1^2 x3;x2 x3^2;x3^3;x1^4;x1^2 x2^2;x2^4;x1^3 x3;x1 x2^2 x3;x1^2 x3^2;x1 x2 x3^2;x2^2 x3^2;x1 x3^3;x3^4;x1^4 x3;x1^3 x2 x3;x1^2 x2^2 x3;x1 x2^3 x3;x2^4 x3;x2^2 x3^3"
7,4.8,63096,49,"min/1se",18,FALSE,14,18,FALSE,FALSE,13,"x1;x3;x1^2;x2^2;x1 x3;x3^2;x1^3;x3^3;x1^4;x1^2 x2^2;x2^4;x1^2 x3^2;x2^2 x3^2;x2 x3^3;x3^4;x1^4 x3;x1^2 x2^2 x3;x1 x2^3 x3"
7,4.8,63096,49,"1se/1se",18,FALSE,14,18,FALSE,FALSE,13,"x1;x3;x1^2;x2^2;x1 x3;x3^2;x1^3;x3^3;x1^4;x1^2 x2^2;x2^4;x1^2 x3^2;x2^2 x3^2;x2 x3^3;x3^4;x1^4 x3;x1^2 x2^2 x3;x1 x2^3 x3"
8,4.8,63096,49,"min/min",21,FALSE,15,17,FALSE,FALSE,10,"x1;x2;x3;x1^2;x1 x2;x2^2;x3^2;x1^2 x3;x1 x3^2;x2 x3^2;x3^3;x1^4;x1^2 x2^2;x1 x2^3;x2^4;x1^3 x3;x1^2 x3^2;x2^2 x3^2;x3^4;x1^2 x2^2 x3;x2^4 x3"
8,4.8,63096,49,"min/1se",16,FALSE,11,14,FALSE,FALSE,8,"x1;x3;x1^2;x1 x2;x2^2;x1^3;x1 x3^2;x3^3;x1^4;x1^2 x2^2;x2^4;x1^3 x3;x1^2 x3^2;x2^2 x3^2;x3^4;x1^2 x2^2 x3"
8,4.8,63096,49,"1se/1se",16,FALSE,11,14,FALSE,FALSE,8,"x1;x3;x1^2;x1 x2;x2^2;x1^3;x1 x3^2;x3^3;x1^4;x1^2 x2^2;x2^4;x1^3 x3;x1^2 x3^2;x2^2 x3^2;x3^4;x1^2 x2^2 x3"
9,4.8,63096,49,"min/min",32,FALSE,26,23,FALSE,FALSE,16,"x1;x3;x1^2;x1 x2;x2^2;x1 x3;x2 x3;x3^2;x1^3;x2^2 x3;x2 x3^2;x3^3;x1^2 x2^2;x1^3 x3;x1^2 x2 x3;x1 x2^2 x3;x2^3 x3;x1^2 x3^2;x1 x2 x3^2;x2^2 x3^2;x1 x3^3;x2 x3^3;x3^4;x1^4 x2;x1^2 x2^3;x1^4 x3;x1^2 x2^2 x3;x2^4 x3;x1 x2^2 x3^2;x1^2 x3^3;x1 x3^4;x3^5"
9,4.8,63096,49,"min/1se",13,FALSE,9,13,FALSE,FALSE,9,"x3;x1^2;x2^2;x1 x3;x2 x3;x3^2;x1^3;x1^3 x3;x1 x2^2 x3;x1^2 x3^2;x2^2 x3^2;x1 x3^3;x3^4"
9,4.8,63096,49,"1se/1se",14,FALSE,10,14,FALSE,FALSE,10,"x3;x1^2;x2^2;x1 x3;x2 x3;x3^2;x1^3;x2^4;x1^3 x3;x1 x2^2 x3;x1^2 x3^2;x2^2 x3^2;x1 x3^3;x3^4"
10,4.8,63096,49,"min/min",8,TRUE,1,8,TRUE,TRUE,0,"x3;x1^2;x2^2;x1^2 x3;x2^2 x3;x3^3;x1^3 x3;x2^2 x3^2"
10,4.8,63096,49,"min/1se",11,TRUE,4,11,FALSE,TRUE,3,"x3;x1^2;x2^2;x1^2 x3;x2^2 x3;x3^3;x1^2 x2^2;x2^4;x1^3 x3;x1^2 x3^2;x2^2 x3^2"
10,4.8,63096,49,"1se/1se",11,TRUE,4,11,FALSE,TRUE,3,"x3;x1^2;x2^2;x1^2 x3;x2^2 x3;x3^3;x1^2 x2^2;x2^4;x1^3 x3;x1^2 x3^2;x2^2 x3^2"
11,4.8,63096,49,"min/min",46,FALSE,40,29,FALSE,FALSE,22,"x1;x2;x3;x1^2;x1 x2;x2^2;x1 x3;x2 x3;x3^2;x1^3;x2^3;x1^2 x3;x1 x2 x3;x2^2 x3;x1 x3^2;x3^3;x1^4;x1^3 x2;x1^2 x2^2;x1 x2^3;x2^4;x1^2 x2 x3;x1 x2^2 x3;x2^3 x3;x1^2 x3^2;x1 x2 x3^2;x2^2 x3^2;x1 x3^3;x2 x3^3;x3^4;x1^5;x1^4 x2;x1^3 x2^2;x1^2 x2^3;x1 x2^4;x2^5;x1^4 x3;x1^3 x2 x3;x1^2 x2^2 x3;x2^4 x3;x1^3 x3^2;x1^2 x2 x3^2;x1 x2^2 x3^2;x2^2 x3^3;x1 x3^4;x3^5"
11,4.8,63096,49,"min/1se",26,FALSE,21,27,FALSE,FALSE,21,"x2;x3;x1^2;x2^2;x1 x3;x2 x3;x3^2;x1^3;x1^2 x3;x3^3;x1^4;x1^2 x2^2;x1 x2^3;x2^4;x1^2 x2 x3;x2^2 x3^2;x1 x3^3;x3^4;x1^5;x1^4 x2;x1^2 x2^3;x1^3 x2 x3;x1^2 x2^2 x3;x2^4 x3;x1^2 x2 x3^2;x1 x2^2 x3^2"
11,4.8,63096,49,"1se/1se",26,FALSE,21,27,FALSE,FALSE,21,"x2;x3;x1^2;x2^2;x1 x3;x2 x3;x3^2;x1^3;x1^2 x3;x3^3;x1^4;x1^2 x2^2;x1 x2^3;x2^4;x1^2 x2 x3;x2^2 x3^2;x1 x3^3;x3^4;x1^5;x1^4 x2;x1^2 x2^3;x1^3 x2 x3;x1^2 x2^2 x3;x2^4 x3;x1^2 x2 x3^2;x1 x2^2 x3^2"
12,4.8,63096,49,"min/min",38,FALSE,33,34,FALSE,FALSE,28,"x1;x2;x3;x1^2;x2^2;x1 x3;x2 x3;x3^2;x1^3;x1 x2^2;x2^3;x2 x3^2;x3^3;x1^4;x1^2 x2^2;x1 x2^3;x2^4;x1^3 x3;x1^2 x2 x3;x1 x2^2 x3;x1^2 x3^2;x1 x2 x3^2;x2^2 x3^2;x1 x3^3;x3^4;x1^4 x2;x1^3 x2^2;x1^2 x2^3;x1^4 x3;x1^3 x2 x3;x1^2 x2^2 x3;x2^4 x3;x1^3 x3^2;x1^2 x2 x3^2;x1 x2^2 x3^2;x2^3 x3^2;x1^2 x3^3;x2 x3^4"
12,4.8,63096,49,"min/1se",27,FALSE,22,24,FALSE,FALSE,18,"x1;x2;x3;x1^2;x2^2;x2 x3;x3^2;x1 x2^2;x3^3;x1^4;x1^2 x2^2;x2^4;x1^3 x3;x1 x2^2 x3;x1^2 x3^2;x2^2 x3^2;x1 x3^3;x3^4;x1^5;x1^3 x2^2;x1 x2^4;x1^4 x3;x1^2 x2^2 x3;x2^4 x3;x1^3 x3^2;x1^2 x2 x3^2;x1^2 x3^3"
12,4.8,63096,49,"1se/1se",28,FALSE,23,27,FALSE,FALSE,21,"x1;x2;x3;x1^2;x2^2;x2 x3;x3^2;x1^2 x2;x1 x2^2;x3^3;x1^4;x1^2 x2^2;x2^4;x1^3 x3;x1 x2^2 x3;x1^2 x3^2;x2^2 x3^2;x1 x3^3;x3^4;x1^5;x1^3 x2^2;x1 x2^4;x1^4 x3;x1^2 x2^2 x3;x2^4 x3;x1^3 x3^2;x1^2 x2 x3^2;x1^2 x3^3"
13,4.8,63096,49,"min/min",43,FALSE,37,32,FALSE,FALSE,25,"x1;x2;x3;x1^2;x2^2;x1 x3;x2 x3;x3^2;x1^2 x2;x1 x2^2;x2^3;x1 x2 x3;x2^2 x3;x2 x3^2;x3^3;x1^4;x1^2 x2^2;x2^4;x1^3 x3;x1^2 x2 x3;x1 x2^2 x3;x2^3 x3;x1^2 x3^2;x2^2 x3^2;x1 x3^3;x3^4;x1^5;x1^4 x2;x1^3 x2^2;x1^2 x2^3;x1 x2^4;x1^4 x3;x1^3 x2 x3;x1^2 x2^2 x3;x2^4 x3;x1^3 x3^2;x1^2 x2 x3^2;x1 x2^2 x3^2;x1^2 x3^3;x1 x2 x3^3;x2^2 x3^3;x1 x3^4;x2 x3^4"
13,4.8,63096,49,"min/1se",23,FALSE,18,23,FALSE,FALSE,17,"x1;x3;x1^2;x2^2;x1 x3;x2 x3;x3^2;x2^3;x3^3;x2^4;x1^3 x3;x1^2 x2 x3;x1 x2^2 x3;x2^3 x3;x1^2 x3^2;x2^2 x3^2;x1 x3^3;x3^4;x1^2 x2^2 x3;x2^4 x3;x1^2 x2 x3^2;x1 x2^2 x3^2;x1 x3^4"
13,4.8,63096,49,"1se/1se",23,FALSE,18,23,FALSE,FALSE,17,"x1;x3;x1^2;x2^2;x1 x3;x2 x3;x3^2;x2^3;x3^3;x2^4;x1^3 x3;x1^2 x2 x3;x1 x2^2 x3;x2^3 x3;x1^2 x3^2;x2^2 x3^2;x1 x3^3;x3^4;x1^2 x2^2 x3;x2^4 x3;x1^2 x2 x3^2;x1 x2^2 x3^2;x1 x3^4"
14,4.8,63096,49,"min/min",31,FALSE,26,27,FALSE,FALSE,21,"x1;x2;x3;x1^2;x2^2;x2 x3;x1^3;x1 x2^2;x3^3;x1^4;x1^2 x2^2;x2^4;x1^3 x3;x1^2 x2 x3;x1^2 x3^2;x1 x2 x3^2;x2^2 x3^2;x1 x3^3;x2 x3^3;x1^5;x1^4 x2;x1^3 x2^2;x1^2 x2^3;x1 x2^4;x2^5;x1^4 x3;x1^2 x2^2 x3;x1 x2^3 x3;x2^4 x3;x2^3 x3^2;x2^2 x3^3"
14,4.8,63096,49,"min/1se",18,FALSE,13,18,FALSE,FALSE,12,"x2;x3;x1^2;x2^2;x2 x3;x1^3;x1 x2^2;x3^3;x1^4;x1^2 x2^2;x2^4;x1^3 x3;x1^2 x3^2;x2^2 x3^2;x1^2 x2^3;x1^4 x3;x1^2 x2^2 x3;x2^4 x3"
14,4.8,63096,49,"1se/1se",17,FALSE,12,17,FALSE,FALSE,11,"x2;x3;x1^2;x2^2;x2 x3;x1^3;x1 x2^2;x3^3;x1^4;x1^2 x2^2;x2^4;x1^3 x3;x1^2 x3^2;x2^2 x3^2;x1^2 x2^3;x1^4 x3;x1^2 x2^2 x3"
15,4.8,63096,49,"min/min",23,FALSE,18,23,FALSE,FALSE,17,"x1;x3;x1^2;x2^2;x3^2;x1^2 x2;x1 x2 x3;x1 x3^2;x3^3;x1^2 x2^2;x2^4;x1^3 x3;x1^2 x2 x3;x1 x2^2 x3;x2^3 x3;x1^2 x3^2;x2^2 x3^2;x2 x3^3;x3^4;x1^4 x3;x1^2 x2^2 x3;x2^4 x3;x1^2 x2 x3^2"
15,4.8,63096,49,"min/1se",16,FALSE,11,16,FALSE,FALSE,10,"x3;x1^2;x2^2;x1 x3^2;x3^3;x1^2 x2^2;x2^4;x1^3 x3;x1^2 x2 x3;x1^2 x3^2;x2^2 x3^2;x3^4;x1^2 x2^3;x1^4 x3;x1^2 x2^2 x3;x2^4 x3"
15,4.8,63096,49,"1se/1se",16,FALSE,11,16,FALSE,FALSE,10,"x3;x1^2;x2^2;x1 x3^2;x3^3;x1^2 x2^2;x2^4;x1^3 x3;x1^2 x2 x3;x1^2 x3^2;x2^2 x3^2;x3^4;x1^2 x2^3;x1^4 x3;x1^2 x2^2 x3;x2^4 x3"
16,4.8,63096,49,"min/min",17,FALSE,12,17,FALSE,FALSE,11,"x2;x3;x1^2;x2^2;x1^3;x3^3;x1^4;x1^2 x2^2;x2^4;x1^3 x3;x1^2 x2 x3;x2^3 x3;x1^2 x3^2;x2^2 x3^2;x1^4 x3;x1^2 x2^2 x3;x2^4 x3"
16,4.8,63096,49,"min/1se",18,FALSE,13,19,FALSE,FALSE,13,"x2;x3;x1^2;x2^2;x1^3;x1 x2^2;x3^3;x1^4;x1^2 x2^2;x2^4;x1^3 x3;x1^2 x2 x3;x2^3 x3;x1^2 x3^2;x2^2 x3^2;x1^4 x3;x1^2 x2^2 x3;x2^4 x3"
16,4.8,63096,49,"1se/1se",18,FALSE,13,19,FALSE,FALSE,13,"x2;x3;x1^2;x2^2;x1^3;x1 x2^2;x3^3;x1^4;x1^2 x2^2;x2^4;x1^3 x3;x1^2 x2 x3;x2^3 x3;x1^2 x3^2;x2^2 x3^2;x1^4 x3;x1^2 x2^2 x3;x2^4 x3"
17,4.8,63096,49,"min/min",24,TRUE,17,14,FALSE,TRUE,6,"x1;x2;x3;x1^2;x2^2;x1 x3;x2 x3;x3^2;x1^3;x1^2 x2;x2^3;x1^2 x3;x2^2 x3;x3^3;x1^4;x1^2 x2^2;x2^4;x1^3 x3;x1 x2^2 x3;x2^3 x3;x1^2 x3^2;x2 x3^3;x3^4;x1^3 x3^2"
17,4.8,63096,49,"min/1se",34,TRUE,27,18,FALSE,TRUE,10,"x1;x3;x1^2;x2^2;x1 x3;x2 x3;x3^2;x1^3;x1^2 x2;x2^3;x1^2 x3;x2^2 x3;x3^3;x1^3 x2;x1^2 x2^2;x2^4;x1^3 x3;x1 x2^2 x3;x2^3 x3;x1^2 x3^2;x1 x2 x3^2;x2^2 x3^2;x1 x3^3;x2 x3^3;x3^4;x1^5;x1^3 x2^2;x1 x2^4;x1^2 x2^2 x3;x1^3 x3^2;x1^2 x2 x3^2;x1 x2^2 x3^2;x2^3 x3^2;x1 x3^4"
17,4.8,63096,49,"1se/1se",34,TRUE,27,18,FALSE,TRUE,10,"x1;x3;x1^2;x2^2;x1 x3;x2 x3;x3^2;x1^3;x1^2 x2;x2^3;x1^2 x3;x2^2 x3;x3^3;x1^3 x2;x1^2 x2^2;x2^4;x1^3 x3;x1 x2^2 x3;x2^3 x3;x1^2 x3^2;x1 x2 x3^2;x2^2 x3^2;x1 x3^3;x2 x3^3;x3^4;x1^5;x1^3 x2^2;x1 x2^4;x1^2 x2^2 x3;x1^3 x3^2;x1^2 x2 x3^2;x1 x2^2 x3^2;x2^3 x3^2;x1 x3^4"
18,4.8,63096,49,"min/min",11,TRUE,4,8,TRUE,TRUE,0,"x3;x1^2;x2^2;x3^2;x1^2 x3;x2^2 x3;x3^3;x1^3 x3;x1^2 x3^2;x2^2 x3^2;x3^4"
18,4.8,63096,49,"min/1se",20,TRUE,13,14,FALSE,TRUE,6,"x1;x3;x1^2;x2^2;x1 x3;x2 x3;x3^2;x1^2 x2;x1^2 x3;x2^2 x3;x3^3;x1^4;x1^2 x2^2;x2^4;x1^3 x3;x1^2 x3^2;x2^2 x3^2;x3^4;x1^2 x2^2 x3;x1 x2^2 x3^2"
18,4.8,63096,49,"1se/1se",20,TRUE,13,14,FALSE,TRUE,6,"x1;x3;x1^2;x2^2;x1 x3;x2 x3;x3^2;x1^2 x2;x1^2 x3;x2^2 x3;x3^3;x1^4;x1^2 x2^2;x2^4;x1^3 x3;x1^2 x3^2;x2^2 x3^2;x3^4;x1^2 x2^2 x3;x1 x2^2 x3^2"
19,4.8,63096,49,"min/min",14,TRUE,7,8,TRUE,TRUE,0,"x3;x1^2;x2^2;x1^3;x1^2 x3;x2^2 x3;x3^3;x1^2 x2^2;x1^3 x3;x1^2 x3^2;x2^2 x3^2;x1^4 x3;x1^2 x2^2 x3;x1^2 x3^3"
19,4.8,63096,49,"min/1se",20,FALSE,14,17,FALSE,FALSE,10,"x2;x3;x1^2;x2^2;x2 x3;x1^3;x1 x2^2;x1 x2 x3;x2^2 x3;x3^3;x1^4;x1^2 x2^2;x2^4;x1^3 x3;x1^2 x2 x3;x1^2 x3^2;x2^2 x3^2;x1^3 x2^2;x1^4 x3;x1^2 x2^2 x3"
19,4.8,63096,49,"1se/1se",20,FALSE,14,17,FALSE,FALSE,10,"x2;x3;x1^2;x2^2;x2 x3;x1^3;x1 x2^2;x1 x2 x3;x2^2 x3;x3^3;x1^4;x1^2 x2^2;x2^4;x1^3 x3;x1^2 x2 x3;x1^2 x3^2;x2^2 x3^2;x1^3 x2^2;x1^4 x3;x1^2 x2^2 x3"
0,4.6,39811,49,"min/min",12,TRUE,5,8,TRUE,TRUE,0,"x3;x1^2;x2^2;x1 x3;x3^2;x1^2 x3;x2^2 x3;x3^3;x1^2 x2^2;x1^3 x3;x1 x2^2 x3;x3^4"
0,4.6,39811,49,"min/1se",12,TRUE,5,8,TRUE,TRUE,0,"x3;x1^2;x2^2;x1 x3;x1^2 x3;x2^2 x3;x3^3;x1^4;x1^2 x2^2;x2^4;x1^3 x3;x3^4"
0,4.6,39811,49,"1se/1se",12,TRUE,5,8,TRUE,TRUE,0,"x3;x1^2;x2^2;x1 x3;x1^2 x3;x2^2 x3;x3^3;x1^4;x1^2 x2^2;x2^4;x1^3 x3;x3^4"
1,4.6,39811,49,"min/min",41,FALSE,36,36,FALSE,FALSE,30,"x1;x2;x3;x1^2;x1 x2;x2^2;x1 x3;x2 x3;x3^2;x1^3;x1 x2^2;x2^3;x1 x2 x3;x2^2 x3;x1 x3^2;x2 x3^2;x3^3;x1^4;x1^3 x2;x1^2 x2^2;x1 x2^3;x2^4;x1^2 x2 x3;x1 x2^2 x3;x2^3 x3;x1^2 x3^2;x1 x2 x3^2;x2^2 x3^2;x1 x3^3;x2 x3^3;x3^4;x1^3 x2^2;x1^2 x2^3;x2^5;x1^4 x3;x1^3 x2 x3;x1^2 x2^2 x3;x1 x2^3 x3;x1^2 x2 x3^2;x2^3 x3^2;x1 x3^4"
1,4.6,39811,49,"min/1se",19,FALSE,16,20,FALSE,FALSE,16,"x3;x1^2;x2^2;x1 x3;x2 x3;x1^3;x1^2 x2;x1^4;x1^2 x2^2;x1^2 x2 x3;x1^2 x3^2;x1 x2 x3^2;x2^2 x3^2;x1 x3^3;x3^4;x1 x2^4;x1^4 x3;x1 x2^3 x3;x2^3 x3^2"
1,4.6,39811,49,"1se/1se",19,FALSE,16,20,FALSE,FALSE,16,"x3;x1^2;x2^2;x1 x3;x2 x3;x1^3;x1^2 x2;x1^4;x1^2 x2^2;x1^2 x2 x3;x1^2 x3^2;x1 x2 x3^2;x2^2 x3^2;x1 x3^3;x3^4;x1 x2^4;x1^4 x3;x1 x2^3 x3;x2^3 x3^2"
2,4.6,39811,49,"min/min",19,TRUE,12,8,TRUE,TRUE,0,"x3;x1^2;x2^2;x1 x3;x3^2;x1 x2^2;x2^3;x1^2 x3;x1 x2 x3;x2^2 x3;x3^3;x1^4;x1^2 x2^2;x2^4;x1^3 x3;x3^4;x1^3 x2 x3;x1^2 x2^2 x3;x1 x2^3 x3"
2,4.6,39811,49,"min/1se",16,FALSE,11,17,FALSE,FALSE,11,"x2;x3;x1^2;x2^2;x1 x3;x1^2 x2;x1 x2^2;x2^3;x1^2 x3;x1 x2 x3;x3^3;x1^4;x1^2 x2^2;x2^4;x2^2 x3^2;x3^4"
2,4.6,39811,49,"1se/1se",18,FALSE,13,19,FALSE,FALSE,13,"x2;x3;x1^2;x2^2;x1 x3;x1^2 x2;x1 x2^2;x2^3;x1^2 x3;x1 x2 x3;x2 x3^2;x3^3;x1^4;x1^2 x2^2;x2^4;x2^2 x3^2;x3^4;x1^3 x2 x3"
3,4.6,39811,49,"min/min",29,TRUE,22,11,FALSE,TRUE,3,"x1;x2;x3;x1^2;x2^2;x2 x3;x1^2 x2;x2^3;x1^2 x3;x2^2 x3;x3^3;x1^4;x1^2 x2^2;x2^4;x1^3 x3;x1 x2^2 x3;x1^2 x3^2;x2^2 x3^2;x1 x3^3;x1^4 x2;x1^3 x2^2;x1^2 x2^3;x1^4 x3;x1^2 x2^2 x3;x2^4 x3;x1^3 x3^2;x1^2 x2 x3^2;x2^3 x3^2;x1^2 x3^3"
3,4.6,39811,49,"min/1se",19,FALSE,14,19,FALSE,FALSE,13,"x1;x2;x3;x1^2;x2^2;x2 x3;x2^3;x3^3;x1^4;x1^2 x2^2;x2^4;x1^3 x3;x1^2 x2 x3;x1 x2^2 x3;x1^2 x3^2;x2^2 x3^2;x1 x3^3;x1^3 x2^2;x1^2 x2^2 x3"
3,4.6,39811,49,"1se/1se",19,FALSE,14,19,FALSE,FALSE,13,"x1;x2;x3;x1^2;x2^2;x2 x3;x2^3;x3^3;x1^4;x1^2 x2^2;x2^4;x1^3 x3;x1^2 x2 x3;x1 x2^2 x3;x1^2 x3^2;x2^2 x3^2;x1 x3^3;x1^3 x2^2;x1^2 x2^2 x3"
4,4.6,39811,49,"min/min",12,TRUE,5,8,TRUE,TRUE,0,"x3;x1^2;x2^2;x1 x3;x1^2 x3;x2^2 x3;x3^3;x1^2 x2^2;x2^4;x1^3 x3;x2^2 x3^2;x3^4"
4,4.6,39811,49,"min/1se",16,FALSE,10,16,FALSE,FALSE,9,"x3;x1^2;x2^2;x1 x3;x3^2;x1^2 x2;x1^2 x3;x3^3;x1^2 x2^2;x2^4;x1^3 x3;x2^3 x3;x2^2 x3^2;x2 x3^3;x3^4;x2^4 x3"
4,4.6,39811,49,"1se/1se",16,FALSE,10,16,FALSE,FALSE,9,"x3;x1^2;x2^2;x1 x3;x3^2;x1^2 x2;x1^2 x3;x3^3;x1^2 x2^2;x2^4;x1^3 x3;x2^3 x3;x2^2 x3^2;x2 x3^3;x3^4;x2^4 x3"
5,4.6,39811,49,"min/min",19,FALSE,13,16,FALSE,FALSE,9,"x2;x3;x1^2;x2^2;x2 x3;x1^3;x1 x2^2;x2^2 x3;x3^3;x1^4;x1^2 x2^2;x2^4;x1^3 x3;x1^2 x2 x3;x1^2 x3^2;x2^2 x3^2;x3^4;x1^4 x3;x1^2 x2^2 x3"
5,4.6,39811,49,"min/1se",15,FALSE,10,15,FALSE,FALSE,9,"x3;x1^2;x2^2;x1^3;x1 x2^2;x1 x3^2;x3^3;x1^4;x1^2 x2^2;x1^3 x3;x1^2 x2 x3;x1^2 x3^2;x2^2 x3^2;x3^4;x1^2 x2^2 x3"
5,4.6,39811,49,"1se/1se",16,FALSE,11,14,FALSE,FALSE,8,"x3;x1^2;x2^2;x1^3;x1 x2^2;x1 x3^2;x3^3;x1^4;x1^2 x2^2;x2^4;x1^3 x3;x1^2 x2 x3;x1^2 x3^2;x2^2 x3^2;x3^4;x1^2 x2^2 x3"
6,4.6,39811,49,"min/min",12,TRUE,5,8,TRUE,TRUE,0,"x3;x1^2;x2^2;x1 x3;x3^2;x1^2 x3;x2^2 x3;x3^3;x1^2 x2^2;x2^4;x1^3 x3;x3^4"
6,4.6,39811,49,"min/1se",12,TRUE,5,8,TRUE,TRUE,0,"x3;x1^2;x2^2;x1 x3;x1^2 x3;x2^2 x3;x3^3;x1^4;x1^2 x2^2;x2^4;x1^3 x3;x3^4"
6,4.6,39811,49,"1se/1se",12,TRUE,5,8,TRUE,TRUE,0,"x3;x1^2;x2^2;x1 x3;x1^2 x3;x2^2 x3;x3^3;x1^4;x1^2 x2^2;x2^4;x1^3 x3;x3^4"
7,4.6,39811,49,"min/min",18,FALSE,14,19,FALSE,FALSE,14,"x3;x1^2;x2^2;x1 x3;x3^2;x1^3;x3^3;x1^2 x2^2;x2^4;x1 x2^2 x3;x1^2 x3^2;x2^2 x3^2;x2 x3^3;x3^4;x1^4 x3;x1^2 x2^2 x3;x1 x2^3 x3;x2^4 x3"
7,4.6,39811,49,"min/1se",16,FALSE,12,17,FALSE,FALSE,12,"x3;x1^2;x2^2;x1 x3;x3^2;x1^3;x3^3;x1^4;x1^2 x2^2;x2^4;x1^2 x3^2;x2^2 x3^2;x3^4;x1^4 x3;x1^2 x2^2 x3;x2^4 x3"
7,4.6,39811,49,"1se/1se",11,FALSE,6,11,FALSE,FALSE,5,"x3;x1^2;x2^2;x1 x3;x2^2 x3;x2 x3^2;x3^3;x1^4;x1^2 x2^2;x2^4;x1^2 x3^2"
8,4.6,39811,49,"min/min",13,FALSE,7,13,FALSE,FALSE,6,"x3;x1^2;x2^2;x1^2 x3;x3^3;x1^4;x1^2 x2^2;x2^4;x1^3 x3;x1^2 x3^2;x2^2 x3^2;x3^4;x1^2 x2^2 x3"
8,4.6,39811,49,"min/1se",17,FALSE,11,17,FALSE,FALSE,10,"x1;x3;x1^2;x1 x2;x2^2;x1^3;x1^2 x3;x1 x3^2;x3^3;x1^4;x1^2 x2^2;x2^4;x1^3 x3;x1^2 x3^2;x2^2 x3^2;x3^4;x1^2 x2^2 x3"
8,4.6,39811,49,"1se/1se",15,FALSE,10,14,FALSE,FALSE,8,"x1;x3;x1^2;x2^2;x1^3;x1 x3^2;x3^3;x1^4;x1^2 x2^2;x2^4;x1^3 x3;x1^2 x3^2;x2^2 x3^2;x3^4;x1^2 x2^2 x3"
9,4.6,39811,49,"min/min",37,FALSE,31,25,FALSE,FALSE,18,"x1;x2;x3;x1^2;x1 x2;x2^2;x1 x3;x2 x3;x3^2;x1^3;x2^3;x2^2 x3;x3^3;x1^4;x1^2 x2^2;x2^4;x1^3 x3;x1^2 x2 x3;x1 x2^2 x3;x2^3 x3;x1^2 x3^2;x2^2 x3^2;x1 x3^3;x2 x3^3;x3^4;x1^5;x1^4 x2;x1^2 x2^3;x2^5;x1^4 x3;x1^2 x2^2 x3;x1 x2^3 x3;x1^3 x3^2;x1 x2^2 x3^2;x1^2 x3^3;x1 x3^4;x3^5"
9,4.6,39811,49,"min/1se",25,FALSE,19,25,FALSE,FALSE,18,"x3;x1^2;x1 x2;x2^2;x1 x3;x2 x3;x3^2;x1^3;x2^2 x3;x2 x3^2;x3^3;x1^2 x2^2;x1^3 x3;x1^2 x2 x3;x1 x2^2 x3;x2^3 x3;x1^2 x3^2;x1 x2 x3^2;x2^2 x3^2;x1 x3^3;x2 x3^3;x3^4;x1^2 x2^3;x1^2 x2^2 x3;x1 x3^4"
9,4.6,39811,49,"1se/1se",25,FALSE,19,25,FALSE,FALSE,18,"x2;x3;x1^2;x1 x2;x2^2;x1 x3;x2 x3;x3^2;x1^3;x2^2 x3;x2 x3^2;x3^3;x1^2 x2^2;x1^3 x3;x1^2 x2 x3;x1 x2^2 x3;x2^3 x3;x1^2 x3^2;x2^2 x3^2;x1 x3^3;x2 x3^3;x3^4;x1^2 x2^3;x1^2 x2^2 x3;x1 x3^4"
10,4.6,39811,49,"min/min",7,TRUE,0,8,TRUE,TRUE,0,"x3;x1^2;x2^2;x1^2 x3;x2^2 x3;x3^3;x1^3 x3"
10,4.6,39811,49,"min/1se",9,TRUE,2,8,TRUE,TRUE,0,"x3;x1^2;x2^2;x1^2 x3;x2^2 x3;x3^3;x1^3 x3;x1^2 x3^2;x2^2 x3^2"
10,4.6,39811,49,"1se/1se",9,TRUE,2,8,TRUE,TRUE,0,"x3;x1^2;x2^2;x1^2 x3;x2^2 x3;x3^3;x1^3 x3;x1^2 x3^2;x2^2 x3^2"
11,4.6,39811,49,"min/min",30,FALSE,24,29,FALSE,FALSE,22,"x1;x2;x3;x1^2;x1 x2;x2^2;x1 x3;x2 x3;x3^2;x1^3;x1^2 x2;x2^3;x1^2 x3;x1 x2 x3;x2^2 x3;x1 x3^2;x2 x3^2;x3^3;x1^4;x1^3 x2;x1^2 x2^2;x1 x2^3;x2^4;x1^2 x2 x3;x1 x2^2 x3;x2^3 x3;x1^2 x3^2;x1 x2 x3^2;x2^2 x3^2;x1 x3^3"
11,4.6,39811,49,"min/1se",18,FALSE,12,19,FALSE,FALSE,12,"x3;x1^2;x2^2;x1 x3;x1^3;x1^2 x2;x1^2 x3;x1 x2 x3;x2^2 x3;x1 x3^2;x2 x3^2;x3^3;x1^4;x1^3 x2;x1^2 x2^2;x1 x2^3;x1 x2^2 x3;x1 x3^3"
11,4.6,39811,49,"1se/1se",21,FALSE,16,22,FALSE,FALSE,16,"x2;x3;x1^2;x2^2;x1 x3;x2 x3;x1^3;x1^2 x3;x3^3;x1^2 x2^2;x1 x2^3;x2^4;x2^2 x3^2;x1 x3^3;x3^4;x1^5;x1^4 x2;x1^2 x2^3;x1^3 x2 x3;x1^2 x2^2 x3;x2^4 x3"
12,4.6,39811,49,"min/min",37,FALSE,32,34,FALSE,FALSE,28,"x1;x2;x3;x1^2;x2^2;x1 x3;x2 x3;x3^2;x1^3;x1^2 x2;x1 x2^2;x2^3;x2 x3^2;x3^3;x1^4;x1^2 x2^2;x1 x2^3;x1^3 x3;x1^2 x2 x3;x1 x2^2 x3;x1^2 x3^2;x1 x2 x3^2;x2^2 x3^2;x1 x3^3;x3^4;x1^4 x2;x1^2 x2^3;x1 x2^4;x1^4 x3;x1^3 x2 x3;x1^2 x2^2 x3;x2^4 x3;x1^3 x3^2;x1^2 x2 x3^2;x2^3 x3^2;x1^2 x3^3;x2^2 x3^3"
12,4.6,39811,49,"min/1se",28,FALSE,23,26,FALSE,FALSE,20,"x1;x2;x3;x1^2;x2^2;x2 x3;x3^2;x1^3;x1^2 x2;x1 x2^2;x3^3;x1^4;x1^2 x2^2;x2^4;x1^3 x3;x1 x2^2 x3;x1^2 x3^2;x2^2 x3^2;x1 x3^3;x1^5;x1^4 x2;x1^3 x2^2;x1^4 x3;x1^2 x2^2 x3;x2^4 x3;x1^3 x3^2;x1^2 x2 x3^2;x1^2 x3^3"
12,4.6,39811,49,"1se/1se",27,FALSE,22,24,FALSE,FALSE,18,"x1;x2;x3;x1^2;x2^2;x2 x3;x1^3;x1^2 x2;x1 x2^2;x3^3;x1^4;x1^2 x2^2;x2^4;x1^3 x3;x1 x2^2 x3;x1^2 x3^2;x2^2 x3^2;x1 x3^3;x1^5;x1^4 x2;x1^3 x2^2;x1^4 x3;x1^2 x2^2 x3;x2^4 x3;x1^3 x3^2;x1^2 x2 x3^2;x1^2 x3^3"
13,4.6,39811,49,"min/min",37,TRUE,30,8,TRUE,TRUE,0,"x1;x2;x3;x1^2;x2^2;x1 x3;x2 x3;x3^2;x1^2 x2;x1 x2^2;x2^3;x1^2 x3;x2^2 x3;x2 x3^2;x3^3;x1^4;x1^2 x2^2;x1^3 x3;x1^2 x2 x3;x1 x2^2 x3;x2^3 x3;x1^2 x3^2;x2^2 x3^2;x1 x3^3;x3^4;x1^5;x1^3 x2^2;x1^2 x2^3;x2^5;x1^4 x3;x1^2 x2^2 x3;x1^2 x2 x3^2;x1 x2^2 x3^2;x2^3 x3^2;x1 x2 x3^3;x2^2 x3^3;x1 x3^4"
13,4.6,39811,49,"min/1se",28,FALSE,22,26,FALSE,FALSE,19,"x1;x2;x3;x1^2;x2^2;x1 x3;x2 x3;x3^2;x1^2 x2;x2^3;x2^2 x3;x3^3;x1^4;x1^2 x2^2;x1^3 x3;x1 x2^2 x3;x2^3 x3;x1^2 x3^2;x2^2 x3^2;x1 x3^3;x3^4;x1^4 x3;x1^2 x2^2 x3;x2^4 x3;x1^3 x3^2;x1^2 x2 x3^2;x1 x2^2 x3^2;x1 x3^4"
13,4.6,39811,49,"1se/1se",28,FALSE,22,26,FALSE,FALSE,19,"x1;x2;x3;x1^2;x2^2;x1 x3;x2 x3;x3^2;x1^2 x2;x2^3;x2^2 x3;x3^3;x1^4;x1^2 x2^2;x1^3 x3;x1 x2^2 x3;x2^3 x3;x1^2 x3^2;x2^2 x3^2;x1 x3^3;x3^4;x1^4 x3;x1^2 x2^2 x3;x2^4 x3;x1^3 x3^2;x1^2 x2 x3^2;x1 x2^2 x3^2;x1 x3^4"
14,4.6,39811,49,"min/min",32,FALSE,27,27,FALSE,FALSE,21,"x1;x2;x3;x1^2;x2^2;x2 x3;x3^2;x1^3;x2 x3^2;x3^3;x1^4;x1^3 x2;x1^2 x2^2;x2^4;x1^3 x3;x1^2 x2 x3;x1^2 x3^2;x1 x2 x3^2;x2^2 x3^2;x1 x3^3;x2 x3^3;x1^5;x1^4 x2;x1^3 x2^2;x1^2 x2^3;x1 x2^4;x2^5;x1^4 x3;x1^2 x2^2 x3;x1 x2^3 x3;x2^4 x3;x2^3 x3^2"
14,4.6,39811,49,"min/1se",16,FALSE,11,17,FALSE,FALSE,11,"x3;x1^2;x2^2;x2 x3;x1^3;x3^3;x1^4;x1^2 x2^2;x2^4;x1^3 x3;x1^2 x3^2;x2^2 x3^2;x1^2 x2^3;x1^4 x3;x1^2 x2^2 x3;x2^4 x3"
14,4.6,39811,49,"1se/1se",16,FALSE,11,17,FALSE,FALSE,11,"x3;x1^2;x2^2;x2 x3;x1^3;x3^3;x1^4;x1^2 x2^2;x2^4;x1^3 x3;x1^2 x3^2;x2^2 x3^2;x1^2 x2^3;x1^4 x3;x1^2 x2^2 x3;x2^4 x3"
15,4.6,39811,49,"min/min",24,FALSE,19,21,FALSE,FALSE,15,"x1;x3;x1^2;x2^2;x3^2;x1 x2 x3;x1 x3^2;x2 x3^2;x3^3;x1^4;x1^2 x2^2;x1 x2^3;x2^4;x1^3 x3;x1^2 x2 x3;x2^3 x3;x1^2 x3^2;x2^2 x3^2;x3^4;x1^4 x3;x1^2 x2^2 x3;x2^4 x3;x1^2 x2 x3^2;x2^2 x3^3"
15,4.6,39811,49,"min/1se",16,FALSE,11,17,FALSE,FALSE,11,"x3;x1^2;x2^2;x1 x3^2;x3^3;x1^2 x2^2;x2^4;x1^3 x3;x1^2 x2 x3;x1^2 x3^2;x1 x2 x3^2;x2^2 x3^2;x3^4;x1^4 x3;x1^2 x2^2 x3;x2^4 x3"
15,4.6,39811,49,"1se/1se",16,FALSE,11,17,FALSE,FALSE,11,"x3;x1^2;x2^2;x1 x3^2;x3^3;x1^2 x2^2;x2^4;x1^3 x3;x1^2 x2 x3;x1^2 x3^2;x1 x2 x3^2;x2^2 x3^2;x3^4;x1^4 x3;x1^2 x2^2 x3;x2^4 x3"
16,4.6,39811,49,"min/min",26,TRUE,19,8,TRUE,TRUE,0,"x2;x3;x1^2;x1 x2;x2^2;x1^3;x1^2 x3;x1 x2 x3;x2^2 x3;x3^3;x1^4;x1^3 x2;x1^2 x2^2;x2^4;x1^3 x3;x1^2 x2 x3;x2^3 x3;x1^2 x3^2;x1 x2 x3^2;x2^2 x3^2;x1 x3^3;x3^4;x1^2 x2^3;x1^4 x3;x1^2 x2^2 x3;x2^4 x3"
16,4.6,39811,49,"min/1se",16,FALSE,11,17,FALSE,FALSE,11,"x2;x3;x1^2;x2^2;x3^3;x1^4;x1^2 x2^2;x2^4;x1^3 x3;x1^2 x2 x3;x2^3 x3;x1^2 x3^2;x2^2 x3^2;x1^4 x3;x1^2 x2^2 x3;x2^4 x3"
16,4.6,39811,49,"1se/1se",16,FALSE,11,17,FALSE,FALSE,11,"x2;x3;x1^2;x2^2;x3^3;x1^4;x1^2 x2^2;x2^4;x1^3 x3;x1^2 x2 x3;x2^3 x3;x1^2 x3^2;x2^2 x3^2;x1^4 x3;x1^2 x2^2 x3;x2^4 x3"
17,4.6,39811,49,"min/min",17,TRUE,10,8,TRUE,TRUE,0,"x3;x1^2;x2^2;x1 x3;x2 x3;x3^2;x1^2 x3;x2^2 x3;x3^3;x1^4;x1^2 x2^2;x2^4;x1^3 x3;x1 x2^2 x3;x2^3 x3;x3^4;x1^3 x3^2"
17,4.6,39811,49,"min/1se",23,TRUE,16,8,TRUE,TRUE,0,"x1;x3;x1^2;x2^2;x1 x3;x2 x3;x2^3;x1^2 x3;x2^2 x3;x1 x3^2;x3^3;x1^3 x3;x1 x2^2 x3;x1^2 x3^2;x2^2 x3^2;x1 x3^3;x2 x3^3;x3^4;x1^3 x2^2;x1 x2^4;x1^3 x3^2;x1^2 x2 x3^2;x2^3 x3^2"
17,4.6,39811,49,"1se/1se",23,TRUE,16,8,TRUE,TRUE,0,"x1;x3;x1^2;x2^2;x1 x3;x2 x3;x2^3;x1^2 x3;x2^2 x3;x1 x3^2;x3^3;x1^3 x3;x1 x2^2 x3;x1^2 x3^2;x2^2 x3^2;x1 x3^3;x2 x3^3;x3^4;x1^3 x2^2;x1 x2^4;x1^3 x3^2;x1^2 x2 x3^2;x2^3 x3^2"
18,4.6,39811,49,"min/min",19,TRUE,12,11,FALSE,TRUE,3,"x1;x3;x1^2;x2^2;x1 x3;x2 x3;x1^2 x2;x1^2 x3;x2^2 x3;x3^3;x1^2 x2^2;x2^4;x1^3 x3;x1 x2^2 x3;x1^2 x3^2;x2^2 x3^2;x3^4;x1^2 x2^2 x3;x2^4 x3"
18,4.6,39811,49,"min/1se",16,TRUE,9,11,FALSE,TRUE,3,"x3;x1^2;x2^2;x1 x3;x2 x3;x3^2;x1^2 x3;x2^2 x3;x3^3;x1^2 x2^2;x2^4;x1^3 x3;x1^2 x3^2;x2^2 x3^2;x3^4;x1^2 x2^2 x3"
18,4.6,39811,49,"1se/1se",16,TRUE,9,11,FALSE,TRUE,3,"x3;x1^2;x2^2;x1 x3;x2 x3;x3^2;x1^2 x3;x2^2 x3;x3^3;x1^2 x2^2;x2^4;x1^3 x3;x1^2 x3^2;x2^2 x3^2;x3^4;x1^2 x2^2 x3"
19,4.6,39811,49,"min/min",14,TRUE,7,8,TRUE,TRUE,0,"x3;x1^2;x2^2;x1^2 x3;x2^2 x3;x3^3;x1^4;x1^2 x2^2;x1^3 x3;x1^2 x3^2;x2^2 x3^2;x1^4 x3;x1^2 x2^2 x3;x1^2 x3^3"
19,4.6,39811,49,"min/1se",19,FALSE,13,17,FALSE,FALSE,10,"x3;x1^2;x2^2;x2 x3;x1^3;x1 x2^2;x1 x2 x3;x2^2 x3;x3^3;x1^4;x1^2 x2^2;x2^4;x1^3 x3;x1^2 x2 x3;x1^2 x3^2;x2^2 x3^2;x1^3 x2^2;x1^4 x3;x1^2 x2^2 x3"
19,4.6,39811,49,"1se/1se",19,FALSE,13,17,FALSE,FALSE,10,"x3;x1^2;x2^2;x2 x3;x1^3;x1 x2^2;x1 x2 x3;x2^2 x3;x3^3;x1^4;x1^2 x2^2;x2^4;x1^3 x3;x1^2 x2 x3;x1^2 x3^2;x2^2 x3^2;x1^3 x2^2;x1^4 x3;x1^2 x2^2 x3"
0,4.4,25119,49,"min/min",10,TRUE,3,8,TRUE,TRUE,0,"x3;x1^2;x2^2;x1 x3;x3^2;x1^2 x3;x2^2 x3;x3^3;x1^3 x3;x3^4"
0,4.4,25119,49,"min/1se",12,TRUE,5,8,TRUE,TRUE,0,"x3;x1^2;x2^2;x1 x3;x1^2 x3;x2^2 x3;x3^3;x1^4;x1^2 x2^2;x2^4;x1^3 x3;x3^4"
0,4.4,25119,49,"1se/1se",12,TRUE,5,8,TRUE,TRUE,0,"x3;x1^2;x2^2;x1 x3;x1^2 x3;x2^2 x3;x3^3;x1^4;x1^2 x2^2;x2^4;x1^3 x3;x3^4"
1,4.4,25119,49,"min/min",42,FALSE,37,37,FALSE,FALSE,31,"x1;x2;x3;x1^2;x1 x2;x2^2;x1 x3;x2 x3;x3^2;x1^3;x1^2 x2;x1 x2^2;x2^3;x2^2 x3;x1 x3^2;x2 x3^2;x3^3;x1^4;x1^3 x2;x1^2 x2^2;x2^4;x1^2 x2 x3;x1 x2^2 x3;x2^3 x3;x1^2 x3^2;x1 x2 x3^2;x2^2 x3^2;x1 x3^3;x2 x3^3;x3^4;x1^3 x2^2;x1^2 x2^3;x1 x2^4;x2^5;x1^4 x3;x1^2 x2^2 x3;x1 x2^3 x3;x1^2 x2 x3^2;x2^3 x3^2;x1^2 x3^3;x1 x2 x3^3;x1 x3^4"
1,4.4,25119,49,"min/1se",21,FALSE,17,22,FALSE,FALSE,17,"x3;x1^2;x2^2;x1 x3;x2 x3;x1^3;x1^2 x2;x2^3;x2^2 x3;x1^4;x1^2 x2^2;x1^2 x2 x3;x1^2 x3^2;x1 x2 x3^2;x2^2 x3^2;x1 x3^3;x3^4;x1 x2^4;x1^4 x3;x1 x2^3 x3;x2^3 x3^2"
1,4.4,25119,49,"1se/1se",21,FALSE,17,22,FALSE,FALSE,17,"x3;x1^2;x2^2;x1 x3;x2 x3;x1^3;x1^2 x2;x2^3;x2^2 x3;x1^4;x1^2 x2^2;x1^2 x2 x3;x1^2 x3^2;x1 x2 x3^2;x2^2 x3^2;x1 x3^3;x3^4;x1 x2^4;x1^4 x3;x1 x2^3 x3;x2^3 x3^2"
2,4.4,25119,49,"min/min",18,TRUE,11,8,TRUE,TRUE,0,"x1;x2;x3;x1^2;x2^2;x1 x3;x1^3;x2^3;x1^2 x3;x2^2 x3;x3^3;x1^4;x1^2 x2^2;x2^4;x1^3 x3;x1^2 x3^2;x1^3 x2 x3;x1^2 x2^2 x3"
2,4.4,25119,49,"min/1se",17,FALSE,12,17,FALSE,FALSE,11,"x2;x3;x1^2;x2^2;x1 x3;x1^3;x1^2 x2;x1 x2^2;x2^3;x1^2 x3;x1 x2 x3;x3^3;x1^4;x1^2 x2^2;x2^4;x2^2 x3^2;x3^4"
2,4.4,25119,49,"1se/1se",17,FALSE,12,17,FALSE,FALSE,11,"x2;x3;x1^2;x2^2;x1 x3;x1^3;x1^2 x2;x1 x2^2;x2^3;x1^2 x3;x1 x2 x3;x3^3;x1^4;x1^2 x2^2;x2^4;x2^2 x3^2;x3^4"
3,4.4,25119,49,"min/min",18,FALSE,13,18,FALSE,FALSE,12,"x1;x2;x3;x1^2;x2^2;x2 x3;x3^3;x1^4;x1^2 x2^2;x2^4;x1^3 x3;x1 x2^2 x3;x1^2 x3^2;x2^2 x3^2;x1 x3^3;x1^4 x3;x1^2 x2^2 x3;x2^4 x3"
3,4.4,25119,49,"min/1se",18,FALSE,13,17,FALSE,FALSE,11,"x1;x2;x3;x1^2;x2^2;x2 x3;x3^3;x1^4;x1^2 x2^2;x2^4;x1^3 x3;x1^2 x2 x3;x1 x2^2 x3;x1^2 x3^2;x2^2 x3^2;x1 x3^3;x1^2 x2^2 x3;x2^4 x3"
3,4.4,25119,49,"1se/1se",17,FALSE,12,17,FALSE,FALSE,11,"x1;x2;x3;x1^2;x2^2;x2 x3;x3^3;x1^4;x1^2 x2^2;x2^4;x1^3 x3;x1 x2^2 x3;x1^2 x3^2;x2^2 x3^2;x1 x3^3;x1^2 x2^2 x3;x2^4 x3"
4,4.4,25119,49,"min/min",12,TRUE,5,8,TRUE,TRUE,0,"x3;x1^2;x2^2;x1 x3;x1^2 x3;x2^2 x3;x3^3;x1^2 x2^2;x2^4;x1^3 x3;x2^2 x3^2;x3^4"
4,4.4,25119,49,"min/1se",12,FALSE,6,13,FALSE,FALSE,6,"x3;x1^2;x2^2;x1 x3;x1^2 x3;x3^3;x1^2 x2^2;x2^4;x1^3 x3;x2^2 x3^2;x3^4;x2^4 x3"
4,4.4,25119,49,"1se/1se",12,FALSE,6,13,FALSE,FALSE,6,"x3;x1^2;x2^2;x1 x3;x1^2 x3;x3^3;x1^2 x2^2;x2^4;x1^3 x3;x2^2 x3^2;x3^4;x2^4 x3"
5,4.4,25119,49,"min/min",25,FALSE,19,21,FALSE,FALSE,14,"x3;x1^2;x2^2;x2 x3;x3^2;x1^3;x1^2 x2;x1 x2^2;x2^2 x3;x1 x3^2;x3^3;x1^4;x1^2 x2^2;x2^4;x1^3 x3;x1^2 x2 x3;x1^2 x3^2;x2^2 x3^2;x3^4;x1^2 x2^3;x1^4 x3;x1^2 x2^2 x3;x2^4 x3;x1 x2^2 x3^2;x2^3 x3^2"
5,4.4,25119,49,"min/1se",16,FALSE,10,15,FALSE,FALSE,8,"x3;x1^2;x2^2;x2^2 x3;x1 x3^2;x3^3;x1^4;x1^2 x2^2;x2^4;x1^3 x3;x1^2 x2 x3;x1^2 x3^2;x2^2 x3^2;x3^4;x1^4 x3;x1^2 x2^2 x3"
5,4.4,25119,49,"1se/1se",16,FALSE,11,14,FALSE,FALSE,8,"x3;x1^2;x2^2;x1^3;x1 x2^2;x1 x3^2;x3^3;x1^4;x1^2 x2^2;x2^4;x1^3 x3;x1^2 x2 x3;x1^2 x3^2;x2^2 x3^2;x3^4;x1^2 x2^2 x3"
6,4.4,25119,49,"min/min",12,TRUE,5,8,TRUE,TRUE,0,"x3;x1^2;x2^2;x1 x3;x3^2;x1^2 x3;x2^2 x3;x3^3;x1^2 x2^2;x2^4;x1^3 x3;x3^4"
6,4.4,25119,49,"min/1se",12,TRUE,5,8,TRUE,TRUE,0,"x3;x1^2;x2^2;x1 x3;x1^2 x3;x2^2 x3;x3^3;x1^4;x1^2 x2^2;x2^4;x1^3 x3;x3^4"
6,4.4,25119,49,"1se/1se",12,TRUE,5,8,TRUE,TRUE,0,"x3;x1^2;x2^2;x1 x3;x1^2 x3;x2^2 x3;x3^3;x1^4;x1^2 x2^2;x2^4;x1^3 x3;x3^4"
7,4.4,25119,49,"min/min",29,TRUE,22,8,TRUE,TRUE,0,"x1;x3;x1^2;x2^2;x1 x3;x3^2;x1^3;x1^2 x2;x1 x2^2;x1^2 x3;x2^2 x3;x2 x3^2;x3^3;x1^4;x1^2 x2^2;x2^4;x1^3 x3;x1 x2^2 x3;x1^2 x3^2;x2^2 x3^2;x1 x3^3;x2 x3^3;x3^4;x1^4 x3;x1^2 x2^2 x3;x1 x2^3 x3;x2^4 x3;x1^2 x3^3;x2^2 x3^3"
7,4.4,25119,49,"min/1se",15,FALSE,11,16,FALSE,FALSE,11,"x3;x1^2;x2^2;x1 x3;x1^3;x2 x3^2;x3^3;x1^2 x2^2;x2^4;x1^2 x3^2;x2^2 x3^2;x3^4;x1^4 x3;x1^2 x2^2 x3;x2^4 x3"
7,4.4,25119,49,"1se/1se",25,FALSE,19,24,FALSE,FALSE,17,"x1;x3;x1^2;x1 x2;x2^2;x1 x3;x2 x3;x3^2;x1^3;x1^2 x2;x1 x2^2;x2^3;x1^2 x3;x1 x2 x3;x2^2 x3;x1 x3^2;x2 x3^2;x3^3;x1^4;x1^3 x2;x1^2 x2^2;x1^2 x2 x3;x1^2 x3^2;x2 x3^3;x3^4"
8,4.4,25119,49,"min/min",14,FALSE,8,15,FALSE,FALSE,8,"x3;x1^2;x2^2;x1^2 x3;x3^3;x1^4;x1^2 x2^2;x2^4;x1^3 x3;x1^2 x3^2;x2^2 x3^2;x3^4;x1^2 x2^2 x3;x2^4 x3"
8,4.4,25119,49,"min/1se",20,FALSE,14,19,FALSE,FALSE,12,"x1;x3;x1^2;x1 x2;x2^2;x1^3;x1^2 x3;x1 x3^2;x2 x3^2;x3^3;x1^4;x1^2 x2^2;x2^4;x1^3 x3;x1^2 x3^2;x2^2 x3^2;x3^4;x1^4 x3;x1^2 x2^2 x3;x2^4 x3"
8,4.4,25119,49,"1se/1se",20,FALSE,14,19,FALSE,FALSE,12,"x1;x3;x1^2;x1 x2;x2^2;x1^3;x1^2 x3;x1 x3^2;x2 x3^2;x3^3;x1^4;x1^2 x2^2;x2^4;x1^3 x3;x1^2 x3^2;x2^2 x3^2;x3^4;x1^4 x3;x1^2 x2^2 x3;x2^4 x3"
9,4.4,25119,49,"min/min",36,FALSE,30,22,FALSE,FALSE,15,"x1;x2;x3;x1^2;x1 x2;x2^2;x1 x3;x2 x3;x3^2;x1^3;x2^2 x3;x2 x3^2;x3^3;x1^4;x1^2 x2^2;x2^4;x1^3 x3;x1^2 x2 x3;x1 x2^2 x3;x2^3 x3;x1^2 x3^2;x1 x2 x3^2;x2^2 x3^2;x1 x3^3;x2 x3^3;x3^4;x1^4 x2;x1^2 x2^3;x1^4 x3;x1^2 x2^2 x3;x2^4 x3;x1^3 x3^2;x1^2 x3^3;x2^2 x3^3;x1 x3^4;x3^5"
9,4.4,25119,49,"min/1se",15,FALSE,11,16,FALSE,FALSE,11,"x3;x1^2;x2^2;x1 x3;x2 x3;x3^2;x1^3;x1^2 x2^2;x1^3 x3;x1 x2^2 x3;x1^2 x3^2;x2^2 x3^2;x1 x3^3;x3^4;x1^2 x2^2 x3"
9,4.4,25119,49,"1se/1se",15,FALSE,11,16,FALSE,FALSE,11,"x3;x1^2;x2^2;x1 x3;x2 x3;x3^2;x1^3;x1^2 x2^2;x1^3 x3;x1 x2^2 x3;x1^2 x3^2;x2^2 x3^2;x1 x3^3;x3^4;x1^2 x2^2 x3"
10,4.4,25119,49,"min/min",7,TRUE,0,8,TRUE,TRUE,0,"x3;x1^2;x2^2;x1^2 x3;x2^2 x3;x3^3;x1^3 x3"
10,4.4,25119,49,"min/1se",9,TRUE,2,8,TRUE,TRUE,0,"x3;x1^2;x2^2;x1^2 x3;x2^2 x3;x3^3;x1^3 x3;x1^2 x3^2;x2^2 x3^2"
10,4.4,25119,49,"1se/1se",15,TRUE,8,8,TRUE,TRUE,0,"x3;x1^2;x2^2;x1 x3;x1^3;x1^2 x3;x2^2 x3;x1 x3^2;x3^3;x1^4;x1^2 x2^2;x2^4;x1^3 x3;x1^2 x2 x3;x2^2 x3^2"
11,4.4,25119,49,"min/min",9,TRUE,2,8,TRUE,TRUE,0,"x3;x1^2;x2^2;x1 x3;x1^2 x3;x1 x2 x3;x2^2 x3;x3^3;x1^3 x3"
11,4.4,25119,49,"min/1se",13,TRUE,6,8,TRUE,TRUE,0,"x3;x1^2;x2^2;x1 x3;x1^3;x1^2 x3;x1 x2 x3;x2^2 x3;x1 x3^2;x3^3;x1^3 x3;x1^2 x3^2;x1 x2 x3^2"
11,4.4,25119,49,"1se/1se",23,FALSE,17,19,FALSE,FALSE,12,"x2;x3;x1^2;x2^2;x1 x3;x2 x3;x1^3;x1^2 x3;x3^3;x1^2 x2^2;x1 x2^3;x2^4;x1^3 x3;x2^2 x3^2;x1 x3^3;x3^4;x1^5;x1^4 x2;x1^2 x2^3;x2^5;x1^3 x2 x3;x1^2 x2^2 x3;x2^4 x3"
12,4.4,25119,49,"min/min",34,FALSE,29,29,FALSE,FALSE,23,"x1;x2;x3;x1^2;x2^2;x1 x3;x2 x3;x3^2;x1^3;x1 x2^2;x2^3;x2 x3^2;x3^3;x1^2 x2^2;x1 x2^3;x1^3 x3;x1^2 x2 x3;x1 x2^2 x3;x2^3 x3;x1^2 x3^2;x1 x2 x3^2;x2^2 x3^2;x1 x3^3;x2 x3^3;x3^4;x1^4 x2;x1^3 x2^2;x1^2 x2^3;x2^5;x1^4 x3;x1^2 x2^2 x3;x2^4 x3;x1^3 x3^2;x1^2 x3^3"
12,4.4,25119,49,"min/1se",23,FALSE,18,23,FALSE,FALSE,17,"x2;x3;x1^2;x2^2;x2 x3;x1^2 x2;x1 x2^2;x3^3;x1^4;x1^2 x2^2;x2^4;x1^3 x3;x1 x2^2 x3;x1^2 x3^2;x2^2 x3^2;x1 x3^3;x3^4;x1^3 x2^2;x1^4 x3;x1^2 x2^2 x3;x2^4 x3;x1^2 x2 x3^2;x1^2 x3^3"
12,4.4,25119,49,"1se/1se",23,FALSE,18,23,FALSE,FALSE,17,"x2;x3;x1^2;x2^2;x2 x3;x1^2 x2;x1 x2^2;x3^3;x1^4;x1^2 x2^2;x2^4;x1^3 x3;x1 x2^2 x3;x1^2 x3^2;x2^2 x3^2;x1 x3^3;x3^4;x1^3 x2^2;x1^4 x3;x1^2 x2^2 x3;x2^4 x3;x1^2 x2 x3^2;x1^2 x3^3"
13,4.4,25119,49,"min/min",23,TRUE,16,8,TRUE,TRUE,0,"x3;x1^2;x2^2;x1 x3;x2 x3;x1^3;x1^2 x2;x1^2 x3;x1 x2 x3;x2^2 x3;x2 x3^2;x3^3;x1^2 x2^2;x1^3 x3;x1 x2^2 x3;x1^2 x3^2;x3^4;x1^4 x2;x1^2 x2^3;x1^4 x3;x1^2 x2^2 x3;x1^3 x3^2;x1^2 x2 x3^2"
13,4.4,25119,49,"min/1se",29,FALSE,23,24,FALSE,FALSE,17,"x3;x1^2;x2^2;x1 x3;x2 x3;x3^2;x1^3;x1^2 x2;x1 x2^2;x2^2 x3;x3^3;x1^4;x1^2 x2^2;x1^3 x3;x1 x2^2 x3;x2^3 x3;x1^2 x3^2;x2^2 x3^2;x1 x3^3;x3^4;x1^3 x2^2;x1^4 x3;x1^2 x2^2 x3;x2^4 x3;x1^3 x3^2;x1^2 x2 x3^2;x1 x2^2 x3^2;x2^3 x3^2;x1 x3^4"
13,4.4,25119,49,"1se/1se",30,FALSE,24,27,FALSE,FALSE,20,"x1;x3;x1^2;x2^2;x1 x3;x2 x3;x3^2;x1^3;x1^2 x2;x1 x2^2;x2^3;x2^2 x3;x3^3;x1^4;x1^2 x2^2;x1^3 x3;x1 x2^2 x3;x2^3 x3;x1^2 x3^2;x2^2 x3^2;x1 x3^3;x3^4;x1^3 x2^2;x1^4 x3;x1^2 x2^2 x3;x2^4 x3;x1^3 x3^2;x1^2 x2 x3^2;x1 x2^2 x3^2;x1 x3^4"
14,4.4,25119,49,"min/min",31,FALSE,25,22,FALSE,FALSE,15,"x1;x3;x1^2;x2^2;x2 x3;x3^2;x1^3;x1^2 x2;x1^2 x3;x3^3;x1^4;x1^3 x2;x1^2 x2^2;x2^4;x1^3 x3;x1^2 x2 x3;x1^2 x3^2;x1 x2 x3^2;x2^2 x3^2;x1 x3^3;x2 x3^3;x1^5;x1^4 x2;x1^3 x2^2;x1^2 x2^3;x2^5;x1^4 x3;x1^2 x2^2 x3;x1 x2^3 x3;x2^4 x3;x2^3 x3^2"
14,4.4,25119,49,"min/1se",19,FALSE,14,19,FALSE,FALSE,13,"x3;x1^2;x2^2;x2 x3;x3^3;x1^4;x1^2 x2^2;x2^4;x1^3 x3;x1^2 x2 x3;x1^2 x3^2;x2^2 x3^2;x1 x3^3;x1^3 x2^2;x1^2 x2^3;x2^5;x1^4 x3;x1^2 x2^2 x3;x2^4 x3"
14,4.4,25119,49,"1se/1se",18,FALSE,13,18,FALSE,FALSE,12,"x3;x1^2;x2^2;x2 x3;x3^3;x1^4;x1^2 x2^2;x2^4;x1^3 x3;x1^2 x2 x3;x1^2 x3^2;x2^2 x3^2;x1 x3^3;x1^3 x2^2;x1^2 x2^3;x1^4 x3;x1^2 x2^2 x3;x2^4 x3"
15,4.4,25119,49,"min/min",23,FALSE,18,20,FALSE,FALSE,14,"x1;x2;x3;x1^2;x2^2;x3^2;x1^2 x2;x1 x2 x3;x1 x3^2;x3^3;x1^4;x1^2 x2^2;x2^4;x1^3 x3;x1 x2^2 x3;x1^2 x3^2;x2^2 x3^2;x2 x3^3;x3^4;x1^4 x3;x1^2 x2^2 x3;x2^4 x3;x1^2 x2 x3^2"
15,4.4,25119,49,"min/1se",17,FALSE,12,18,FALSE,FALSE,12,"x3;x1^2;x2^2;x1 x3^2;x2 x3^2;x3^3;x1^2 x2^2;x2^4;x1^3 x3;x1^2 x2 x3;x1^2 x3^2;x1 x2 x3^2;x2^2 x3^2;x3^4;x1^4 x3;x1^2 x2^2 x3;x2^4 x3"
15,4.4,25119,49,"1se/1se",17,FALSE,12,18,FALSE,FALSE,12,"x3;x1^2;x2^2;x1 x3^2;x2 x3^2;x3^3;x1^2 x2^2;x2^4;x1^3 x3;x1^2 x2 x3;x1^2 x3^2;x1 x2 x3^2;x2^2 x3^2;x3^4;x1^4 x3;x1^2 x2^2 x3;x2^4 x3"
16,4.4,25119,49,"min/min",20,TRUE,13,8,TRUE,TRUE,0,"x3;x1^2;x2^2;x1^3;x1^2 x3;x2^2 x3;x2 x3^2;x3^3;x1^4;x1^2 x2^2;x2^4;x1^3 x3;x1^2 x2 x3;x2^3 x3;x1^2 x3^2;x2^2 x3^2;x1 x2^4;x1^4 x3;x1^2 x2^2 x3;x2^4 x3"
16,4.4,25119,49,"min/1se",15,FALSE,10,16,FALSE,FALSE,10,"x3;x1^2;x2^2;x3^3;x1^4;x1^2 x2^2;x2^4;x1^3 x3;x1^2 x2 x3;x2^3 x3;x1^2 x3^2;x2^2 x3^2;x1^4 x3;x1^2 x2^2 x3;x2^4 x3"
16,4.4,25119,49,"1se/1se",15,FALSE,10,16,FALSE,FALSE,10,"x3;x1^2;x2^2;x3^3;x1^4;x1^2 x2^2;x2^4;x1^3 x3;x1^2 x2 x3;x2^3 x3;x1^2 x3^2;x2^2 x3^2;x1^4 x3;x1^2 x2^2 x3;x2^4 x3"
17,4.4,25119,49,"min/min",11,TRUE,4,8,TRUE,TRUE,0,"x3;x1^2;x2^2;x2 x3;x1^2 x3;x2^2 x3;x3^3;x1^2 x2^2;x2^4;x1^3 x3;x3^4"
17,4.4,25119,49,"min/1se",20,TRUE,13,8,TRUE,TRUE,0,"x1;x3;x1^2;x2^2;x1 x3;x2 x3;x2^3;x1^2 x3;x2^2 x3;x3^3;x1^3 x3;x1^2 x2 x3;x1 x2^2 x3;x1^2 x3^2;x2^2 x3^2;x1 x3^3;x2 x3^3;x3^4;x1^2 x2 x3^2;x2^3 x3^2"
17,4.4,25119,49,"1se/1se",20,TRUE,13,8,TRUE,TRUE,0,"x1;x3;x1^2;x2^2;x1 x3;x2 x3;x2^3;x1^2 x3;x2^2 x3;x3^3;x1^3 x3;x1^2 x2 x3;x1 x2^2 x3;x1^2 x3^2;x2^2 x3^2;x1 x3^3;x2 x3^3;x3^4;x1^2 x2 x3^2;x2^3 x3^2"
18,4.4,25119,49,"min/min",9,TRUE,2,8,TRUE,TRUE,0,"x3;x1^2;x2^2;x1^2 x3;x2^2 x3;x3^3;x1^3 x3;x1^2 x3^2;x2^2 x3^2"
18,4.4,25119,49,"min/1se",15,TRUE,8,8,TRUE,TRUE,0,"x3;x1^2;x2^2;x1 x3;x2 x3;x3^2;x1^2 x3;x2^2 x3;x3^3;x1^2 x2^2;x2^4;x1^3 x3;x1^2 x3^2;x2^2 x3^2;x3^4"
18,4.4,25119,49,"1se/1se",15,TRUE,8,8,TRUE,TRUE,0,"x3;x1^2;x2^2;x1 x3;x2 x3;x3^2;x1^2 x3;x2^2 x3;x3^3;x1^2 x2^2;x2^4;x1^3 x3;x1^2 x3^2;x2^2 x3^2;x3^4"
19,4.4,25119,49,"min/min",22,TRUE,15,8,TRUE,TRUE,0,"x3;x1^2;x1 x2;x2^2;x2 x3;x1^2 x3;x1 x2 x3;x2^2 x3;x3^3;x1^4;x1^2 x2^2;x2^4;x1^3 x3;x1^2 x2 x3;x1^2 x3^2;x2^2 x3^2;x2 x3^3;x1^4 x3;x1^3 x2 x3;x1^2 x2^2 x3;x1^3 x3^2;x2^3 x3^2"
19,4.4,25119,49,"min/1se",18,FALSE,12,16,FALSE,FALSE,9,"x3;x1^2;x2^2;x2 x3;x1 x2^2;x1 x2 x3;x2^2 x3;x3^3;x1^4;x1^2 x2^2;x2^4;x1^3 x3;x1^2 x2 x3;x1^2 x3^2;x2^2 x3^2;x1^3 x2^2;x1^4 x3;x1^2 x2^2 x3"
19,4.4,25119,49,"1se/1se",18,FALSE,12,16,FALSE,FALSE,9,"x3;x1^2;x2^2;x2 x3;x1 x2^2;x1 x2 x3;x2^2 x3;x3^3;x1^4;x1^2 x2^2;x2^4;x1^3 x3;x1^2 x2 x3;x1^2 x3^2;x2^2 x3^2;x1^3 x2^2;x1^4 x3;x1^2 x2^2 x3"
0,4.2,15849,49,"min/min",12,TRUE,5,10,FALSE,TRUE,2,"x3;x1^2;x2^2;x1 x3;x3^2;x1^2 x3;x2^2 x3;x3^3;x1^2 x2^2;x1^3 x3;x3^4;x1^2 x2^2 x3"
0,4.2,15849,49,"min/1se",12,TRUE,5,8,TRUE,TRUE,0,"x3;x1^2;x2^2;x1 x3;x1^2 x3;x2^2 x3;x3^3;x1^4;x1^2 x2^2;x2^4;x1^3 x3;x3^4"
0,4.2,15849,49,"1se/1se",12,TRUE,5,8,TRUE,TRUE,0,"x3;x1^2;x2^2;x1 x3;x1^2 x3;x2^2 x3;x3^3;x1^4;x1^2 x2^2;x2^4;x1^3 x3;x3^4"
1,4.2,15849,49,"min/min",43,FALSE,38,30,FALSE,FALSE,24,"x1;x2;x3;x1^2;x1 x2;x2^2;x1 x3;x2 x3;x3^2;x1^3;x1^2 x2;x1 x2^2;x2^3;x2^2 x3;x1 x3^2;x2 x3^2;x3^3;x1^4;x1^3 x2;x1^2 x2^2;x2^4;x1^2 x2 x3;x1 x2^2 x3;x1^2 x3^2;x1 x2 x3^2;x2^2 x3^2;x1 x3^3;x2 x3^3;x3^4;x1^5;x1^3 x2^2;x1^2 x2^3;x2^5;x1^4 x3;x1^3 x2 x3;x1^2 x2^2 x3;x1 x2^3 x3;x1^2 x2 x3^2;x2^3 x3^2;x1^2 x3^3;x2^2 x3^3;x1 x3^4;x3^5"
1,4.2,15849,49,"min/1se",26,FALSE,22,25,FALSE,FALSE,20,"x3;x1^2;x2^2;x1 x3;x2 x3;x3^2;x1^3;x2^3;x2^2 x3;x1 x3^2;x1^4;x1^3 x2;x1^2 x2^2;x1^2 x2 x3;x1^2 x3^2;x1 x2 x3^2;x2^2 x3^2;x1 x3^3;x3^4;x1^3 x2^2;x1^2 x2^3;x1 x2^4;x1^4 x3;x1 x2^3 x3;x1^2 x2 x3^2;x2^3 x3^2"
1,4.2,15849,49,"1se/1se",26,FALSE,22,25,FALSE,FALSE,20,"x3;x1^2;x2^2;x1 x3;x2 x3;x3^2;x1^3;x2^3;x2^2 x3;x1 x3^2;x1^4;x1^3 x2;x1^2 x2^2;x1^2 x2 x3;x1^2 x3^2;x1 x2 x3^2;x2^2 x3^2;x1 x3^3;x3^4;x1^3 x2^2;x1^2 x2^3;x1 x2^4;x1^4 x3;x1 x2^3 x3;x1^2 x2 x3^2;x2^3 x3^2"
2,4.2,15849,49,"min/min",16,TRUE,9,8,TRUE,TRUE,0,"x3;x1^2;x2^2;x1 x3;x3^2;x1 x2^2;x1^2 x3;x1 x2 x3;x2^2 x3;x3^3;x1^4;x1^3 x3;x1^2 x3^2;x3^4;x1^2 x2^2 x3;x1 x2^3 x3"
2,4.2,15849,49,"min/1se",20,FALSE,14,17,FALSE,FALSE,10,"x3;x1^2;x2^2;x1 x3;x1^3;x1^2 x2;x1 x2^2;x2^3;x1^2 x3;x1 x2 x3;x2^2 x3;x3^3;x1^4;x1^2 x2^2;x2^4;x1^2 x3^2;x2^2 x3^2;x3^4;x1^3 x2 x3;x1 x2^3 x3"
2,4.2,15849,49,"1se/1se",20,FALSE,14,17,FALSE,FALSE,10,"x3;x1^2;x2^2;x1 x3;x1^3;x1^2 x2;x1 x2^2;x2^3;x1^2 x3;x1 x2 x3;x2^2 x3;x3^3;x1^4;x1^2 x2^2;x2^4;x1^2 x3^2;x2^2 x3^2;x3^4;x1^3 x2 x3;x1 x2^3 x3"
3,4.2,15849,49,"min/min",16,TRUE,9,8,TRUE,TRUE,0,"x1;x3;x1^2;x2^2;x1^2 x3;x2^2 x3;x3^3;x1^4;x1^2 x2^2;x1^3 x3;x1^2 x3^2;x2^2 x3^2;x1^4 x3;x1^2 x2^2 x3;x2^4 x3;x1^2 x3^3"
3,4.2,15849,49,"min/1se",17,FALSE,12,18,FALSE,FALSE,12,"x1;x2;x3;x1^2;x2^2;x2 x3;x3^3;x1^4;x1^2 x2^2;x2^4;x1^3 x3;x1 x2^2 x3;x1^2 x3^2;x2^2 x3^2;x1 x3^3;x1^2 x2^2 x3;x2^4 x3"
3,4.2,15849,49,"1se/1se",17,FALSE,12,18,FALSE,FALSE,12,"x1;x2;x3;x1^2;x2^2;x2 x3;x3^3;x1^4;x1^2 x2^2;x2^4;x1^3 x3;x1 x2^2 x3;x1^2 x3^2;x2^2 x3^2;x1 x3^3;x1^2 x2^2 x3;x2^4 x3"
4,4.2,15849,49,"min/min",13,TRUE,6,8,TRUE,TRUE,0,"x3;x1^2;x2^2;x1 x3;x1^2 x3;x2^2 x3;x3^3;x1^2 x2^2;x2^4;x1^3 x3;x2^2 x3^2;x3^4;x2^4 x3"
4,4.2,15849,49,"min/1se",14,FALSE,8,15,FALSE,FALSE,8,"x3;x1^2;x2^2;x1 x3;x1^2 x2;x1^2 x3;x3^3;x1^2 x2^2;x2^4;x1^3 x3;x2^3 x3;x2^2 x3^2;x3^4;x2^4 x3"
4,4.2,15849,49,"1se/1se",13,FALSE,7,14,FALSE,FALSE,7,"x3;x1^2;x2^2;x1 x3;x1^2 x3;x3^3;x1^2 x2^2;x2^4;x1^3 x3;x2^3 x3;x2^2 x3^2;x3^4;x2^4 x3"
5,4.2,15849,49,"min/min",14,FALSE,8,13,FALSE,FALSE,6,"x3;x1^2;x2^2;x2^2 x3;x3^3;x1^4;x1^2 x2^2;x2^4;x1^3 x3;x1^2 x3^2;x2^2 x3^2;x3^4;x1^4 x3;x1^2 x2^2 x3"
5,4.2,15849,49,"min/1se",19,FALSE,13,15,FALSE,FALSE,8,"x3;x1^2;x2^2;x2 x3;x1^3;x1 x2^2;x2^2 x3;x1 x3^2;x3^3;x1^4;x1^2 x2^2;x2^4;x1^3 x3;x1^2 x2 x3;x1^2 x3^2;x2^2 x3^2;x3^4;x1^4 x3;x1^2 x2^2 x3"
5,4.2,15849,49,"1se/1se",12,FALSE,6,13,FALSE,FALSE,6,"x1;x3;x1^2;x2^2;x1^2 x2;x1^2 x3;x2^2 x3;x1 x3^2;x2 x3^2;x3^3;x1^4;x2^2 x3^2"
6,4.2,15849,49,"min/min",13,TRUE,6,8,TRUE,TRUE,0,"x2;x3;x1^2;x2^2;x3^2;x1^2 x3;x2^2 x3;x3^3;x1^2 x2^2;x2^4;x1^3 x3;x3^4;x1^2 x2^2 x3"
6,4.2,15849,49,"min/1se",13,TRUE,6,8,TRUE,TRUE,0,"x3;x1^2;x2^2;x1 x3;x1^2 x3;x2^2 x3;x3^3;x1^4;x1^2 x2^2;x2^4;x1^3 x3;x1 x2^2 x3;x3^4"
6,4.2,15849,49,"1se/1se",13,TRUE,6,8,TRUE,TRUE,0,"x3;x1^2;x2^2;x1 x3;x1^2 x3;x2^2 x3;x3^3;x1^4;x1^2 x2^2;x2^4;x1^3 x3;x1 x2^2 x3;x3^4"
7,4.2,15849,49,"min/min",16,TRUE,9,8,TRUE,TRUE,0,"x2;x3;x1^2;x2^2;x1 x3;x3^2;x1^3;x1^2 x3;x2^2 x3;x3^3;x1^3 x3;x1 x2^2 x3;x2^2 x3^2;x1 x3^3;x3^4;x1^3 x3^2"
7,4.2,15849,49,"min/1se",23,FALSE,19,20,FALSE,FALSE,15,"x2;x3;x1^2;x2^2;x1 x3;x3^2;x1^3;x1 x2^2;x2^3;x2 x3^2;x3^3;x1^2 x2^2;x2^4;x1^2 x3^2;x2^2 x3^2;x1 x3^3;x3^4;x1^4 x3;x1^3 x2 x3;x1^2 x2^2 x3;x1 x2^3 x3;x2^4 x3;x1^3 x3^2"
7,4.2,15849,49,"1se/1se",10,FALSE,5,10,FALSE,FALSE,4,"x3;x1^2;x2^2;x1 x3;x2^2 x3;x3^3;x1^4;x1^2 x2^2;x2^4;x1^2 x3^2"
8,4.2,15849,49,"min/min",14,FALSE,8,15,FALSE,FALSE,8,"x3;x1^2;x2^2;x1^2 x3;x3^3;x1^4;x1^2 x2^2;x2^4;x1^3 x3;x1^2 x3^2;x2^2 x3^2;x3^4;x1^2 x2^2 x3;x2^4 x3"
8,4.2,15849,49,"min/1se",18,FALSE,12,15,FALSE,FALSE,8,"x3;x1^2;x1 x2;x2^2;x1^3;x1^2 x3;x1 x3^2;x2 x3^2;x3^3;x1^4;x1^2 x2^2;x2^4;x1^3 x3;x1^2 x3^2;x2^2 x3^2;x3^4;x1^4 x3;x1^2 x2^2 x3"
8,4.2,15849,49,"1se/1se",16,FALSE,10,13,FALSE,FALSE,6,"x3;x1^2;x2^2;x1^3;x1^2 x3;x1 x3^2;x2 x3^2;x3^3;x1^4;x1^2 x2^2;x2^4;x1^3 x3;x1^2 x3^2;x2^2 x3^2;x3^4;x1^2 x2^2 x3"
9,4.2,15849,49,"min/min",34,FALSE,28,22,FALSE,FALSE,15,"x1;x2;x3;x1^2;x1 x2;x2^2;x1 x3;x2 x3;x3^2;x2^2 x3;x2 x3^2;x3^3;x1^4;x1^2 x2^2;x2^4;x1^3 x3;x1^2 x2 x3;x1 x2^2 x3;x2^3 x3;x1^2 x3^2;x2^2 x3^2;x1 x3^3;x2 x3^3;x3^4;x1^4 x2;x1^2 x2^3;x1 x2^4;x1^4 x3;x1^2 x2^2 x3;x2^4 x3;x1^3 x3^2;x1^2 x3^3;x2^2 x3^3;x1 x3^4"
9,4.2,15849,49,"min/1se",18,FALSE,13,17,FALSE,FALSE,11,"x3;x1^2;x2^2;x1 x3;x2 x3;x3^2;x1^3;x2^2 x3;x1^3 x3;x1^2 x2 x3;x1 x2^2 x3;x2^3 x3;x1^2 x3^2;x2^2 x3^2;x1 x3^3;x3^4;x1^2 x2^2 x3;x1^3 x3^2"
9,4.2,15849,49,"1se/1se",16,FALSE,11,17,FALSE,FALSE,11,"x3;x1^2;x2^2;x1 x3;x2 x3;x3^2;x1^3;x2^2 x3;x1^3 x3;x1 x2^2 x3;x2^3 x3;x1^2 x3^2;x2^2 x3^2;x1 x3^3;x3^4;x1^2 x2^2 x3"
10,4.2,15849,49,"min/min",7,TRUE,0,8,TRUE,TRUE,0,"x3;x1^2;x2^2;x1^2 x3;x2^2 x3;x3^3;x1^3 x3"
10,4.2,15849,49,"min/1se",11,TRUE,4,8,TRUE,TRUE,0,"x3;x1^2;x2^2;x1 x3;x1^2 x3;x2^2 x3;x3^3;x1^2 x2^2;x2^4;x1^3 x3;x2^2 x3^2"
10,4.2,15849,49,"1se/1se",11,TRUE,4,8,TRUE,TRUE,0,"x3;x1^2;x2^2;x1 x3;x1^2 x3;x2^2 x3;x3^3;x1^2 x2^2;x2^4;x1^3 x3;x2^2 x3^2"
11,4.2,15849,49,"min/min",36,FALSE,30,26,FALSE,FALSE,19,"x2;x3;x1^2;x1 x2;x2^2;x1 x3;x2 x3;x3^2;x1^3;x1^2 x2;x1^2 x3;x1 x2 x3;x1 x3^2;x2 x3^2;x3^3;x1^4;x1 x2^3;x2^4;x1^3 x3;x1 x2^2 x3;x1^2 x3^2;x1 x2 x3^2;x2^2 x3^2;x2 x3^3;x3^4;x1^4 x2;x1^2 x2^3;x2^5;x1^4 x3;x1^3 x2 x3;x1^2 x2^2 x3;x1 x2^3 x3;x2^4 x3;x2^3 x3^2;x1 x2 x3^3;x2^2 x3^3"
11,4.2,15849,49,"min/1se",21,FALSE,15,16,FALSE,FALSE,9,"x3;x1^2;x2^2;x1 x3;x2 x3;x1^2 x3;x3^3;x1^2 x2^2;x1 x2^3;x2^4;x1^3 x3;x1^2 x2 x3;x1 x2 x3^2;x2^2 x3^2;x3^4;x1^3 x2^2;x1^2 x2^3;x2^5;x1^3 x2 x3;x1^2 x2^2 x3;x2^4 x3"
11,4.2,15849,49,"1se/1se",22,FALSE,16,17,FALSE,FALSE,10,"x3;x1^2;x2^2;x1 x3;x2 x3;x1^2 x3;x3^3;x1^2 x2^2;x1 x2^3;x2^4;x1^3 x3;x1^2 x2 x3;x1 x2^2 x3;x1 x2 x3^2;x2^2 x3^2;x3^4;x1^3 x2^2;x1^2 x2^3;x2^5;x1^3 x2 x3;x1^2 x2^2 x3;x2^4 x3"
12,4.2,15849,49,"min/min",43,TRUE,36,8,TRUE,TRUE,0,"x2;x3;x1^2;x1 x2;x2^2;x1 x3;x2 x3;x3^2;x1^3;x1^2 x2;x1 x2^2;x2^3;x1^2 x3;x2^2 x3;x2 x3^2;x3^3;x1^4;x1^3 x2;x1^2 x2^2;x2^4;x1^3 x3;x1^2 x2 x3;x1 x2^2 x3;x2^3 x3;x1^2 x3^2;x1 x2 x3^2;x2^2 x3^2;x2 x3^3;x3^4;x1^4 x2;x1^3 x2^2;x1^2 x2^3;x1 x2^4;x2^5;x1^4 x3;x1^2 x2^2 x3;x2^4 x3;x1^2 x2 x3^2;x1 x2^2 x3^2;x2^3 x3^2;x1^2 x3^3;x2^2 x3^3;x1 x3^4"
12,4.2,15849,49,"min/1se",25,FALSE,20,22,FALSE,FALSE,17,"x2;x3;x1^2;x2^2;x1 x3;x3^2;x1^3;x1 x2^2;x2 x3^2;x3^3;x1^3 x3;x1^2 x2 x3;x1 x2^2 x3;x1^2 x3^2;x1 x2 x3^2;x2^2 x3^2;x1 x3^3;x3^4;x1^4 x2;x1^3 x2^2;x1^2 x2^3;x1^4 x3;x1^2 x2^2 x3;x2^4 x3;x1^3 x3^2"
12,4.2,15849,49,"1se/1se",25,FALSE,20,22,FALSE,FALSE,17,"x2;x3;x1^2;x2^2;x1 x3;x3^2;x1^3;x1 x2^2;x2 x3^2;x3^3;x1^3 x3;x1^2 x2 x3;x1 x2^2 x3;x1^2 x3^2;x1 x2 x3^2;x2^2 x3^2;x1 x3^3;x3^4;x1^4 x2;x1^3 x2^2;x1^2 x2^3;x1^4 x3;x1^2 x2^2 x3;x2^4 x3;x1^3 x3^2"
13,4.2,15849,49,"min/min",22,TRUE,15,9,FALSE,TRUE,1,"x3;x1^2;x2^2;x1 x3;x2 x3;x3^2;x1^3;x1^2 x2;x1^2 x3;x1 x2 x3;x2^2 x3;x3^3;x1^3 x3;x1 x2^2 x3;x2^3 x3;x1^2 x3^2;x1^2 x2^3;x1^4 x3;x1^3 x2 x3;x1^2 x2^2 x3;x1^3 x3^2;x1^2 x2 x3^2"
13,4.2,15849,49,"min/1se",18,FALSE,13,18,FALSE,FALSE,12,"x3;x1^2;x2^2;x1 x3;x2 x3;x1^3;x1^2 x2;x2^2 x3;x3^3;x1 x2^2 x3;x1^2 x3^2;x2^2 x3^2;x1 x3^3;x3^4;x1^4 x3;x1^2 x2^2 x3;x1^3 x3^2;x1^2 x2 x3^2"
13,4.2,15849,49,"1se/1se",18,FALSE,13,18,FALSE,FALSE,12,"x3;x1^2;x2^2;x1 x3;x2 x3;x1^3;x1^2 x2;x2^2 x3;x3^3;x1 x2^2 x3;x1^2 x3^2;x2^2 x3^2;x1 x3^3;x3^4;x1^4 x3;x1^2 x2^2 x3;x1^3 x3^2;x1^2 x2 x3^2"
14,4.2,15849,49,"min/min",31,FALSE,25,26,FALSE,FALSE,19,"x1;x3;x1^2;x2^2;x2 x3;x3^2;x1^3;x1^2 x2;x1^2 x3;x3^3;x1^4;x1^3 x2;x1^2 x2^2;x1 x2^3;x2^4;x1^3 x3;x1^2 x2 x3;x1^2 x3^2;x1 x2 x3^2;x2^2 x3^2;x1 x3^3;x1^5;x1^4 x2;x1^2 x2^3;x1 x2^4;x2^5;x1^4 x3;x1^2 x2^2 x3;x2^4 x3;x2^3 x3^2;x1^2 x3^3"
14,4.2,15849,49,"min/1se",18,FALSE,13,18,FALSE,FALSE,12,"x3;x1^2;x2^2;x2 x3;x3^3;x1^4;x1^2 x2^2;x2^4;x1^3 x3;x1^2 x2 x3;x1^2 x3^2;x2^2 x3^2;x1 x3^3;x1^2 x2^3;x2^5;x1^4 x3;x1^2 x2^2 x3;x2^4 x3"
14,4.2,15849,49,"1se/1se",23,FALSE,17,19,FALSE,FALSE,12,"x3;x1^2;x2^2;x1 x3;x2 x3;x3^2;x1^3;x1^2 x2;x2^3;x1^2 x3;x1 x2 x3;x2 x3^2;x3^3;x1^4;x1^2 x2^2;x1 x2^3;x2^4;x1^3 x3;x1^2 x2 x3;x1^2 x3^2;x2^2 x3^2;x1 x3^3;x3^4"
15,4.2,15849,49,"min/min",21,FALSE,16,18,FALSE,FALSE,12,"x1;x2;x3;x1^2;x2^2;x3^2;x1 x2 x3;x1 x3^2;x3^3;x1^4;x1^2 x2^2;x2^4;x1^3 x3;x1^2 x2 x3;x1 x2^2 x3;x1^2 x3^2;x2^2 x3^2;x3^4;x1^4 x3;x1^2 x2^2 x3;x2^4 x3"
15,4.2,15849,49,"min/1se",17,FALSE,12,17,FALSE,FALSE,11,"x3;x1^2;x2^2;x1 x3^2;x2 x3^2;x3^3;x1^2 x2^2;x2^4;x1^3 x3;x1^2 x2 x3;x1^2 x3^2;x1 x2 x3^2;x2^2 x3^2;x3^4;x1^4 x3;x1^2 x2^2 x3;x2^4 x3"
15,4.2,15849,49,"1se/1se",16,FALSE,11,16,FALSE,FALSE,10,"x3;x1^2;x2^2;x1 x3^2;x2 x3^2;x3^3;x1^2 x2^2;x2^4;x1^3 x3;x1^2 x2 x3;x1^2 x3^2;x2^2 x3^2;x3^4;x1^4 x3;x1^2 x2^2 x3;x2^4 x3"
16,4.2,15849,49,"min/min",19,FALSE,13,15,FALSE,FALSE,8,"x2;x3;x1^2;x1 x2;x2^2;x2^2 x3;x3^3;x1^4;x1^3 x2;x1^2 x2^2;x2^4;x1^3 x3;x1^2 x2 x3;x2^3 x3;x1^2 x3^2;x2^2 x3^2;x1^4 x3;x1^2 x2^2 x3;x2^4 x3"
16,4.2,15849,49,"min/1se",15,FALSE,10,16,FALSE,FALSE,10,"x3;x1^2;x2^2;x3^3;x1^4;x1^2 x2^2;x2^4;x1^3 x3;x1^2 x2 x3;x2^3 x3;x1^2 x3^2;x2^2 x3^2;x1^4 x3;x1^2 x2^2 x3;x2^4 x3"
16,4.2,15849,49,"1se/1se",15,FALSE,10,16,FALSE,FALSE,10,"x3;x1^2;x2^2;x3^3;x1^4;x1^2 x2^2;x2^4;x1^3 x3;x1^2 x2 x3;x2^3 x3;x1^2 x3^2;x2^2 x3^2;x1^4 x3;x1^2 x2^2 x3;x2^4 x3"
17,4.2,15849,49,"min/min",8,TRUE,1,8,TRUE,TRUE,0,"x3;x1^2;x2^2;x1 x3;x1^2 x3;x2^2 x3;x3^3;x1^3 x3"
17,4.2,15849,49,"min/1se",13,TRUE,6,8,TRUE,TRUE,0,"x3;x1^2;x2^2;x1 x3;x1^2 x3;x2^2 x3;x3^3;x1^4;x1^2 x2^2;x2^4;x1^3 x3;x2^2 x3^2;x1 x3^3"
17,4.2,15849,49,"1se/1se",13,TRUE,6,8,TRUE,TRUE,0,"x3;x1^2;x2^2;x1 x3;x1^2 x3;x2^2 x3;x3^3;x1^4;x1^2 x2^2;x2^4;x1^3 x3;x2^2 x3^2;x1 x3^3"
18,4.2,15849,49,"min/min",9,TRUE,2,8,TRUE,TRUE,0,"x3;x1^2;x2^2;x1^2 x3;x2^2 x3;x3^3;x1^3 x3;x2^2 x3^2;x3^4"
18,4.2,15849,49,"min/1se",15,TRUE,8,8,TRUE,TRUE,0,"x3;x1^2;x2^2;x2 x3;x3^2;x1^2 x3;x2^2 x3;x3^3;x1^2 x2^2;x2^4;x1^3 x3;x1^2 x3^2;x2^2 x3^2;x3^4;x1^2 x2^2 x3"
18,4.2,15849,49,"1se/1se",15,TRUE,8,8,TRUE,TRUE,0,"x3;x1^2;x2^2;x2 x3;x3^2;x1^2 x3;x2^2 x3;x3^3;x1^2 x2^2;x2^4;x1^3 x3;x1^2 x3^2;x2^2 x3^2;x3^4;x1^2 x2^2 x3"
19,4.2,15849,49,"min/min",15,TRUE,8,11,FALSE,TRUE,3,"x3;x1^2;x2^2;x1^2 x3;x2^2 x3;x3^3;x1^4;x1^2 x2^2;x1^3 x3;x1^2 x2 x3;x1^2 x3^2;x2^2 x3^2;x1^4 x3;x1^2 x2^2 x3;x1^2 x3^3"
19,4.2,15849,49,"min/1se",19,FALSE,13,13,FALSE,FALSE,6,"x3;x1^2;x2^2;x2 x3;x1 x2^2;x1 x2 x3;x2^2 x3;x3^3;x1^4;x1^3 x2;x1^2 x2^2;x2^4;x1^3 x3;x1^2 x2 x3;x1^2 x3^2;x2^2 x3^2;x1^3 x2^2;x1^4 x3;x1^2 x2^2 x3"
19,4.2,15849,49,"1se/1se",19,FALSE,13,13,FALSE,FALSE,6,"x3;x1^2;x2^2;x2 x3;x1 x2^2;x1 x2 x3;x2^2 x3;x3^3;x1^4;x1^3 x2;x1^2 x2^2;x2^4;x1^3 x3;x1^2 x2 x3;x1^2 x3^2;x2^2 x3^2;x1^3 x2^2;x1^4 x3;x1^2 x2^2 x3"
0,4,10000,49,"min/min",9,TRUE,2,8,TRUE,TRUE,0,"x3;x1^2;x2^2;x3^2;x1^2 x3;x2^2 x3;x3^3;x1^3 x3;x3^4"
0,4,10000,49,"min/1se",12,TRUE,5,8,TRUE,TRUE,0,"x3;x1^2;x2^2;x1 x3;x1^2 x3;x2^2 x3;x3^3;x1^4;x1^2 x2^2;x2^4;x1^3 x3;x3^4"
0,4,10000,49,"1se/1se",12,TRUE,5,8,TRUE,TRUE,0,"x3;x1^2;x2^2;x1 x3;x1^2 x3;x2^2 x3;x3^3;x1^4;x1^2 x2^2;x2^4;x1^3 x3;x3^4"
1,4,10000,49,"min/min",44,FALSE,39,24,FALSE,FALSE,18,"x1;x2;x3;x1^2;x1 x2;x2^2;x1 x3;x2 x3;x3^2;x1^2 x2;x1 x2^2;x2^3;x2^2 x3;x1 x3^2;x2 x3^2;x3^3;x1^4;x1^2 x2^2;x2^4;x1^2 x2 x3;x1 x2^2 x3;x2^3 x3;x1^2 x3^2;x1 x2 x3^2;x2^2 x3^2;x1 x3^3;x2 x3^3;x3^4;x1^5;x1^4 x2;x1^2 x2^3;x1 x2^4;x2^5;x1^4 x3;x1^3 x2 x3;x1^2 x2^2 x3;x1 x2^3 x3;x1^3 x3^2;x1^2 x2 x3^2;x2^3 x3^2;x1^2 x3^3;x2^2 x3^3;x1 x3^4;x3^5"
1,4,10000,49,"min/1se",27,FALSE,23,26,FALSE,FALSE,21,"x3;x1^2;x1 x2;x2^2;x1 x3;x2 x3;x3^2;x1^3;x1^2 x2;x2^3;x2^2 x3;x1 x3^2;x1^2 x2^2;x1 x2^2 x3;x1^2 x3^2;x1 x2 x3^2;x2^2 x3^2;x1 x3^3;x3^4;x1^3 x2^2;x1 x2^4;x1^4 x3;x1^2 x2^2 x3;x1 x2^3 x3;x1^2 x2 x3^2;x2^3 x3^2;x1^2 x3^3"
1,4,10000,49,"1se/1se",26,FALSE,22,23,FALSE,FALSE,18,"x3;x1^2;x1 x2;x2^2;x1 x3;x2 x3;x3^2;x1^3;x1^2 x2;x2^3;x2^2 x3;x1 x3^2;x1 x2^2 x3;x1^2 x3^2;x1 x2 x3^2;x2^2 x3^2;x1 x3^3;x3^4;x1^3 x2^2;x1 x2^4;x1^4 x3;x1^2 x2^2 x3;x1 x2^3 x3;x1^2 x2 x3^2;x2^3 x3^2;x1^2 x3^3"
2,4,10000,49,"min/min",19,TRUE,12,8,TRUE,TRUE,0,"x1;x3;x1^2;x2^2;x1 x3;x3^2;x1^3;x1^2 x3;x1 x2 x3;x2^2 x3;x3^3;x1^4;x1^3 x3;x1 x2^2 x3;x1^2 x3^2;x3^4;x1^2 x2^2 x3;x1 x2^3 x3;x2^3 x3^2"
2,4,10000,49,"min/1se",20,FALSE,14,17,FALSE,FALSE,10,"x3;x1^2;x2^2;x1 x3;x1^3;x1^2 x2;x1 x2^2;x1^2 x3;x1 x2 x3;x2^2 x3;x2 x3^2;x3^3;x1^4;x1^2 x2^2;x2^4;x1^2 x3^2;x2^2 x3^2;x3^4;x1^3 x2 x3;x1 x2^3 x3"
2,4,10000,49,"1se/1se",20,FALSE,14,17,FALSE,FALSE,10,"x3;x1^2;x2^2;x1 x3;x1^3;x1^2 x2;x1 x2^2;x1^2 x3;x1 x2 x3;x2^2 x3;x2 x3^2;x3^3;x1^4;x1^2 x2^2;x2^4;x1^2 x3^2;x2^2 x3^2;x3^4;x1^3 x2 x3;x1 x2^3 x3"
3,4,10000,49,"min/min",12,TRUE,5,8,TRUE,TRUE,0,"x3;x1^2;x2^2;x1^2 x3;x2^2 x3;x3^3;x1^4;x1^2 x2^2;x1^3 x3;x1^2 x3^2;x2^2 x3^2;x1^2 x2^2 x3"
3,4,10000,49,"min/1se",21,TRUE,14,8,TRUE,TRUE,0,"x1;x2;x3;x1^2;x2^2;x2 x3;x1^2 x3;x2^2 x3;x3^3;x1^4;x1^2 x2^2;x2^4;x1^3 x3;x1 x2^2 x3;x1^2 x3^2;x2^2 x3^2;x1 x3^3;x1^4 x3;x1^2 x2^2 x3;x2^4 x3;x1^2 x2 x3^2"
3,4,10000,49,"1se/1se",18,FALSE,12,17,FALSE,FALSE,10,"x1;x2;x3;x1^2;x2^2;x2 x3;x2^2 x3;x3^3;x1^4;x1^2 x2^2;x2^4;x1^3 x3;x1 x2^2 x3;x1^2 x3^2;x2^2 x3^2;x1 x3^3;x1^2 x2^2 x3;x2^4 x3"
4,4,10000,49,"min/min",16,TRUE,9,8,TRUE,TRUE,0,"x3;x1^2;x2^2;x1 x3;x3^2;x1^2 x3;x2^2 x3;x3^3;x1^2 x2^2;x2^4;x1^3 x3;x2^3 x3;x2^2 x3^2;x3^4;x1^2 x2^2 x3;x2^4 x3"
4,4,10000,49,"min/1se",14,FALSE,8,14,FALSE,FALSE,7,"x3;x1^2;x2^2;x1 x3;x1^2 x2;x1^2 x3;x3^3;x1^2 x2^2;x2^4;x1^3 x3;x2^3 x3;x2^2 x3^2;x3^4;x2^4 x3"
4,4,10000,49,"1se/1se",14,FALSE,8,14,FALSE,FALSE,7,"x3;x1^2;x2^2;x1 x3;x1^2 x2;x1^2 x3;x3^3;x1^2 x2^2;x2^4;x1^3 x3;x2^3 x3;x2^2 x3^2;x3^4;x2^4 x3"
5,4,10000,49,"min/min",16,FALSE,10,13,FALSE,FALSE,6,"x3;x1^2;x2^2;x3^2;x2^2 x3;x3^3;x1^4;x1^2 x2^2;x2^4;x1^3 x3;x1^2 x3^2;x2^2 x3^2;x3^4;x1^4 x3;x1^2 x2^2 x3;x2^4 x3"
5,4,10000,49,"min/1se",16,FALSE,11,13,FALSE,FALSE,7,"x3;x1^2;x2^2;x1^3;x1 x2^2;x1 x3^2;x3^3;x1^4;x1^2 x2^2;x2^4;x1^3 x3;x1^2 x2 x3;x1^2 x3^2;x2^2 x3^2;x3^4;x1^2 x2^2 x3"
5,4,10000,49,"1se/1se",13,FALSE,8,13,FALSE,FALSE,7,"x3;x1^2;x2^2;x3^3;x1^4;x1^2 x2^2;x2^4;x1^3 x3;x1^2 x2 x3;x1^2 x3^2;x2^2 x3^2;x3^4;x1^2 x2^2 x3"
6,4,10000,49,"min/min",10,TRUE,3,8,TRUE,TRUE,0,"x3;x1^2;x2^2;x3^2;x1^2 x3;x2^2 x3;x3^3;x1^2 x2^2;x1^3 x3;x3^4"
6,4,10000,49,"min/1se",13,TRUE,6,8,TRUE,TRUE,0,"x3;x1^2;x2^2;x1 x3;x1^2 x3;x2^2 x3;x3^3;x1^4;x1^2 x2^2;x2^4;x1^3 x3;x1 x2^2 x3;x3^4"
6,4,10000,49,"1se/1se",13,TRUE,6,8,TRUE,TRUE,0,"x3;x1^2;x2^2;x1 x3;x1^2 x3;x2^2 x3;x3^3;x1^4;x1^2 x2^2;x2^4;x1^3 x3;x1 x2^2 x3;x3^4"
7,4,10000,49,"min/min",16,TRUE,9,8,TRUE,TRUE,0,"x3;x1^2;x2^2;x1 x3;x3^2;x1^2 x3;x2^2 x3;x3^3;x2^4;x1^3 x3;x1^2 x3^2;x2^2 x3^2;x3^4;x1^4 x3;x1^2 x2^2 x3;x2^4 x3"
7,4,10000,49,"min/1se",17,FALSE,13,17,FALSE,FALSE,12,"x3;x1^2;x2^2;x1 x3;x3^2;x1^3;x1 x2^2;x2 x3^2;x3^3;x1^2 x2^2;x2^4;x1^2 x3^2;x2^2 x3^2;x3^4;x1^4 x3;x1^2 x2^2 x3;x2^4 x3"
7,4,10000,49,"1se/1se",11,FALSE,5,10,FALSE,FALSE,3,"x3;x1^2;x2^2;x1 x3;x3^2;x2^2 x3;x3^3;x1^4;x1^2 x2^2;x1^3 x3;x1^2 x3^2"
8,4,10000,49,"min/min",23,TRUE,16,8,TRUE,TRUE,0,"x1;x2;x3;x1^2;x2^2;x2 x3;x3^2;x1^2 x3;x2^2 x3;x1 x3^2;x3^3;x1^4;x1^2 x2^2;x1 x2^3;x2^4;x1^3 x3;x1^2 x3^2;x1 x2 x3^2;x2^2 x3^2;x3^4;x1^4 x3;x1^2 x2^2 x3;x2^4 x3"
8,4,10000,49,"min/1se",11,FALSE,6,11,FALSE,FALSE,5,"x3;x1^2;x2^2;x3^3;x1^4;x1^2 x2^2;x2^4;x1^3 x3;x1^2 x3^2;x2^2 x3^2;x3^4"
8,4,10000,49,"1se/1se",8,TRUE,1,8,TRUE,TRUE,0,"x3;x1^2;x2^2;x1^2 x3;x2^2 x3;x3^3;x1^3 x3;x2^2 x3^2"
9,4,10000,49,"min/min",7,TRUE,0,8,TRUE,TRUE,0,"x3;x1^2;x2^2;x1^2 x3;x2^2 x3;x3^3;x1^3 x3"
9,4,10000,49,"min/1se",10,TRUE,3,8,TRUE,TRUE,0,"x3;x1^2;x2^2;x1^2 x3;x2^2 x3;x3^3;x1^4;x1^2 x2^2;x1^3 x3;x1^2 x3^2"
9,4,10000,49,"1se/1se",18,FALSE,13,16,FALSE,FALSE,10,"x3;x1^2;x2^2;x1 x3;x2 x3;x3^2;x1^3;x2^2 x3;x1^4;x1^3 x3;x1^2 x2 x3;x1 x2^2 x3;x2^3 x3;x1^2 x3^2;x2^2 x3^2;x1 x3^3;x3^4;x1^2 x2^2 x3"
10,4,10000,49,"min/min",7,TRUE,0,8,TRUE,TRUE,0,"x3;x1^2;x2^2;x1^2 x3;x2^2 x3;x3^3;x1^3 x3"
10,4,10000,49,"min/1se",11,TRUE,4,9,FALSE,TRUE,1,"x3;x1^2;x2^2;x1 x3;x1^2 x3;x2^2 x3;x3^3;x1^2 x2^2;x2^4;x1^3 x3;x2^2 x3^2"
10,4,10000,49,"1se/1se",11,TRUE,4,9,FALSE,TRUE,1,"x3;x1^2;x2^2;x1 x3;x1^2 x3;x2^2 x3;x3^3;x1^2 x2^2;x2^4;x1^3 x3;x2^2 x3^2"
11,4,10000,49,"min/min",32,FALSE,26,20,FALSE,FALSE,13,"x3;x1^2;x1 x2;x2^2;x2 x3;x1^3;x1^2 x2;x1^2 x3;x1 x2 x3;x2 x3^2;x3^3;x1^3 x2;x1^2 x2^2;x1 x2^3;x2^4;x1^3 x3;x1^2 x2 x3;x2^2 x3^2;x2 x3^3;x3^4;x1^4 x2;x1^3 x2^2;x1^2 x2^3;x1 x2^4;x2^5;x1^3 x2 x3;x1^2 x2^2 x3;x1 x2^3 x3;x2^4 x3;x2^3 x3^2;x1 x2 x3^3;x2^2 x3^3"
11,4,10000,49,"min/1se",17,FALSE,11,14,FALSE,FALSE,7,"x3;x1^2;x2^2;x2^3;x1^2 x3;x3^3;x1^2 x2^2;x1^3 x3;x1^2 x2 x3;x1^2 x3^2;x1 x2 x3^2;x2^2 x3^2;x3^4;x1^2 x2^3;x1^3 x2 x3;x1^2 x2^2 x3;x2^4 x3"
11,4,10000,49,"1se/1se",17,FALSE,11,14,FALSE,FALSE,7,"x3;x1^2;x2^2;x2^3;x1^2 x3;x3^3;x1^2 x2^2;x1^3 x3;x1^2 x2 x3;x1^2 x3^2;x1 x2 x3^2;x2^2 x3^2;x3^4;x1^2 x2^3;x1^3 x2 x3;x1^2 x2^2 x3;x2^4 x3"
12,4,10000,49,"min/min",40,FALSE,34,27,FALSE,FALSE,20,"x2;x3;x1^2;x1 x2;x2^2;x1 x3;x2 x3;x3^2;x1^3;x1^2 x2;x1 x2^2;x2^3;x2^2 x3;x2 x3^2;x3^3;x1^4;x1^2 x2^2;x1^3 x3;x1^2 x2 x3;x1 x2^2 x3;x2^3 x3;x1^2 x3^2;x1 x2 x3^2;x2^2 x3^2;x1 x3^3;x2 x3^3;x3^4;x1^4 x2;x1^3 x2^2;x1^2 x2^3;x2^5;x1^4 x3;x1^2 x2^2 x3;x2^4 x3;x1^2 x2 x3^2;x1 x2^2 x3^2;x2^3 x3^2;x1^2 x3^3;x2^2 x3^3;x1 x3^4"
12,4,10000,49,"min/1se",22,FALSE,17,18,FALSE,FALSE,12,"x2;x3;x1^2;x2^2;x1 x3;x3^2;x1^3;x1^2 x2;x2 x3^2;x3^3;x2^4;x1^3 x3;x1^2 x2 x3;x1 x2^2 x3;x1^2 x3^2;x2^2 x3^2;x1 x3^3;x3^4;x1^4 x2;x1^4 x3;x1^2 x2^2 x3;x2^4 x3"
12,4,10000,49,"1se/1se",22,FALSE,17,18,FALSE,FALSE,12,"x2;x3;x1^2;x2^2;x1 x3;x3^2;x1^3;x1^2 x2;x2 x3^2;x3^3;x2^4;x1^3 x3;x1^2 x2 x3;x1 x2^2 x3;x1^2 x3^2;x2^2 x3^2;x1 x3^3;x3^4;x1^4 x2;x1^4 x3;x1^2 x2^2 x3;x2^4 x3"
13,4,10000,49,"min/min",10,TRUE,3,8,TRUE,TRUE,0,"x3;x1^2;x2^2;x1^2 x3;x2^2 x3;x1 x3^2;x3^3;x1^3 x3;x1^2 x3^2;x1 x3^3"
13,4,10000,49,"min/1se",13,TRUE,6,8,TRUE,TRUE,0,"x3;x1^2;x2^2;x1^2 x3;x2^2 x3;x1 x3^2;x3^3;x1^4;x1^2 x2^2;x1^3 x3;x1 x2^2 x3;x1^2 x3^2;x1 x3^3"
13,4,10000,49,"1se/1se",21,FALSE,16,19,FALSE,FALSE,13,"x3;x1^2;x2^2;x1 x3;x2 x3;x1^3;x1^2 x2;x2^2 x3;x3^3;x1 x2^2 x3;x1^2 x3^2;x2^2 x3^2;x1 x3^3;x3^4;x1^4 x3;x1^2 x2^2 x3;x2^4 x3;x1^3 x3^2;x1^2 x2 x3^2;x1 x2^2 x3^2;x2^2 x3^3"
14,4,10000,49,"min/min",25,TRUE,18,8,TRUE,TRUE,0,"x2;x3;x1^2;x2^2;x1 x3;x2 x3;x3^2;x1^2 x2;x2^3;x1^2 x3;x2^2 x3;x2 x3^2;x3^3;x1^4;x1^3 x2;x1^2 x2^2;x1 x2^3;x2^4;x1^3 x3;x1^2 x2 x3;x1^2 x3^2;x1 x2 x3^2;x2^2 x3^2;x2 x3^3;x3^4"
14,4,10000,49,"min/1se",14,FALSE,8,12,FALSE,FALSE,5,"x3;x1^2;x2^2;x1 x3;x2 x3;x1^3;x2^3;x1^2 x3;x3^3;x1^4;x1^2 x2^2;x2^4;x1^3 x3;x2^2 x3^2"
14,4,10000,49,"1se/1se",14,FALSE,8,12,FALSE,FALSE,5,"x3;x1^2;x2^2;x1 x3;x2 x3;x1^3;x2^3;x1^2 x3;x3^3;x1^4;x1^2 x2^2;x2^4;x1^3 x3;x2^2 x3^2"
15,4,10000,49,"min/min",21,FALSE,16,21,FALSE,FALSE,15,"x3;x1^2;x2^2;x3^2;x1 x2 x3;x1 x3^2;x2 x3^2;x3^3;x1^4;x1^2 x2^2;x2^4;x1^3 x3;x1^2 x2 x3;x1 x2^2 x3;x1^2 x3^2;x2^2 x3^2;x3^4;x1^4 x3;x1^2 x2^2 x3;x2^4 x3;x2^2 x3^3"
15,4,10000,49,"min/1se",17,FALSE,12,17,FALSE,FALSE,11,"x3;x1^2;x2^2;x1 x2 x3;x1 x3^2;x2 x3^2;x3^3;x1^2 x2^2;x2^4;x1^3 x3;x1^2 x3^2;x1 x2 x3^2;x2^2 x3^2;x3^4;x1^4 x3;x1^2 x2^2 x3;x2^4 x3"
15,4,10000,49,"1se/1se",17,FALSE,12,17,FALSE,FALSE,11,"x3;x1^2;x2^2;x1 x2 x3;x1 x3^2;x2 x3^2;x3^3;x1^2 x2^2;x2^4;x1^3 x3;x1^2 x3^2;x1 x2 x3^2;x2^2 x3^2;x3^4;x1^4 x3;x1^2 x2^2 x3;x2^4 x3"
16,4,10000,49,"min/min",23,TRUE,16,8,TRUE,TRUE,0,"x2;x3;x1^2;x1 x2;x2^2;x1^2 x2;x1 x2^2;x1^2 x3;x2^2 x3;x3^3;x1^4;x1^2 x2^2;x2^4;x1^3 x3;x1^2 x2 x3;x2^3 x3;x1^2 x3^2;x2^2 x3^2;x1^3 x2^2;x1^4 x3;x1^2 x2^2 x3;x2^4 x3;x2^2 x3^3"
16,4,10000,49,"min/1se",15,FALSE,10,16,FALSE,FALSE,10,"x3;x1^2;x2^2;x3^3;x1^4;x1^2 x2^2;x2^4;x1^3 x3;x1^2 x2 x3;x2^3 x3;x1^2 x3^2;x2^2 x3^2;x1^4 x3;x1^2 x2^2 x3;x2^4 x3"
16,4,10000,49,"1se/1se",15,FALSE,10,16,FALSE,FALSE,10,"x3;x1^2;x2^2;x3^3;x1^4;x1^2 x2^2;x2^4;x1^3 x3;x1^2 x2 x3;x2^3 x3;x1^2 x3^2;x2^2 x3^2;x1^4 x3;x1^2 x2^2 x3;x2^4 x3"
17,4,10000,49,"min/min",15,TRUE,8,8,TRUE,TRUE,0,"x1;x3;x1^2;x1 x2;x2^2;x1 x3;x1^3;x1^2 x3;x1 x2 x3;x2^2 x3;x1 x3^2;x3^3;x1^3 x3;x1 x2^2 x3;x1 x3^3"
17,4,10000,49,"min/1se",18,FALSE,12,16,FALSE,FALSE,9,"x3;x1^2;x2^2;x1 x3;x1^3;x1 x2^2;x1^2 x3;x2^2 x3;x1 x3^2;x3^3;x1^3 x2;x1^2 x2^2;x1 x2^3;x2^4;x1 x2^2 x3;x1^2 x3^2;x2^2 x3^2;x1 x3^3"
17,4,10000,49,"1se/1se",18,FALSE,12,15,FALSE,FALSE,8,"x3;x1^2;x2^2;x1 x3;x1^3;x1 x2^2;x1^2 x3;x1 x2 x3;x2^2 x3;x1 x3^2;x3^3;x1^3 x2;x1^2 x2^2;x2^4;x1 x2^2 x3;x1^2 x3^2;x2^2 x3^2;x1 x3^3"
18,4,10000,49,"min/min",20,FALSE,14,19,FALSE,FALSE,12,"x3;x1^2;x1 x2;x2^2;x1 x3;x2 x3;x3^2;x1^3;x1^2 x2;x1^2 x3;x2^2 x3;x1 x3^2;x3^3;x1^4;x1^2 x2^2;x2^4;x1 x2^2 x3;x1^2 x3^2;x1 x2 x3^2;x1 x3^3"
18,4,10000,49,"min/1se",13,FALSE,7,14,FALSE,FALSE,7,"x3;x1^2;x2^2;x1 x3;x1^2 x3;x1 x2 x3;x2^2 x3;x1 x3^2;x3^3;x1^4;x1^2 x2^2;x1^2 x3^2;x2^2 x3^2"
18,4,10000,49,"1se/1se",13,FALSE,7,14,FALSE,FALSE,7,"x3;x1^2;x2^2;x1 x3;x1^2 x3;x1 x2 x3;x2^2 x3;x1 x3^2;x3^3;x1^4;x1^2 x2^2;x1^2 x3^2;x2^2 x3^2"
19,4,10000,49,"min/min",11,TRUE,4,10,FALSE,TRUE,2,"x3;x1^2;x2^2;x1^2 x3;x2^2 x3;x3^3;x1^4;x1^2 x2^2;x1^3 x3;x1^2 x3^2;x1^4 x3"
19,4,10000,49,"min/1se",12,FALSE,6,12,FALSE,FALSE,5,"x3;x1^2;x2^2;x2^2 x3;x3^3;x1^4;x1^2 x2^2;x2^4;x1^3 x3;x1^2 x3^2;x2^2 x3^2;x1^4 x3"
19,4,10000,49,"1se/1se",9,TRUE,2,8,TRUE,TRUE,0,"x3;x1^2;x2^2;x1 x3;x1^2 x3;x2^2 x3;x3^3;x1^3 x3;x2^2 x3^2"
0,3.8,6310,49,"min/min",10,TRUE,3,8,TRUE,TRUE,0,"x3;x1^2;x2^2;x3^2;x1^2 x3;x2^2 x3;x3^3;x1^2 x2^2;x1^3 x3;x3^4"
0,3.8,6310,49,"min/1se",12,TRUE,5,8,TRUE,TRUE,0,"x3;x1^2;x2^2;x1 x3;x1^2 x3;x2^2 x3;x3^3;x1^4;x1^2 x2^2;x2^4;x1^3 x3;x3^4"
0,3.8,6310,49,"1se/1se",12,TRUE,5,8,TRUE,TRUE,0,"x3;x1^2;x2^2;x1 x3;x1^2 x3;x2^2 x3;x3^3;x1^4;x1^2 x2^2;x2^4;x1^3 x3;x3^4"
1,3.8,6310,49,"min/min",10,TRUE,3,8,TRUE,TRUE,0,"x3;x1^2;x2^2;x1^2 x3;x2^2 x3;x3^3;x1^2 x2^2;x2^4;x1^3 x3;x2^2 x3^2"
1,3.8,6310,49,"min/1se",11,FALSE,5,11,FALSE,FALSE,4,"x3;x1^2;x2^2;x1 x3;x1^2 x3;x3^3;x1^2 x2^2;x2^4;x1^3 x3;x1 x2^2 x3;x2^2 x3^2"
1,3.8,6310,49,"1se/1se",11,FALSE,5,11,FALSE,FALSE,4,"x3;x1^2;x2^2;x1 x3;x1^2 x3;x3^3;x1^2 x2^2;x2^4;x1^3 x3;x1 x2^2 x3;x2^2 x3^2"
2,3.8,6310,49,"min/min",38,FALSE,32,19,FALSE,FALSE,12,"x1;x3;x1^2;x1 x2;x2^2;x1 x3;x2 x3;x3^2;x1^3;x1^2 x2;x2^3;x1^2 x3;x1 x2 x3;x2^2 x3;x1 x3^2;x2 x3^2;x3^3;x1^4;x1^2 x2^2;x2^4;x1^2 x2 x3;x1 x2^2 x3;x1^2 x3^2;x1 x2 x3^2;x2^2 x3^2;x3^4;x1^5;x1^4 x2;x1^3 x2^2;x1^2 x2^3;x1^4 x3;x1^3 x2 x3;x1 x2^3 x3;x2^4 x3;x2^3 x3^2;x1^2 x3^3;x2^2 x3^3;x1 x3^4"
2,3.8,6310,49,"min/1se",21,FALSE,15,16,FALSE,FALSE,9,"x2;x3;x1^2;x2^2;x1 x3;x1^3;x1^2 x2;x1 x2^2;x1^2 x3;x1 x2 x3;x2^2 x3;x2 x3^2;x3^3;x1^4;x1^2 x2^2;x2^4;x1^2 x3^2;x2^2 x3^2;x3^4;x1^5;x1 x2^3 x3"
2,3.8,6310,49,"1se/1se",19,FALSE,13,17,FALSE,FALSE,10,"x3;x1^2;x2^2;x1 x3;x1^3;x1^2 x2;x1 x2^2;x1^2 x3;x2^2 x3;x2 x3^2;x3^3;x1^4;x1^2 x2^2;x2^4;x1^2 x3^2;x2^2 x3^2;x3^4;x1^5;x1 x2^3 x3"
3,3.8,6310,49,"min/min",13,TRUE,6,8,TRUE,TRUE,0,"x3;x1^2;x2^2;x1^2 x3;x2^2 x3;x3^3;x1^4;x1^3 x3;x1^2 x3^2;x2^2 x3^2;x1^2 x2^2 x3;x2^4 x3;x1^2 x2 x3^2"
3,3.8,6310,49,"min/1se",21,TRUE,14,8,TRUE,TRUE,0,"x1;x2;x3;x1^2;x2^2;x2 x3;x1^2 x3;x2^2 x3;x3^3;x1^4;x1^2 x2^2;x2^4;x1^3 x3;x1 x2^2 x3;x2^3 x3;x1^2 x3^2;x2^2 x3^2;x1 x3^3;x1^2 x2^2 x3;x2^4 x3;x1^2 x2 x3^2"
3,3.8,6310,49,"1se/1se",21,TRUE,14,8,TRUE,TRUE,0,"x1;x2;x3;x1^2;x2^2;x2 x3;x1^2 x3;x2^2 x3;x3^3;x1^4;x1^2 x2^2;x2^4;x1^3 x3;x1 x2^2 x3;x2^3 x3;x1^2 x3^2;x2^2 x3^2;x1 x3^3;x1^2 x2^2 x3;x2^4 x3;x1^2 x2 x3^2"
4,3.8,6310,49,"min/min",16,TRUE,9,8,TRUE,TRUE,0,"x3;x1^2;x2^2;x1 x3;x3^2;x1^2 x3;x2^2 x3;x3^3;x1^2 x2^2;x2^4;x1^3 x3;x2^2 x3^2;x3^4;x1^2 x2^2 x3;x2^4 x3;x2^3 x3^2"
4,3.8,6310,49,"min/1se",14,FALSE,8,13,FALSE,FALSE,6,"x3;x1^2;x2^2;x1 x3;x1^2 x3;x2 x3^2;x3^3;x1^2 x2^2;x2^4;x1^3 x3;x2^3 x3;x2^2 x3^2;x3^4;x2^4 x3"
4,3.8,6310,49,"1se/1se",20,FALSE,14,17,FALSE,FALSE,10,"x2;x3;x1^2;x1 x2;x2^2;x1 x3;x3^2;x1^3;x1 x2^2;x2^3;x1^2 x3;x2^2 x3;x1 x3^2;x2 x3^2;x3^3;x1^4;x1^2 x2^2;x2^4;x1^2 x2 x3;x1 x2^2 x3"
5,3.8,6310,49,"min/min",16,FALSE,10,13,FALSE,FALSE,6,"x3;x1^2;x2^2;x3^2;x2^2 x3;x3^3;x1^4;x1^2 x2^2;x2^4;x1^3 x3;x1^2 x3^2;x2^2 x3^2;x3^4;x1^4 x3;x1^2 x2^2 x3;x2^4 x3"
5,3.8,6310,49,"min/1se",15,FALSE,10,13,FALSE,FALSE,7,"x3;x1^2;x2^2;x1 x2^2;x1 x3^2;x3^3;x1^4;x1^2 x2^2;x2^4;x1^3 x3;x1^2 x2 x3;x1^2 x3^2;x2^2 x3^2;x3^4;x1^2 x2^2 x3"
5,3.8,6310,49,"1se/1se",13,FALSE,7,14,FALSE,FALSE,7,"x3;x1^2;x2^2;x3^2;x1^2 x3;x2^2 x3;x1 x3^2;x3^3;x1^4;x1 x2^2 x3;x2^2 x3^2;x1 x3^3;x3^4"
6,3.8,6310,49,"min/min",9,TRUE,2,8,TRUE,TRUE,0,"x3;x1^2;x2^2;x3^2;x1^2 x3;x2^2 x3;x3^3;x1^3 x3;x3^4"
6,3.8,6310,49,"min/1se",10,TRUE,3,8,TRUE,TRUE,0,"x3;x1^2;x2^2;x1 x3;x3^2;x1^2 x3;x2^2 x3;x3^3;x1^3 x3;x2^2 x3^2"
6,3.8,6310,49,"1se/1se",10,TRUE,3,8,TRUE,TRUE,0,"x3;x1^2;x2^2;x1 x3;x3^2;x1^2 x3;x2^2 x3;x3^3;x1^3 x3;x2^2 x3^2"
7,3.8,6310,49,"min/min",14,TRUE,7,8,TRUE,TRUE,0,"x3;x1^2;x2^2;x3^2;x1^2 x3;x2^2 x3;x3^3;x1^3 x3;x1^2 x3^2;x2^2 x3^2;x3^4;x1^4 x3;x1^2 x2^2 x3;x2^4 x3"
7,3.8,6310,49,"min/1se",14,FALSE,9,13,FALSE,FALSE,7,"x3;x1^2;x2^2;x3^3;x1^4;x1^2 x2^2;x2^4;x1^3 x3;x1^2 x3^2;x2^2 x3^2;x3^4;x1^4 x3;x1^2 x2^2 x3;x2^4 x3"
7,3.8,6310,49,"1se/1se",11,FALSE,5,10,FALSE,FALSE,3,"x3;x1^2;x2^2;x1 x3;x2^2 x3;x3^3;x1^4;x1^2 x2^2;x2^4;x1^3 x3;x1^2 x3^2"
8,3.8,6310,49,"min/min",7,TRUE,0,8,TRUE,TRUE,0,"x3;x1^2;x2^2;x1^2 x3;x2^2 x3;x3^3;x1^3 x3"
8,3.8,6310,49,"min/1se",8,TRUE,1,8,TRUE,TRUE,0,"x3;x1^2;x2^2;x1^2 x3;x2^2 x3;x3^3;x1^3 x3;x2^2 x3^2"
8,3.8,6310,49,"1se/1se",8,TRUE,1,8,TRUE,TRUE,0,"x3;x1^2;x2^2;x1^2 x3;x2^2 x3;x3^3;x1^3 x3;x2^2 x3^2"
9,3.8,6310,49,"min/min",7,TRUE,0,8,TRUE,TRUE,0,"x3;x1^2;x2^2;x1^2 x3;x2^2 x3;x3^3;x1^3 x3"
9,3.8,6310,49,"min/1se",10,TRUE,3,9,FALSE,TRUE,1,"x3;x1^2;x2^2;x1^2 x3;x2^2 x3;x3^3;x1^4;x1^2 x2^2;x1^3 x3;x1^2 x3^2"
9,3.8,6310,49,"1se/1se",22,FALSE,17,20,FALSE,FALSE,14,"x2;x3;x1^2;x2^2;x1 x3;x2 x3;x3^2;x1^3;x2^2 x3;x1^4;x2^4;x1^3 x3;x1^2 x2 x3;x1 x2^2 x3;x2^3 x3;x1^2 x3^2;x2^2 x3^2;x1 x3^3;x3^4;x1^2 x2^3;x1^2 x2^2 x3;x2^4 x3"
10,3.8,6310,49,"min/min",10,TRUE,3,8,TRUE,TRUE,0,"x3;x1^2;x2^2;x1^2 x3;x2^2 x3;x3^3;x1^2 x2^2;x2^4;x1^3 x3;x2^2 x3^2"
10,3.8,6310,49,"min/1se",10,TRUE,3,8,TRUE,TRUE,0,"x3;x1^2;x2^2;x1^2 x3;x2^2 x3;x3^3;x1^2 x2^2;x2^4;x1^3 x3;x2^2 x3^2"
10,3.8,6310,49,"1se/1se",7,TRUE,0,8,TRUE,TRUE,0,"x3;x1^2;x2^2;x1^2 x3;x2^2 x3;x3^3;x1^3 x3"
11,3.8,6310,49,"min/min",20,TRUE,13,8,TRUE,TRUE,0,"x3;x1^2;x1 x2;x2^2;x1^2 x2;x1^2 x3;x2^2 x3;x3^3;x1 x2^3;x1^3 x3;x1^2 x2 x3;x1 x2^2 x3;x2^3 x3;x2^2 x3^2;x1^4 x2;x1^2 x2^3;x1^2 x2^2 x3;x2^4 x3;x2^3 x3^2;x2^2 x3^3"
11,3.8,6310,49,"min/1se",20,FALSE,14,14,FALSE,FALSE,7,"x3;x1^2;x2^2;x1^2 x2;x2^3;x1^2 x3;x3^3;x1^3 x3;x1 x2^2 x3;x2^3 x3;x1^2 x3^2;x1 x2 x3^2;x2^2 x3^2;x3^4;x1^2 x2^3;x1^2 x2^2 x3;x1 x2^3 x3;x2^4 x3;x1^2 x3^3;x2^2 x3^3"
11,3.8,6310,49,"1se/1se",17,FALSE,11,16,FALSE,FALSE,9,"x3;x1^2;x2^2;x1^2 x2;x2^3;x1^2 x3;x3^3;x1^3 x3;x1 x2^2 x3;x2^3 x3;x2^2 x3^2;x3^4;x1^2 x2^3;x1^2 x2^2 x3;x1 x2^3 x3;x2^4 x3;x2^2 x3^3"
12,3.8,6310,49,"min/min",17,TRUE,10,8,TRUE,TRUE,0,"x3;x1^2;x2^2;x2 x3;x3^2;x1^2 x3;x2^2 x3;x1 x3^2;x3^3;x1^2 x2^2;x2^4;x1^3 x3;x1 x2^2 x3;x1^2 x3^2;x2^2 x3^2;x1 x3^3;x2 x3^3"
12,3.8,6310,49,"min/1se",21,TRUE,14,8,TRUE,TRUE,0,"x3;x1^2;x2^2;x1 x3;x2 x3;x3^2;x2^3;x1^2 x3;x2^2 x3;x1 x3^2;x3^3;x1^2 x2^2;x2^4;x1^3 x3;x1^2 x2 x3;x1 x2^2 x3;x2^3 x3;x1^2 x3^2;x2^2 x3^2;x1 x3^3;x2 x3^3"
12,3.8,6310,49,"1se/1se",28,FALSE,22,17,FALSE,FALSE,11,"x2;x3;x1^2;x2^2;x1 x3;x3^2;x1^3;x1 x2^2;x2^3;x2^2 x3;x2 x3^2;x3^3;x1^2 x2^2;x1^3 x3;x1^2 x2 x3;x1 x2^2 x3;x1^2 x3^2;x1 x2 x3^2;x2^2 x3^2;x1 x3^3;x3^4;x1^4 x2;x1^2 x2^3;x1^4 x3;x1^2 x2^2 x3;x2^4 x3;x1^2 x2 x3^2;x2^2 x3^3"
13,3.8,6310,49,"min/min",17,FALSE,11,17,FALSE,FALSE,10,"x3;x1^2;x2^2;x1 x3;x2 x3;x1^3;x1 x2 x3;x2^2 x3;x1 x3^2;x3^3;x1^4;x1^2 x2^2;x1^3 x3;x1 x2^2 x3;x1^2 x3^2;x2^2 x3^2;x1 x3^3"
13,3.8,6310,49,"min/1se",16,FALSE,10,17,FALSE,FALSE,10,"x1;x3;x1^2;x2^2;x1 x2 x3;x2^2 x3;x1 x3^2;x3^3;x1^4;x1^2 x2^2;x2^4;x1^3 x3;x1 x2^2 x3;x1^2 x3^2;x2^2 x3^2;x1 x3^3"
13,3.8,6310,49,"1se/1se",16,FALSE,10,16,FALSE,FALSE,9,"x1;x3;x1^2;x2^2;x1 x2 x3;x2^2 x3;x1 x3^2;x3^3;x1^4;x1^2 x2^2;x2^4;x1^3 x3;x1 x2^2 x3;x1^2 x3^2;x2^2 x3^2;x1 x3^3"
14,3.8,6310,49,"min/min",11,FALSE,5,12,FALSE,FALSE,5,"x3;x1^2;x2^2;x2 x3;x1^2 x3;x2 x3^2;x3^3;x1^2 x2^2;x2^4;x1^3 x3;x2^2 x3^2"
14,3.8,6310,49,"min/1se",12,FALSE,6,11,FALSE,FALSE,4,"x3;x1^2;x2^2;x1 x3;x1^3;x2^3;x1^2 x3;x3^3;x1^2 x2^2;x2^4;x1^3 x3;x2^2 x3^2"
14,3.8,6310,49,"1se/1se",11,FALSE,5,11,FALSE,FALSE,4,"x3;x1^2;x2^2;x1 x3;x2^3;x1^2 x3;x3^3;x1^2 x2^2;x2^4;x1^3 x3;x2^2 x3^2"
15,3.8,6310,49,"min/min",13,TRUE,6,8,TRUE,TRUE,0,"x3;x1^2;x2^2;x1 x3;x1^3;x1^2 x3;x2^2 x3;x3^3;x1^4;x1^2 x2^2;x1^3 x3;x1^2 x3^2;x2^2 x3^2"
15,3.8,6310,49,"min/1se",13,FALSE,7,13,FALSE,FALSE,6,"x3;x1^2;x2^2;x1 x3;x1^3;x1^2 x3;x2^2 x3;x2 x3^2;x3^3;x1^4;x2^4;x1^2 x3^2;x2^2 x3^2"
15,3.8,6310,49,"1se/1se",13,FALSE,7,13,FALSE,FALSE,6,"x3;x1^2;x2^2;x1 x3;x1^3;x1^2 x3;x2^2 x3;x2 x3^2;x3^3;x1^4;x2^4;x1^2 x3^2;x2^2 x3^2"
16,3.8,6310,49,"min/min",26,TRUE,19,8,TRUE,TRUE,0,"x3;x1^2;x1 x2;x2^2;x2 x3;x3^2;x1 x2^2;x1^2 x3;x2^2 x3;x3^3;x1^4;x1^3 x2;x1^2 x2^2;x1 x2^3;x2^4;x1^3 x3;x1^2 x2 x3;x2^3 x3;x1^2 x3^2;x2^2 x3^2;x1^4 x3;x1^2 x2^2 x3;x2^4 x3;x1^2 x2 x3^2;x2^3 x3^2;x2^2 x3^3"
16,3.8,6310,49,"min/1se",14,FALSE,9,15,FALSE,FALSE,9,"x3;x1^2;x2^2;x3^3;x1^4;x1^2 x2^2;x2^4;x1^3 x3;x2^3 x3;x1^2 x3^2;x2^2 x3^2;x1^4 x3;x1^2 x2^2 x3;x2^4 x3"
16,3.8,6310,49,"1se/1se",14,FALSE,9,15,FALSE,FALSE,9,"x3;x1^2;x2^2;x3^3;x1^4;x1^2 x2^2;x2^4;x1^3 x3;x2^3 x3;x1^2 x3^2;x2^2 x3^2;x1^4 x3;x1^2 x2^2 x3;x2^4 x3"
17,3.8,6310,49,"min/min",11,TRUE,4,11,FALSE,TRUE,3,"x3;x1^2;x2^2;x1 x3;x1^2 x3;x2^2 x3;x3^3;x1^4;x1^2 x2^2;x1^3 x3;x1^2 x3^2"
17,3.8,6310,49,"min/1se",10,TRUE,3,9,FALSE,TRUE,1,"x3;x1^2;x2^2;x1 x3;x1^3;x1^2 x3;x2^2 x3;x3^3;x1^2 x2^2;x1^3 x3"
17,3.8,6310,49,"1se/1se",10,TRUE,3,9,FALSE,TRUE,1,"x3;x1^2;x2^2;x1 x3;x1^3;x1^2 x3;x2^2 x3;x3^3;x1^2 x2^2;x1^3 x3"
18,3.8,6310,49,"min/min",8,TRUE,1,8,TRUE,TRUE,0,"x3;x1^2;x2^2;x1^2 x3;x2^2 x3;x3^3;x1^3 x3;x1^2 x3^2"
18,3.8,6310,49,"min/1se",12,TRUE,5,8,TRUE,TRUE,0,"x3;x1^2;x2^2;x1^3;x1^2 x3;x2^2 x3;x1 x3^2;x3^3;x1^4;x1^2 x2^2;x1^3 x3;x1^2 x3^2"
18,3.8,6310,49,"1se/1se",12,TRUE,5,8,TRUE,TRUE,0,"x3;x1^2;x2^2;x1^3;x1^2 x3;x2^2 x3;x1 x3^2;x3^3;x1^4;x1^2 x2^2;x1^3 x3;x1^2 x3^2"
19,3.8,6310,49,"min/min",12,TRUE,5,8,TRUE,TRUE,0,"x3;x1^2;x2^2;x1^2 x3;x2^2 x3;x3^3;x1^4;x1^2 x2^2;x1^3 x3;x1^2 x3^2;x1^4 x3;x1^3 x3^2"
19,3.8,6310,49,"min/1se",12,FALSE,6,11,FALSE,FALSE,4,"x3;x1^2;x2^2;x2^2 x3;x3^3;x1^4;x1^2 x2^2;x2^4;x1^3 x3;x1^2 x3^2;x2^2 x3^2;x1^4 x3"
19,3.8,6310,49,"1se/1se",9,TRUE,2,8,TRUE,TRUE,0,"x3;x1^2;x2^2;x1 x3;x1^2 x3;x2^2 x3;x3^3;x1^3 x3;x2^2 x3^2"
0,3.69897000433602,5000,60,"min/min",9,TRUE,2,8,TRUE,TRUE,0,"x3;x1^2;x2^2;x3^2;x1^2 x3;x2^2 x3;x3^3;x1^3 x3;x3^4"
0,3.69897000433602,5000,60,"min/1se",9,TRUE,2,8,TRUE,TRUE,0,"x3;x1^2;x2^2;x3^2;x1^2 x3;x2^2 x3;x3^3;x1^3 x3;x3^4"
0,3.69897000433602,5000,60,"1se/1se",9,TRUE,2,8,TRUE,TRUE,0,"x3;x1^2;x2^2;x3^2;x1^2 x3;x2^2 x3;x3^3;x1^3 x3;x3^4"
0,3.69897000433602,5000,Inf,"min/min",15,TRUE,8,14,FALSE,TRUE,6,"x3;x1^2;x2^2;x1 x3;x3^2;x2^3;x1^2 x3;x2^2 x3;x3^3;x1^4;x1^2 x2^2;x2^4;x1^3 x3;x2 x3^3;x3^4"
0,3.69897000433602,5000,Inf,"min/1se",15,TRUE,8,14,FALSE,TRUE,6,"x3;x1^2;x2^2;x1 x3;x3^2;x2^3;x1^2 x3;x2^2 x3;x3^3;x1^4;x1^2 x2^2;x2^4;x1^3 x3;x2 x3^3;x3^4"
0,3.69897000433602,5000,Inf,"1se/1se",15,TRUE,8,14,FALSE,TRUE,6,"x3;x1^2;x2^2;x1 x3;x3^2;x2^3;x1^2 x3;x2^2 x3;x3^3;x1^4;x1^2 x2^2;x2^4;x1^3 x3;x2 x3^3;x3^4"
1,3.69897000433602,5000,60,"min/min",20,TRUE,13,8,TRUE,TRUE,0,"x2;x3;x1^2;x2^2;x2 x3;x1^2 x2;x2^3;x1^2 x3;x1 x2 x3;x2^2 x3;x2 x3^2;x3^3;x1^2 x2^2;x2^4;x1^3 x3;x1 x2^2 x3;x2^3 x3;x1^2 x3^2;x1 x2 x3^2;x2^2 x3^2"
1,3.69897000433602,5000,60,"min/1se",16,FALSE,10,17,FALSE,FALSE,10,"x2;x3;x1^2;x2^2;x1 x3;x2^3;x1^2 x3;x1 x2 x3;x3^3;x1^3 x2;x1^2 x2^2;x2^4;x1^3 x3;x1 x2^2 x3;x2^3 x3;x2^2 x3^2"
1,3.69897000433602,5000,60,"1se/1se",16,FALSE,10,17,FALSE,FALSE,10,"x2;x3;x1^2;x2^2;x1 x3;x2^3;x1^2 x3;x1 x2 x3;x3^3;x1^3 x2;x1^2 x2^2;x2^4;x1^3 x3;x1 x2^2 x3;x2^3 x3;x2^2 x3^2"
1,3.69897000433602,5000,Inf,"min/min",51,TRUE,44,41,FALSE,TRUE,33,"x2;x3;x1^2;x1 x2;x2^2;x1 x3;x2 x3;x3^2;x1^3;x1^2 x2;x1 x2^2;x2^3;x1^2 x3;x1 x2 x3;x2^2 x3;x1 x3^2;x2 x3^2;x3^3;x1^4;x1^3 x2;x1^2 x2^2;x1 x2^3;x2^4;x1^3 x3;x1^2 x2 x3;x1 x2^2 x3;x2^3 x3;x1^2 x3^2;x1 x2 x3^2;x2^2 x3^2;x1 x3^3;x2 x3^3;x3^4;x1^5;x1^4 x2;x1^3 x2^2;x1^2 x2^3;x1 x2^4;x1^4 x3;x1^3 x2 x3;x1^2 x2^2 x3;x1 x2^3 x3;x1^3 x3^2;x1^2 x2 x3^2;x1 x2^2 x3^2;x2^3 x3^2;x1^2 x3^3;x1 x2 x3^3;x2^2 x3^3;x1 x3^4;x3^5"
1,3.69897000433602,5000,Inf,"min/1se",51,TRUE,44,41,FALSE,TRUE,33,"x2;x3;x1^2;x1 x2;x2^2;x1 x3;x2 x3;x3^2;x1^3;x1^2 x2;x1 x2^2;x2^3;x1^2 x3;x1 x2 x3;x2^2 x3;x1 x3^2;x2 x3^2;x3^3;x1^4;x1^3 x2;x1^2 x2^2;x1 x2^3;x2^4;x1^3 x3;x1^2 x2 x3;x1 x2^2 x3;x2^3 x3;x1^2 x3^2;x1 x2 x3^2;x2^2 x3^2;x1 x3^3;x2 x3^3;x3^4;x1^5;x1^4 x2;x1^3 x2^2;x1^2 x2^3;x1 x2^4;x1^4 x3;x1^3 x2 x3;x1^2 x2^2 x3;x1 x2^3 x3;x1^3 x3^2;x1^2 x2 x3^2;x1 x2^2 x3^2;x2^3 x3^2;x1^2 x3^3;x1 x2 x3^3;x2^2 x3^3;x1 x3^4;x3^5"
1,3.69897000433602,5000,Inf,"1se/1se",49,TRUE,42,42,FALSE,TRUE,34,"x2;x3;x1^2;x1 x2;x2^2;x1 x3;x2 x3;x3^2;x1^3;x1^2 x2;x1 x2^2;x2^3;x1^2 x3;x2^2 x3;x1 x3^2;x2 x3^2;x3^3;x1^4;x1^3 x2;x1^2 x2^2;x1 x2^3;x2^4;x1^3 x3;x1^2 x2 x3;x1 x2^2 x3;x2^3 x3;x1^2 x3^2;x1 x2 x3^2;x2^2 x3^2;x1 x3^3;x2 x3^3;x3^4;x1^5;x1^3 x2^2;x1^2 x2^3;x1 x2^4;x1^4 x3;x1^3 x2 x3;x1^2 x2^2 x3;x1 x2^3 x3;x1^3 x3^2;x1^2 x2 x3^2;x1 x2^2 x3^2;x2^3 x3^2;x1^2 x3^3;x1 x2 x3^3;x2^2 x3^3;x1 x3^4;x3^5"
2,3.69897000433602,5000,60,"min/min",32,FALSE,26,29,FALSE,FALSE,22,"x1;x2;x3;x1^2;x2^2;x1 x3;x3^2;x1^3;x1^2 x2;x1 x2^2;x1^2 x3;x1 x2 x3;x2^2 x3;x2 x3^2;x3^3;x1^4;x1^2 x2^2;x2^4;x1^2 x3^2;x1 x2 x3^2;x2^2 x3^2;x1 x3^3;x3^4;x1^5;x1^3 x2^2;x1^4 x3;x1^3 x2 x3;x1^2 x2^2 x3;x1 x2^3 x3;x2^3 x3^2;x1^2 x3^3;x1 x3^4"
2,3.69897000433602,5000,60,"min/1se",32,FALSE,26,29,FALSE,FALSE,22,"x1;x2;x3;x1^2;x2^2;x1 x3;x3^2;x1^3;x1^2 x2;x1 x2^2;x1^2 x3;x1 x2 x3;x2^2 x3;x2 x3^2;x3^3;x1^4;x1^2 x2^2;x2^4;x1^2 x3^2;x1 x2 x3^2;x2^2 x3^2;x1 x3^3;x3^4;x1^5;x1^3 x2^2;x1^4 x3;x1^3 x2 x3;x1^2 x2^2 x3;x1 x2^3 x3;x2^3 x3^2;x1^2 x3^3;x1 x3^4"
2,3.69897000433602,5000,60,"1se/1se",16,FALSE,10,15,FALSE,FALSE,8,"x3;x1^2;x2^2;x1 x3;x1^3;x1 x2^2;x1^2 x3;x2^2 x3;x2 x3^2;x3^3;x1^4;x1^2 x2^2;x2^4;x1^2 x3^2;x2^2 x3^2;x3^4"
2,3.69897000433602,5000,Inf,"min/min",27,FALSE,21,27,FALSE,FALSE,20,"x2;x3;x1^2;x2^2;x1 x3;x3^2;x1^3;x1 x2^2;x1^2 x3;x1 x2 x3;x2^2 x3;x2 x3^2;x3^3;x1^4;x1^2 x2^2;x2^4;x2^3 x3;x1^2 x3^2;x2^2 x3^2;x1 x3^3;x2 x3^3;x3^4;x1^5;x1^4 x3;x1^3 x2 x3;x1^2 x2^2 x3;x1 x2^3 x3"
2,3.69897000433602,5000,Inf,"min/1se",27,FALSE,21,27,FALSE,FALSE,20,"x2;x3;x1^2;x2^2;x1 x3;x3^2;x1^3;x1 x2^2;x1^2 x3;x1 x2 x3;x2^2 x3;x2 x3^2;x3^3;x1^4;x1^2 x2^2;x2^4;x2^3 x3;x1^2 x3^2;x2^2 x3^2;x1 x3^3;x2 x3^3;x3^4;x1^5;x1^4 x3;x1^3 x2 x3;x1^2 x2^2 x3;x1 x2^3 x3"
2,3.69897000433602,5000,Inf,"1se/1se",27,FALSE,21,27,FALSE,FALSE,20,"x2;x3;x1^2;x2^2;x1 x3;x3^2;x1^3;x1 x2^2;x1^2 x3;x1 x2 x3;x2^2 x3;x2 x3^2;x3^3;x1^4;x1^2 x2^2;x2^4;x2^3 x3;x1^2 x3^2;x2^2 x3^2;x1 x3^3;x2 x3^3;x3^4;x1^5;x1^4 x3;x1^3 x2 x3;x1^2 x2^2 x3;x1 x2^3 x3"
3,3.69897000433602,5000,60,"min/min",14,TRUE,7,8,TRUE,TRUE,0,"x1;x2;x3;x1^2;x2^2;x1^2 x3;x2^2 x3;x3^3;x1^3 x3;x1^2 x3^2;x2^2 x3^2;x1^4 x3;x1^2 x2^2 x3;x2^4 x3"
3,3.69897000433602,5000,60,"min/1se",18,FALSE,13,17,FALSE,FALSE,11,"x2;x3;x1^2;x2^2;x2 x3;x2^3;x3^3;x1^4;x1^2 x2^2;x2^4;x1^3 x3;x1 x2^2 x3;x2^3 x3;x1^2 x3^2;x2^2 x3^2;x1 x3^3;x1^2 x2^2 x3;x2^4 x3"
3,3.69897000433602,5000,60,"1se/1se",18,FALSE,13,17,FALSE,FALSE,11,"x2;x3;x1^2;x2^2;x2 x3;x2^3;x3^3;x1^4;x1^2 x2^2;x2^4;x1^3 x3;x1 x2^2 x3;x2^3 x3;x1^2 x3^2;x2^2 x3^2;x1 x3^3;x1^2 x2^2 x3;x2^4 x3"
3,3.69897000433602,5000,Inf,"min/min",28,TRUE,21,24,FALSE,TRUE,16,"x1;x2;x3;x1^2;x2^2;x1 x3;x2 x3;x2^3;x1^2 x3;x2^2 x3;x1 x3^2;x3^3;x1^4;x1^2 x2^2;x1^3 x3;x1 x2^2 x3;x2^3 x3;x1^2 x3^2;x2^2 x3^2;x1 x3^3;x1^4 x2;x1^4 x3;x1^2 x2^2 x3;x2^4 x3;x1^2 x2 x3^2;x2^3 x3^2;x1^2 x3^3;x2^2 x3^3"
3,3.69897000433602,5000,Inf,"min/1se",25,TRUE,18,21,FALSE,TRUE,13,"x1;x2;x3;x1^2;x2^2;x2 x3;x2^3;x1^2 x3;x2^2 x3;x3^3;x1^4;x1^2 x2^2;x1^3 x3;x1 x2^2 x3;x2^3 x3;x1^2 x3^2;x2^2 x3^2;x1 x3^3;x1^4 x2;x1^4 x3;x1^2 x2^2 x3;x2^4 x3;x1^2 x2 x3^2;x1^2 x3^3;x2^2 x3^3"
3,3.69897000433602,5000,Inf,"1se/1se",28,TRUE,21,24,FALSE,TRUE,16,"x1;x2;x3;x1^2;x2^2;x1 x3;x2 x3;x2^3;x1^2 x3;x2^2 x3;x1 x3^2;x3^3;x1^4;x1^2 x2^2;x1^3 x3;x1 x2^2 x3;x2^3 x3;x1^2 x3^2;x2^2 x3^2;x1 x3^3;x1^4 x2;x1^4 x3;x1^2 x2^2 x3;x2^4 x3;x1^2 x2 x3^2;x2^3 x3^2;x1^2 x3^3;x2^2 x3^3"
4,3.69897000433602,5000,60,"min/min",21,TRUE,14,8,TRUE,TRUE,0,"x3;x1^2;x2^2;x1 x3;x3^2;x1^2 x2;x1 x2^2;x2^3;x1^2 x3;x2^2 x3;x3^3;x1^2 x2^2;x2^4;x1^3 x3;x2^3 x3;x2^2 x3^2;x3^4;x1^2 x2^3;x1^2 x2^2 x3;x2^4 x3;x2^3 x3^2"
4,3.69897000433602,5000,60,"min/1se",21,TRUE,14,8,TRUE,TRUE,0,"x3;x1^2;x2^2;x1 x3;x3^2;x1^2 x2;x1 x2^2;x2^3;x1^2 x3;x2^2 x3;x3^3;x1^2 x2^2;x2^4;x1^3 x3;x2^3 x3;x2^2 x3^2;x3^4;x1^2 x2^3;x1^2 x2^2 x3;x2^4 x3;x2^3 x3^2"
4,3.69897000433602,5000,60,"1se/1se",21,TRUE,14,8,TRUE,TRUE,0,"x3;x1^2;x2^2;x1 x3;x3^2;x1^2 x2;x1 x2^2;x2^3;x1^2 x3;x2^2 x3;x3^3;x1^2 x2^2;x2^4;x1^3 x3;x2^3 x3;x2^2 x3^2;x3^4;x1^2 x2^3;x1^2 x2^2 x3;x2^4 x3;x2^3 x3^2"
4,3.69897000433602,5000,Inf,"min/min",26,TRUE,19,26,FALSE,TRUE,18,"x3;x1^2;x2^2;x1 x3;x3^2;x1^3;x1^2 x2;x1 x2^2;x2^3;x1^2 x3;x1 x2 x3;x2^2 x3;x2 x3^2;x3^3;x1^2 x2^2;x2^4;x1^3 x3;x2^3 x3;x2^2 x3^2;x2 x3^3;x3^4;x1^2 x2^3;x2^5;x1^2 x2^2 x3;x2^4 x3;x2^3 x3^2"
4,3.69897000433602,5000,Inf,"min/1se",26,TRUE,19,26,FALSE,TRUE,18,"x3;x1^2;x2^2;x1 x3;x3^2;x1^3;x1^2 x2;x1 x2^2;x2^3;x1^2 x3;x1 x2 x3;x2^2 x3;x2 x3^2;x3^3;x1^2 x2^2;x2^4;x1^3 x3;x2^3 x3;x2^2 x3^2;x2 x3^3;x3^4;x1^2 x2^3;x2^5;x1^2 x2^2 x3;x2^4 x3;x2^3 x3^2"
4,3.69897000433602,5000,Inf,"1se/1se",26,TRUE,19,26,FALSE,TRUE,18,"x3;x1^2;x2^2;x1 x3;x3^2;x1^3;x1^2 x2;x1 x2^2;x2^3;x1^2 x3;x1 x2 x3;x2^2 x3;x2 x3^2;x3^3;x1^2 x2^2;x2^4;x1^3 x3;x2^3 x3;x2^2 x3^2;x2 x3^3;x3^4;x1^2 x2^3;x2^5;x1^2 x2^2 x3;x2^4 x3;x2^3 x3^2"
5,3.69897000433602,5000,60,"min/min",27,FALSE,21,25,FALSE,FALSE,18,"x1;x2;x3;x1^2;x2^2;x1 x3;x3^2;x1^3;x1^2 x2;x2^3;x1^2 x3;x1 x2 x3;x2^2 x3;x1 x3^2;x2 x3^2;x3^3;x1^4;x1^3 x2;x1^2 x2^2;x1 x2^3;x2^4;x1 x2^2 x3;x1^2 x3^2;x1 x2 x3^2;x2^2 x3^2;x1 x3^3;x3^4"
5,3.69897000433602,5000,60,"min/1se",17,FALSE,11,18,FALSE,FALSE,11,"x1;x3;x1^2;x2^2;x3^2;x1^2 x3;x1 x2 x3;x2^2 x3;x1 x3^2;x2 x3^2;x3^3;x1^4;x1^2 x2^2;x1 x2 x3^2;x2^2 x3^2;x1 x3^3;x3^4"
5,3.69897000433602,5000,60,"1se/1se",17,FALSE,11,18,FALSE,FALSE,11,"x1;x3;x1^2;x2^2;x3^2;x1^2 x3;x1 x2 x3;x2^2 x3;x1 x3^2;x2 x3^2;x3^3;x1^4;x1^2 x2^2;x1 x2 x3^2;x2^2 x3^2;x1 x3^3;x3^4"
5,3.69897000433602,5000,Inf,"min/min",24,FALSE,18,24,FALSE,FALSE,17,"x3;x1^2;x2^2;x2 x3;x3^2;x1 x2^2;x1 x2 x3;x2^2 x3;x1 x3^2;x3^3;x1^4;x1^2 x2^2;x2^4;x1^3 x3;x1^2 x2 x3;x1 x2^2 x3;x1^2 x3^2;x2^2 x3^2;x3^4;x1^2 x2^3;x1^4 x3;x1^2 x2^2 x3;x2^4 x3;x2^3 x3^2"
5,3.69897000433602,5000,Inf,"min/1se",24,FALSE,18,24,FALSE,FALSE,17,"x3;x1^2;x2^2;x2 x3;x3^2;x1 x2^2;x1 x2 x3;x2^2 x3;x1 x3^2;x3^3;x1^4;x1^2 x2^2;x2^4;x1^3 x3;x1^2 x2 x3;x1 x2^2 x3;x1^2 x3^2;x2^2 x3^2;x3^4;x1^2 x2^3;x1^4 x3;x1^2 x2^2 x3;x2^4 x3;x2^3 x3^2"
5,3.69897000433602,5000,Inf,"1se/1se",24,FALSE,18,24,FALSE,FALSE,17,"x3;x1^2;x2^2;x2 x3;x3^2;x1 x2^2;x1 x2 x3;x2^2 x3;x1 x3^2;x3^3;x1^4;x1^2 x2^2;x2^4;x1^3 x3;x1^2 x2 x3;x1 x2^2 x3;x1^2 x3^2;x2^2 x3^2;x3^4;x1^2 x2^3;x1^4 x3;x1^2 x2^2 x3;x2^4 x3;x2^3 x3^2"
6,3.69897000433602,5000,60,"min/min",7,TRUE,0,8,TRUE,TRUE,0,"x3;x1^2;x2^2;x1^2 x3;x2^2 x3;x3^3;x1^3 x3"
6,3.69897000433602,5000,60,"min/1se",7,TRUE,0,8,TRUE,TRUE,0,"x3;x1^2;x2^2;x1^2 x3;x2^2 x3;x3^3;x1^3 x3"
6,3.69897000433602,5000,60,"1se/1se",7,TRUE,0,8,TRUE,TRUE,0,"x3;x1^2;x2^2;x1^2 x3;x2^2 x3;x3^3;x1^3 x3"
6,3.69897000433602,5000,Inf,"min/min",26,TRUE,19,23,FALSE,TRUE,15,"x3;x1^2;x2^2;x1 x3;x3^2;x1^3;x1 x2^2;x1^2 x3;x2^2 x3;x1 x3^2;x3^3;x1^4;x1^2 x2^2;x2^4;x1^3 x3;x1^2 x3^2;x2^2 x3^2;x1 x3^3;x2 x3^3;x3^4;x1^5;x1^4 x3;x1^2 x2^2 x3;x2^4 x3;x1^3 x3^2;x3^5"
6,3.69897000433602,5000,Inf,"min/1se",26,TRUE,19,23,FALSE,TRUE,15,"x3;x1^2;x2^2;x1 x3;x3^2;x1^3;x1 x2^2;x1^2 x3;x2^2 x3;x1 x3^2;x3^3;x1^4;x1^2 x2^2;x2^4;x1^3 x3;x1^2 x3^2;x2^2 x3^2;x1 x3^3;x2 x3^3;x3^4;x1^5;x1^4 x3;x1^2 x2^2 x3;x2^4 x3;x1^3 x3^2;x3^5"
6,3.69897000433602,5000,Inf,"1se/1se",26,TRUE,19,23,FALSE,TRUE,15,"x3;x1^2;x2^2;x1 x3;x3^2;x1^3;x1 x2^2;x1^2 x3;x2^2 x3;x1 x3^2;x3^3;x1^4;x1^2 x2^2;x2^4;x1^3 x3;x1^2 x3^2;x2^2 x3^2;x1 x3^3;x2 x3^3;x3^4;x1^5;x1^4 x3;x1^2 x2^2 x3;x2^4 x3;x1^3 x3^2;x3^5"
7,3.69897000433602,5000,60,"min/min",14,TRUE,7,8,TRUE,TRUE,0,"x3;x1^2;x2^2;x3^2;x1^2 x3;x2^2 x3;x3^3;x1^3 x3;x1^2 x3^2;x2^2 x3^2;x3^4;x1^4 x3;x1^2 x2^2 x3;x2^4 x3"
7,3.69897000433602,5000,60,"min/1se",14,TRUE,7,8,TRUE,TRUE,0,"x3;x1^2;x2^2;x3^2;x1^2 x3;x2^2 x3;x3^3;x1^3 x3;x1^2 x3^2;x2^2 x3^2;x3^4;x1^4 x3;x1^2 x2^2 x3;x2^4 x3"
7,3.69897000433602,5000,60,"1se/1se",14,TRUE,7,8,TRUE,TRUE,0,"x3;x1^2;x2^2;x3^2;x1^2 x3;x2^2 x3;x3^3;x1^3 x3;x1^2 x3^2;x2^2 x3^2;x3^4;x1^4 x3;x1^2 x2^2 x3;x2^4 x3"
7,3.69897000433602,5000,Inf,"min/min",21,TRUE,14,17,FALSE,TRUE,9,"x3;x1^2;x2^2;x3^2;x1^2 x3;x2^2 x3;x1 x3^2;x2 x3^2;x3^3;x1^4;x1^2 x2^2;x2^4;x1^3 x3;x1^2 x3^2;x1 x2 x3^2;x2^2 x3^2;x1 x3^3;x3^4;x1^4 x3;x1^2 x2^2 x3;x2^4 x3"
7,3.69897000433602,5000,Inf,"min/1se",21,TRUE,14,18,FALSE,TRUE,10,"x3;x1^2;x2^2;x3^2;x1^2 x3;x2^2 x3;x1 x3^2;x2 x3^2;x3^3;x1^4;x1^2 x2^2;x2^4;x1^3 x3;x1^2 x3^2;x1 x2 x3^2;x2^2 x3^2;x1 x3^3;x3^4;x1^4 x3;x1^2 x2^2 x3;x2^4 x3"
7,3.69897000433602,5000,Inf,"1se/1se",21,TRUE,14,17,FALSE,TRUE,9,"x3;x1^2;x2^2;x3^2;x1^2 x3;x2^2 x3;x1 x3^2;x2 x3^2;x3^3;x1^4;x1^2 x2^2;x2^4;x1^3 x3;x1^2 x3^2;x1 x2 x3^2;x2^2 x3^2;x1 x3^3;x3^4;x1^4 x3;x1^2 x2^2 x3;x2^4 x3"
8,3.69897000433602,5000,60,"min/min",8,TRUE,1,8,TRUE,TRUE,0,"x3;x1^2;x2^2;x1^2 x3;x2^2 x3;x3^3;x1^3 x3;x2^2 x3^2"
8,3.69897000433602,5000,60,"min/1se",8,TRUE,1,8,TRUE,TRUE,0,"x3;x1^2;x2^2;x1^2 x3;x2^2 x3;x3^3;x1^3 x3;x2^2 x3^2"
8,3.69897000433602,5000,60,"1se/1se",8,TRUE,1,8,TRUE,TRUE,0,"x3;x1^2;x2^2;x1^2 x3;x2^2 x3;x3^3;x1^3 x3;x2^2 x3^2"
8,3.69897000433602,5000,Inf,"min/min",22,FALSE,16,23,FALSE,FALSE,16,"x3;x1^2;x2^2;x2 x3;x3^2;x1^2 x3;x1 x3^2;x3^3;x1^4;x1^2 x2^2;x2^4;x1^3 x3;x1^2 x2 x3;x1 x2^2 x3;x1^2 x3^2;x1 x2 x3^2;x2^2 x3^2;x3^4;x1^2 x2^3;x1^4 x3;x1^2 x2^2 x3;x2^4 x3"
8,3.69897000433602,5000,Inf,"min/1se",22,FALSE,16,23,FALSE,FALSE,16,"x3;x1^2;x2^2;x2 x3;x3^2;x1^2 x3;x1 x3^2;x3^3;x1^4;x1^2 x2^2;x2^4;x1^3 x3;x1^2 x2 x3;x1 x2^2 x3;x1^2 x3^2;x1 x2 x3^2;x2^2 x3^2;x3^4;x1^2 x2^3;x1^4 x3;x1^2 x2^2 x3;x2^4 x3"
8,3.69897000433602,5000,Inf,"1se/1se",22,FALSE,16,23,FALSE,FALSE,16,"x3;x1^2;x2^2;x2 x3;x3^2;x1^2 x3;x1 x3^2;x3^3;x1^4;x1^2 x2^2;x2^4;x1^3 x3;x1^2 x2 x3;x1 x2^2 x3;x1^2 x3^2;x1 x2 x3^2;x2^2 x3^2;x3^4;x1^2 x2^3;x1^4 x3;x1^2 x2^2 x3;x2^4 x3"
9,3.69897000433602,5000,60,"min/min",9,TRUE,2,8,TRUE,TRUE,0,"x3;x1^2;x2^2;x1^2 x3;x2^2 x3;x3^3;x1^2 x2^2;x1^3 x3;x1^2 x3^2"
9,3.69897000433602,5000,60,"min/1se",10,TRUE,3,8,TRUE,TRUE,0,"x3;x1^2;x2^2;x1^2 x3;x2^2 x3;x3^3;x1^4;x1^2 x2^2;x1^3 x3;x1^2 x3^2"
9,3.69897000433602,5000,60,"1se/1se",10,TRUE,3,8,TRUE,TRUE,0,"x3;x1^2;x2^2;x1^2 x3;x2^2 x3;x3^3;x1^4;x1^2 x2^2;x1^3 x3;x1^2 x3^2"
9,3.69897000433602,5000,Inf,"min/min",32,FALSE,26,32,FALSE,FALSE,25,"x1;x3;x1^2;x2^2;x1 x3;x2 x3;x3^2;x1^3;x2^2 x3;x2 x3^2;x3^3;x1^4;x1^2 x2^2;x2^4;x1^3 x3;x1^2 x2 x3;x1 x2^2 x3;x2^3 x3;x1^2 x3^2;x2^2 x3^2;x2 x3^3;x3^4;x1^4 x2;x1^2 x2^3;x1 x2^4;x1^4 x3;x1^2 x2^2 x3;x2^4 x3;x1^3 x3^2;x1^2 x3^3;x2^2 x3^3;x1 x3^4"
9,3.69897000433602,5000,Inf,"min/1se",32,FALSE,26,32,FALSE,FALSE,25,"x1;x3;x1^2;x2^2;x1 x3;x2 x3;x3^2;x1^3;x2^2 x3;x2 x3^2;x3^3;x1^4;x1^2 x2^2;x2^4;x1^3 x3;x1^2 x2 x3;x1 x2^2 x3;x2^3 x3;x1^2 x3^2;x2^2 x3^2;x2 x3^3;x3^4;x1^4 x2;x1^2 x2^3;x1 x2^4;x1^4 x3;x1^2 x2^2 x3;x2^4 x3;x1^3 x3^2;x1^2 x3^3;x2^2 x3^3;x1 x3^4"
9,3.69897000433602,5000,Inf,"1se/1se",32,FALSE,26,32,FALSE,FALSE,25,"x1;x3;x1^2;x2^2;x1 x3;x2 x3;x3^2;x1^3;x2^2 x3;x2 x3^2;x3^3;x1^4;x1^2 x2^2;x2^4;x1^3 x3;x1^2 x2 x3;x1 x2^2 x3;x2^3 x3;x1^2 x3^2;x2^2 x3^2;x2 x3^3;x3^4;x1^4 x2;x1^2 x2^3;x1 x2^4;x1^4 x3;x1^2 x2^2 x3;x2^4 x3;x1^3 x3^2;x1^2 x3^3;x2^2 x3^3;x1 x3^4"
10,3.69897000433602,5000,60,"min/min",10,TRUE,3,8,TRUE,TRUE,0,"x3;x1^2;x2^2;x1^2 x3;x2^2 x3;x3^3;x1^2 x2^2;x2^4;x1^3 x3;x2^2 x3^2"
10,3.69897000433602,5000,60,"min/1se",10,TRUE,3,8,TRUE,TRUE,0,"x3;x1^2;x2^2;x1^2 x3;x2^2 x3;x3^3;x1^2 x2^2;x2^4;x1^3 x3;x2^2 x3^2"
10,3.69897000433602,5000,60,"1se/1se",12,TRUE,5,8,TRUE,TRUE,0,"x3;x1^2;x2^2;x1^2 x3;x1 x2 x3;x2^2 x3;x3^3;x1^2 x2^2;x1 x2^3;x2^4;x1^3 x3;x2^2 x3^2"
10,3.69897000433602,5000,Inf,"min/min",21,TRUE,14,20,FALSE,TRUE,12,"x3;x1^2;x2^2;x3^2;x1^2 x3;x2^2 x3;x3^3;x1^4;x1^2 x2^2;x2^4;x1^3 x3;x1^2 x3^2;x1 x2 x3^2;x2^2 x3^2;x2 x3^3;x3^4;x1^5;x1 x2^4;x1^2 x2^2 x3;x1^2 x3^3;x2^2 x3^3"
10,3.69897000433602,5000,Inf,"min/1se",21,TRUE,14,20,FALSE,TRUE,12,"x3;x1^2;x2^2;x3^2;x1^2 x3;x2^2 x3;x3^3;x1^4;x1^2 x2^2;x2^4;x1^3 x3;x1^2 x3^2;x1 x2 x3^2;x2^2 x3^2;x2 x3^3;x3^4;x1^5;x1 x2^4;x1^2 x2^2 x3;x1^2 x3^3;x2^2 x3^3"
10,3.69897000433602,5000,Inf,"1se/1se",21,TRUE,14,19,FALSE,TRUE,11,"x3;x1^2;x2^2;x3^2;x1^2 x3;x2^2 x3;x3^3;x1^4;x1^2 x2^2;x2^4;x1^3 x3;x1^2 x3^2;x1 x2 x3^2;x2^2 x3^2;x2 x3^3;x3^4;x1^5;x1 x2^4;x1^2 x2^2 x3;x1^2 x3^3;x2^2 x3^3"
11,3.69897000433602,5000,60,"min/min",30,FALSE,24,27,FALSE,FALSE,20,"x1;x2;x3;x1^2;x1 x2;x2^2;x1 x3;x2 x3;x3^2;x1^3;x1^2 x2;x1 x2^2;x2^3;x1^2 x3;x1 x2 x3;x2^2 x3;x1 x3^2;x2 x3^2;x1^4;x1^3 x2;x1^2 x2^2;x1 x2^3;x2^4;x1^3 x3;x1 x2^2 x3;x1^2 x3^2;x2^2 x3^2;x1 x3^3;x2 x3^3;x3^4"
11,3.69897000433602,5000,60,"min/1se",28,FALSE,22,27,FALSE,FALSE,20,"x1;x2;x3;x1^2;x2^2;x1 x3;x2 x3;x3^2;x1^3;x1^2 x2;x1 x2^2;x2^3;x1^2 x3;x1 x2 x3;x2^2 x3;x1 x3^2;x2 x3^2;x1^4;x1^3 x2;x1^2 x2^2;x1 x2^3;x1^3 x3;x1 x2^2 x3;x1^2 x3^2;x2^2 x3^2;x1 x3^3;x2 x3^3;x3^4"
11,3.69897000433602,5000,60,"1se/1se",28,FALSE,22,27,FALSE,FALSE,20,"x1;x2;x3;x1^2;x2^2;x1 x3;x2 x3;x3^2;x1^3;x1^2 x2;x1 x2^2;x2^3;x1^2 x3;x1 x2 x3;x2^2 x3;x1 x3^2;x2 x3^2;x1^4;x1^3 x2;x1^2 x2^2;x1 x2^3;x1^3 x3;x1 x2^2 x3;x1^2 x3^2;x2^2 x3^2;x1 x3^3;x2 x3^3;x3^4"
11,3.69897000433602,5000,Inf,"min/min",20,TRUE,13,19,FALSE,TRUE,11,"x1;x3;x1^2;x2^2;x1 x3;x2 x3;x3^2;x1^3;x1^2 x2;x2^3;x1^2 x3;x1 x2 x3;x2^2 x3;x2 x3^2;x3^3;x1^2 x2^2;x1^3 x3;x1 x2^2 x3;x1 x3^3;x3^4"
11,3.69897000433602,5000,Inf,"min/1se",20,TRUE,13,19,FALSE,TRUE,11,"x1;x3;x1^2;x2^2;x1 x3;x2 x3;x3^2;x1^3;x1^2 x2;x2^3;x1^2 x3;x1 x2 x3;x2^2 x3;x2 x3^2;x3^3;x1^2 x2^2;x1^3 x3;x1 x2^2 x3;x1 x3^3;x3^4"
11,3.69897000433602,5000,Inf,"1se/1se",20,TRUE,13,19,FALSE,TRUE,11,"x1;x3;x1^2;x2^2;x1 x3;x2 x3;x3^2;x1^3;x1^2 x2;x2^3;x1^2 x3;x1 x2 x3;x2^2 x3;x2 x3^2;x3^3;x1^2 x2^2;x1^3 x3;x1 x2^2 x3;x1 x3^3;x3^4"
12,3.69897000433602,5000,60,"min/min",14,TRUE,7,8,TRUE,TRUE,0,"x3;x1^2;x2^2;x2 x3;x1^2 x3;x2^2 x3;x1 x3^2;x3^3;x1^2 x2^2;x2^4;x1^3 x3;x1^2 x2 x3;x1 x3^3;x2 x3^3"
12,3.69897000433602,5000,60,"min/1se",19,TRUE,12,8,TRUE,TRUE,0,"x3;x1^2;x2^2;x1 x3;x2 x3;x3^2;x1 x2^2;x2^3;x1^2 x3;x2^2 x3;x3^3;x1^2 x2^2;x2^4;x1^3 x3;x1^2 x2 x3;x2^3 x3;x1^2 x3^2;x1 x3^3;x2 x3^3"
12,3.69897000433602,5000,60,"1se/1se",16,TRUE,9,8,TRUE,TRUE,0,"x3;x1^2;x2^2;x2 x3;x3^2;x1^2 x3;x2^2 x3;x1 x3^2;x3^3;x1^2 x2^2;x2^4;x1^3 x3;x1^2 x2 x3;x2^3 x3;x1 x3^3;x2 x3^3"
12,3.69897000433602,5000,Inf,"min/min",42,FALSE,36,41,FALSE,FALSE,34,"x2;x3;x1^2;x1 x2;x2^2;x1 x3;x3^2;x1^3;x1^2 x2;x1 x2^2;x2^3;x2^2 x3;x2 x3^2;x3^3;x1^4;x1^3 x2;x1^2 x2^2;x2^4;x1^3 x3;x1^2 x2 x3;x1 x2^2 x3;x2^3 x3;x1^2 x3^2;x1 x2 x3^2;x2^2 x3^2;x1 x3^3;x2 x3^3;x3^4;x1^5;x1^4 x2;x1^3 x2^2;x1^2 x2^3;x2^5;x1^4 x3;x1^2 x2^2 x3;x2^4 x3;x1^3 x3^2;x1^2 x2 x3^2;x1 x2^2 x3^2;x1^2 x3^3;x2^2 x3^3;x1 x3^4"
12,3.69897000433602,5000,Inf,"min/1se",42,FALSE,36,42,FALSE,FALSE,35,"x2;x3;x1^2;x1 x2;x2^2;x1 x3;x3^2;x1^3;x1^2 x2;x1 x2^2;x2^3;x2^2 x3;x2 x3^2;x3^3;x1^4;x1^3 x2;x1^2 x2^2;x2^4;x1^3 x3;x1^2 x2 x3;x1 x2^2 x3;x2^3 x3;x1^2 x3^2;x1 x2 x3^2;x2^2 x3^2;x1 x3^3;x2 x3^3;x3^4;x1^5;x1^4 x2;x1^3 x2^2;x1^2 x2^3;x2^5;x1^4 x3;x1^2 x2^2 x3;x2^4 x3;x1^3 x3^2;x1^2 x2 x3^2;x1 x2^2 x3^2;x1^2 x3^3;x2^2 x3^3;x1 x3^4"
12,3.69897000433602,5000,Inf,"1se/1se",42,FALSE,36,42,FALSE,FALSE,35,"x2;x3;x1^2;x1 x2;x2^2;x1 x3;x3^2;x1^3;x1^2 x2;x1 x2^2;x2^3;x2^2 x3;x2 x3^2;x3^3;x1^4;x1^3 x2;x1^2 x2^2;x2^4;x1^3 x3;x1^2 x2 x3;x1 x2^2 x3;x2^3 x3;x1^2 x3^2;x1 x2 x3^2;x2^2 x3^2;x1 x3^3;x2 x3^3;x3^4;x1^5;x1^4 x2;x1^3 x2^2;x1^2 x2^3;x2^5;x1^4 x3;x1^2 x2^2 x3;x2^4 x3;x1^3 x3^2;x1^2 x2 x3^2;x1 x2^2 x3^2;x1^2 x3^3;x2^2 x3^3;x1 x3^4"
13,3.69897000433602,5000,60,"min/min",9,TRUE,2,8,TRUE,TRUE,0,"x3;x1^2;x2^2;x1^2 x3;x2^2 x3;x2 x3^2;x3^3;x1^3 x3;x2^2 x3^2"
13,3.69897000433602,5000,60,"min/1se",11,TRUE,4,8,TRUE,TRUE,0,"x3;x1^2;x2^2;x1^2 x3;x2^2 x3;x2 x3^2;x3^3;x1^2 x2^2;x2^4;x1^3 x3;x2^2 x3^2"
13,3.69897000433602,5000,60,"1se/1se",11,TRUE,4,8,TRUE,TRUE,0,"x3;x1^2;x2^2;x1^2 x3;x2^2 x3;x2 x3^2;x3^3;x1^2 x2^2;x2^4;x1^3 x3;x2^2 x3^2"
13,3.69897000433602,5000,Inf,"min/min",45,TRUE,38,43,FALSE,TRUE,35,"x2;x3;x1^2;x1 x2;x2^2;x1 x3;x3^2;x1^3;x1^2 x2;x1 x2^2;x2^3;x1^2 x3;x1 x2 x3;x2^2 x3;x2 x3^2;x3^3;x1^2 x2^2;x2^4;x1^3 x3;x1^2 x2 x3;x1 x2^2 x3;x2^3 x3;x1^2 x3^2;x1 x2 x3^2;x2^2 x3^2;x1 x3^3;x2 x3^3;x3^4;x1^5;x1^4 x2;x1^3 x2^2;x1^2 x2^3;x1 x2^4;x2^5;x1^4 x3;x1^3 x2 x3;x1^2 x2^2 x3;x1 x2^3 x3;x2^4 x3;x1^3 x3^2;x1^2 x2 x3^2;x1 x2^2 x3^2;x2^3 x3^2;x1^2 x3^3;x2^2 x3^3"
13,3.69897000433602,5000,Inf,"min/1se",45,TRUE,38,43,FALSE,TRUE,35,"x2;x3;x1^2;x1 x2;x2^2;x1 x3;x3^2;x1^3;x1^2 x2;x1 x2^2;x2^3;x1^2 x3;x1 x2 x3;x2^2 x3;x2 x3^2;x3^3;x1^2 x2^2;x2^4;x1^3 x3;x1^2 x2 x3;x1 x2^2 x3;x2^3 x3;x1^2 x3^2;x1 x2 x3^2;x2^2 x3^2;x1 x3^3;x2 x3^3;x3^4;x1^5;x1^4 x2;x1^3 x2^2;x1^2 x2^3;x1 x2^4;x2^5;x1^4 x3;x1^3 x2 x3;x1^2 x2^2 x3;x1 x2^3 x3;x2^4 x3;x1^3 x3^2;x1^2 x2 x3^2;x1 x2^2 x3^2;x2^3 x3^2;x1^2 x3^3;x2^2 x3^3"
13,3.69897000433602,5000,Inf,"1se/1se",20,TRUE,13,18,FALSE,TRUE,10,"x3;x1^2;x2^2;x1^3;x1^2 x3;x1 x2 x3;x2^2 x3;x1 x3^2;x2 x3^2;x3^3;x1^4;x1^2 x2^2;x2^4;x1^3 x3;x1^2 x2 x3;x1 x2^2 x3;x2^3 x3;x1^2 x3^2;x2^2 x3^2;x2 x3^3"
14,3.69897000433602,5000,60,"min/min",17,FALSE,11,18,FALSE,FALSE,11,"x2;x3;x1^2;x2^2;x1 x3;x2 x3;x3^2;x2^3;x1^2 x3;x2 x3^2;x3^3;x1^2 x2^2;x2^4;x1^3 x3;x2^3 x3;x1^2 x3^2;x2^2 x3^2"
14,3.69897000433602,5000,60,"min/1se",16,FALSE,10,16,FALSE,FALSE,9,"x2;x3;x1^2;x2^2;x1 x3;x2 x3;x2^3;x1^2 x3;x2 x3^2;x3^3;x1^2 x2^2;x2^4;x1^3 x3;x2^3 x3;x1^2 x3^2;x2^2 x3^2"
14,3.69897000433602,5000,60,"1se/1se",17,FALSE,11,18,FALSE,FALSE,11,"x2;x3;x1^2;x2^2;x1 x3;x2 x3;x3^2;x2^3;x1^2 x3;x2 x3^2;x3^3;x1^2 x2^2;x2^4;x1^3 x3;x2^3 x3;x1^2 x3^2;x2^2 x3^2"
14,3.69897000433602,5000,Inf,"min/min",29,FALSE,23,28,FALSE,FALSE,21,"x3;x1^2;x2^2;x1 x3;x3^2;x1^3;x1^2 x2;x1^2 x3;x3^3;x1^4;x1^2 x2^2;x2^4;x1^3 x3;x1^2 x2 x3;x1 x2^2 x3;x2^3 x3;x1^2 x3^2;x2^2 x3^2;x1 x3^3;x2 x3^3;x1^4 x2;x1^2 x2^3;x2^5;x1^4 x3;x1^2 x2^2 x3;x1 x2^3 x3;x2^4 x3;x1^2 x3^3;x2^2 x3^3"
14,3.69897000433602,5000,Inf,"min/1se",29,FALSE,23,28,FALSE,FALSE,21,"x3;x1^2;x2^2;x1 x3;x3^2;x1^3;x1^2 x2;x1^2 x3;x3^3;x1^4;x1^2 x2^2;x2^4;x1^3 x3;x1^2 x2 x3;x1 x2^2 x3;x2^3 x3;x1^2 x3^2;x2^2 x3^2;x1 x3^3;x2 x3^3;x1^4 x2;x1^2 x2^3;x2^5;x1^4 x3;x1^2 x2^2 x3;x1 x2^3 x3;x2^4 x3;x1^2 x3^3;x2^2 x3^3"
14,3.69897000433602,5000,Inf,"1se/1se",29,FALSE,23,28,FALSE,FALSE,21,"x3;x1^2;x2^2;x1 x3;x3^2;x1^3;x1^2 x2;x1^2 x3;x3^3;x1^4;x1^2 x2^2;x2^4;x1^3 x3;x1^2 x2 x3;x1 x2^2 x3;x2^3 x3;x1^2 x3^2;x2^2 x3^2;x1 x3^3;x2 x3^3;x1^4 x2;x1^2 x2^3;x2^5;x1^4 x3;x1^2 x2^2 x3;x1 x2^3 x3;x2^4 x3;x1^2 x3^3;x2^2 x3^3"
15,3.69897000433602,5000,60,"min/min",22,FALSE,17,21,FALSE,FALSE,15,"x2;x3;x1^2;x2^2;x3^2;x1 x2 x3;x1 x3^2;x2 x3^2;x3^3;x1^4;x1^3 x2;x1^2 x2^2;x2^4;x1^3 x3;x2^3 x3;x1^2 x3^2;x2^2 x3^2;x3^4;x1^4 x3;x1^2 x2^2 x3;x2^4 x3;x2^2 x3^3"
15,3.69897000433602,5000,60,"min/1se",21,FALSE,16,20,FALSE,FALSE,14,"x3;x1^2;x2^2;x3^2;x1 x2 x3;x1 x3^2;x2 x3^2;x3^3;x1^4;x1^3 x2;x1^2 x2^2;x2^4;x1^3 x3;x2^3 x3;x1^2 x3^2;x2^2 x3^2;x3^4;x1^4 x3;x1^2 x2^2 x3;x2^4 x3;x2^2 x3^3"
15,3.69897000433602,5000,60,"1se/1se",21,FALSE,16,20,FALSE,FALSE,14,"x3;x1^2;x2^2;x3^2;x1 x2 x3;x1 x3^2;x2 x3^2;x3^3;x1^4;x1^3 x2;x1^2 x2^2;x2^4;x1^3 x3;x2^3 x3;x1^2 x3^2;x2^2 x3^2;x3^4;x1^4 x3;x1^2 x2^2 x3;x2^4 x3;x2^2 x3^3"
15,3.69897000433602,5000,Inf,"min/min",21,FALSE,16,22,FALSE,FALSE,16,"x2;x3;x1^2;x2^2;x3^2;x1 x2 x3;x1 x3^2;x2 x3^2;x3^3;x1^4;x1^3 x2;x1^2 x2^2;x2^4;x1^3 x3;x1^2 x3^2;x2^2 x3^2;x3^4;x1^4 x3;x1^2 x2^2 x3;x2^4 x3;x2^2 x3^3"
15,3.69897000433602,5000,Inf,"min/1se",21,FALSE,16,22,FALSE,FALSE,16,"x2;x3;x1^2;x2^2;x3^2;x1 x2 x3;x1 x3^2;x2 x3^2;x3^3;x1^4;x1^3 x2;x1^2 x2^2;x2^4;x1^3 x3;x1^2 x3^2;x2^2 x3^2;x3^4;x1^4 x3;x1^2 x2^2 x3;x2^4 x3;x2^2 x3^3"
15,3.69897000433602,5000,Inf,"1se/1se",21,FALSE,16,22,FALSE,FALSE,16,"x2;x3;x1^2;x2^2;x3^2;x1 x2 x3;x1 x3^2;x2 x3^2;x3^3;x1^4;x1^3 x2;x1^2 x2^2;x2^4;x1^3 x3;x1^2 x3^2;x2^2 x3^2;x3^4;x1^4 x3;x1^2 x2^2 x3;x2^4 x3;x2^2 x3^3"
16,3.69897000433602,5000,60,"min/min",22,TRUE,15,8,TRUE,TRUE,0,"x3;x1^2;x1 x2;x2^2;x1^2 x2;x1 x2^2;x1^2 x3;x2^2 x3;x3^3;x1^4;x1^2 x2^2;x1 x2^3;x2^4;x1^3 x3;x1^2 x2 x3;x2^3 x3;x1^2 x3^2;x2^2 x3^2;x1^3 x2^2;x1^4 x3;x1^2 x2^2 x3;x2^4 x3"
16,3.69897000433602,5000,60,"min/1se",16,FALSE,11,17,FALSE,FALSE,11,"x3;x1^2;x1 x2;x2^2;x3^3;x1^4;x1^2 x2^2;x2^4;x1^3 x3;x1^2 x2 x3;x2^3 x3;x1^2 x3^2;x2^2 x3^2;x1^4 x3;x1^2 x2^2 x3;x2^4 x3"
16,3.69897000433602,5000,60,"1se/1se",16,FALSE,11,17,FALSE,FALSE,11,"x3;x1^2;x1 x2;x2^2;x3^3;x1^4;x1^2 x2^2;x2^4;x1^3 x3;x1^2 x2 x3;x2^3 x3;x1^2 x3^2;x2^2 x3^2;x1^4 x3;x1^2 x2^2 x3;x2^4 x3"
16,3.69897000433602,5000,Inf,"min/min",19,FALSE,13,19,FALSE,FALSE,12,"x3;x1^2;x1 x2;x2^2;x1^2 x3;x3^3;x1^4;x1^2 x2^2;x1 x2^3;x2^4;x1^3 x3;x1^2 x2 x3;x2^3 x3;x1^2 x3^2;x2^2 x3^2;x1^3 x2^2;x1^4 x3;x1^2 x2^2 x3;x2^4 x3"
16,3.69897000433602,5000,Inf,"min/1se",17,FALSE,12,18,FALSE,FALSE,12,"x3;x1^2;x1 x2;x2^2;x3^3;x1^4;x1^2 x2^2;x2^4;x1^3 x3;x1^2 x2 x3;x2^3 x3;x1^2 x3^2;x2^2 x3^2;x1^3 x2^2;x1^4 x3;x1^2 x2^2 x3;x2^4 x3"
16,3.69897000433602,5000,Inf,"1se/1se",17,FALSE,12,18,FALSE,FALSE,12,"x3;x1^2;x1 x2;x2^2;x3^3;x1^4;x1^2 x2^2;x2^4;x1^3 x3;x1^2 x2 x3;x2^3 x3;x1^2 x3^2;x2^2 x3^2;x1^3 x2^2;x1^4 x3;x1^2 x2^2 x3;x2^4 x3"
17,3.69897000433602,5000,60,"min/min",7,TRUE,0,8,TRUE,TRUE,0,"x3;x1^2;x2^2;x1^2 x3;x2^2 x3;x3^3;x1^3 x3"
17,3.69897000433602,5000,60,"min/1se",7,TRUE,0,8,TRUE,TRUE,0,"x3;x1^2;x2^2;x1^2 x3;x2^2 x3;x3^3;x1^3 x3"
17,3.69897000433602,5000,60,"1se/1se",7,TRUE,0,8,TRUE,TRUE,0,"x3;x1^2;x2^2;x1^2 x3;x2^2 x3;x3^3;x1^3 x3"
17,3.69897000433602,5000,Inf,"min/min",30,TRUE,23,29,FALSE,TRUE,21,"x3;x1^2;x2^2;x1 x3;x2 x3;x1^3;x1 x2^2;x2^3;x1^2 x3;x1 x2 x3;x2^2 x3;x1 x3^2;x2 x3^2;x3^3;x1^4;x1^2 x2^2;x2^4;x1^3 x3;x1^2 x2 x3;x1 x2^2 x3;x2^3 x3;x1^2 x3^2;x2^2 x3^2;x1 x3^3;x2 x3^3;x3^4;x1^4 x3;x1^3 x3^2;x2^3 x3^2;x1^2 x3^3"
17,3.69897000433602,5000,Inf,"min/1se",28,TRUE,21,29,FALSE,TRUE,21,"x3;x1^2;x2^2;x2 x3;x1^3;x1 x2^2;x2^3;x1^2 x3;x1 x2 x3;x2^2 x3;x1 x3^2;x3^3;x1^4;x1^2 x2^2;x2^4;x1^3 x3;x1^2 x2 x3;x1 x2^2 x3;x1^2 x3^2;x2^2 x3^2;x1 x3^3;x2 x3^3;x3^4;x1^4 x3;x1^3 x3^2;x1^2 x2 x3^2;x2^3 x3^2;x1^2 x3^3"
17,3.69897000433602,5000,Inf,"1se/1se",30,TRUE,23,29,FALSE,TRUE,21,"x3;x1^2;x2^2;x1 x3;x2 x3;x1^3;x1 x2^2;x2^3;x1^2 x3;x1 x2 x3;x2^2 x3;x1 x3^2;x2 x3^2;x3^3;x1^4;x1^2 x2^2;x2^4;x1^3 x3;x1^2 x2 x3;x1 x2^2 x3;x2^3 x3;x1^2 x3^2;x2^2 x3^2;x1 x3^3;x2 x3^3;x3^4;x1^4 x3;x1^3 x3^2;x2^3 x3^2;x1^2 x3^3"
18,3.69897000433602,5000,60,"min/min",9,TRUE,2,9,FALSE,TRUE,1,"x3;x1^2;x2^2;x1^2 x3;x2^2 x3;x3^3;x1^2 x2^2;x1^3 x3;x2^2 x3^2"
18,3.69897000433602,5000,60,"min/1se",9,TRUE,2,9,FALSE,TRUE,1,"x3;x1^2;x2^2;x1^2 x3;x2^2 x3;x3^3;x1^2 x2^2;x1^3 x3;x2^2 x3^2"
18,3.69897000433602,5000,60,"1se/1se",9,TRUE,2,9,FALSE,TRUE,1,"x3;x1^2;x2^2;x1^2 x3;x2^2 x3;x3^3;x1^2 x2^2;x1^3 x3;x2^2 x3^2"
18,3.69897000433602,5000,Inf,"min/min",13,TRUE,6,13,FALSE,TRUE,5,"x3;x1^2;x2^2;x1^2 x3;x2^2 x3;x1 x3^2;x3^3;x1^4;x1^2 x2^2;x2^4;x1^3 x3;x1^2 x3^2;x2^2 x3^2"
18,3.69897000433602,5000,Inf,"min/1se",13,TRUE,6,13,FALSE,TRUE,5,"x3;x1^2;x2^2;x1^2 x3;x2^2 x3;x1 x3^2;x3^3;x1^4;x1^2 x2^2;x2^4;x1^3 x3;x1^2 x3^2;x2^2 x3^2"
18,3.69897000433602,5000,Inf,"1se/1se",13,TRUE,6,11,FALSE,TRUE,3,"x3;x1^2;x2^2;x1^2 x3;x2^2 x3;x1 x3^2;x3^3;x1^4;x1^2 x2^2;x2^4;x1^3 x3;x1^2 x3^2;x2^2 x3^2"
19,3.69897000433602,5000,60,"min/min",7,TRUE,0,8,TRUE,TRUE,0,"x3;x1^2;x2^2;x1^2 x3;x2^2 x3;x3^3;x1^3 x3"
19,3.69897000433602,5000,60,"min/1se",7,TRUE,0,8,TRUE,TRUE,0,"x3;x1^2;x2^2;x1^2 x3;x2^2 x3;x3^3;x1^3 x3"
19,3.69897000433602,5000,60,"1se/1se",7,TRUE,0,8,TRUE,TRUE,0,"x3;x1^2;x2^2;x1^2 x3;x2^2 x3;x3^3;x1^3 x3"
19,3.69897000433602,5000,Inf,"min/min",25,TRUE,18,22,FALSE,TRUE,14,"x3;x1^2;x2^2;x2 x3;x1^3;x1^2 x3;x1 x2 x3;x2^2 x3;x1 x3^2;x3^3;x1^4;x1^3 x2;x1^2 x2^2;x2^4;x1^3 x3;x1^2 x2 x3;x1 x2^2 x3;x1^2 x3^2;x2^2 x3^2;x2 x3^3;x1^4 x3;x1^2 x2^2 x3;x1^3 x3^2;x2^3 x3^2;x1^2 x3^3"
19,3.69897000433602,5000,Inf,"min/1se",25,TRUE,18,22,FALSE,TRUE,14,"x3;x1^2;x2^2;x2 x3;x1^3;x1^2 x3;x1 x2 x3;x2^2 x3;x1 x3^2;x3^3;x1^4;x1^3 x2;x1^2 x2^2;x2^4;x1^3 x3;x1^2 x2 x3;x1 x2^2 x3;x1^2 x3^2;x2^2 x3^2;x2 x3^3;x1^4 x3;x1^2 x2^2 x3;x1^3 x3^2;x2^3 x3^2;x1^2 x3^3"
19,3.69897000433602,5000,Inf,"1se/1se",24,TRUE,17,21,FALSE,TRUE,13,"x3;x1^2;x2^2;x2 x3;x1^3;x1^2 x3;x1 x2 x3;x2^2 x3;x1 x3^2;x3^3;x1^4;x1^3 x2;x1^2 x2^2;x2^4;x1^3 x3;x1^2 x2 x3;x1 x2^2 x3;x1^2 x3^2;x2^2 x3^2;x2 x3^3;x1^4 x3;x1^2 x2^2 x3;x1^3 x3^2;x1^2 x3^3"
0,3.6,3981,49,"min/min",9,TRUE,2,8,TRUE,TRUE,0,"x3;x1^2;x2^2;x3^2;x1^2 x3;x2^2 x3;x3^3;x1^3 x3;x3^4"
0,3.6,3981,49,"min/1se",13,TRUE,6,8,TRUE,TRUE,0,"x1;x3;x1^2;x2^2;x1 x3;x3^2;x1^3;x1^2 x3;x2^2 x3;x3^3;x1^4;x1^2 x2^2;x1^3 x3"
0,3.6,3981,49,"1se/1se",13,TRUE,6,8,TRUE,TRUE,0,"x1;x3;x1^2;x2^2;x1 x3;x3^2;x1^3;x1^2 x3;x2^2 x3;x3^3;x1^4;x1^2 x2^2;x1^3 x3"
1,3.6,3981,49,"min/min",12,TRUE,5,9,FALSE,TRUE,1,"x3;x1^2;x2^2;x1^2 x3;x2^2 x3;x3^3;x1^4;x1^3 x2;x2^4;x1^3 x3;x1^2 x3^2;x2^2 x3^2"
1,3.6,3981,49,"min/1se",16,TRUE,9,8,TRUE,TRUE,0,"x3;x1^2;x2^2;x2 x3;x2^3;x1^2 x3;x1 x2 x3;x2^2 x3;x2 x3^2;x3^3;x1^2 x2^2;x1 x2^3;x2^4;x1^3 x3;x2^3 x3;x2^2 x3^2"
1,3.6,3981,49,"1se/1se",15,TRUE,8,8,TRUE,TRUE,0,"x3;x1^2;x2^2;x2 x3;x1^2 x3;x1 x2 x3;x2^2 x3;x2 x3^2;x3^3;x1^2 x2^2;x1 x2^3;x2^4;x1^3 x3;x2^3 x3;x2^2 x3^2"
2,3.6,3981,49,"min/min",14,TRUE,7,8,TRUE,TRUE,0,"x3;x1^2;x2^2;x1 x3;x3^2;x1^3;x1^2 x3;x2^2 x3;x3^3;x1^3 x3;x1 x2^2 x3;x1 x3^3;x3^4;x2^4 x3"
2,3.6,3981,49,"min/1se",24,FALSE,18,18,FALSE,FALSE,11,"x2;x3;x1^2;x2^2;x1 x3;x3^2;x1^3;x1 x2^2;x1^2 x3;x2^2 x3;x2 x3^2;x3^3;x1^4;x1^2 x2^2;x2^4;x1^2 x3^2;x1 x2 x3^2;x2^2 x3^2;x1 x3^3;x3^4;x1^5;x1^4 x3;x1^2 x2^2 x3;x1 x2^3 x3"
2,3.6,3981,49,"1se/1se",24,FALSE,18,18,FALSE,FALSE,11,"x2;x3;x1^2;x2^2;x1 x3;x3^2;x1^3;x1 x2^2;x1^2 x3;x2^2 x3;x2 x3^2;x3^3;x1^4;x1^2 x2^2;x2^4;x1^2 x3^2;x1 x2 x3^2;x2^2 x3^2;x1 x3^3;x3^4;x1^5;x1^4 x3;x1^2 x2^2 x3;x1 x2^3 x3"
3,3.6,3981,49,"min/min",13,TRUE,6,8,TRUE,TRUE,0,"x3;x1^2;x2^2;x1^2 x3;x2^2 x3;x3^3;x1^4;x1^2 x2^2;x1^3 x3;x1^2 x3^2;x2^2 x3^2;x1^2 x2^2 x3;x2^4 x3"
3,3.6,3981,49,"min/1se",13,TRUE,6,8,TRUE,TRUE,0,"x3;x1^2;x2^2;x1^2 x3;x2^2 x3;x3^3;x1^4;x1^2 x2^2;x1^3 x3;x1^2 x3^2;x2^2 x3^2;x1^2 x2^2 x3;x2^4 x3"
3,3.6,3981,49,"1se/1se",14,TRUE,7,8,TRUE,TRUE,0,"x3;x1^2;x2^2;x2^3;x1^2 x3;x2^2 x3;x3^3;x1^4;x1^2 x2^2;x1^3 x3;x1^2 x3^2;x2^2 x3^2;x1^2 x2^2 x3;x2^4 x3"
4,3.6,3981,49,"min/min",13,TRUE,6,8,TRUE,TRUE,0,"x3;x1^2;x2^2;x1^2 x3;x2^2 x3;x3^3;x1^2 x2^2;x2^4;x1^3 x3;x2^2 x3^2;x3^4;x1^2 x2^2 x3;x2^4 x3"
4,3.6,3981,49,"min/1se",20,FALSE,14,15,FALSE,FALSE,8,"x3;x1^2;x2^2;x1 x3;x1^3;x1^2 x2;x1 x2^2;x1^2 x3;x2 x3^2;x3^3;x1^2 x2^2;x2^4;x1^3 x3;x2^3 x3;x2^2 x3^2;x3^4;x1^2 x2^3;x1^2 x2^2 x3;x2^4 x3;x2^3 x3^2"
4,3.6,3981,49,"1se/1se",20,FALSE,14,15,FALSE,FALSE,8,"x3;x1^2;x2^2;x1 x3;x1^3;x1^2 x2;x1 x2^2;x1^2 x3;x2 x3^2;x3^3;x1^2 x2^2;x2^4;x1^3 x3;x2^3 x3;x2^2 x3^2;x3^4;x1^2 x2^3;x1^2 x2^2 x3;x2^4 x3;x2^3 x3^2"
5,3.6,3981,49,"min/min",17,FALSE,11,15,FALSE,FALSE,8,"x1;x3;x1^2;x2^2;x1 x3;x3^2;x1^3;x1^2 x3;x2^2 x3;x1 x3^2;x3^3;x1^4;x1^2 x2^2;x1 x2^2 x3;x1^2 x3^2;x1 x3^3;x3^4"
5,3.6,3981,49,"min/1se",19,FALSE,13,17,FALSE,FALSE,10,"x2;x3;x1^2;x1 x2;x2^2;x2 x3;x3^2;x1^3;x1^2 x3;x2^2 x3;x1 x3^2;x3^3;x1^4;x1^2 x2^2;x1 x2^3;x1 x2^2 x3;x2^2 x3^2;x1 x3^3;x3^4"
5,3.6,3981,49,"1se/1se",22,FALSE,16,14,FALSE,FALSE,7,"x1;x2;x3;x1^2;x1 x2;x2^2;x2 x3;x3^2;x1^3;x1^2 x3;x2^2 x3;x1 x3^2;x2 x3^2;x3^3;x1^4;x1^2 x2^2;x1 x2^3;x1 x2^2 x3;x1 x2 x3^2;x2^2 x3^2;x1 x3^3;x3^4"
6,3.6,3981,49,"min/min",7,TRUE,0,8,TRUE,TRUE,0,"x3;x1^2;x2^2;x1^2 x3;x2^2 x3;x3^3;x1^3 x3"
6,3.6,3981,49,"min/1se",9,TRUE,2,8,TRUE,TRUE,0,"x3;x1^2;x2^2;x1^2 x3;x2^2 x3;x3^3;x1^3 x3;x1^2 x3^2;x2^2 x3^2"
6,3.6,3981,49,"1se/1se",9,TRUE,2,8,TRUE,TRUE,0,"x3;x1^2;x2^2;x1^2 x3;x2^2 x3;x3^3;x1^3 x3;x1^2 x3^2;x2^2 x3^2"
7,3.6,3981,49,"min/min",8,TRUE,1,8,TRUE,TRUE,0,"x3;x1^2;x2^2;x3^2;x1^2 x3;x2^2 x3;x3^3;x1^3 x3"
7,3.6,3981,49,"min/1se",7,TRUE,0,8,TRUE,TRUE,0,"x3;x1^2;x2^2;x1^2 x3;x2^2 x3;x3^3;x1^3 x3"
7,3.6,3981,49,"1se/1se",7,TRUE,0,8,TRUE,TRUE,0,"x3;x1^2;x2^2;x1^2 x3;x2^2 x3;x3^3;x1^3 x3"
8,3.6,3981,49,"min/min",7,TRUE,0,8,TRUE,TRUE,0,"x3;x1^2;x2^2;x1^2 x3;x2^2 x3;x3^3;x1^3 x3"
8,3.6,3981,49,"min/1se",8,TRUE,1,8,TRUE,TRUE,0,"x3;x1^2;x2^2;x1^2 x3;x2^2 x3;x3^3;x1^3 x3;x2^2 x3^2"
8,3.6,3981,49,"1se/1se",8,TRUE,1,8,TRUE,TRUE,0,"x3;x1^2;x2^2;x1^2 x3;x2^2 x3;x3^3;x1^3 x3;x2^2 x3^2"
9,3.6,3981,49,"min/min",7,TRUE,0,8,TRUE,TRUE,0,"x3;x1^2;x2^2;x1^2 x3;x2^2 x3;x3^3;x1^3 x3"
9,3.6,3981,49,"min/1se",23,FALSE,17,12,FALSE,FALSE,5,"x3;x1^2;x2^2;x1 x3;x2 x3;x3^2;x2^2 x3;x3^3;x2^4;x1^3 x3;x1^2 x2 x3;x1 x2^2 x3;x2^3 x3;x2^2 x3^2;x1 x3^3;x2 x3^3;x3^4;x1^4 x3;x1^2 x2^2 x3;x2^4 x3;x1^3 x3^2;x1^2 x3^3;x2^2 x3^3"
9,3.6,3981,49,"1se/1se",23,FALSE,17,12,FALSE,FALSE,5,"x3;x1^2;x2^2;x1 x3;x2 x3;x3^2;x2^2 x3;x3^3;x2^4;x1^3 x3;x1^2 x2 x3;x1 x2^2 x3;x2^3 x3;x2^2 x3^2;x1 x3^3;x2 x3^3;x3^4;x1^4 x3;x1^2 x2^2 x3;x2^4 x3;x1^3 x3^2;x1^2 x3^3;x2^2 x3^3"
10,3.6,3981,49,"min/min",7,TRUE,0,8,TRUE,TRUE,0,"x3;x1^2;x2^2;x1^2 x3;x2^2 x3;x3^3;x1^3 x3"
10,3.6,3981,49,"min/1se",13,TRUE,6,8,TRUE,TRUE,0,"x3;x1^2;x2^2;x1^2 x3;x2^2 x3;x3^3;x1^4;x1^2 x2^2;x1^3 x3;x1^2 x3^2;x2^2 x3^2;x3^4;x1^2 x2^2 x3"
10,3.6,3981,49,"1se/1se",13,TRUE,6,8,TRUE,TRUE,0,"x3;x1^2;x2^2;x1^2 x3;x2^2 x3;x3^3;x1^4;x1^2 x2^2;x1^3 x3;x1^2 x3^2;x2^2 x3^2;x3^4;x1^2 x2^2 x3"
11,3.6,3981,49,"min/min",7,TRUE,0,8,TRUE,TRUE,0,"x3;x1^2;x2^2;x1^2 x3;x2^2 x3;x3^3;x1^3 x3"
11,3.6,3981,49,"min/1se",9,TRUE,2,8,TRUE,TRUE,0,"x3;x1^2;x2^2;x1 x3;x3^2;x1^2 x3;x2^2 x3;x3^3;x1^3 x3"
11,3.6,3981,49,"1se/1se",9,TRUE,2,8,TRUE,TRUE,0,"x3;x1^2;x2^2;x1 x3;x3^2;x1^2 x3;x2^2 x3;x3^3;x1^3 x3"
12,3.6,3981,49,"min/min",9,TRUE,2,8,TRUE,TRUE,0,"x3;x1^2;x2^2;x1^2 x3;x2^2 x3;x3^3;x2^4;x1^3 x3;x2^2 x3^2"
12,3.6,3981,49,"min/1se",16,TRUE,9,8,TRUE,TRUE,0,"x3;x1^2;x2^2;x1 x3;x2 x3;x3^2;x2^3;x1^2 x3;x2^2 x3;x3^3;x1^2 x2^2;x2^4;x1^3 x3;x1^2 x2 x3;x1 x2^2 x3;x2^2 x3^2"
12,3.6,3981,49,"1se/1se",23,FALSE,18,15,FALSE,FALSE,9,"x2;x3;x1^2;x2^2;x1 x3;x3^2;x1^3;x1 x2^2;x2^2 x3;x2 x3^2;x3^3;x1^2 x2 x3;x1 x2^2 x3;x1^2 x3^2;x2 x3^3;x3^4;x1^2 x2^3;x1^4 x3;x1^2 x2^2 x3;x2^4 x3;x1^2 x2 x3^2;x1 x2^2 x3^2;x2^2 x3^3"
13,3.6,3981,49,"min/min",17,TRUE,10,11,FALSE,TRUE,3,"x3;x1^2;x2^2;x3^2;x1 x2^2;x1^2 x3;x2^2 x3;x1 x3^2;x3^3;x1^3 x3;x1 x2^2 x3;x1^2 x3^2;x1^3 x2^2;x1^4 x3;x1^2 x2^2 x3;x1^3 x3^2;x1^2 x3^3"
13,3.6,3981,49,"min/1se",14,TRUE,7,10,FALSE,TRUE,2,"x3;x1^2;x2^2;x1^2 x3;x2^2 x3;x3^3;x1^3 x3;x1^2 x3^2;x3^4;x1^4 x3;x1^2 x2^2 x3;x1^3 x3^2;x1^2 x3^3;x2^2 x3^3"
13,3.6,3981,49,"1se/1se",14,TRUE,7,10,FALSE,TRUE,2,"x3;x1^2;x2^2;x1^2 x3;x2^2 x3;x3^3;x1^3 x3;x1^2 x3^2;x3^4;x1^4 x3;x1^2 x2^2 x3;x1^3 x3^2;x1^2 x3^3;x2^2 x3^3"
14,3.6,3981,49,"min/min",11,TRUE,4,8,TRUE,TRUE,0,"x3;x1^2;x2^2;x1^2 x3;x2^2 x3;x3^3;x1^2 x2^2;x2^4;x1^3 x3;x1 x2^2 x3;x2^2 x3^2"
14,3.6,3981,49,"min/1se",11,FALSE,5,11,FALSE,FALSE,4,"x3;x1^2;x2^2;x2^3;x1^2 x3;x1 x3^2;x3^3;x1^2 x2^2;x2^4;x1^3 x3;x2^2 x3^2"
14,3.6,3981,49,"1se/1se",11,FALSE,5,11,FALSE,FALSE,4,"x3;x1^2;x2^2;x2^3;x1^2 x3;x1 x3^2;x3^3;x1^2 x2^2;x2^4;x1^3 x3;x2^2 x3^2"
15,3.6,3981,49,"min/min",8,TRUE,1,8,TRUE,TRUE,0,"x3;x1^2;x2^2;x1^2 x3;x2^2 x3;x3^3;x1^3 x3;x2^2 x3^2"
15,3.6,3981,49,"min/1se",14,TRUE,7,8,TRUE,TRUE,0,"x3;x1^2;x2^2;x1 x3;x1^3;x1^2 x3;x2^2 x3;x3^3;x1^4;x1^2 x2^2;x2^4;x1^3 x3;x1^2 x3^2;x2^2 x3^2"
15,3.6,3981,49,"1se/1se",14,TRUE,7,8,TRUE,TRUE,0,"x3;x1^2;x2^2;x1 x3;x1^3;x1^2 x3;x2^2 x3;x3^3;x1^4;x1^2 x2^2;x2^4;x1^3 x3;x1^2 x3^2;x2^2 x3^2"
16,3.6,3981,49,"min/min",12,TRUE,5,8,TRUE,TRUE,0,"x3;x1^2;x2^2;x1^2 x2;x1^2 x3;x2^2 x3;x3^3;x1^4;x1^2 x2^2;x1^3 x3;x1^2 x2 x3;x1^2 x3^2"
16,3.6,3981,49,"min/1se",12,FALSE,7,12,FALSE,FALSE,6,"x3;x1^2;x2^2;x1 x3;x1^3;x2^2 x3;x2 x3^2;x3^3;x1^4;x1^2 x2^2;x1^2 x3^2;x2^2 x3^2"
16,3.6,3981,49,"1se/1se",13,FALSE,8,13,FALSE,FALSE,7,"x3;x1^2;x2^2;x1 x3;x1^3;x1^2 x2;x2^2 x3;x2 x3^2;x3^3;x1^4;x1^2 x2^2;x1^2 x3^2;x2^2 x3^2"
17,3.6,3981,49,"min/min",8,TRUE,1,8,TRUE,TRUE,0,"x3;x1^2;x2^2;x1^2 x3;x2^2 x3;x3^3;x1^2 x2^2;x1^3 x3"
17,3.6,3981,49,"min/1se",12,TRUE,5,8,TRUE,TRUE,0,"x3;x1^2;x2^2;x3^2;x1^2 x3;x2^2 x3;x3^3;x1^2 x2^2;x2^4;x1^3 x3;x1^2 x3^2;x2^2 x3^2"
17,3.6,3981,49,"1se/1se",11,TRUE,4,8,TRUE,TRUE,0,"x3;x1^2;x2^2;x1^2 x3;x2^2 x3;x3^3;x1^3 x3;x1^2 x3^2;x2^2 x3^2;x3^4;x1^3 x3^2"
18,3.6,3981,49,"min/min",7,TRUE,0,8,TRUE,TRUE,0,"x3;x1^2;x2^2;x1^2 x3;x2^2 x3;x3^3;x1^3 x3"
18,3.6,3981,49,"min/1se",12,TRUE,5,8,TRUE,TRUE,0,"x3;x1^2;x2^2;x1^2 x3;x2^2 x3;x3^3;x1^4;x1^2 x2^2;x2^4;x1^3 x3;x1^2 x3^2;x2^2 x3^2"
18,3.6,3981,49,"1se/1se",12,TRUE,5,8,TRUE,TRUE,0,"x3;x1^2;x2^2;x1^2 x3;x2^2 x3;x3^3;x1^4;x1^2 x2^2;x2^4;x1^3 x3;x1^2 x3^2;x2^2 x3^2"
19,3.6,3981,49,"min/min",7,TRUE,0,8,TRUE,TRUE,0,"x3;x1^2;x2^2;x1^2 x3;x2^2 x3;x3^3;x1^3 x3"
19,3.6,3981,49,"min/1se",10,TRUE,3,8,TRUE,TRUE,0,"x3;x1^2;x2^2;x1 x3;x1^3;x1^2 x3;x2^2 x3;x3^3;x1^3 x3;x2^2 x3^2"
19,3.6,3981,49,"1se/1se",10,TRUE,3,8,TRUE,TRUE,0,"x3;x1^2;x2^2;x1 x3;x1^3;x1^2 x3;x2^2 x3;x3^3;x1^3 x3;x2^2 x3^2"
0,3.4,2512,49,"min/min",9,TRUE,2,9,FALSE,TRUE,1,"x3;x1^2;x2^2;x1^2 x3;x2^2 x3;x3^3;x1^2 x2^2;x1^3 x3;x1^2 x2^2 x3"
0,3.4,2512,49,"min/1se",23,TRUE,16,10,FALSE,TRUE,2,"x1;x3;x1^2;x2^2;x2 x3;x3^2;x1^3;x1^2 x2;x1 x2^2;x2^3;x1^2 x3;x2^2 x3;x1 x3^2;x2 x3^2;x3^3;x1^2 x2^2;x2^4;x1^3 x3;x1 x2^2 x3;x1^2 x3^2;x2^2 x3^2;x2 x3^3;x3^4"
0,3.4,2512,49,"1se/1se",23,TRUE,16,10,FALSE,TRUE,2,"x1;x3;x1^2;x2^2;x2 x3;x3^2;x1^3;x1^2 x2;x1 x2^2;x2^3;x1^2 x3;x2^2 x3;x1 x3^2;x2 x3^2;x3^3;x1^2 x2^2;x2^4;x1^3 x3;x1 x2^2 x3;x1^2 x3^2;x2^2 x3^2;x2 x3^3;x3^4"
1,3.4,2512,49,"min/min",8,TRUE,1,8,TRUE,TRUE,0,"x3;x1^2;x2^2;x1^2 x3;x2^2 x3;x3^3;x1^2 x2^2;x1^3 x3"
1,3.4,2512,49,"min/1se",13,TRUE,6,8,TRUE,TRUE,0,"x3;x1^2;x2^2;x1 x3;x3^2;x1^2 x3;x2^2 x3;x3^3;x1^2 x2^2;x2^4;x1^3 x3;x1^2 x3^2;x2^2 x3^2"
1,3.4,2512,49,"1se/1se",13,TRUE,6,8,TRUE,TRUE,0,"x3;x1^2;x2^2;x1 x3;x3^2;x1^2 x3;x2^2 x3;x3^3;x1^2 x2^2;x2^4;x1^3 x3;x1^2 x3^2;x2^2 x3^2"
2,3.4,2512,49,"min/min",18,TRUE,11,8,TRUE,TRUE,0,"x3;x1^2;x2^2;x1 x3;x1 x2^2;x1^2 x3;x2^2 x3;x3^3;x2^4;x1^3 x3;x1 x2^2 x3;x1^2 x3^2;x2^2 x3^2;x1 x3^3;x3^4;x1^3 x2^2;x1^4 x3;x1^2 x2^2 x3"
2,3.4,2512,49,"min/1se",18,FALSE,13,16,FALSE,FALSE,10,"x3;x1^2;x2^2;x1 x3;x2 x3;x1^3;x1 x2^2;x2^2 x3;x3^3;x1^4;x1^2 x2^2;x2^4;x1^2 x3^2;x1 x2 x3^2;x2^2 x3^2;x3^4;x1^4 x3;x1^2 x2^2 x3"
2,3.4,2512,49,"1se/1se",18,FALSE,13,16,FALSE,FALSE,10,"x3;x1^2;x2^2;x1 x3;x2 x3;x1^3;x1 x2^2;x2^2 x3;x3^3;x1^4;x1^2 x2^2;x2^4;x1^2 x3^2;x1 x2 x3^2;x2^2 x3^2;x3^4;x1^4 x3;x1^2 x2^2 x3"
3,3.4,2512,49,"min/min",10,TRUE,3,8,TRUE,TRUE,0,"x3;x1^2;x2^2;x3^2;x1^2 x3;x2^2 x3;x3^3;x1^3 x3;x2^2 x3^2;x3^4"
3,3.4,2512,49,"min/1se",13,TRUE,6,8,TRUE,TRUE,0,"x3;x1^2;x2^2;x1^2 x3;x2^2 x3;x3^3;x1^4;x1^2 x2^2;x1^3 x3;x1^2 x3^2;x2^2 x3^2;x1^2 x2^2 x3;x2^4 x3"
3,3.4,2512,49,"1se/1se",25,TRUE,18,8,TRUE,TRUE,0,"x2;x3;x1^2;x1 x2;x2^2;x1 x3;x2 x3;x3^2;x1^2 x2;x1 x2^2;x2^3;x1^2 x3;x1 x2 x3;x2^2 x3;x1 x3^2;x2 x3^2;x3^3;x1^2 x2^2;x2^4;x1^3 x3;x1^2 x2 x3;x2^3 x3;x1 x2 x3^2;x1 x3^3;x2 x3^3"
4,3.4,2512,49,"min/min",11,TRUE,4,8,TRUE,TRUE,0,"x3;x1^2;x2^2;x3^2;x1^2 x3;x2^2 x3;x3^3;x1^3 x3;x2^2 x3^2;x3^4;x2^4 x3"
4,3.4,2512,49,"min/1se",13,TRUE,6,8,TRUE,TRUE,0,"x3;x1^2;x2^2;x1 x3;x1^2 x3;x2^2 x3;x3^3;x1^2 x2^2;x2^4;x1^3 x3;x2^2 x3^2;x3^4;x2^4 x3"
4,3.4,2512,49,"1se/1se",13,TRUE,6,8,TRUE,TRUE,0,"x3;x1^2;x2^2;x1 x3;x1^2 x3;x2^2 x3;x3^3;x1^2 x2^2;x2^4;x1^3 x3;x2^2 x3^2;x3^4;x2^4 x3"
5,3.4,2512,49,"min/min",23,TRUE,16,8,TRUE,TRUE,0,"x1;x3;x1^2;x1 x2;x2^2;x2 x3;x3^2;x1^3;x1 x2^2;x1^2 x3;x1 x2 x3;x2^2 x3;x1 x3^2;x3^3;x1^4;x1^2 x2^2;x1^3 x3;x1 x2^2 x3;x1^2 x3^2;x1 x2 x3^2;x2^2 x3^2;x1 x3^3;x3^4"
5,3.4,2512,49,"min/1se",12,FALSE,6,11,FALSE,FALSE,4,"x3;x1^2;x2^2;x3^2;x1^2 x3;x2^2 x3;x1 x3^2;x3^3;x1^4;x1 x2^2 x3;x2^2 x3^2;x1 x3^3"
5,3.4,2512,49,"1se/1se",12,FALSE,6,11,FALSE,FALSE,4,"x3;x1^2;x2^2;x3^2;x1^2 x3;x2^2 x3;x1 x3^2;x3^3;x1^4;x1 x2^2 x3;x2^2 x3^2;x1 x3^3"
6,3.4,2512,49,"min/min",15,TRUE,8,8,TRUE,TRUE,0,"x3;x1^2;x2^2;x1 x3;x3^2;x1^2 x3;x2^2 x3;x1 x3^2;x3^3;x1^3 x3;x1^2 x3^2;x2^2 x3^2;x3^4;x1^2 x3^3;x2^2 x3^3"
6,3.4,2512,49,"min/1se",13,TRUE,6,8,TRUE,TRUE,0,"x3;x1^2;x2^2;x3^2;x1^2 x3;x2^2 x3;x1 x3^2;x3^3;x1^3 x3;x1^2 x3^2;x2^2 x3^2;x1^2 x3^3;x2^2 x3^3"
6,3.4,2512,49,"1se/1se",13,TRUE,6,8,TRUE,TRUE,0,"x3;x1^2;x2^2;x3^2;x1^2 x3;x2^2 x3;x1 x3^2;x3^3;x1^3 x3;x1^2 x3^2;x2^2 x3^2;x1^2 x3^3;x2^2 x3^3"
7,3.4,2512,49,"min/min",7,TRUE,0,8,TRUE,TRUE,0,"x3;x1^2;x2^2;x1^2 x3;x2^2 x3;x3^3;x1^3 x3"
7,3.4,2512,49,"min/1se",9,TRUE,2,8,TRUE,TRUE,0,"x3;x1^2;x2^2;x1^2 x3;x2^2 x3;x3^3;x1^2 x2^2;x1^3 x3;x3^4"
7,3.4,2512,49,"1se/1se",9,TRUE,2,8,TRUE,TRUE,0,"x3;x1^2;x2^2;x1^2 x3;x2^2 x3;x3^3;x1^2 x2^2;x1^3 x3;x3^4"
8,3.4,2512,49,"min/min",7,TRUE,0,8,TRUE,TRUE,0,"x3;x1^2;x2^2;x1^2 x3;x2^2 x3;x3^3;x1^3 x3"
8,3.4,2512,49,"min/1se",7,TRUE,0,8,TRUE,TRUE,0,"x3;x1^2;x2^2;x1^2 x3;x2^2 x3;x3^3;x1^3 x3"
8,3.4,2512,49,"1se/1se",8,TRUE,1,8,TRUE,TRUE,0,"x3;x1^2;x2^2;x1^2 x3;x2^2 x3;x3^3;x1^3 x3;x2^2 x3^2"
9,3.4,2512,49,"min/min",7,TRUE,0,8,TRUE,TRUE,0,"x3;x1^2;x2^2;x1^2 x3;x2^2 x3;x3^3;x1^3 x3"
9,3.4,2512,49,"min/1se",20,FALSE,15,18,FALSE,FALSE,12,"x3;x1^2;x2^2;x1 x3;x2 x3;x1^2 x2;x2^2 x3;x1^4;x2^4;x1^3 x3;x1^2 x2 x3;x1 x2^2 x3;x1^2 x3^2;x2^2 x3^2;x3^4;x1^4 x3;x1^3 x2 x3;x1^3 x3^2;x1^2 x3^3;x1 x3^4"
9,3.4,2512,49,"1se/1se",18,FALSE,14,16,FALSE,FALSE,11,"x3;x1^2;x2^2;x1 x3;x1^2 x2;x2^2 x3;x1^4;x1^2 x2^2;x2^4;x1^2 x2 x3;x1 x2^2 x3;x1^2 x3^2;x2^2 x3^2;x3^4;x1^3 x2 x3;x1^3 x3^2;x1^2 x3^3;x1 x3^4"
10,3.4,2512,49,"min/min",47,TRUE,40,8,FALSE,FALSE,2,"x1;x2;x3;x1^2;x2^2;x1 x3;x2 x3;x3^2;x1^3;x1^2 x2;x1 x2^2;x2^3;x1^2 x3;x2^2 x3;x1 x3^2;x2 x3^2;x3^3;x1^4;x1^3 x2;x1^2 x2^2;x1 x2^3;x2^4;x1^3 x3;x1^2 x2 x3;x1 x2^2 x3;x2^3 x3;x1^2 x3^2;x2^2 x3^2;x1 x3^3;x2 x3^3;x3^4;x1^4 x2;x1^3 x2^2;x1^2 x2^3;x1 x2^4;x1^4 x3;x1^3 x2 x3;x1^2 x2^2 x3;x1 x2^3 x3;x2^4 x3;x1^3 x3^2;x1^2 x2 x3^2;x1 x2^2 x3^2;x2^3 x3^2;x2^2 x3^3;x1 x3^4;x2 x3^4"
10,3.4,2512,49,"min/1se",22,FALSE,17,19,FALSE,FALSE,13,"x2;x3;x1^2;x1 x2;x2^2;x1 x3;x1^2 x3;x2 x3^2;x1^4;x1 x2^3;x2^4;x1^3 x3;x1^2 x2 x3;x1 x2^2 x3;x2^3 x3;x1 x3^3;x2 x3^3;x3^4;x1^2 x2^2 x3;x2^4 x3;x1^2 x2 x3^2;x2^2 x3^3"
10,3.4,2512,49,"1se/1se",19,FALSE,14,17,FALSE,FALSE,11,"x3;x1^2;x2^2;x1 x3;x1^2 x3;x2 x3^2;x1^3 x2;x1 x2^3;x2^4;x1^3 x3;x1^2 x2 x3;x1 x2^2 x3;x2^3 x3;x1 x3^3;x3^4;x1^2 x2^2 x3;x2^4 x3;x1^2 x2 x3^2;x2^2 x3^3"
11,3.4,2512,49,"min/min",19,FALSE,14,3,FALSE,FALSE,0,"x3;x1 x2;x2^2;x1 x3;x2 x3;x1^3;x1^2 x2;x1 x2^2;x2^3;x1^2 x3;x1 x2 x3;x2^2 x3;x1 x3^2;x3^3;x1^4;x1^2 x2^2;x1^2 x2 x3;x2^3 x3;x1 x2 x3^2"
11,3.4,2512,49,"min/1se",15,FALSE,11,9,FALSE,FALSE,6,"x3;x1^2;x1 x2;x2^2;x1 x3;x2 x3;x3^2;x1^2 x2;x1 x2^2;x2^3;x2^2 x3;x1^2 x2 x3;x2^3 x3;x2 x3^3;x3^4"
11,3.4,2512,49,"1se/1se",19,FALSE,14,3,FALSE,FALSE,0,"x3;x1 x2;x2^2;x1 x3;x2 x3;x1^3;x1^2 x2;x1 x2^2;x2^3;x1^2 x3;x1 x2 x3;x2^2 x3;x1 x3^2;x3^3;x1^4;x1^2 x2^2;x1^2 x2 x3;x2^3 x3;x1 x2 x3^2"
12,3.4,2512,49,"min/min",21,TRUE,14,8,TRUE,TRUE,0,"x1;x2;x3;x1^2;x2^2;x3^2;x1^3;x1^2 x2;x1 x2^2;x2^3;x1^2 x3;x2^2 x3;x3^3;x1^4;x1 x2^3;x1^3 x3;x3^4;x1^4 x3;x1^2 x2 x3^2;x1^2 x3^3;x2^2 x3^3"
12,3.4,2512,49,"min/1se",14,FALSE,8,12,FALSE,FALSE,5,"x3;x1^2;x2^2;x3^2;x1^3;x1^2 x3;x2^2 x3;x1^3 x3;x1^2 x2 x3;x1 x2^2 x3;x2^3 x3;x3^4;x1^2 x3^3;x2^2 x3^3"
12,3.4,2512,49,"1se/1se",7,TRUE,0,8,TRUE,TRUE,0,"x3;x1^2;x2^2;x1^2 x3;x2^2 x3;x3^3;x1^3 x3"
13,3.4,2512,49,"min/min",48,FALSE,42,41,FALSE,FALSE,34,"x1;x2;x3;x1^2;x1 x2;x2^2;x1 x3;x2 x3;x3^2;x1^3;x1^2 x2;x1 x2^2;x2^3;x1^2 x3;x2^2 x3;x2 x3^2;x1^4;x1^3 x2;x1^2 x2^2;x1 x2^3;x2^4;x1^3 x3;x1^2 x2 x3;x2^3 x3;x1^2 x3^2;x1 x2 x3^2;x2^2 x3^2;x1 x3^3;x2 x3^3;x3^4;x1^5;x1^4 x2;x1^3 x2^2;x1^2 x2^3;x1 x2^4;x2^5;x1^4 x3;x1^3 x2 x3;x1^2 x2^2 x3;x2^4 x3;x1^2 x2 x3^2;x1 x2^2 x3^2;x2^3 x3^2;x1^2 x3^3;x1 x2 x3^3;x2^2 x3^3;x1 x3^4;x2 x3^4"
13,3.4,2512,49,"min/1se",29,FALSE,24,26,FALSE,FALSE,20,"x3;x1^2;x2^2;x1 x3;x2 x3;x3^2;x1^3;x2^3;x2^2 x3;x1^4;x1^2 x2^2;x1 x2^3;x2^4;x1^3 x3;x1^2 x2 x3;x2^3 x3;x1^2 x3^2;x1 x2 x3^2;x2^2 x3^2;x2 x3^3;x3^4;x1^3 x2^2;x1^2 x2^3;x1^4 x3;x1^2 x2^2 x3;x1^2 x2 x3^2;x1^2 x3^3;x2^2 x3^3;x1 x3^4"
13,3.4,2512,49,"1se/1se",28,FALSE,23,26,FALSE,FALSE,20,"x3;x1^2;x2^2;x1 x3;x2 x3;x3^2;x1^3;x2^3;x2^2 x3;x1^4;x1^2 x2^2;x1 x2^3;x1^3 x3;x1^2 x2 x3;x2^3 x3;x1^2 x3^2;x1 x2 x3^2;x2^2 x3^2;x2 x3^3;x3^4;x1^3 x2^2;x1^2 x2^3;x1^4 x3;x1^2 x2^2 x3;x1^2 x2 x3^2;x1^2 x3^3;x2^2 x3^3;x1 x3^4"
14,3.4,2512,49,"min/min",7,TRUE,0,8,TRUE,TRUE,0,"x3;x1^2;x2^2;x1^2 x3;x2^2 x3;x3^3;x1^3 x3"
14,3.4,2512,49,"min/1se",12,FALSE,6,13,FALSE,FALSE,6,"x3;x1^2;x2^2;x1 x2^2;x1^2 x3;x2 x3^2;x3^3;x1^2 x2^2;x2^4;x1^3 x3;x2^3 x3;x2^2 x3^2"
14,3.4,2512,49,"1se/1se",16,FALSE,10,12,FALSE,FALSE,5,"x3;x1^2;x2^2;x3^2;x2^2 x3;x3^3;x1^4;x1^2 x2^2;x2^4;x1^3 x3;x1^2 x3^2;x2^2 x3^2;x3^4;x1^4 x3;x1^2 x2^2 x3;x2^4 x3"
15,3.4,2512,49,"min/min",18,FALSE,13,18,FALSE,FALSE,12,"x3;x1^2;x2^2;x3^3;x1^4;x1^3 x2;x1^2 x2^2;x2^4;x1^3 x3;x2^3 x3;x1^2 x3^2;x2^2 x3^2;x3^4;x1^4 x3;x1^2 x2^2 x3;x1 x2^3 x3;x2^4 x3;x1^3 x3^2"
15,3.4,2512,49,"min/1se",18,FALSE,13,17,FALSE,FALSE,11,"x3;x1^2;x2^2;x1^3;x3^3;x1^3 x2;x1^2 x2^2;x2^4;x1^3 x3;x2^3 x3;x1^2 x3^2;x2^2 x3^2;x3^4;x1^3 x2^2;x1^4 x3;x1^2 x2^2 x3;x2^4 x3;x1^3 x3^2"
15,3.4,2512,49,"1se/1se",10,TRUE,3,8,TRUE,TRUE,0,"x3;x1^2;x2^2;x1^3;x1^2 x3;x2^2 x3;x3^3;x1^3 x3;x1^2 x3^2;x2^2 x3^2"
16,3.4,2512,49,"min/min",12,TRUE,5,8,TRUE,TRUE,0,"x3;x1^2;x2^2;x1^2 x2;x1^2 x3;x2^2 x3;x3^3;x1^4;x1^2 x2^2;x1^3 x3;x1^2 x2 x3;x1^2 x3^2"
16,3.4,2512,49,"min/1se",11,FALSE,5,10,FALSE,FALSE,3,"x3;x1^2;x2^2;x1 x3;x1^3;x2^2 x3;x3^3;x1^4;x1^2 x2^2;x1^3 x3;x1^2 x3^2"
16,3.4,2512,49,"1se/1se",15,FALSE,10,16,FALSE,FALSE,10,"x3;x1^2;x2^2;x3^3;x1^4;x1^2 x2^2;x2^4;x1^3 x3;x1^2 x2 x3;x2^3 x3;x1^2 x3^2;x2^2 x3^2;x1^4 x3;x1^2 x2^2 x3;x2^4 x3"
17,3.4,2512,49,"min/min",11,FALSE,5,8,FALSE,FALSE,1,"x3;x1^2;x2^2;x2 x3;x1^3;x1^2 x3;x2^2 x3;x3^3;x1 x2^2 x3;x2 x3^3;x1 x2^2 x3^2"
17,3.4,2512,49,"min/1se",18,FALSE,13,17,FALSE,FALSE,11,"x3;x1^2;x2^2;x1 x3;x2 x3;x1^3;x1 x2^2;x1^2 x3;x2^2 x3;x1 x2^2 x3;x2^2 x3^2;x2 x3^3;x3^4;x1^2 x2^3;x1^3 x3^2;x1^2 x2 x3^2;x2^3 x3^2;x1^2 x3^3"
17,3.4,2512,49,"1se/1se",22,FALSE,17,18,FALSE,FALSE,12,"x3;x1^2;x2^2;x1 x3;x2 x3;x3^2;x1^3;x1 x2^2;x2^3;x1^2 x3;x2^2 x3;x1^2 x2 x3;x1 x2^2 x3;x2^2 x3^2;x2 x3^3;x3^4;x1^4 x2;x1^2 x2^3;x1^3 x3^2;x1^2 x2 x3^2;x2^3 x3^2;x1^2 x3^3"
18,3.4,2512,49,"min/min",15,TRUE,8,8,TRUE,TRUE,0,"x3;x1^2;x2^2;x1 x3;x1^2 x3;x2^2 x3;x1 x3^2;x2 x3^2;x3^3;x1^2 x2^2;x1^3 x3;x1 x2 x3^2;x2^2 x3^2;x1 x3^3;x1^2 x2^2 x3"
18,3.4,2512,49,"min/1se",29,FALSE,24,22,FALSE,FALSE,17,"x1;x2;x3;x1^2;x1 x2;x2^2;x1 x3;x2 x3;x3^2;x2^3;x1^2 x3;x1 x3^2;x1^2 x2^2;x1^3 x3;x1 x2^2 x3;x2^3 x3;x1^2 x3^2;x2^2 x3^2;x1 x3^3;x3^4;x1^5;x1^4 x2;x1^3 x2^2;x1 x2^4;x1^2 x2^2 x3;x2^4 x3;x1^3 x3^2;x1 x2^2 x3^2;x2^2 x3^3"
18,3.4,2512,49,"1se/1se",27,FALSE,22,19,FALSE,FALSE,14,"x1;x2;x3;x1^2;x1 x2;x2^2;x1 x3;x2 x3;x2^3;x1^2 x3;x1 x3^2;x1^2 x2^2;x1^3 x3;x1 x2^2 x3;x2^3 x3;x1^2 x3^2;x2^2 x3^2;x1 x3^3;x3^4;x1^5;x1^3 x2^2;x1 x2^4;x1^2 x2^2 x3;x2^4 x3;x1^3 x3^2;x1 x2^2 x3^2;x2^2 x3^3"
19,3.4,2512,49,"min/min",7,TRUE,0,8,TRUE,TRUE,0,"x3;x1^2;x2^2;x1^2 x3;x2^2 x3;x3^3;x1^3 x3"
19,3.4,2512,49,"min/1se",9,TRUE,2,8,TRUE,TRUE,0,"x3;x1^2;x2^2;x1 x3;x1^2 x3;x2^2 x3;x3^3;x1^3 x3;x2^2 x3^2"
19,3.4,2512,49,"1se/1se",9,TRUE,2,8,TRUE,TRUE,0,"x3;x1^2;x2^2;x1 x3;x1^2 x3;x2^2 x3;x3^3;x1^3 x3;x2^2 x3^2"
